transaction_id,customer_id,transaction_time,amount,payment_method,customer_success_rate,previous_failed_attempts,is_new_device,status,failure_reason,recovered
TXN000001,CUST00103,2026-03-23 06:26:00,1631.69,UPI,0.81,2,0,Success,None,0
TXN000002,CUST00420,2026-08-03 23:48:00,981.8,Card,0.41,4,0,Failed,Authentication Failed,1
TXN000003,CUST00123,2026-03-26 17:01:00,1370.91,UPI,0.8,0,0,Failed,Expired Card,0
TXN000004,CUST02299,2026-03-22 06:14:00,2461.22,UPI,0.88,1,1,Failed,Authentication Failed,1
TXN000005,CUST00027,2026-05-04 21:09:00,694.29,Net Banking,0.67,1,1,Success,None,0
TXN000006,CUST00637,2026-02-07 05:07:00,523.6,Net Banking,0.5,1,0,Success,None,0
TXN000007,CUST01557,2026-11-05 13:31:00,778.65,UPI,0.56,0,0,Success,None,0
TXN000008,CUST02473,2026-09-23 16:29:00,605.51,Net Banking,0.85,2,0,Failed,Authentication Failed,1
TXN000009,CUST01551,2026-10-29 23:26:00,709.45,UPI,0.73,0,0,Failed,Expired Card,1
TXN000010,CUST02365,2026-01-17 16:25:00,1198.39,Net Banking,0.96,1,0,Success,None,0
TXN000011,CUST01186,2026-11-12 11:26:00,678.44,Card,0.37,0,0,Success,None,0
TXN000012,CUST01557,2026-08-20 10:41:00,2340.11,UPI,0.61,2,1,Failed,Network Error,1
TXN000013,CUST01517,2026-09-02 00:04:00,2117.59,Card,0.52,2,0,Success,None,0
TXN000014,CUST02875,2026-07-14 11:23:00,412.95,Net Banking,0.68,0,0,Success,None,0
TXN000015,CUST00670,2026-04-09 06:50:00,1979.84,Card,0.36,3,1,Failed,Expired Card,1
TXN000016,CUST02805,2026-03-25 09:27:00,1257.77,Card,0.53,2,0,Success,None,0
TXN000017,CUST01293,2026-01-25 02:21:00,2036.44,UPI,0.55,3,0,Failed,Bank Timeout,1
TXN000018,CUST00871,2026-11-19 02:28:00,713.0,Net Banking,0.4,3,1,Success,None,0
TXN000019,CUST00586,2026-03-31 19:03:00,638.08,Wallet,0.3,2,0,Success,None,0
TXN000020,CUST02395,2026-05-12 19:10:00,1788.87,Net Banking,0.79,3,1,Success,None,0
TXN000021,CUST00567,2026-02-03 02:22:00,560.39,Card,0.9,4,1,Success,None,0
TXN000022,CUST00450,2026-10-16 09:17:00,856.31,UPI,0.53,1,0,Failed,Authentication Failed,1
TXN000023,CUST01577,2026-07-12 15:28:00,2817.97,UPI,0.75,3,1,Success,None,0
TXN000024,CUST02267,2026-09-06 04:52:00,534.55,Net Banking,0.63,0,0,Failed,Expired Card,0
TXN000025,CUST02626,2026-04-17 20:38:00,1464.28,Net Banking,0.84,2,0,Success,None,0
TXN000026,CUST00648,2026-09-20 21:44:00,3753.44,Wallet,0.67,3,0,Success,None,0
TXN000027,CUST02051,2026-11-13 22:42:00,1175.72,Net Banking,0.52,1,0,Success,None,0
TXN000028,CUST02618,2026-02-25 15:31:00,863.33,Net Banking,0.94,4,0,Failed,Network Error,1
TXN000029,CUST02210,2026-08-07 01:39:00,583.24,Card,0.35,4,0,Failed,Network Error,1
TXN000030,CUST00080,2026-11-16 22:23:00,1988.17,Wallet,0.95,0,0,Success,None,0
TXN000031,CUST00981,2026-11-16 16:09:00,2280.89,Net Banking,0.86,0,0,Success,None,0
TXN000032,CUST00351,2026-10-04 22:14:00,1426.53,UPI,0.92,3,0,Success,None,0
TXN000033,CUST00526,2026-04-07 12:06:00,625.38,Card,0.46,3,0,Failed,Expired Card,0
TXN000034,CUST00868,2026-09-17 13:50:00,843.76,Wallet,0.9,4,0,Failed,Network Error,1
TXN000035,CUST02752,2026-11-24 12:56:00,353.44,Wallet,0.38,2,1,Failed,Expired Card,0
TXN000036,CUST00496,2026-01-24 07:28:00,783.27,Wallet,0.53,1,0,Success,None,0
TXN000037,CUST00087,2026-08-03 05:52:00,515.72,Net Banking,0.98,4,0,Success,None,0
TXN000038,CUST00030,2026-03-25 08:31:00,3371.68,Card,0.48,0,0,Success,None,0
TXN000039,CUST00129,2026-07-07 04:45:00,464.97,UPI,0.33,2,0,Success,None,0
TXN000040,CUST01141,2026-07-16 07:53:00,495.68,Card,0.65,3,0,Failed,Bank Timeout,1
TXN000041,CUST00996,2026-03-11 07:49:00,940.22,Wallet,0.4,3,1,Failed,Insufficient Funds,0
TXN000042,CUST02700,2026-06-04 05:17:00,1395.82,UPI,0.47,3,0,Success,None,0
TXN000043,CUST01913,2026-01-23 01:38:00,589.77,Wallet,0.81,0,0,Success,None,0
TXN000044,CUST02983,2026-04-01 12:47:00,2035.53,Wallet,0.74,2,0,Success,None,0
TXN000045,CUST00780,2026-02-21 00:55:00,542.12,Card,0.88,4,1,Failed,Authentication Failed,1
TXN000046,CUST01141,2026-11-15 09:22:00,1166.21,Card,0.33,3,0,Success,None,0
TXN000047,CUST01816,2026-01-19 10:02:00,317.18,UPI,0.75,4,0,Failed,Expired Card,0
TXN000048,CUST00383,2026-05-28 23:18:00,1158.46,UPI,0.57,1,0,Success,None,0
TXN000049,CUST01972,2026-11-25 13:39:00,803.83,Wallet,0.38,1,1,Success,None,0
TXN000050,CUST00675,2026-05-23 03:33:00,540.01,UPI,0.91,3,0,Failed,Network Error,1
TXN000051,CUST01169,2026-02-26 08:38:00,1315.49,Wallet,0.67,3,1,Failed,Bank Timeout,1
TXN000052,CUST00892,2026-09-30 07:54:00,3120.39,Net Banking,0.93,0,0,Success,None,0
TXN000053,CUST00235,2026-07-03 01:58:00,346.53,Net Banking,0.54,0,1,Success,None,0
TXN000054,CUST00233,2026-11-06 23:08:00,2842.91,Card,0.93,4,0,Success,None,0
TXN000055,CUST00281,2026-09-03 20:05:00,1797.43,Card,0.36,4,0,Failed,Bank Timeout,0
TXN000056,CUST00492,2026-07-30 18:40:00,2903.45,Wallet,0.72,4,0,Failed,Expired Card,0
TXN000057,CUST02537,2026-08-28 08:12:00,1261.26,UPI,0.78,0,1,Success,None,0
TXN000058,CUST01069,2026-03-28 21:40:00,414.27,Net Banking,0.46,1,0,Success,None,0
TXN000059,CUST01622,2026-06-16 11:17:00,601.28,Net Banking,0.82,1,0,Success,None,0
TXN000060,CUST00298,2026-08-15 03:46:00,443.93,Net Banking,0.89,0,1,Success,None,0
TXN000061,CUST00301,2026-07-04 04:29:00,547.79,UPI,0.56,4,0,Failed,Network Error,1
TXN000062,CUST01430,2026-05-15 12:58:00,1232.36,Card,0.98,0,0,Success,None,0
TXN000063,CUST00647,2026-08-11 16:55:00,1368.34,Net Banking,0.86,3,0,Success,None,0
TXN000064,CUST02736,2026-12-06 05:48:00,2125.47,UPI,0.7,4,0,Success,None,0
TXN000065,CUST00551,2026-11-20 22:25:00,1809.01,UPI,0.5,2,0,Failed,Insufficient Funds,0
TXN000066,CUST01116,2026-09-19 06:35:00,552.4,Card,0.42,2,0,Success,None,0
TXN000067,CUST00834,2026-04-02 10:19:00,992.96,Net Banking,0.98,2,1,Success,None,0
TXN000068,CUST00379,2026-01-17 01:14:00,1982.81,UPI,0.9,3,0,Failed,Insufficient Funds,1
TXN000069,CUST00536,2026-09-27 20:58:00,767.23,Net Banking,0.42,2,0,Success,None,0
TXN000070,CUST02260,2026-02-10 17:34:00,2175.73,Wallet,0.96,3,0,Success,None,0
TXN000071,CUST02831,2026-10-31 20:48:00,540.73,UPI,0.73,1,0,Success,None,0
TXN000072,CUST02386,2026-06-06 11:32:00,1240.14,Net Banking,0.4,4,0,Success,None,0
TXN000073,CUST00172,2026-11-24 07:25:00,1460.06,Card,0.79,2,0,Success,None,0
TXN000074,CUST01466,2026-08-31 19:45:00,1717.5,UPI,0.55,1,0,Success,None,0
TXN000075,CUST01449,2026-08-14 23:25:00,1655.78,UPI,0.91,4,1,Success,None,0
TXN000076,CUST00970,2026-11-17 21:55:00,1654.13,Card,0.66,1,0,Success,None,0
TXN000077,CUST00102,2026-10-12 20:35:00,1731.45,Wallet,0.79,1,0,Success,None,0
TXN000078,CUST02744,2026-02-27 23:05:00,2720.18,Wallet,0.92,1,0,Success,None,0
TXN000079,CUST01567,2026-03-22 23:39:00,590.95,UPI,0.7,0,1,Failed,Bank Timeout,1
TXN000080,CUST01433,2026-03-23 03:56:00,907.37,Wallet,0.68,2,0,Failed,Insufficient Funds,0
TXN000081,CUST01633,2026-11-11 16:49:00,751.79,Card,0.39,2,0,Success,None,0
TXN000082,CUST01144,2026-09-05 09:43:00,2620.6,UPI,0.84,2,1,Failed,Expired Card,0
TXN000083,CUST00114,2026-03-07 00:20:00,7414.77,Net Banking,0.75,0,0,Success,None,0
TXN000084,CUST00157,2026-05-06 20:39:00,4792.13,Net Banking,0.98,0,1,Success,None,0
TXN000085,CUST01788,2026-05-21 05:53:00,2536.18,Net Banking,0.49,4,0,Failed,Expired Card,0
TXN000086,CUST01044,2026-01-01 14:46:00,663.24,Card,0.32,0,1,Success,None,0
TXN000087,CUST01492,2026-12-12 11:23:00,1642.52,Card,0.59,3,0,Failed,Network Error,1
TXN000088,CUST02718,2026-07-04 15:18:00,2192.08,Net Banking,0.48,0,0,Success,None,0
TXN000089,CUST02732,2026-05-27 12:13:00,2336.26,Net Banking,0.5,3,0,Success,None,0
TXN000090,CUST02271,2026-06-03 01:54:00,3020.34,Net Banking,0.82,1,0,Success,None,0
TXN000091,CUST02775,2026-05-28 20:20:00,379.38,Wallet,0.47,1,0,Success,None,0
TXN000092,CUST01245,2026-06-06 12:25:00,4793.29,UPI,0.83,2,0,Failed,Expired Card,1
TXN000093,CUST01905,2026-09-03 23:43:00,1564.08,Net Banking,0.63,3,1,Failed,Bank Timeout,1
TXN000094,CUST00696,2026-07-07 16:05:00,2037.97,Wallet,0.63,0,0,Failed,Expired Card,0
TXN000095,CUST00383,2026-03-23 18:56:00,4047.8,Net Banking,0.74,1,0,Failed,Bank Timeout,1
TXN000096,CUST00101,2026-06-22 23:48:00,349.28,Card,0.74,0,0,Success,None,0
TXN000097,CUST01866,2026-09-19 13:00:00,1516.23,UPI,0.41,3,0,Failed,Authentication Failed,0
TXN000098,CUST01637,2026-08-27 20:43:00,2270.58,Wallet,0.32,1,0,Success,None,0
TXN000099,CUST00437,2026-03-06 00:55:00,1200.88,UPI,0.57,3,0,Success,None,0
TXN000100,CUST00206,2026-12-01 00:58:00,1862.56,Wallet,0.62,4,0,Success,None,0
TXN000101,CUST01870,2026-09-01 01:22:00,971.24,UPI,0.97,1,1,Success,None,0
TXN000102,CUST01813,2026-10-30 09:37:00,1755.75,Net Banking,0.44,4,1,Failed,Expired Card,0
TXN000103,CUST00652,2026-04-05 08:51:00,743.12,Wallet,0.52,3,1,Success,None,0
TXN000104,CUST02612,2026-08-17 04:36:00,1294.76,Card,0.32,2,1,Success,None,0
TXN000105,CUST01125,2026-09-17 19:03:00,666.61,Card,0.79,3,0,Success,None,0
TXN000106,CUST00961,2026-04-27 09:39:00,825.19,Net Banking,0.91,2,0,Success,None,0
TXN000107,CUST00567,2026-05-20 11:00:00,662.64,UPI,0.42,1,0,Success,None,0
TXN000108,CUST02894,2026-06-01 01:10:00,2211.45,Card,0.86,1,0,Success,None,0
TXN000109,CUST01356,2026-06-01 09:05:00,262.4,Wallet,0.84,4,1,Failed,Insufficient Funds,0
TXN000110,CUST01721,2026-11-08 22:14:00,413.04,Card,0.9,3,0,Success,None,0
TXN000111,CUST01954,2026-04-19 17:19:00,2122.46,Wallet,0.37,0,0,Success,None,0
TXN000112,CUST01717,2026-06-27 18:12:00,2102.34,Wallet,0.65,4,0,Success,None,0
TXN000113,CUST01118,2026-01-11 13:37:00,1892.33,Card,0.57,3,1,Failed,Authentication Failed,0
TXN000114,CUST02740,2026-11-03 00:27:00,855.59,Net Banking,0.36,3,0,Failed,Authentication Failed,0
TXN000115,CUST02549,2026-11-27 04:51:00,1185.12,Card,0.74,4,0,Success,None,0
TXN000116,CUST02425,2026-01-31 13:32:00,1765.39,Wallet,0.51,4,0,Failed,Authentication Failed,0
TXN000117,CUST01892,2026-04-05 17:16:00,2031.53,Card,0.85,1,0,Failed,Authentication Failed,1
TXN000118,CUST00867,2026-05-03 21:07:00,1869.91,Net Banking,0.34,3,0,Success,None,0
TXN000119,CUST01140,2026-10-31 23:33:00,2392.5,Wallet,0.55,3,0,Failed,Insufficient Funds,1
TXN000120,CUST00080,2026-12-13 14:00:00,974.92,Wallet,0.83,4,0,Success,None,0
TXN000121,CUST00919,2026-10-02 14:35:00,775.38,Net Banking,0.88,0,0,Success,None,0
TXN000122,CUST01013,2026-08-15 05:18:00,1290.85,UPI,0.36,1,0,Failed,Bank Timeout,0
TXN000123,CUST00518,2026-07-25 08:02:00,344.31,Card,0.87,3,0,Success,None,0
TXN000124,CUST01905,2026-03-03 02:09:00,355.68,Card,0.99,2,0,Success,None,0
TXN000125,CUST00671,2026-07-30 16:37:00,617.23,UPI,0.84,2,0,Success,None,0
TXN000126,CUST01278,2026-05-25 10:01:00,924.49,UPI,0.6,4,1,Success,None,0
TXN000127,CUST00312,2026-02-07 02:25:00,1080.08,Card,0.31,4,0,Success,None,0
TXN000128,CUST02803,2026-10-17 21:32:00,491.75,Net Banking,0.34,4,0,Failed,Expired Card,0
TXN000129,CUST01423,2026-08-29 20:27:00,3031.8,UPI,0.71,4,1,Success,None,0
TXN000130,CUST00283,2026-01-05 14:33:00,2031.83,Net Banking,0.56,4,0,Failed,Authentication Failed,0
TXN000131,CUST00433,2026-08-20 09:49:00,1311.96,Wallet,0.35,3,0,Success,None,0
TXN000132,CUST02898,2026-03-06 03:06:00,1107.74,Wallet,0.98,1,1,Success,None,0
TXN000133,CUST02523,2026-06-19 06:07:00,3501.39,Net Banking,0.62,4,1,Success,None,0
TXN000134,CUST02995,2026-04-28 08:20:00,2362.36,Wallet,0.71,4,0,Success,None,0
TXN000135,CUST00355,2026-03-30 18:54:00,6322.33,Card,0.49,2,1,Failed,Authentication Failed,0
TXN000136,CUST01378,2026-11-06 19:44:00,574.42,Wallet,0.55,0,1,Success,None,0
TXN000137,CUST00745,2026-05-10 04:30:00,237.42,Net Banking,0.87,3,0,Success,None,0
TXN000138,CUST01395,2026-07-22 08:34:00,1465.54,Net Banking,0.41,2,0,Success,None,0
TXN000139,CUST02117,2026-03-29 21:00:00,1985.39,UPI,0.59,1,0,Success,None,0
TXN000140,CUST02002,2026-09-09 10:38:00,3573.59,Wallet,0.91,4,0,Failed,Authentication Failed,1
TXN000141,CUST01836,2026-04-18 03:04:00,2817.35,Wallet,0.99,0,0,Failed,Bank Timeout,1
TXN000142,CUST02834,2026-08-30 17:46:00,753.45,Wallet,0.57,1,0,Success,None,0
TXN000143,CUST01939,2026-06-04 22:06:00,1367.18,Net Banking,0.63,4,0,Success,None,0
TXN000144,CUST01442,2026-04-22 15:18:00,1370.57,Net Banking,0.49,3,0,Failed,Network Error,0
TXN000145,CUST00495,2026-02-13 12:41:00,1101.24,Card,0.84,1,0,Success,None,0
TXN000146,CUST00785,2026-04-11 16:05:00,1138.63,Card,0.89,1,1,Failed,Expired Card,0
TXN000147,CUST00412,2026-03-24 19:46:00,366.91,Net Banking,0.77,1,0,Success,None,0
TXN000148,CUST00735,2026-09-15 18:45:00,1683.1,Net Banking,0.55,2,0,Failed,Expired Card,0
TXN000149,CUST01124,2026-07-21 11:19:00,3793.03,Card,0.66,0,0,Success,None,0
TXN000150,CUST02857,2026-02-07 08:25:00,1202.96,Net Banking,0.69,1,1,Success,None,0
TXN000151,CUST02352,2026-06-24 07:04:00,898.59,UPI,0.39,2,1,Failed,Authentication Failed,0
TXN000152,CUST00756,2026-12-09 15:08:00,2385.72,Net Banking,0.73,0,0,Success,None,0
TXN000153,CUST00468,2026-06-29 00:56:00,775.17,Wallet,0.31,0,1,Failed,Insufficient Funds,1
TXN000154,CUST00622,2026-02-01 00:19:00,833.93,UPI,0.57,1,0,Success,None,0
TXN000155,CUST00486,2026-08-09 18:05:00,884.02,Card,0.66,4,1,Success,None,0
TXN000156,CUST02141,2026-11-27 18:37:00,1946.98,Card,0.58,3,1,Success,None,0
TXN000157,CUST01218,2026-04-22 04:27:00,280.7,Wallet,0.62,4,1,Success,None,0
TXN000158,CUST02498,2026-08-16 17:50:00,1048.97,UPI,0.64,0,0,Success,None,0
TXN000159,CUST01084,2026-03-29 07:58:00,386.23,Card,0.35,0,0,Failed,Bank Timeout,1
TXN000160,CUST00642,2026-06-14 00:33:00,1873.83,UPI,0.41,0,1,Failed,Expired Card,0
TXN000161,CUST01193,2026-04-15 21:29:00,726.99,Wallet,0.93,0,0,Success,None,0
TXN000162,CUST02880,2026-09-08 06:27:00,469.95,Net Banking,0.77,3,0,Failed,Bank Timeout,1
TXN000163,CUST02561,2026-06-04 18:55:00,571.12,Net Banking,0.36,4,0,Failed,Insufficient Funds,0
TXN000164,CUST02653,2026-10-28 23:12:00,701.19,Card,0.44,1,0,Success,None,0
TXN000165,CUST00293,2026-10-16 14:05:00,5280.52,Card,0.33,0,0,Success,None,0
TXN000166,CUST02438,2026-06-09 21:22:00,1128.01,Net Banking,0.74,4,0,Failed,Insufficient Funds,0
TXN000167,CUST02821,2026-12-10 05:13:00,2166.97,Wallet,0.82,2,1,Failed,Network Error,1
TXN000168,CUST01794,2026-11-20 19:53:00,667.61,Wallet,0.56,0,0,Success,None,0
TXN000169,CUST01321,2026-01-10 10:00:00,326.31,Wallet,0.62,4,0,Success,None,0
TXN000170,CUST00938,2026-10-06 10:34:00,3273.12,UPI,0.33,4,0,Failed,Network Error,0
TXN000171,CUST00718,2026-11-30 12:45:00,1122.03,UPI,0.67,3,1,Failed,Network Error,1
TXN000172,CUST02398,2026-02-03 05:17:00,2380.1,Card,0.67,3,1,Failed,Authentication Failed,1
TXN000173,CUST01673,2026-09-01 23:42:00,944.33,Net Banking,0.53,2,0,Failed,Insufficient Funds,1
TXN000174,CUST01351,2026-04-15 22:29:00,1055.5,Card,0.38,3,1,Success,None,0
TXN000175,CUST02254,2026-02-02 01:28:00,4228.97,Wallet,0.85,0,1,Success,None,0
TXN000176,CUST01034,2026-10-09 06:37:00,2220.11,Net Banking,0.36,2,0,Success,None,0
TXN000177,CUST02108,2026-05-31 11:00:00,3708.93,Wallet,0.6,0,1,Failed,Insufficient Funds,1
TXN000178,CUST02124,2026-08-16 16:54:00,1687.71,Card,0.55,2,1,Success,None,0
TXN000179,CUST00212,2026-07-19 23:09:00,237.22,Wallet,0.99,1,0,Success,None,0
TXN000180,CUST01180,2026-02-14 05:02:00,2328.61,Card,0.47,3,1,Failed,Insufficient Funds,1
TXN000181,CUST02908,2026-07-20 13:18:00,651.64,Card,0.43,1,0,Failed,Insufficient Funds,1
TXN000182,CUST00382,2026-06-18 00:11:00,742.71,Wallet,0.93,1,0,Failed,Insufficient Funds,1
TXN000183,CUST02042,2026-06-01 06:36:00,1361.53,Card,0.38,2,0,Failed,Authentication Failed,0
TXN000184,CUST00999,2026-05-20 15:49:00,1053.43,Wallet,0.91,3,0,Success,None,0
TXN000185,CUST02456,2026-11-11 13:58:00,614.49,Card,0.77,4,0,Success,None,0
TXN000186,CUST01132,2026-12-07 03:35:00,716.18,UPI,0.69,3,0,Success,None,0
TXN000187,CUST00011,2026-11-01 21:58:00,2313.25,Net Banking,0.43,2,0,Failed,Expired Card,0
TXN000188,CUST00609,2026-05-06 15:44:00,596.22,Wallet,0.66,3,1,Failed,Network Error,1
TXN000189,CUST01866,2026-09-11 22:50:00,323.94,Wallet,0.71,2,0,Failed,Bank Timeout,1
TXN000190,CUST00957,2026-04-26 20:16:00,2075.98,Wallet,0.67,3,0,Failed,Authentication Failed,1
TXN000191,CUST01582,2026-01-14 11:28:00,677.51,Wallet,0.78,1,1,Success,None,0
TXN000192,CUST02058,2026-11-13 15:33:00,2014.65,Card,0.72,4,0,Success,None,0
TXN000193,CUST01804,2026-01-06 14:06:00,266.08,UPI,0.95,0,1,Success,None,0
TXN000194,CUST01680,2026-06-20 22:28:00,480.05,Card,0.98,1,0,Failed,Network Error,1
TXN000195,CUST02553,2026-11-07 02:50:00,1175.29,Net Banking,0.7,3,0,Success,None,0
TXN000196,CUST02763,2026-04-26 07:01:00,968.22,Net Banking,0.4,4,1,Success,None,0
TXN000197,CUST02217,2026-03-27 11:27:00,742.42,Wallet,0.41,0,0,Success,None,0
TXN000198,CUST00932,2026-02-05 20:12:00,775.85,Net Banking,0.77,0,1,Success,None,0
TXN000199,CUST01818,2026-11-25 22:14:00,2201.51,UPI,0.57,1,0,Success,None,0
TXN000200,CUST00189,2026-04-17 19:29:00,844.87,UPI,0.61,2,0,Success,None,0
TXN000201,CUST01536,2026-03-30 21:49:00,245.52,Net Banking,0.82,3,0,Success,None,0
TXN000202,CUST02319,2026-03-05 17:46:00,827.81,Wallet,0.46,1,0,Success,None,0
TXN000203,CUST02497,2026-07-01 04:40:00,2129.25,UPI,0.93,3,0,Success,None,0
TXN000204,CUST00952,2026-06-17 07:47:00,187.0,Card,0.38,3,0,Success,None,0
TXN000205,CUST02732,2026-11-25 02:53:00,336.01,Net Banking,0.4,0,1,Success,None,0
TXN000206,CUST02776,2026-01-27 21:24:00,2738.06,Net Banking,0.73,4,0,Success,None,0
TXN000207,CUST01416,2026-08-21 15:07:00,1268.38,Wallet,0.41,4,0,Failed,Authentication Failed,1
TXN000208,CUST01872,2026-05-21 01:30:00,1337.53,Net Banking,0.82,2,0,Failed,Authentication Failed,0
TXN000209,CUST00972,2026-07-29 06:46:00,1608.7,UPI,0.54,3,0,Success,None,0
TXN000210,CUST02865,2026-10-30 04:58:00,1432.15,Net Banking,0.38,2,0,Success,None,0
TXN000211,CUST01125,2026-11-28 13:05:00,883.68,Wallet,0.86,0,0,Failed,Expired Card,1
TXN000212,CUST01173,2026-03-21 17:41:00,501.19,Wallet,0.81,1,0,Success,None,0
TXN000213,CUST02544,2026-08-17 17:42:00,3323.33,Card,0.68,2,0,Failed,Insufficient Funds,1
TXN000214,CUST01266,2026-07-31 00:23:00,2457.46,UPI,0.43,3,0,Success,None,0
TXN000215,CUST03000,2026-11-28 04:26:00,264.28,Net Banking,0.62,1,0,Success,None,0
TXN000216,CUST01339,2026-03-15 02:34:00,3629.45,Net Banking,0.41,3,0,Success,None,0
TXN000217,CUST02210,2026-10-30 08:46:00,7758.94,Card,0.31,2,0,Success,None,0
TXN000218,CUST01053,2026-09-29 19:32:00,1216.07,Card,0.95,3,0,Success,None,0
TXN000219,CUST00472,2026-02-21 05:57:00,1611.32,Net Banking,0.8,3,0,Failed,Bank Timeout,1
TXN000220,CUST02283,2026-10-15 21:05:00,1311.74,Wallet,0.72,2,0,Success,None,0
TXN000221,CUST00058,2026-06-15 13:58:00,1270.42,Wallet,0.95,2,0,Success,None,0
TXN000222,CUST02756,2026-10-27 10:23:00,1188.06,Net Banking,0.38,2,1,Success,None,0
TXN000223,CUST00444,2026-01-10 02:40:00,8357.82,Net Banking,0.58,1,1,Failed,Expired Card,0
TXN000224,CUST02499,2026-08-20 08:14:00,1667.64,Net Banking,0.86,1,0,Failed,Authentication Failed,1
TXN000225,CUST02660,2026-02-20 21:23:00,2168.51,Net Banking,0.94,3,0,Success,None,0
TXN000226,CUST00153,2026-02-12 06:40:00,171.3,UPI,0.54,2,1,Success,None,0
TXN000227,CUST00962,2026-05-22 12:02:00,329.57,UPI,0.62,4,0,Failed,Authentication Failed,1
TXN000228,CUST02747,2026-08-02 20:15:00,890.17,Net Banking,0.65,4,1,Success,None,0
TXN000229,CUST01700,2026-08-13 03:39:00,911.65,Card,0.71,0,1,Success,None,0
TXN000230,CUST01146,2026-03-21 02:31:00,1914.03,Wallet,0.31,0,0,Success,None,0
TXN000231,CUST01822,2026-02-06 04:10:00,884.38,Wallet,0.36,1,0,Success,None,0
TXN000232,CUST02231,2026-05-25 22:59:00,452.5,Net Banking,0.65,2,0,Success,None,0
TXN000233,CUST00778,2026-02-03 09:03:00,1108.92,Net Banking,0.45,0,1,Success,None,0
TXN000234,CUST02629,2026-01-19 09:57:00,1075.67,Card,0.44,4,0,Failed,Network Error,1
TXN000235,CUST00516,2026-01-25 23:31:00,8569.3,Card,0.35,4,0,Success,None,0
TXN000236,CUST02402,2026-04-30 14:59:00,452.29,Card,0.62,1,0,Success,None,0
TXN000237,CUST02442,2026-11-09 12:52:00,207.95,Card,0.69,0,0,Failed,Bank Timeout,1
TXN000238,CUST02213,2026-02-10 00:33:00,406.46,Card,0.9,2,0,Success,None,0
TXN000239,CUST00540,2026-10-15 14:59:00,355.67,UPI,0.75,0,0,Success,None,0
TXN000240,CUST02412,2026-03-05 10:35:00,588.6,Card,0.32,2,0,Failed,Network Error,0
TXN000241,CUST00520,2026-09-29 11:43:00,1021.09,UPI,0.46,3,0,Failed,Insufficient Funds,0
TXN000242,CUST01837,2026-06-14 13:41:00,1123.26,Wallet,0.31,2,0,Failed,Expired Card,0
TXN000243,CUST02520,2026-06-16 18:26:00,1636.61,Card,0.47,0,0,Failed,Insufficient Funds,1
TXN000244,CUST01962,2026-09-07 19:12:00,472.2,UPI,0.81,3,1,Success,None,0
TXN000245,CUST02009,2026-11-24 09:54:00,821.58,UPI,0.77,3,0,Failed,Insufficient Funds,1
TXN000246,CUST02492,2026-02-15 22:40:00,2772.39,Net Banking,0.93,1,0,Failed,Network Error,1
TXN000247,CUST01561,2026-06-15 04:37:00,1423.55,Net Banking,0.59,4,0,Success,None,0
TXN000248,CUST00407,2026-06-06 14:00:00,403.07,Wallet,0.87,0,0,Success,None,0
TXN000249,CUST00936,2026-10-29 06:05:00,624.23,Wallet,0.71,3,0,Failed,Authentication Failed,0
TXN000250,CUST01704,2026-06-05 09:07:00,355.4,Wallet,0.59,0,0,Success,None,0
TXN000251,CUST02725,2026-12-14 04:37:00,269.68,Net Banking,0.96,2,0,Success,None,0
TXN000252,CUST02814,2026-02-03 05:08:00,709.15,Card,0.4,3,0,Success,None,0
TXN000253,CUST00382,2026-09-29 02:19:00,2386.2,UPI,0.86,3,0,Success,None,0
TXN000254,CUST00533,2026-08-02 12:36:00,1069.81,Net Banking,0.32,4,0,Failed,Expired Card,0
TXN000255,CUST02745,2026-05-09 17:47:00,372.95,Net Banking,0.4,0,1,Success,None,0
TXN000256,CUST02954,2026-08-07 14:27:00,1987.46,Wallet,0.99,0,0,Success,None,0
TXN000257,CUST01441,2026-02-26 08:03:00,712.08,Net Banking,0.31,0,0,Success,None,0
TXN000258,CUST00919,2026-11-04 18:59:00,588.37,Wallet,0.38,0,0,Success,None,0
TXN000259,CUST00471,2026-10-21 21:36:00,1520.21,Net Banking,0.76,2,0,Success,None,0
TXN000260,CUST02298,2026-08-10 17:28:00,280.88,Wallet,0.44,4,0,Failed,Network Error,1
TXN000261,CUST00739,2026-12-02 12:31:00,4009.52,UPI,0.77,2,0,Failed,Network Error,0
TXN000262,CUST00026,2026-07-26 04:35:00,3852.18,Net Banking,0.59,1,0,Success,None,0
TXN000263,CUST00286,2026-02-03 09:47:00,665.24,Wallet,0.42,1,0,Success,None,0
TXN000264,CUST01541,2026-05-05 02:47:00,1119.76,Card,0.36,3,1,Success,None,0
TXN000265,CUST01516,2026-10-10 20:05:00,672.35,Card,0.5,2,0,Success,None,0
TXN000266,CUST00216,2026-10-02 16:21:00,355.91,UPI,0.8,1,0,Success,None,0
TXN000267,CUST02761,2026-06-11 07:58:00,513.11,UPI,0.76,0,0,Success,None,0
TXN000268,CUST01990,2026-05-31 19:11:00,9008.34,Wallet,0.81,4,1,Failed,Network Error,1
TXN000269,CUST02099,2026-06-06 12:38:00,1783.0,Card,0.34,0,0,Success,None,0
TXN000270,CUST01161,2026-07-11 20:25:00,325.27,UPI,0.72,4,1,Failed,Network Error,0
TXN000271,CUST00904,2026-01-03 19:10:00,1066.36,UPI,0.78,3,0,Success,None,0
TXN000272,CUST01235,2026-10-06 05:20:00,4521.69,Card,0.47,1,0,Success,None,0
TXN000273,CUST01186,2026-01-03 19:32:00,1818.79,Net Banking,0.49,2,0,Success,None,0
TXN000274,CUST01764,2026-05-19 10:18:00,2387.6,Wallet,0.55,1,0,Failed,Expired Card,0
TXN000275,CUST02050,2026-01-27 05:48:00,381.66,Card,0.68,4,0,Success,None,0
TXN000276,CUST00174,2026-06-17 09:23:00,915.07,Wallet,0.81,3,0,Success,None,0
TXN000277,CUST01283,2026-07-28 18:26:00,3068.72,UPI,0.89,4,1,Failed,Authentication Failed,0
TXN000278,CUST01186,2026-01-08 14:14:00,2565.14,Wallet,0.45,0,1,Success,None,0
TXN000279,CUST00704,2026-10-30 22:21:00,1546.41,Net Banking,0.43,4,1,Success,None,0
TXN000280,CUST00361,2026-03-30 14:07:00,1294.85,Net Banking,0.94,3,0,Failed,Authentication Failed,0
TXN000281,CUST02147,2026-11-13 22:45:00,1567.62,Wallet,0.98,0,1,Success,None,0
TXN000282,CUST01391,2026-10-11 16:02:00,924.62,Net Banking,0.63,1,0,Success,None,0
TXN000283,CUST00313,2026-07-13 04:29:00,755.7,Card,0.88,4,0,Failed,Expired Card,0
TXN000284,CUST01432,2026-03-28 00:32:00,2228.79,Card,0.46,2,0,Failed,Insufficient Funds,1
TXN000285,CUST01049,2026-08-08 07:50:00,476.28,Card,0.81,1,0,Failed,Bank Timeout,1
TXN000286,CUST00726,2026-10-02 16:26:00,3048.31,UPI,0.68,3,1,Success,None,0
TXN000287,CUST02790,2026-11-11 15:54:00,2503.58,Wallet,0.92,4,0,Success,None,0
TXN000288,CUST00619,2026-06-20 17:29:00,334.14,Net Banking,0.46,3,0,Failed,Authentication Failed,0
TXN000289,CUST01126,2026-05-09 03:19:00,1940.54,Net Banking,0.86,4,0,Success,None,0
TXN000290,CUST01272,2026-01-14 16:37:00,1138.67,UPI,0.55,3,1,Success,None,0
TXN000291,CUST01511,2026-08-23 17:10:00,729.32,UPI,0.74,2,0,Success,None,0
TXN000292,CUST02520,2026-06-18 11:14:00,150.25,UPI,0.99,4,1,Success,None,0
TXN000293,CUST01843,2026-04-28 01:32:00,285.59,UPI,0.82,4,0,Failed,Expired Card,1
TXN000294,CUST02054,2026-06-14 00:43:00,268.57,Wallet,0.55,1,0,Success,None,0
TXN000295,CUST01407,2026-01-15 06:01:00,491.12,UPI,0.33,0,0,Failed,Bank Timeout,0
TXN000296,CUST01800,2026-05-13 11:47:00,593.34,Wallet,0.6,4,0,Success,None,0
TXN000297,CUST01159,2026-10-09 23:22:00,465.7,Net Banking,0.96,3,1,Success,None,0
TXN000298,CUST02781,2026-10-15 08:22:00,1893.34,Net Banking,0.36,4,0,Failed,Network Error,0
TXN000299,CUST01351,2026-04-14 10:54:00,1054.09,UPI,0.73,0,1,Failed,Network Error,0
TXN000300,CUST01366,2026-11-30 18:39:00,1881.56,Card,0.46,0,0,Success,None,0
TXN000301,CUST01271,2026-08-05 15:32:00,2789.68,Net Banking,0.66,3,0,Failed,Insufficient Funds,1
TXN000302,CUST02290,2026-10-24 01:43:00,4011.36,Net Banking,0.45,3,0,Failed,Bank Timeout,0
TXN000303,CUST02647,2026-01-07 15:18:00,737.47,UPI,0.98,3,0,Success,None,0
TXN000304,CUST01266,2026-05-05 10:06:00,958.63,Net Banking,0.95,1,0,Success,None,0
TXN000305,CUST00787,2026-02-26 09:55:00,813.45,Wallet,0.83,1,0,Success,None,0
TXN000306,CUST01212,2026-08-30 00:01:00,428.87,UPI,0.41,0,0,Success,None,0
TXN000307,CUST02532,2026-02-26 03:52:00,623.8,Net Banking,0.68,1,1,Success,None,0
TXN000308,CUST00741,2026-09-20 13:47:00,624.6,Card,0.71,4,0,Failed,Authentication Failed,0
TXN000309,CUST01683,2026-06-11 17:28:00,671.67,UPI,0.92,2,0,Success,None,0
TXN000310,CUST01839,2026-04-23 16:10:00,804.19,Net Banking,0.9,1,0,Success,None,0
TXN000311,CUST00795,2026-06-18 02:13:00,1857.22,Wallet,0.36,2,1,Failed,Network Error,1
TXN000312,CUST02060,2026-03-01 00:05:00,5476.18,Wallet,0.48,4,1,Success,None,0
TXN000313,CUST02477,2026-01-19 23:57:00,559.63,Card,0.45,1,0,Success,None,0
TXN000314,CUST01521,2026-09-17 00:18:00,1089.39,Wallet,0.35,4,0,Success,None,0
TXN000315,CUST01168,2026-04-10 07:41:00,67.72,UPI,0.71,0,0,Success,None,0
TXN000316,CUST02103,2026-02-03 09:24:00,546.66,Wallet,0.54,1,1,Success,None,0
TXN000317,CUST01848,2026-06-01 01:25:00,295.45,Card,0.92,2,0,Success,None,0
TXN000318,CUST01624,2026-03-27 20:15:00,1587.7,UPI,0.76,4,0,Success,None,0
TXN000319,CUST00335,2026-01-11 06:18:00,1517.01,Wallet,0.89,2,0,Success,None,0
TXN000320,CUST00406,2026-02-20 02:21:00,1943.03,Net Banking,0.78,2,0,Success,None,0
TXN000321,CUST01176,2026-10-04 06:51:00,652.39,UPI,0.92,3,0,Success,None,0
TXN000322,CUST01838,2026-11-26 19:30:00,1610.74,Wallet,0.32,4,0,Success,None,0
TXN000323,CUST00078,2026-11-01 00:01:00,815.45,UPI,0.82,2,0,Failed,Bank Timeout,0
TXN000324,CUST00456,2026-04-20 15:29:00,562.93,Wallet,0.88,2,0,Success,None,0
TXN000325,CUST00196,2026-08-21 15:14:00,1277.78,UPI,0.74,1,1,Failed,Expired Card,0
TXN000326,CUST00258,2026-08-06 06:23:00,1138.14,Wallet,0.68,0,1,Success,None,0
TXN000327,CUST02589,2026-09-19 14:44:00,1357.32,UPI,0.68,4,0,Success,None,0
TXN000328,CUST01194,2026-08-12 20:17:00,795.44,Card,0.54,3,0,Success,None,0
TXN000329,CUST00986,2026-03-10 04:46:00,1261.98,Net Banking,0.35,4,1,Failed,Insufficient Funds,0
TXN000330,CUST00278,2026-05-23 03:50:00,1520.52,Net Banking,0.35,4,0,Success,None,0
TXN000331,CUST00179,2026-04-03 08:25:00,2852.75,Wallet,0.33,3,0,Success,None,0
TXN000332,CUST01463,2026-03-29 18:59:00,324.23,UPI,0.98,0,0,Success,None,0
TXN000333,CUST02384,2026-01-17 03:24:00,701.25,UPI,0.83,2,0,Failed,Network Error,1
TXN000334,CUST02633,2026-09-11 04:24:00,1482.92,Net Banking,0.53,1,1,Success,None,0
TXN000335,CUST02588,2026-01-23 23:22:00,1969.82,Wallet,0.61,1,0,Success,None,0
TXN000336,CUST00152,2026-01-16 22:47:00,2602.05,Wallet,1.0,2,0,Success,None,0
TXN000337,CUST00172,2026-07-07 15:29:00,409.98,Card,0.86,2,0,Success,None,0
TXN000338,CUST02225,2026-01-14 07:59:00,951.28,Wallet,0.45,3,0,Failed,Bank Timeout,1
TXN000339,CUST01463,2026-04-10 11:24:00,393.77,Net Banking,0.97,0,0,Failed,Insufficient Funds,1
TXN000340,CUST01790,2026-11-22 17:27:00,2203.86,Net Banking,0.96,3,1,Success,None,0
TXN000341,CUST01389,2026-09-09 23:23:00,410.84,Wallet,0.49,1,1,Success,None,0
TXN000342,CUST01505,2026-10-19 16:32:00,4138.59,Wallet,0.59,4,0,Success,None,0
TXN000343,CUST02979,2026-06-06 18:42:00,620.98,UPI,0.32,3,0,Success,None,0
TXN000344,CUST02235,2026-02-07 08:30:00,642.07,Card,0.56,2,0,Success,None,0
TXN000345,CUST01344,2026-06-12 08:28:00,1643.2,UPI,0.43,2,0,Success,None,0
TXN000346,CUST00683,2026-06-12 19:04:00,1071.55,Wallet,0.84,3,0,Success,None,0
TXN000347,CUST02978,2026-04-10 23:06:00,1584.37,UPI,0.74,2,1,Failed,Insufficient Funds,1
TXN000348,CUST02750,2026-07-06 19:24:00,1782.93,UPI,0.94,3,0,Success,None,0
TXN000349,CUST00128,2026-01-13 16:04:00,1020.67,Card,0.38,1,1,Failed,Bank Timeout,1
TXN000350,CUST00967,2026-05-20 09:25:00,3470.64,UPI,0.6,2,0,Failed,Expired Card,0
TXN000351,CUST02479,2026-12-12 10:56:00,1214.98,UPI,0.49,1,1,Success,None,0
TXN000352,CUST01524,2026-07-28 23:00:00,635.97,Net Banking,0.52,3,0,Success,None,0
TXN000353,CUST02169,2026-04-25 11:08:00,763.68,Card,0.72,2,1,Failed,Network Error,1
TXN000354,CUST00465,2026-07-01 16:42:00,157.73,Card,0.9,0,0,Success,None,0
TXN000355,CUST02301,2026-10-10 03:44:00,1075.63,Wallet,0.37,0,0,Failed,Network Error,0
TXN000356,CUST00879,2026-09-10 16:05:00,694.5,Wallet,0.4,4,0,Success,None,0
TXN000357,CUST00820,2026-11-07 12:06:00,3650.86,Wallet,0.69,0,0,Failed,Insufficient Funds,1
TXN000358,CUST00708,2026-10-23 02:22:00,2212.53,Wallet,0.66,3,0,Failed,Network Error,1
TXN000359,CUST02907,2026-11-21 12:34:00,492.11,Net Banking,0.7,0,0,Success,None,0
TXN000360,CUST00646,2026-07-05 05:34:00,875.78,Net Banking,0.86,1,0,Success,None,0
TXN000361,CUST00498,2026-03-28 04:37:00,3359.29,Card,0.32,1,0,Success,None,0
TXN000362,CUST00108,2026-06-20 04:15:00,2297.8,Wallet,0.34,2,0,Success,None,0
TXN000363,CUST02507,2026-04-23 14:37:00,1917.12,Card,0.8,0,0,Success,None,0
TXN000364,CUST02937,2026-10-08 01:03:00,1502.35,Wallet,0.54,3,1,Success,None,0
TXN000365,CUST02355,2026-04-26 10:13:00,3146.09,Wallet,0.62,0,0,Success,None,0
TXN000366,CUST01844,2026-02-16 17:24:00,1284.44,UPI,0.67,3,0,Success,None,0
TXN000367,CUST00529,2026-10-30 16:48:00,651.23,Card,0.91,3,0,Failed,Insufficient Funds,0
TXN000368,CUST01246,2026-04-28 11:27:00,744.63,Card,0.54,1,0,Success,None,0
TXN000369,CUST01418,2026-11-04 23:52:00,1798.93,Card,0.65,4,0,Success,None,0
TXN000370,CUST01027,2026-02-15 13:45:00,2706.63,UPI,0.8,1,0,Success,None,0
TXN000371,CUST02517,2026-07-02 23:33:00,444.85,Net Banking,0.78,4,0,Failed,Bank Timeout,1
TXN000372,CUST00702,2026-11-03 18:08:00,1722.31,Card,0.48,4,0,Success,None,0
TXN000373,CUST00117,2026-12-12 08:31:00,1509.27,UPI,0.82,0,0,Success,None,0
TXN000374,CUST02668,2026-08-14 01:06:00,1840.43,Net Banking,0.54,1,1,Success,None,0
TXN000375,CUST02040,2026-08-22 17:04:00,1312.33,UPI,0.61,4,0,Success,None,0
TXN000376,CUST01979,2026-04-19 07:01:00,2534.31,Net Banking,0.64,1,1,Success,None,0
TXN000377,CUST00299,2026-06-10 01:19:00,955.18,Wallet,0.49,0,0,Success,None,0
TXN000378,CUST01984,2026-05-04 20:38:00,2223.7,Wallet,0.94,3,0,Failed,Expired Card,0
TXN000379,CUST01281,2026-05-26 04:02:00,3299.22,Card,0.39,2,0,Success,None,0
TXN000380,CUST01518,2026-04-27 04:28:00,2041.85,Card,0.94,4,0,Failed,Bank Timeout,1
TXN000381,CUST00502,2026-04-01 06:20:00,1074.44,Wallet,0.47,2,1,Success,None,0
TXN000382,CUST00397,2026-12-11 04:53:00,2802.26,Card,0.61,0,0,Success,None,0
TXN000383,CUST02521,2026-11-12 01:10:00,2749.06,Wallet,0.41,3,0,Failed,Bank Timeout,0
TXN000384,CUST02367,2026-10-05 20:15:00,272.66,Net Banking,0.48,2,0,Success,None,0
TXN000385,CUST02041,2026-07-01 14:13:00,2660.25,Card,0.39,4,1,Success,None,0
TXN000386,CUST02038,2026-12-11 03:34:00,622.37,Net Banking,0.62,0,0,Success,None,0
TXN000387,CUST02071,2026-03-20 07:57:00,205.18,Wallet,0.88,3,0,Success,None,0
TXN000388,CUST00200,2026-06-30 04:27:00,1343.91,Net Banking,0.47,0,0,Success,None,0
TXN000389,CUST01171,2026-11-05 10:42:00,560.76,Wallet,0.42,4,0,Failed,Insufficient Funds,0
TXN000390,CUST00549,2026-10-06 02:40:00,1663.25,Wallet,0.76,2,0,Success,None,0
TXN000391,CUST01499,2026-01-19 15:01:00,1488.54,Wallet,0.71,0,1,Success,None,0
TXN000392,CUST01485,2026-01-27 18:31:00,1546.94,Card,0.44,4,0,Failed,Authentication Failed,1
TXN000393,CUST02253,2026-02-16 20:16:00,1139.91,Wallet,0.96,2,0,Failed,Insufficient Funds,1
TXN000394,CUST01529,2026-10-02 20:59:00,632.68,Wallet,0.62,2,0,Success,None,0
TXN000395,CUST00816,2026-07-02 01:44:00,1167.84,Card,0.33,4,1,Failed,Insufficient Funds,0
TXN000396,CUST00160,2026-10-20 17:09:00,221.73,UPI,0.98,1,0,Failed,Authentication Failed,0
TXN000397,CUST00611,2026-04-30 09:48:00,2282.58,Wallet,0.62,4,0,Success,None,0
TXN000398,CUST00666,2026-08-05 04:02:00,1446.92,Net Banking,0.64,3,0,Success,None,0
TXN000399,CUST02078,2026-09-16 01:03:00,2661.24,Net Banking,0.44,4,1,Success,None,0
TXN000400,CUST01946,2026-05-01 14:24:00,477.27,Net Banking,0.98,0,0,Failed,Insufficient Funds,1
TXN000401,CUST02391,2026-08-06 07:52:00,2587.56,Wallet,0.42,2,0,Success,None,0
TXN000402,CUST01088,2026-09-20 15:41:00,961.82,Wallet,0.89,4,0,Success,None,0
TXN000403,CUST02391,2026-07-10 20:48:00,1069.87,UPI,0.73,3,0,Success,None,0
TXN000404,CUST00606,2026-07-28 11:11:00,5446.49,Wallet,0.7,1,0,Failed,Insufficient Funds,0
TXN000405,CUST00078,2026-06-02 11:21:00,2655.59,Card,0.45,3,0,Success,None,0
TXN000406,CUST01692,2026-07-02 16:57:00,2834.51,Card,0.58,1,1,Success,None,0
TXN000407,CUST02980,2026-07-08 20:19:00,1397.04,Wallet,1.0,0,0,Failed,Bank Timeout,0
TXN000408,CUST02713,2026-04-25 05:36:00,599.79,Net Banking,0.58,3,1,Success,None,0
TXN000409,CUST01883,2026-07-18 21:24:00,1440.12,Card,0.82,4,0,Success,None,0
TXN000410,CUST02769,2026-03-12 00:01:00,3456.96,Net Banking,0.58,2,1,Failed,Bank Timeout,1
TXN000411,CUST02286,2026-12-09 18:49:00,1768.56,Net Banking,0.86,2,0,Success,None,0
TXN000412,CUST01184,2026-04-26 10:20:00,1921.65,Net Banking,0.87,1,1,Failed,Authentication Failed,1
TXN000413,CUST02296,2026-02-14 08:57:00,394.49,Net Banking,0.79,2,0,Success,None,0
TXN000414,CUST01617,2026-04-16 18:00:00,294.42,Wallet,0.61,2,0,Failed,Insufficient Funds,1
TXN000415,CUST02926,2026-12-03 10:07:00,4079.02,Net Banking,0.73,0,0,Success,None,0
TXN000416,CUST02687,2026-03-19 21:50:00,2459.85,Wallet,0.57,2,1,Success,None,0
TXN000417,CUST02207,2026-02-19 23:30:00,148.48,Card,0.32,2,0,Failed,Insufficient Funds,1
TXN000418,CUST00994,2026-08-21 06:26:00,6855.14,Card,0.58,0,0,Success,None,0
TXN000419,CUST00216,2026-05-01 06:08:00,7064.91,Card,0.84,0,1,Success,None,0
TXN000420,CUST00412,2026-07-20 09:03:00,1958.87,Wallet,0.8,1,0,Success,None,0
TXN000421,CUST01667,2026-08-25 20:29:00,895.92,Card,0.95,3,1,Failed,Bank Timeout,0
TXN000422,CUST01316,2026-11-27 13:40:00,1500.67,Net Banking,0.55,2,0,Failed,Insufficient Funds,1
TXN000423,CUST02192,2026-06-02 03:32:00,546.5,Card,0.52,0,0,Success,None,0
TXN000424,CUST00149,2026-03-09 20:00:00,498.99,Card,0.68,3,1,Failed,Network Error,1
TXN000425,CUST00038,2026-12-05 00:57:00,496.85,UPI,0.59,2,0,Failed,Network Error,1
TXN000426,CUST01862,2026-11-20 18:28:00,2327.66,Net Banking,0.78,4,1,Failed,Bank Timeout,1
TXN000427,CUST01118,2026-05-01 09:33:00,677.84,Wallet,0.7,1,0,Success,None,0
TXN000428,CUST02995,2026-09-19 15:12:00,1416.33,Card,0.97,3,0,Success,None,0
TXN000429,CUST00058,2026-07-26 17:20:00,1311.77,Card,0.33,2,0,Success,None,0
TXN000430,CUST00719,2026-10-29 02:20:00,3265.97,Card,0.97,4,1,Success,None,0
TXN000431,CUST02111,2026-05-26 22:32:00,1140.35,Wallet,0.46,2,0,Failed,Insufficient Funds,0
TXN000432,CUST00576,2026-12-07 17:22:00,1132.83,Card,0.59,3,0,Success,None,0
TXN000433,CUST00028,2026-03-27 18:00:00,879.84,Card,0.47,2,1,Success,None,0
TXN000434,CUST01094,2026-08-01 01:37:00,2000.4,Wallet,0.49,2,0,Success,None,0
TXN000435,CUST01072,2026-01-23 14:51:00,4701.6,UPI,0.37,2,0,Success,None,0
TXN000436,CUST01907,2026-05-28 14:35:00,565.35,UPI,0.62,2,0,Success,None,0
TXN000437,CUST02828,2026-05-14 19:38:00,1668.18,Net Banking,0.9,0,0,Success,None,0
TXN000438,CUST00898,2026-02-25 18:33:00,609.15,Card,0.37,1,1,Failed,Authentication Failed,0
TXN000439,CUST01704,2026-10-03 17:49:00,2371.09,Net Banking,0.46,4,1,Failed,Expired Card,0
TXN000440,CUST01014,2026-07-11 07:56:00,6428.0,Card,0.65,4,0,Success,None,0
TXN000441,CUST02164,2026-11-30 23:00:00,1527.88,Wallet,0.58,2,0,Success,None,0
TXN000442,CUST00253,2026-07-28 12:20:00,591.2,UPI,0.8,4,0,Success,None,0
TXN000443,CUST00674,2026-02-12 07:43:00,1397.09,Card,0.7,2,1,Failed,Bank Timeout,1
TXN000444,CUST00373,2026-10-22 10:27:00,715.29,Wallet,0.36,4,1,Success,None,0
TXN000445,CUST01858,2026-06-16 07:33:00,688.6,UPI,0.46,1,1,Failed,Expired Card,1
TXN000446,CUST02289,2026-09-21 08:07:00,486.97,UPI,0.66,3,0,Failed,Insufficient Funds,0
TXN000447,CUST01043,2026-07-30 13:21:00,1322.17,Wallet,0.92,0,0,Success,None,0
TXN000448,CUST00186,2026-09-13 00:03:00,315.86,UPI,0.67,3,0,Failed,Insufficient Funds,1
TXN000449,CUST00283,2026-04-15 12:38:00,1912.18,UPI,0.81,3,0,Success,None,0
TXN000450,CUST00738,2026-05-17 08:05:00,5204.27,Wallet,0.34,1,1,Success,None,0
TXN000451,CUST01838,2026-01-30 05:14:00,496.43,Wallet,0.68,3,1,Failed,Expired Card,0
TXN000452,CUST02677,2026-03-06 23:31:00,1814.44,Card,0.83,2,0,Success,None,0
TXN000453,CUST02167,2026-10-31 22:46:00,2625.56,Wallet,0.95,1,0,Success,None,0
TXN000454,CUST00094,2026-09-03 05:07:00,1785.24,UPI,0.58,2,1,Failed,Expired Card,0
TXN000455,CUST02179,2026-04-01 02:47:00,1162.58,Wallet,0.89,3,0,Success,None,0
TXN000456,CUST01418,2026-03-10 14:58:00,2046.86,Wallet,0.74,1,0,Failed,Insufficient Funds,0
TXN000457,CUST02705,2026-03-29 14:58:00,1220.28,UPI,0.85,3,0,Success,None,0
TXN000458,CUST00276,2026-06-12 13:03:00,970.71,Card,0.33,0,0,Success,None,0
TXN000459,CUST01003,2026-06-09 19:42:00,584.76,UPI,0.36,0,1,Success,None,0
TXN000460,CUST02211,2026-02-21 00:31:00,378.05,Card,0.69,1,0,Success,None,0
TXN000461,CUST00960,2026-07-30 06:03:00,453.64,Net Banking,0.72,4,0,Success,None,0
TXN000462,CUST00971,2026-08-29 09:01:00,195.92,Net Banking,0.94,2,0,Success,None,0
TXN000463,CUST01694,2026-01-23 04:39:00,1170.82,Card,0.57,2,0,Success,None,0
TXN000464,CUST02565,2026-01-18 01:40:00,1013.22,Card,0.91,3,1,Success,None,0
TXN000465,CUST02636,2026-09-11 12:26:00,642.6,Net Banking,0.36,3,0,Failed,Authentication Failed,1
TXN000466,CUST00612,2026-03-08 22:45:00,2425.11,Wallet,0.79,2,1,Failed,Expired Card,0
TXN000467,CUST00988,2026-11-09 05:18:00,2614.21,Wallet,0.39,1,0,Success,None,0
TXN000468,CUST01897,2026-06-01 15:30:00,1603.2,Card,0.95,0,1,Success,None,0
TXN000469,CUST01591,2026-03-16 00:47:00,3334.79,Card,0.42,1,0,Success,None,0
TXN000470,CUST02649,2026-11-05 10:21:00,1713.42,Net Banking,0.58,0,1,Failed,Network Error,1
TXN000471,CUST02194,2026-04-08 17:51:00,1646.17,UPI,0.6,1,0,Success,None,0
TXN000472,CUST02760,2026-11-15 01:48:00,1145.04,Wallet,0.65,4,0,Success,None,0
TXN000473,CUST00771,2026-06-24 13:00:00,1375.59,UPI,0.45,4,0,Success,None,0
TXN000474,CUST01364,2026-03-19 02:48:00,581.36,Card,0.76,2,0,Failed,Bank Timeout,1
TXN000475,CUST01962,2026-05-25 09:49:00,924.49,UPI,0.34,1,0,Success,None,0
TXN000476,CUST02262,2026-05-19 14:16:00,3614.04,Card,0.34,2,0,Success,None,0
TXN000477,CUST02186,2026-04-06 05:33:00,671.34,Wallet,0.78,2,0,Failed,Network Error,1
TXN000478,CUST01909,2026-10-05 07:12:00,860.94,Wallet,1.0,0,1,Success,None,0
TXN000479,CUST00833,2026-05-31 16:58:00,321.36,Net Banking,0.74,2,0,Success,None,0
TXN000480,CUST02305,2026-01-06 21:43:00,2275.48,UPI,0.6,1,0,Failed,Network Error,0
TXN000481,CUST01210,2026-05-01 02:24:00,367.42,Wallet,0.56,1,0,Success,None,0
TXN000482,CUST01556,2026-07-01 18:57:00,916.16,Card,0.88,4,0,Success,None,0
TXN000483,CUST01055,2026-06-17 18:47:00,691.45,Net Banking,0.31,3,1,Failed,Bank Timeout,0
TXN000484,CUST00694,2026-03-09 00:14:00,137.99,Net Banking,0.4,1,1,Success,None,0
TXN000485,CUST02147,2026-12-11 03:10:00,495.08,UPI,0.68,0,0,Success,None,0
TXN000486,CUST00027,2026-11-03 18:16:00,1069.82,UPI,0.89,3,0,Failed,Bank Timeout,1
TXN000487,CUST02897,2026-03-21 15:12:00,769.22,UPI,0.82,1,0,Success,None,0
TXN000488,CUST01529,2026-08-29 00:54:00,540.32,Wallet,0.56,0,1,Success,None,0
TXN000489,CUST00065,2026-01-05 07:33:00,3557.94,Wallet,0.92,0,1,Success,None,0
TXN000490,CUST02169,2026-01-07 05:47:00,927.54,UPI,0.85,2,0,Failed,Expired Card,0
TXN000491,CUST00735,2026-07-10 22:08:00,305.12,Wallet,0.89,0,0,Failed,Bank Timeout,1
TXN000492,CUST00787,2026-10-24 19:27:00,792.05,Card,0.62,4,0,Success,None,0
TXN000493,CUST01095,2026-05-16 19:46:00,1985.6,Net Banking,0.75,3,0,Success,None,0
TXN000494,CUST01881,2026-09-11 20:32:00,1393.31,Wallet,0.35,4,0,Success,None,0
TXN000495,CUST01229,2026-02-04 01:01:00,1584.43,Card,0.66,0,0,Success,None,0
TXN000496,CUST01554,2026-01-21 10:20:00,637.67,Wallet,0.33,3,1,Failed,Insufficient Funds,0
TXN000497,CUST00339,2026-08-23 19:17:00,577.09,Card,0.51,3,1,Failed,Network Error,0
TXN000498,CUST02164,2026-03-18 23:23:00,3099.66,UPI,0.76,0,0,Success,None,0
TXN000499,CUST01111,2026-09-07 04:37:00,2831.5,Wallet,0.49,0,0,Failed,Network Error,1
TXN000500,CUST00735,2026-03-17 10:10:00,1949.18,UPI,0.98,2,0,Failed,Expired Card,0
TXN000501,CUST02920,2026-04-19 23:07:00,351.62,Card,0.44,3,0,Failed,Bank Timeout,1
TXN000502,CUST02322,2026-05-20 18:05:00,3644.84,Card,0.84,3,0,Success,None,0
TXN000503,CUST02824,2026-01-20 13:12:00,687.67,Card,0.98,0,0,Success,None,0
TXN000504,CUST01791,2026-05-05 00:08:00,1131.02,UPI,0.5,1,0,Success,None,0
TXN000505,CUST01337,2026-10-13 06:44:00,3513.95,Wallet,0.82,0,0,Success,None,0
TXN000506,CUST02010,2026-07-21 08:31:00,4625.86,Wallet,0.76,1,0,Failed,Authentication Failed,1
TXN000507,CUST00761,2026-02-01 04:48:00,475.4,Wallet,0.61,4,1,Success,None,0
TXN000508,CUST01010,2026-04-08 13:34:00,227.45,Net Banking,0.96,0,0,Success,None,0
TXN000509,CUST01557,2026-04-26 07:10:00,918.73,Card,0.92,1,1,Success,None,0
TXN000510,CUST00437,2026-12-10 07:42:00,878.79,Net Banking,0.5,0,0,Success,None,0
TXN000511,CUST01822,2026-02-07 05:18:00,959.39,Net Banking,0.83,2,0,Success,None,0
TXN000512,CUST00358,2026-06-13 10:03:00,1374.8,Card,0.89,1,1,Success,None,0
TXN000513,CUST00424,2026-05-09 20:33:00,1863.67,Wallet,0.42,0,0,Success,None,0
TXN000514,CUST02446,2026-11-11 11:17:00,2803.94,UPI,0.99,4,0,Success,None,0
TXN000515,CUST00051,2026-05-22 04:38:00,1509.83,Wallet,0.87,2,1,Failed,Insufficient Funds,1
TXN000516,CUST02343,2026-09-07 12:22:00,651.26,Card,0.89,4,0,Success,None,0
TXN000517,CUST00695,2026-04-20 15:19:00,6907.26,Wallet,0.66,1,0,Success,None,0
TXN000518,CUST02020,2026-03-02 21:04:00,2592.42,Net Banking,0.7,1,0,Success,None,0
TXN000519,CUST01131,2026-06-26 07:16:00,1426.42,Wallet,0.83,3,0,Failed,Insufficient Funds,1
TXN000520,CUST01031,2026-08-05 04:45:00,2253.37,Net Banking,0.31,1,1,Failed,Expired Card,0
TXN000521,CUST01876,2026-04-21 22:08:00,3072.93,Card,0.44,0,0,Success,None,0
TXN000522,CUST01621,2026-10-20 18:07:00,781.92,UPI,0.81,2,1,Success,None,0
TXN000523,CUST01804,2026-10-24 21:44:00,726.54,Net Banking,0.85,2,1,Success,None,0
TXN000524,CUST01231,2026-06-24 09:39:00,451.16,Card,0.3,2,0,Success,None,0
TXN000525,CUST00728,2026-04-17 02:42:00,343.82,Net Banking,0.4,3,0,Failed,Authentication Failed,0
TXN000526,CUST01335,2026-10-25 06:38:00,452.57,Card,1.0,3,0,Success,None,0
TXN000527,CUST01496,2026-08-04 14:57:00,4365.86,Wallet,0.92,0,0,Success,None,0
TXN000528,CUST02793,2026-12-13 23:28:00,796.55,Card,0.57,4,0,Success,None,0
TXN000529,CUST02902,2026-10-18 10:16:00,323.59,Wallet,0.86,1,1,Failed,Network Error,1
TXN000530,CUST01676,2026-08-19 14:10:00,3011.12,UPI,0.64,3,0,Success,None,0
TXN000531,CUST00992,2026-09-18 09:49:00,1213.37,Net Banking,0.69,2,0,Success,None,0
TXN000532,CUST01545,2026-08-06 16:49:00,632.48,Wallet,0.72,0,1,Success,None,0
TXN000533,CUST02385,2026-07-17 22:26:00,665.25,Wallet,0.88,3,1,Success,None,0
TXN000534,CUST01473,2026-02-09 19:41:00,2126.6,UPI,0.35,4,0,Failed,Bank Timeout,1
TXN000535,CUST00682,2026-07-25 01:29:00,1914.31,Net Banking,0.85,4,0,Success,None,0
TXN000536,CUST01359,2026-01-04 20:10:00,2354.88,Wallet,0.61,3,0,Failed,Insufficient Funds,1
TXN000537,CUST00910,2026-06-12 07:16:00,558.58,Net Banking,0.45,4,0,Success,None,0
TXN000538,CUST01603,2026-05-06 14:22:00,984.18,Net Banking,0.81,3,0,Success,None,0
TXN000539,CUST01978,2026-06-01 10:50:00,1276.5,UPI,0.59,0,0,Success,None,0
TXN000540,CUST00476,2026-04-24 13:20:00,1739.59,UPI,0.85,1,0,Failed,Network Error,1
TXN000541,CUST00848,2026-05-07 19:29:00,814.22,Wallet,0.7,4,1,Success,None,0
TXN000542,CUST00400,2026-04-27 02:40:00,2620.18,Wallet,0.43,3,1,Failed,Insufficient Funds,1
TXN000543,CUST00184,2026-11-06 04:14:00,718.94,Net Banking,0.66,0,0,Success,None,0
TXN000544,CUST02655,2026-12-05 13:47:00,2032.76,Net Banking,0.96,0,0,Success,None,0
TXN000545,CUST02114,2026-05-01 12:13:00,2505.82,Card,0.89,1,0,Success,None,0
TXN000546,CUST01893,2026-08-18 06:55:00,938.28,Wallet,0.86,1,1,Success,None,0
TXN000547,CUST00764,2026-01-11 15:05:00,450.73,Card,0.36,3,1,Success,None,0
TXN000548,CUST01842,2026-05-22 13:41:00,1052.25,Card,0.65,4,1,Success,None,0
TXN000549,CUST02887,2026-04-12 08:12:00,2253.28,UPI,0.41,1,0,Success,None,0
TXN000550,CUST02365,2026-05-14 04:20:00,2043.64,UPI,0.39,0,0,Success,None,0
TXN000551,CUST00808,2026-04-06 12:28:00,1455.04,Net Banking,0.35,3,0,Failed,Authentication Failed,1
TXN000552,CUST02446,2026-08-02 17:19:00,1208.58,Net Banking,0.48,3,1,Failed,Insufficient Funds,0
TXN000553,CUST01442,2026-10-24 06:33:00,559.91,Net Banking,0.83,3,0,Success,None,0
TXN000554,CUST02517,2026-09-02 16:59:00,524.13,Net Banking,0.84,4,0,Failed,Bank Timeout,1
TXN000555,CUST00483,2026-02-12 13:54:00,157.69,Net Banking,0.54,1,0,Success,None,0
TXN000556,CUST01530,2026-06-02 06:37:00,2224.39,Card,0.32,1,1,Success,None,0
TXN000557,CUST02355,2026-03-09 15:08:00,1157.01,Card,0.96,3,1,Failed,Authentication Failed,1
TXN000558,CUST02273,2026-04-16 03:52:00,1656.98,Card,0.48,1,1,Success,None,0
TXN000559,CUST00767,2026-08-14 12:29:00,451.1,Card,0.7,2,1,Success,None,0
TXN000560,CUST01471,2026-02-19 17:03:00,1726.14,UPI,0.98,0,1,Success,None,0
TXN000561,CUST01573,2026-05-29 23:04:00,574.36,Card,0.41,4,1,Failed,Authentication Failed,1
TXN000562,CUST02909,2026-03-02 21:28:00,852.17,Wallet,0.9,3,1,Success,None,0
TXN000563,CUST02316,2026-04-17 08:19:00,486.55,UPI,0.9,0,0,Success,None,0
TXN000564,CUST01126,2026-03-03 05:49:00,1152.1,UPI,0.35,1,0,Success,None,0
TXN000565,CUST02317,2026-07-28 12:27:00,565.62,Wallet,0.62,3,0,Success,None,0
TXN000566,CUST01098,2026-07-17 08:26:00,1174.87,UPI,0.42,4,0,Success,None,0
TXN000567,CUST02945,2026-06-04 19:03:00,1555.03,UPI,0.62,3,0,Success,None,0
TXN000568,CUST02678,2026-11-15 12:12:00,2260.06,UPI,0.76,1,0,Success,None,0
TXN000569,CUST01843,2026-11-10 22:00:00,1115.03,UPI,0.86,2,0,Success,None,0
TXN000570,CUST01799,2026-03-18 09:56:00,612.53,UPI,0.34,0,0,Success,None,0
TXN000571,CUST02912,2026-03-02 10:22:00,654.08,Net Banking,0.42,4,1,Failed,Expired Card,0
TXN000572,CUST00847,2026-07-27 13:23:00,578.62,Card,0.66,1,0,Success,None,0
TXN000573,CUST02181,2026-04-28 20:07:00,821.9,Net Banking,0.62,2,0,Success,None,0
TXN000574,CUST01186,2026-12-13 18:10:00,1650.99,Net Banking,0.84,4,0,Failed,Expired Card,1
TXN000575,CUST00556,2026-04-11 23:17:00,2222.72,UPI,0.68,3,0,Success,None,0
TXN000576,CUST02874,2026-02-23 05:53:00,1030.43,Card,0.37,1,0,Success,None,0
TXN000577,CUST01014,2026-02-21 18:18:00,779.7,Net Banking,0.84,3,1,Success,None,0
TXN000578,CUST02572,2026-06-14 13:33:00,2748.35,Net Banking,0.44,3,1,Failed,Insufficient Funds,1
TXN000579,CUST01651,2026-09-10 22:24:00,1465.65,UPI,0.74,4,0,Success,None,0
TXN000580,CUST01863,2026-07-31 21:12:00,3277.18,Net Banking,0.58,3,0,Success,None,0
TXN000581,CUST00382,2026-11-06 12:20:00,413.52,UPI,0.79,3,0,Success,None,0
TXN000582,CUST02190,2026-06-06 10:16:00,1204.93,UPI,0.52,3,0,Success,None,0
TXN000583,CUST02027,2026-10-29 14:10:00,886.75,Card,0.99,2,0,Failed,Network Error,1
TXN000584,CUST02242,2026-07-26 03:01:00,1614.44,Net Banking,0.43,4,0,Success,None,0
TXN000585,CUST01408,2026-02-06 06:05:00,510.76,Wallet,0.61,0,0,Success,None,0
TXN000586,CUST00067,2026-06-10 16:00:00,1538.99,Wallet,0.36,0,0,Success,None,0
TXN000587,CUST00003,2026-09-08 17:00:00,1118.09,Wallet,0.98,3,0,Success,None,0
TXN000588,CUST02663,2026-11-15 08:49:00,3394.04,Card,0.99,2,0,Success,None,0
TXN000589,CUST00383,2026-01-31 00:12:00,468.76,Net Banking,0.92,2,0,Success,None,0
TXN000590,CUST02722,2026-05-25 07:17:00,1544.79,Net Banking,0.41,1,0,Failed,Network Error,1
TXN000591,CUST01759,2026-01-01 09:29:00,4602.42,Card,0.92,0,0,Failed,Bank Timeout,1
TXN000592,CUST00320,2026-07-09 02:58:00,1311.81,Wallet,0.43,1,0,Success,None,0
TXN000593,CUST00039,2026-10-25 12:00:00,1254.85,Wallet,0.8,0,0,Success,None,0
TXN000594,CUST01730,2026-01-26 18:54:00,3146.6,UPI,0.63,1,1,Success,None,0
TXN000595,CUST01570,2026-02-07 13:47:00,200.84,Card,0.65,0,0,Success,None,0
TXN000596,CUST01506,2026-05-20 08:16:00,674.35,Net Banking,0.53,2,0,Failed,Bank Timeout,1
TXN000597,CUST00281,2026-08-11 05:03:00,697.69,Card,0.54,4,0,Success,None,0
TXN000598,CUST01803,2026-08-17 16:14:00,789.53,Card,0.82,2,0,Success,None,0
TXN000599,CUST01687,2026-11-10 02:28:00,325.46,Card,0.89,4,1,Success,None,0
TXN000600,CUST00356,2026-10-01 22:58:00,2966.33,Card,0.99,0,0,Success,None,0
TXN000601,CUST02415,2026-06-06 08:03:00,1477.27,UPI,0.53,3,0,Success,None,0
TXN000602,CUST00573,2026-08-23 16:46:00,582.86,Net Banking,0.35,1,0,Failed,Insufficient Funds,0
TXN000603,CUST02267,2026-10-11 14:44:00,1753.48,Card,0.5,4,0,Success,None,0
TXN000604,CUST02697,2026-07-08 12:09:00,750.0,UPI,0.79,2,0,Success,None,0
TXN000605,CUST01605,2026-10-13 08:57:00,492.62,Card,0.32,2,0,Failed,Bank Timeout,1
TXN000606,CUST01581,2026-07-01 21:25:00,637.66,Wallet,0.96,0,0,Success,None,0
TXN000607,CUST02164,2026-12-07 00:45:00,1956.45,UPI,0.77,0,0,Success,None,0
TXN000608,CUST00541,2026-05-14 01:01:00,1870.51,Net Banking,0.94,3,1,Success,None,0
TXN000609,CUST01930,2026-08-02 20:27:00,506.21,Card,0.61,0,0,Success,None,0
TXN000610,CUST00057,2026-01-15 12:00:00,1236.59,UPI,0.91,2,0,Success,None,0
TXN000611,CUST01631,2026-08-17 20:32:00,1342.58,UPI,0.38,4,0,Failed,Expired Card,1
TXN000612,CUST01735,2026-08-22 05:06:00,1042.36,Wallet,0.82,3,0,Success,None,0
TXN000613,CUST01137,2026-01-29 18:30:00,1934.42,Card,0.5,0,0,Success,None,0
TXN000614,CUST00637,2026-05-23 06:15:00,774.03,Card,0.83,4,0,Success,None,0
TXN000615,CUST01271,2026-01-22 01:59:00,518.87,UPI,0.88,3,0,Failed,Bank Timeout,0
TXN000616,CUST01780,2026-08-11 22:19:00,2614.39,UPI,0.38,0,1,Success,None,0
TXN000617,CUST01267,2026-01-05 14:40:00,529.24,UPI,0.47,1,0,Failed,Bank Timeout,1
TXN000618,CUST00672,2026-07-10 10:05:00,1180.26,UPI,0.51,3,0,Success,None,0
TXN000619,CUST00684,2026-09-30 23:38:00,472.04,Net Banking,0.82,2,0,Failed,Network Error,0
TXN000620,CUST00121,2026-04-10 00:36:00,466.73,UPI,0.9,2,1,Success,None,0
TXN000621,CUST01078,2026-06-30 15:24:00,2257.41,UPI,0.43,4,0,Failed,Authentication Failed,1
TXN000622,CUST00228,2026-05-14 20:54:00,1301.87,Net Banking,0.86,3,0,Failed,Bank Timeout,1
TXN000623,CUST00422,2026-03-25 03:49:00,609.7,Net Banking,0.88,4,0,Success,None,0
TXN000624,CUST00181,2026-01-17 17:47:00,1128.73,UPI,0.38,0,0,Failed,Authentication Failed,0
TXN000625,CUST01569,2026-12-06 00:36:00,2392.65,Net Banking,0.92,1,0,Success,None,0
TXN000626,CUST02265,2026-04-28 03:56:00,1637.42,UPI,0.66,3,0,Success,None,0
TXN000627,CUST01705,2026-10-28 17:40:00,649.85,Card,0.84,2,0,Success,None,0
TXN000628,CUST02342,2026-07-02 18:54:00,253.53,UPI,0.92,2,0,Success,None,0
TXN000629,CUST00735,2026-05-26 23:20:00,3983.13,UPI,0.71,1,0,Success,None,0
TXN000630,CUST01906,2026-04-30 03:59:00,3139.85,UPI,0.47,2,0,Success,None,0
TXN000631,CUST02266,2026-05-15 07:39:00,900.68,UPI,0.64,3,0,Success,None,0
TXN000632,CUST01195,2026-09-27 06:30:00,558.58,Card,0.97,4,0,Success,None,0
TXN000633,CUST01901,2026-10-09 07:11:00,1135.56,Card,0.74,2,1,Failed,Bank Timeout,1
TXN000634,CUST00617,2026-01-09 16:55:00,4255.81,Card,0.55,0,1,Success,None,0
TXN000635,CUST02219,2026-12-13 05:52:00,919.51,Card,0.44,2,0,Success,None,0
TXN000636,CUST00006,2026-02-07 20:19:00,209.71,Net Banking,0.5,3,0,Failed,Bank Timeout,1
TXN000637,CUST01720,2026-02-21 20:04:00,856.31,Card,0.86,3,0,Success,None,0
TXN000638,CUST00382,2026-11-23 16:37:00,600.81,Net Banking,0.66,0,0,Success,None,0
TXN000639,CUST02871,2026-09-30 07:14:00,964.77,Wallet,0.36,2,1,Success,None,0
TXN000640,CUST02379,2026-08-21 00:04:00,1876.33,UPI,0.38,0,0,Success,None,0
TXN000641,CUST00307,2026-06-08 08:56:00,2593.61,Wallet,0.65,4,0,Success,None,0
TXN000642,CUST00970,2026-11-06 19:23:00,1115.49,Card,0.99,2,0,Failed,Network Error,1
TXN000643,CUST02871,2026-06-14 20:15:00,364.25,Wallet,0.59,2,0,Success,None,0
TXN000644,CUST00957,2026-02-19 13:21:00,248.04,Net Banking,0.8,0,0,Success,None,0
TXN000645,CUST00637,2026-06-13 16:22:00,2291.58,UPI,0.97,0,0,Success,None,0
TXN000646,CUST01287,2026-07-15 02:58:00,710.59,Wallet,0.3,3,0,Success,None,0
TXN000647,CUST00851,2026-06-18 16:47:00,1231.38,Net Banking,0.78,3,0,Failed,Network Error,1
TXN000648,CUST00371,2026-10-28 21:04:00,670.61,UPI,0.62,1,0,Success,None,0
TXN000649,CUST00881,2026-02-03 05:01:00,926.21,UPI,0.83,2,0,Failed,Bank Timeout,1
TXN000650,CUST01624,2026-09-04 13:19:00,497.83,Net Banking,0.55,4,0,Success,None,0
TXN000651,CUST01066,2026-12-13 15:32:00,2925.22,Net Banking,0.55,1,0,Success,None,0
TXN000652,CUST01853,2026-02-04 11:43:00,2767.44,Wallet,0.31,4,0,Success,None,0
TXN000653,CUST00418,2026-01-05 08:28:00,1293.85,Wallet,0.91,1,0,Success,None,0
TXN000654,CUST00911,2026-10-27 21:22:00,2012.54,UPI,0.38,1,0,Success,None,0
TXN000655,CUST01525,2026-12-01 00:36:00,1149.04,Wallet,0.4,0,0,Failed,Insufficient Funds,1
TXN000656,CUST00265,2026-10-22 15:45:00,604.36,UPI,0.51,1,1,Success,None,0
TXN000657,CUST00377,2026-01-16 13:05:00,706.99,Card,0.39,2,0,Success,None,0
TXN000658,CUST00208,2026-10-27 03:59:00,1181.19,Wallet,0.54,1,1,Success,None,0
TXN000659,CUST02033,2026-09-06 18:00:00,2381.69,Wallet,0.78,0,1,Success,None,0
TXN000660,CUST00708,2026-11-27 16:53:00,1543.42,Wallet,0.77,2,0,Failed,Bank Timeout,1
TXN000661,CUST01147,2026-01-13 14:46:00,886.59,Net Banking,0.86,3,0,Success,None,0
TXN000662,CUST02652,2026-05-31 00:02:00,3452.1,Card,0.9,2,1,Success,None,0
TXN000663,CUST00250,2026-05-20 10:50:00,255.84,Wallet,0.71,0,0,Success,None,0
TXN000664,CUST01718,2026-08-18 15:36:00,629.83,Card,0.72,1,0,Success,None,0
TXN000665,CUST01567,2026-07-18 06:04:00,497.99,UPI,0.42,2,1,Failed,Authentication Failed,1
TXN000666,CUST02317,2026-05-22 09:43:00,3588.96,Net Banking,0.92,4,0,Success,None,0
TXN000667,CUST00737,2026-08-06 09:40:00,3128.31,Net Banking,0.54,0,0,Failed,Bank Timeout,1
TXN000668,CUST01151,2026-07-12 18:14:00,3349.44,UPI,0.52,0,1,Success,None,0
TXN000669,CUST02393,2026-02-06 10:59:00,297.94,Net Banking,0.45,1,0,Success,None,0
TXN000670,CUST02691,2026-07-14 07:27:00,3035.07,Card,0.62,1,0,Success,None,0
TXN000671,CUST00899,2026-05-10 04:19:00,1057.04,UPI,0.32,4,1,Failed,Bank Timeout,0
TXN000672,CUST00969,2026-10-21 12:46:00,438.2,Card,0.57,4,0,Failed,Network Error,1
TXN000673,CUST02882,2026-07-25 00:31:00,455.54,UPI,0.32,2,0,Success,None,0
TXN000674,CUST02017,2026-03-05 22:02:00,821.02,Card,0.62,4,0,Failed,Authentication Failed,0
TXN000675,CUST00370,2026-08-08 01:24:00,1915.17,UPI,0.72,0,0,Success,None,0
TXN000676,CUST00082,2026-01-01 05:58:00,839.62,Card,0.99,4,1,Failed,Network Error,0
TXN000677,CUST00535,2026-12-01 12:25:00,319.98,Card,0.54,2,0,Success,None,0
TXN000678,CUST00244,2026-08-02 13:52:00,333.95,Net Banking,0.41,0,0,Success,None,0
TXN000679,CUST00455,2026-01-27 09:47:00,3859.34,Card,0.88,4,0,Success,None,0
TXN000680,CUST02886,2026-05-03 12:54:00,1339.92,Net Banking,0.51,3,0,Failed,Network Error,1
TXN000681,CUST00559,2026-10-16 07:13:00,958.61,Net Banking,0.49,1,1,Success,None,0
TXN000682,CUST02660,2026-09-15 11:27:00,751.69,Wallet,0.69,2,0,Success,None,0
TXN000683,CUST00915,2026-05-18 18:22:00,464.89,Net Banking,0.61,4,0,Success,None,0
TXN000684,CUST02821,2026-03-06 16:50:00,1327.96,Net Banking,0.64,2,0,Success,None,0
TXN000685,CUST02876,2026-11-06 18:01:00,2645.9,UPI,0.73,4,1,Failed,Expired Card,0
TXN000686,CUST00746,2026-12-02 08:09:00,5253.65,UPI,0.33,4,0,Success,None,0
TXN000687,CUST02620,2026-12-08 00:54:00,323.88,Card,0.97,4,0,Success,None,0
TXN000688,CUST00577,2026-03-28 15:38:00,1329.74,Wallet,0.81,2,0,Success,None,0
TXN000689,CUST01309,2026-10-27 03:47:00,821.05,Net Banking,0.86,1,0,Success,None,0
TXN000690,CUST01830,2026-03-18 08:14:00,1372.1,Net Banking,0.91,0,0,Success,None,0
TXN000691,CUST02840,2026-04-04 10:42:00,992.58,Card,0.99,0,0,Success,None,0
TXN000692,CUST02951,2026-05-21 12:22:00,429.2,UPI,0.9,0,0,Success,None,0
TXN000693,CUST01719,2026-06-29 12:36:00,344.31,Wallet,0.44,1,1,Success,None,0
TXN000694,CUST01439,2026-02-06 22:17:00,558.81,Wallet,0.57,4,1,Success,None,0
TXN000695,CUST02368,2026-06-14 07:24:00,9631.14,Wallet,0.91,1,0,Success,None,0
TXN000696,CUST00137,2026-04-27 00:59:00,883.8,UPI,0.59,2,0,Success,None,0
TXN000697,CUST00429,2026-03-03 22:24:00,1528.07,Net Banking,0.97,0,0,Success,None,0
TXN000698,CUST00660,2026-05-04 01:03:00,3617.49,Wallet,0.38,0,0,Success,None,0
TXN000699,CUST02886,2026-12-10 03:11:00,2786.79,Wallet,0.93,0,1,Failed,Bank Timeout,1
TXN000700,CUST00644,2026-05-01 13:08:00,931.16,Wallet,0.61,0,0,Success,None,0
TXN000701,CUST00779,2026-08-29 12:23:00,1853.3,Card,0.31,3,0,Success,None,0
TXN000702,CUST01219,2026-01-19 01:43:00,1281.5,Net Banking,0.78,1,0,Success,None,0
TXN000703,CUST02342,2026-02-25 22:05:00,590.93,Wallet,0.51,4,1,Failed,Insufficient Funds,0
TXN000704,CUST00016,2026-04-18 05:48:00,1518.75,Net Banking,0.5,3,0,Failed,Expired Card,0
TXN000705,CUST00818,2026-03-17 08:22:00,2350.77,Wallet,0.51,0,0,Failed,Bank Timeout,1
TXN000706,CUST00336,2026-04-23 06:25:00,1653.2,Net Banking,0.88,3,0,Success,None,0
TXN000707,CUST01929,2026-02-03 04:21:00,1536.26,Wallet,0.84,3,0,Success,None,0
TXN000708,CUST00758,2026-05-15 11:52:00,681.93,Wallet,0.84,2,1,Success,None,0
TXN000709,CUST01826,2026-06-10 02:30:00,593.69,Card,0.64,0,0,Failed,Authentication Failed,1
TXN000710,CUST00927,2026-02-25 00:35:00,1299.13,Net Banking,0.58,2,0,Failed,Insufficient Funds,1
TXN000711,CUST02737,2026-10-03 10:01:00,1194.44,UPI,0.96,2,1,Failed,Expired Card,0
TXN000712,CUST02268,2026-10-25 23:20:00,984.55,Card,0.67,0,1,Success,None,0
TXN000713,CUST02194,2026-06-23 09:38:00,1097.69,Wallet,0.86,3,0,Success,None,0
TXN000714,CUST00324,2026-07-02 19:25:00,570.39,Net Banking,0.34,3,0,Failed,Expired Card,0
TXN000715,CUST00493,2026-12-12 13:01:00,493.53,Card,0.5,3,0,Success,None,0
TXN000716,CUST00868,2026-01-16 12:54:00,595.41,Card,0.95,1,0,Success,None,0
TXN000717,CUST00321,2026-10-27 11:40:00,877.68,Wallet,0.63,3,0,Failed,Bank Timeout,1
TXN000718,CUST01310,2026-05-22 07:15:00,1820.18,Net Banking,0.99,0,0,Success,None,0
TXN000719,CUST02262,2026-07-09 05:06:00,3256.89,Wallet,0.39,2,0,Success,None,0
TXN000720,CUST00051,2026-02-10 23:12:00,384.88,Wallet,0.65,4,1,Success,None,0
TXN000721,CUST00613,2026-12-03 18:08:00,4630.45,Wallet,0.35,1,0,Success,None,0
TXN000722,CUST02305,2026-11-12 20:06:00,2954.71,UPI,0.47,0,0,Success,None,0
TXN000723,CUST01684,2026-08-27 09:37:00,1605.33,Net Banking,0.69,2,1,Success,None,0
TXN000724,CUST02344,2026-01-14 15:22:00,1643.16,Wallet,0.4,4,1,Success,None,0
TXN000725,CUST01129,2026-08-14 02:18:00,1074.42,Card,0.5,3,0,Failed,Expired Card,0
TXN000726,CUST00159,2026-09-09 09:48:00,266.33,Wallet,0.34,3,0,Success,None,0
TXN000727,CUST00202,2026-11-23 14:22:00,664.51,Card,0.49,3,0,Success,None,0
TXN000728,CUST00083,2026-04-24 05:06:00,1110.21,Net Banking,0.34,2,0,Success,None,0
TXN000729,CUST02014,2026-02-18 22:16:00,551.83,Net Banking,0.37,0,0,Success,None,0
TXN000730,CUST01815,2026-09-23 08:20:00,2698.55,Net Banking,0.49,2,0,Success,None,0
TXN000731,CUST02478,2026-06-10 19:46:00,2494.73,Wallet,0.92,0,0,Success,None,0
TXN000732,CUST01668,2026-10-26 22:09:00,644.85,Card,0.94,3,0,Success,None,0
TXN000733,CUST02111,2026-04-24 06:38:00,1040.61,UPI,0.57,1,0,Success,None,0
TXN000734,CUST00556,2026-03-05 06:08:00,5352.68,Wallet,0.79,4,0,Failed,Bank Timeout,1
TXN000735,CUST00237,2026-06-16 04:30:00,2373.97,Card,0.98,1,0,Success,None,0
TXN000736,CUST01477,2026-05-15 02:42:00,2948.07,UPI,0.97,1,0,Success,None,0
TXN000737,CUST02069,2026-09-06 00:11:00,669.06,Wallet,0.85,3,0,Success,None,0
TXN000738,CUST00991,2026-08-05 06:49:00,851.62,UPI,0.33,2,1,Failed,Authentication Failed,0
TXN000739,CUST01944,2026-05-06 08:05:00,113.75,Card,0.62,4,0,Failed,Bank Timeout,1
TXN000740,CUST02822,2026-01-10 23:51:00,1111.55,Net Banking,0.56,0,0,Failed,Authentication Failed,0
TXN000741,CUST00668,2026-11-09 01:33:00,2945.69,UPI,0.9,4,0,Failed,Bank Timeout,1
TXN000742,CUST02776,2026-08-26 05:39:00,848.89,Card,0.63,1,0,Success,None,0
TXN000743,CUST02103,2026-06-22 14:43:00,1875.04,Wallet,0.73,0,0,Success,None,0
TXN000744,CUST02652,2026-03-23 11:19:00,465.22,Card,0.4,1,0,Success,None,0
TXN000745,CUST02492,2026-06-04 07:16:00,546.9,Net Banking,0.75,2,0,Success,None,0
TXN000746,CUST01429,2026-03-21 10:44:00,2698.22,Wallet,0.8,3,0,Failed,Authentication Failed,0
TXN000747,CUST02774,2026-08-01 19:19:00,543.06,Net Banking,0.34,4,1,Failed,Insufficient Funds,0
TXN000748,CUST02096,2026-04-19 16:07:00,354.24,UPI,0.49,2,0,Success,None,0
TXN000749,CUST01974,2026-04-11 15:56:00,913.35,UPI,0.65,0,0,Success,None,0
TXN000750,CUST01135,2026-03-10 13:54:00,494.98,Net Banking,0.67,2,0,Success,None,0
TXN000751,CUST02119,2026-10-21 05:57:00,1079.87,Card,0.97,1,0,Success,None,0
TXN000752,CUST02706,2026-09-20 14:40:00,888.64,Wallet,0.77,2,0,Failed,Insufficient Funds,0
TXN000753,CUST01211,2026-05-28 07:26:00,1207.86,Wallet,0.98,2,1,Failed,Authentication Failed,1
TXN000754,CUST02389,2026-05-05 22:38:00,3782.18,UPI,0.84,4,0,Success,None,0
TXN000755,CUST02812,2026-11-27 01:20:00,826.14,Card,0.31,4,1,Failed,Network Error,0
TXN000756,CUST00697,2026-04-17 23:07:00,693.06,Net Banking,0.66,4,0,Success,None,0
TXN000757,CUST01929,2026-09-22 00:46:00,2418.58,UPI,0.98,1,0,Success,None,0
TXN000758,CUST02785,2026-03-22 22:04:00,371.98,Card,0.32,2,0,Success,None,0
TXN000759,CUST00915,2026-10-14 22:26:00,1874.65,Net Banking,0.62,2,1,Failed,Network Error,1
TXN000760,CUST01068,2026-06-18 20:24:00,1884.79,Net Banking,0.35,4,0,Failed,Insufficient Funds,1
TXN000761,CUST00220,2026-06-21 22:19:00,4176.32,Wallet,0.63,4,0,Failed,Bank Timeout,0
TXN000762,CUST02789,2026-05-31 09:47:00,1006.22,UPI,0.96,3,0,Success,None,0
TXN000763,CUST00618,2026-05-05 18:17:00,1115.11,UPI,0.97,1,0,Failed,Authentication Failed,1
TXN000764,CUST00587,2026-10-11 14:29:00,1318.91,Wallet,0.46,2,0,Failed,Insufficient Funds,1
TXN000765,CUST01363,2026-08-20 00:20:00,3057.38,Wallet,0.7,1,0,Failed,Insufficient Funds,0
TXN000766,CUST01852,2026-10-05 03:24:00,1713.26,UPI,0.75,2,0,Success,None,0
TXN000767,CUST02361,2026-10-13 21:16:00,430.09,Card,0.54,1,1,Success,None,0
TXN000768,CUST00531,2026-08-19 15:29:00,2162.13,UPI,0.5,4,1,Success,None,0
TXN000769,CUST01653,2026-05-20 13:28:00,1428.03,Wallet,0.34,3,1,Failed,Insufficient Funds,1
TXN000770,CUST02187,2026-12-12 21:49:00,1800.72,UPI,0.74,1,0,Success,None,0
TXN000771,CUST01320,2026-01-07 12:33:00,303.04,UPI,0.65,4,0,Success,None,0
TXN000772,CUST02567,2026-09-10 12:06:00,1271.3,UPI,0.35,1,0,Failed,Network Error,0
TXN000773,CUST00529,2026-07-03 06:13:00,6311.44,Net Banking,0.6,0,1,Failed,Expired Card,1
TXN000774,CUST00685,2026-04-19 13:43:00,240.91,Net Banking,0.61,0,0,Success,None,0
TXN000775,CUST01868,2026-06-07 21:25:00,777.91,Net Banking,0.97,4,0,Failed,Bank Timeout,0
TXN000776,CUST02008,2026-03-02 00:46:00,1756.09,Net Banking,1.0,2,0,Success,None,0
TXN000777,CUST00079,2026-09-22 18:05:00,1139.53,Wallet,0.48,1,0,Success,None,0
TXN000778,CUST00866,2026-02-14 20:12:00,1430.06,Card,0.72,0,0,Failed,Network Error,1
TXN000779,CUST01537,2026-08-05 05:47:00,1541.81,UPI,0.83,2,0,Failed,Insufficient Funds,1
TXN000780,CUST02678,2026-09-09 03:07:00,1113.56,UPI,0.8,0,0,Success,None,0
TXN000781,CUST01708,2026-02-14 23:59:00,3340.84,UPI,0.41,3,1,Success,None,0
TXN000782,CUST01944,2026-09-11 02:40:00,2808.0,Net Banking,0.84,1,0,Success,None,0
TXN000783,CUST01234,2026-08-30 04:51:00,1798.65,UPI,0.46,3,0,Success,None,0
TXN000784,CUST02551,2026-06-02 11:45:00,928.92,Net Banking,0.46,4,0,Failed,Insufficient Funds,0
TXN000785,CUST01158,2026-07-01 05:18:00,752.93,UPI,0.6,0,0,Failed,Bank Timeout,1
TXN000786,CUST01078,2026-05-11 07:34:00,1356.55,Card,0.76,4,0,Failed,Authentication Failed,1
TXN000787,CUST00657,2026-11-28 10:49:00,1988.93,Net Banking,1.0,0,1,Failed,Bank Timeout,1
TXN000788,CUST01355,2026-01-05 15:24:00,948.63,Wallet,0.56,1,0,Success,None,0
TXN000789,CUST00453,2026-02-24 07:14:00,1336.77,UPI,0.97,4,1,Success,None,0
TXN000790,CUST02096,2026-11-26 10:04:00,1236.85,UPI,0.55,0,0,Success,None,0
TXN000791,CUST02640,2026-04-18 18:40:00,1518.05,Net Banking,0.55,1,1,Success,None,0
TXN000792,CUST01902,2026-10-24 01:39:00,309.92,Net Banking,0.47,0,0,Failed,Bank Timeout,0
TXN000793,CUST01191,2026-06-05 02:24:00,1109.23,UPI,0.45,2,0,Failed,Insufficient Funds,1
TXN000794,CUST00188,2026-08-30 12:29:00,511.24,UPI,0.42,0,0,Success,None,0
TXN000795,CUST01347,2026-08-15 09:25:00,319.83,Card,0.71,2,1,Success,None,0
TXN000796,CUST00381,2026-03-08 13:56:00,5359.94,Net Banking,0.83,2,0,Failed,Insufficient Funds,1
TXN000797,CUST01640,2026-11-01 06:31:00,942.66,Wallet,0.85,3,0,Success,None,0
TXN000798,CUST02826,2026-08-25 05:42:00,2292.32,Wallet,0.65,3,1,Failed,Bank Timeout,1
TXN000799,CUST00543,2026-02-07 18:15:00,705.86,UPI,0.9,0,0,Success,None,0
TXN000800,CUST02420,2026-03-07 23:52:00,482.52,Wallet,0.35,3,1,Failed,Expired Card,0
TXN000801,CUST01469,2026-11-11 01:18:00,136.54,Wallet,0.87,4,0,Success,None,0
TXN000802,CUST01979,2026-11-20 03:54:00,1285.83,Card,0.53,3,0,Success,None,0
TXN000803,CUST01806,2026-04-06 06:00:00,1889.7,Wallet,0.41,0,0,Success,None,0
TXN000804,CUST00051,2026-09-01 21:11:00,2846.96,Net Banking,0.68,4,0,Failed,Network Error,1
TXN000805,CUST01773,2026-05-06 21:12:00,1904.91,UPI,0.34,1,1,Success,None,0
TXN000806,CUST00609,2026-01-05 05:45:00,141.64,Wallet,0.46,4,0,Failed,Bank Timeout,1
TXN000807,CUST02031,2026-10-01 14:05:00,1888.43,Wallet,0.82,1,0,Success,None,0
TXN000808,CUST01314,2026-04-12 06:34:00,437.45,Wallet,0.6,1,0,Success,None,0
TXN000809,CUST02077,2026-05-27 19:53:00,2850.61,UPI,0.87,1,1,Failed,Bank Timeout,1
TXN000810,CUST01881,2026-02-02 01:07:00,500.23,UPI,0.93,3,1,Success,None,0
TXN000811,CUST01832,2026-07-01 02:06:00,3525.53,Wallet,0.76,2,0,Failed,Insufficient Funds,1
TXN000812,CUST01653,2026-07-22 20:17:00,276.97,UPI,0.8,3,0,Failed,Expired Card,0
TXN000813,CUST00373,2026-11-21 01:54:00,1728.11,UPI,0.33,4,0,Failed,Expired Card,0
TXN000814,CUST02682,2026-05-13 06:56:00,1193.03,Card,0.51,3,0,Success,None,0
TXN000815,CUST00914,2026-07-23 22:40:00,806.6,UPI,0.66,3,0,Success,None,0
TXN000816,CUST02936,2026-02-11 12:21:00,1339.65,Wallet,0.56,2,1,Success,None,0
TXN000817,CUST02699,2026-05-05 06:49:00,1681.77,UPI,0.8,1,0,Success,None,0
TXN000818,CUST02596,2026-09-13 15:00:00,2230.82,Net Banking,0.94,2,0,Success,None,0
TXN000819,CUST00188,2026-02-21 03:15:00,1868.22,UPI,0.49,1,1,Success,None,0
TXN000820,CUST00439,2026-03-10 06:46:00,1536.51,Wallet,0.44,2,0,Failed,Insufficient Funds,1
TXN000821,CUST00884,2026-09-18 23:23:00,2556.94,Wallet,0.69,3,0,Success,None,0
TXN000822,CUST00442,2026-12-04 08:59:00,2321.68,Net Banking,0.65,3,0,Success,None,0
TXN000823,CUST01846,2026-07-01 14:49:00,1577.11,UPI,0.81,3,0,Success,None,0
TXN000824,CUST02173,2026-11-02 09:41:00,714.95,UPI,0.32,0,1,Success,None,0
TXN000825,CUST02083,2026-09-23 23:09:00,1045.0,Wallet,0.46,1,0,Success,None,0
TXN000826,CUST00425,2026-07-03 12:58:00,1577.88,Card,0.87,3,0,Success,None,0
TXN000827,CUST01715,2026-04-10 14:43:00,4700.29,Wallet,0.9,4,0,Failed,Authentication Failed,0
TXN000828,CUST01205,2026-02-20 07:26:00,1132.24,Net Banking,0.69,3,0,Success,None,0
TXN000829,CUST02468,2026-11-03 22:53:00,747.65,Wallet,0.5,4,0,Success,None,0
TXN000830,CUST02916,2026-03-15 03:23:00,549.92,Net Banking,0.77,4,0,Success,None,0
TXN000831,CUST02557,2026-12-02 09:29:00,1894.78,Card,0.7,2,0,Success,None,0
TXN000832,CUST02910,2026-09-16 15:09:00,367.69,Card,0.93,1,0,Failed,Insufficient Funds,1
TXN000833,CUST02304,2026-09-03 11:37:00,1159.56,Net Banking,0.5,3,1,Failed,Expired Card,0
TXN000834,CUST01731,2026-01-10 04:49:00,657.33,Net Banking,0.73,0,0,Success,None,0
TXN000835,CUST00596,2026-03-14 18:46:00,662.88,Wallet,0.35,0,0,Success,None,0
TXN000836,CUST00660,2026-02-23 07:30:00,3740.53,Net Banking,0.5,2,0,Success,None,0
TXN000837,CUST02829,2026-10-02 09:00:00,448.89,UPI,0.34,2,0,Failed,Expired Card,0
TXN000838,CUST01470,2026-08-13 07:38:00,2947.31,UPI,0.75,3,0,Success,None,0
TXN000839,CUST02651,2026-03-28 12:08:00,424.8,Card,0.59,4,1,Success,None,0
TXN000840,CUST02839,2026-05-22 02:30:00,1663.66,Net Banking,0.37,0,1,Failed,Authentication Failed,1
TXN000841,CUST02262,2026-09-28 18:17:00,1443.79,Net Banking,0.35,0,0,Success,None,0
TXN000842,CUST00832,2026-10-30 04:30:00,1054.77,Net Banking,0.43,4,1,Success,None,0
TXN000843,CUST02596,2026-10-10 14:04:00,912.04,Card,0.82,2,0,Success,None,0
TXN000844,CUST01205,2026-09-06 13:09:00,523.54,Card,0.6,3,0,Success,None,0
TXN000845,CUST00766,2026-05-18 08:00:00,331.22,UPI,0.44,1,0,Success,None,0
TXN000846,CUST01756,2026-02-17 08:32:00,651.96,UPI,0.49,2,0,Failed,Bank Timeout,1
TXN000847,CUST00024,2026-09-16 09:21:00,1176.22,Net Banking,0.35,2,1,Failed,Bank Timeout,0
TXN000848,CUST00630,2026-10-09 16:21:00,1505.3,UPI,0.51,2,0,Failed,Expired Card,0
TXN000849,CUST02010,2026-01-27 12:50:00,3636.82,Net Banking,0.49,4,0,Failed,Network Error,0
TXN000850,CUST00754,2026-10-14 06:25:00,2975.61,Card,0.48,4,0,Success,None,0
TXN000851,CUST01704,2026-02-03 11:25:00,2111.22,Card,0.52,4,1,Failed,Network Error,1
TXN000852,CUST00874,2026-05-12 08:41:00,3753.13,Card,0.91,2,0,Success,None,0
TXN000853,CUST00895,2026-07-24 09:01:00,923.41,Net Banking,0.71,4,1,Success,None,0
TXN000854,CUST00470,2026-03-29 12:11:00,1368.45,UPI,0.78,2,1,Failed,Expired Card,1
TXN000855,CUST00164,2026-11-30 11:32:00,322.18,Card,0.62,2,1,Success,None,0
TXN000856,CUST01581,2026-01-09 23:52:00,1654.75,UPI,0.58,2,0,Success,None,0
TXN000857,CUST02107,2026-06-27 05:45:00,1722.76,Net Banking,0.98,4,1,Failed,Insufficient Funds,1
TXN000858,CUST02669,2026-07-07 02:28:00,485.06,Net Banking,0.6,1,0,Failed,Insufficient Funds,0
TXN000859,CUST00686,2026-08-17 06:13:00,987.15,UPI,0.48,4,0,Failed,Insufficient Funds,0
TXN000860,CUST02746,2026-11-01 06:09:00,2123.54,Card,0.31,1,1,Success,None,0
TXN000861,CUST00843,2026-08-24 09:44:00,3845.24,UPI,0.47,4,1,Success,None,0
TXN000862,CUST02811,2026-06-17 04:46:00,3078.8,UPI,0.36,1,0,Failed,Network Error,0
TXN000863,CUST00359,2026-03-06 19:19:00,585.81,UPI,0.49,0,0,Failed,Network Error,1
TXN000864,CUST02356,2026-05-29 09:56:00,631.16,UPI,0.62,1,0,Success,None,0
TXN000865,CUST01848,2026-04-26 04:46:00,3991.74,Wallet,0.36,3,1,Success,None,0
TXN000866,CUST01596,2026-08-22 12:50:00,2434.93,UPI,0.89,0,0,Success,None,0
TXN000867,CUST02399,2026-05-11 05:37:00,357.69,UPI,0.73,0,0,Success,None,0
TXN000868,CUST01188,2026-04-13 11:56:00,1293.9,UPI,0.82,2,0,Success,None,0
TXN000869,CUST01563,2026-06-22 13:46:00,945.74,Wallet,0.94,3,0,Success,None,0
TXN000870,CUST02186,2026-09-29 21:14:00,668.04,Card,0.68,1,0,Success,None,0
TXN000871,CUST02236,2026-04-19 12:27:00,2097.03,Wallet,0.77,2,0,Success,None,0
TXN000872,CUST00046,2026-02-14 20:50:00,883.85,Net Banking,0.62,4,0,Success,None,0
TXN000873,CUST00021,2026-07-15 13:42:00,2131.47,UPI,0.6,4,1,Success,None,0
TXN000874,CUST01249,2026-03-19 02:11:00,485.97,UPI,0.75,1,0,Success,None,0
TXN000875,CUST02646,2026-02-28 14:26:00,747.52,Wallet,0.32,4,0,Failed,Bank Timeout,1
TXN000876,CUST02527,2026-02-11 17:35:00,265.39,Card,0.34,2,0,Success,None,0
TXN000877,CUST02749,2026-11-06 23:32:00,739.15,Card,0.76,4,0,Failed,Expired Card,0
TXN000878,CUST02641,2026-04-16 19:45:00,3480.41,Wallet,0.41,4,0,Failed,Insufficient Funds,1
TXN000879,CUST00403,2026-12-13 10:40:00,2063.79,Net Banking,0.87,1,1,Success,None,0
TXN000880,CUST01463,2026-02-06 10:12:00,1439.49,Net Banking,0.38,1,0,Failed,Network Error,1
TXN000881,CUST00793,2026-06-14 01:48:00,1187.59,UPI,0.67,2,1,Failed,Network Error,1
TXN000882,CUST02841,2026-07-25 21:52:00,290.67,Net Banking,0.88,4,0,Success,None,0
TXN000883,CUST01296,2026-01-02 18:13:00,1701.23,Net Banking,0.97,3,0,Failed,Network Error,1
TXN000884,CUST00908,2026-11-02 20:59:00,894.29,Card,0.65,3,0,Success,None,0
TXN000885,CUST00551,2026-06-18 12:25:00,2570.62,Net Banking,0.65,2,1,Failed,Authentication Failed,0
TXN000886,CUST01252,2026-03-05 23:54:00,197.91,Net Banking,0.77,3,0,Success,None,0
TXN000887,CUST01150,2026-04-06 20:10:00,1534.68,UPI,0.61,1,0,Success,None,0
TXN000888,CUST02980,2026-11-06 07:48:00,1781.98,UPI,0.41,0,0,Success,None,0
TXN000889,CUST02384,2026-10-08 01:22:00,1710.28,UPI,0.46,4,1,Failed,Expired Card,0
TXN000890,CUST00151,2026-07-17 20:54:00,525.87,Card,0.3,4,0,Success,None,0
TXN000891,CUST02679,2026-05-23 21:42:00,1199.53,Wallet,0.41,1,0,Failed,Bank Timeout,1
TXN000892,CUST00549,2026-05-25 11:09:00,4428.04,Net Banking,0.42,3,0,Success,None,0
TXN000893,CUST02057,2026-11-05 17:46:00,621.62,Net Banking,0.37,0,0,Failed,Expired Card,0
TXN000894,CUST02106,2026-02-27 23:18:00,400.69,Card,0.73,1,1,Failed,Bank Timeout,1
TXN000895,CUST02999,2026-01-15 17:11:00,364.27,Card,0.45,3,0,Success,None,0
TXN000896,CUST01998,2026-04-07 05:59:00,697.97,Card,0.73,1,0,Success,None,0
TXN000897,CUST00959,2026-07-08 13:21:00,308.34,Net Banking,0.68,0,0,Success,None,0
TXN000898,CUST01590,2026-11-17 23:07:00,243.73,Net Banking,0.79,3,1,Failed,Insufficient Funds,1
TXN000899,CUST02657,2026-09-14 05:20:00,2470.52,UPI,0.74,2,0,Success,None,0
TXN000900,CUST01079,2026-05-18 03:18:00,904.17,Net Banking,0.38,4,0,Success,None,0
TXN000901,CUST01497,2026-07-08 02:40:00,838.33,Wallet,0.4,4,0,Success,None,0
TXN000902,CUST01542,2026-05-09 11:40:00,583.15,Net Banking,0.44,1,1,Success,None,0
TXN000903,CUST01995,2026-07-02 17:07:00,986.66,Net Banking,0.66,3,0,Success,None,0
TXN000904,CUST01802,2026-01-29 01:36:00,1263.2,Card,0.31,1,0,Success,None,0
TXN000905,CUST00867,2026-02-27 07:00:00,1057.26,Net Banking,0.69,1,0,Success,None,0
TXN000906,CUST02466,2026-05-31 22:56:00,594.67,Net Banking,0.78,0,0,Success,None,0
TXN000907,CUST02951,2026-09-03 20:14:00,2967.87,Net Banking,0.87,0,1,Success,None,0
TXN000908,CUST01963,2026-08-24 15:50:00,1218.79,Wallet,0.64,1,0,Success,None,0
TXN000909,CUST00092,2026-02-16 13:28:00,905.85,Wallet,0.43,1,0,Success,None,0
TXN000910,CUST00552,2026-11-21 07:54:00,3443.09,Card,0.92,4,0,Success,None,0
TXN000911,CUST00230,2026-12-02 20:27:00,946.08,Card,0.86,1,0,Success,None,0
TXN000912,CUST02117,2026-11-16 20:31:00,627.31,Card,0.44,3,0,Failed,Network Error,0
TXN000913,CUST00888,2026-11-12 18:36:00,2161.9,UPI,0.98,3,1,Failed,Authentication Failed,0
TXN000914,CUST00899,2026-10-17 07:27:00,181.72,Card,0.35,3,0,Failed,Expired Card,0
TXN000915,CUST02553,2026-03-03 01:34:00,244.39,Card,0.45,4,0,Failed,Network Error,1
TXN000916,CUST02444,2026-03-25 16:08:00,1800.41,Wallet,0.35,4,0,Failed,Authentication Failed,0
TXN000917,CUST00542,2026-03-15 16:08:00,2247.68,Wallet,0.8,0,0,Failed,Expired Card,1
TXN000918,CUST00613,2026-03-06 14:20:00,3040.87,Wallet,0.76,4,0,Success,None,0
TXN000919,CUST02519,2026-11-16 13:55:00,1359.44,Wallet,0.35,4,0,Success,None,0
TXN000920,CUST00382,2026-11-25 09:39:00,3679.04,UPI,0.71,3,0,Success,None,0
TXN000921,CUST02780,2026-05-15 20:24:00,2000.0,UPI,0.66,3,1,Failed,Insufficient Funds,0
TXN000922,CUST00940,2026-05-08 14:52:00,1806.7,Wallet,0.73,3,1,Success,None,0
TXN000923,CUST01743,2026-06-23 17:19:00,769.36,UPI,0.92,1,0,Success,None,0
TXN000924,CUST00344,2026-04-04 20:44:00,747.25,Card,0.94,2,1,Success,None,0
TXN000925,CUST00023,2026-07-09 05:44:00,4272.55,Card,0.92,0,0,Success,None,0
TXN000926,CUST01537,2026-05-29 20:32:00,2584.36,UPI,0.74,1,0,Failed,Network Error,1
TXN000927,CUST00634,2026-04-06 03:17:00,497.57,UPI,0.44,3,0,Failed,Expired Card,0
TXN000928,CUST02313,2026-09-05 19:13:00,2313.66,Wallet,0.45,2,0,Failed,Authentication Failed,0
TXN000929,CUST01693,2026-03-07 01:40:00,365.8,Card,0.35,4,1,Success,None,0
TXN000930,CUST02291,2026-04-03 09:32:00,1124.21,Net Banking,0.57,4,1,Success,None,0
TXN000931,CUST02367,2026-09-25 21:21:00,2661.57,Net Banking,0.49,2,1,Success,None,0
TXN000932,CUST02701,2026-06-12 14:24:00,1767.69,Card,0.48,0,0,Success,None,0
TXN000933,CUST00411,2026-10-14 04:52:00,351.57,Card,0.49,1,1,Failed,Network Error,1
TXN000934,CUST00659,2026-10-20 20:41:00,2654.6,UPI,0.45,3,0,Success,None,0
TXN000935,CUST00596,2026-02-02 02:11:00,2161.46,UPI,0.87,3,1,Success,None,0
TXN000936,CUST01078,2026-01-30 03:23:00,409.11,UPI,0.83,1,0,Success,None,0
TXN000937,CUST02968,2026-08-12 12:54:00,1350.67,UPI,0.56,3,1,Success,None,0
TXN000938,CUST02915,2026-12-11 07:47:00,712.6,Net Banking,0.32,4,0,Failed,Bank Timeout,1
TXN000939,CUST01799,2026-11-06 16:22:00,840.41,Wallet,0.69,0,0,Failed,Expired Card,0
TXN000940,CUST00798,2026-08-12 23:36:00,1624.95,Net Banking,0.53,0,0,Success,None,0
TXN000941,CUST02761,2026-03-29 02:39:00,842.56,Card,0.93,0,0,Success,None,0
TXN000942,CUST00645,2026-10-11 20:53:00,1969.42,UPI,0.88,0,0,Success,None,0
TXN000943,CUST01447,2026-08-02 09:14:00,1596.25,Wallet,0.35,3,1,Failed,Bank Timeout,0
TXN000944,CUST02883,2026-07-20 02:24:00,321.03,UPI,0.53,0,0,Success,None,0
TXN000945,CUST02975,2026-05-07 12:17:00,1472.74,Net Banking,1.0,4,0,Failed,Network Error,1
TXN000946,CUST02484,2026-12-05 11:57:00,1411.74,Card,0.59,1,1,Failed,Authentication Failed,1
TXN000947,CUST01070,2026-07-04 07:34:00,2898.18,UPI,0.7,1,1,Success,None,0
TXN000948,CUST02289,2026-05-04 18:40:00,679.9,UPI,0.76,0,0,Success,None,0
TXN000949,CUST02103,2026-09-10 17:56:00,3190.47,UPI,0.33,2,0,Success,None,0
TXN000950,CUST01545,2026-10-08 08:04:00,1814.93,Wallet,0.73,4,1,Success,None,0
TXN000951,CUST01392,2026-11-23 09:56:00,2376.56,Card,0.71,3,1,Success,None,0
TXN000952,CUST01975,2026-01-25 14:17:00,1428.61,UPI,0.99,0,0,Success,None,0
TXN000953,CUST02596,2026-10-19 07:55:00,4514.35,Wallet,0.57,1,0,Success,None,0
TXN000954,CUST01690,2026-09-13 03:50:00,739.73,Net Banking,0.72,2,0,Success,None,0
TXN000955,CUST01017,2026-05-26 05:54:00,929.66,Net Banking,0.67,2,0,Failed,Network Error,0
TXN000956,CUST02272,2026-04-25 06:39:00,1717.09,UPI,0.99,1,1,Success,None,0
TXN000957,CUST00896,2026-03-08 13:11:00,1808.78,Net Banking,0.72,4,0,Failed,Bank Timeout,1
TXN000958,CUST00818,2026-11-14 18:08:00,2226.5,Wallet,0.77,1,0,Success,None,0
TXN000959,CUST00847,2026-10-31 23:49:00,1714.08,Net Banking,0.42,1,0,Success,None,0
TXN000960,CUST02534,2026-10-11 14:28:00,964.59,Card,0.78,2,0,Success,None,0
TXN000961,CUST00492,2026-08-12 11:42:00,384.0,UPI,0.41,0,1,Success,None,0
TXN000962,CUST02218,2026-05-16 03:33:00,2195.37,UPI,0.72,0,1,Failed,Expired Card,0
TXN000963,CUST02017,2026-06-28 16:43:00,5375.73,Net Banking,0.89,4,0,Failed,Bank Timeout,1
TXN000964,CUST01630,2026-01-20 17:09:00,717.11,Net Banking,0.85,1,0,Success,None,0
TXN000965,CUST01960,2026-07-02 22:41:00,2158.6,Wallet,0.86,4,0,Success,None,0
TXN000966,CUST01613,2026-02-13 19:47:00,1635.68,Net Banking,0.68,1,1,Success,None,0
TXN000967,CUST01293,2026-09-03 10:24:00,453.71,Wallet,0.7,0,0,Success,None,0
TXN000968,CUST01555,2026-04-29 11:42:00,854.03,Card,0.94,4,0,Success,None,0
TXN000969,CUST02510,2026-07-19 17:25:00,272.8,Net Banking,0.34,2,0,Failed,Network Error,1
TXN000970,CUST01104,2026-05-14 05:29:00,2671.31,Card,0.36,3,0,Success,None,0
TXN000971,CUST02043,2026-06-02 14:05:00,443.86,Card,0.9,3,0,Success,None,0
TXN000972,CUST01496,2026-06-14 02:31:00,1804.73,Net Banking,0.44,3,0,Success,None,0
TXN000973,CUST02341,2026-10-24 10:30:00,2244.6,Card,1.0,1,0,Failed,Insufficient Funds,0
TXN000974,CUST00966,2026-11-08 18:32:00,661.65,Net Banking,0.74,4,1,Success,None,0
TXN000975,CUST00804,2026-06-22 05:01:00,2846.93,Wallet,0.34,1,0,Success,None,0
TXN000976,CUST00724,2026-02-18 23:01:00,996.16,UPI,0.35,3,1,Success,None,0
TXN000977,CUST01994,2026-07-24 16:02:00,1442.96,Net Banking,0.96,2,0,Failed,Expired Card,0
TXN000978,CUST01632,2026-01-22 20:36:00,1403.55,UPI,0.35,0,0,Failed,Bank Timeout,1
TXN000979,CUST01952,2026-09-29 02:21:00,274.81,Net Banking,0.37,0,1,Failed,Network Error,1
TXN000980,CUST01479,2026-05-06 07:08:00,911.66,Net Banking,0.98,2,0,Success,None,0
TXN000981,CUST01687,2026-11-12 19:10:00,1043.76,UPI,0.49,0,0,Success,None,0
TXN000982,CUST02363,2026-10-12 02:26:00,1609.3,Card,0.53,4,0,Failed,Network Error,1
TXN000983,CUST01332,2026-10-10 01:49:00,808.18,Net Banking,0.55,4,1,Success,None,0
TXN000984,CUST00322,2026-06-18 20:19:00,689.44,Wallet,0.34,3,0,Failed,Bank Timeout,0
TXN000985,CUST02624,2026-08-18 20:09:00,788.08,Card,0.91,2,1,Failed,Expired Card,1
TXN000986,CUST00293,2026-05-06 02:38:00,522.51,Wallet,0.64,0,0,Success,None,0
TXN000987,CUST01285,2026-09-16 15:51:00,3234.48,Card,0.4,2,0,Success,None,0
TXN000988,CUST02480,2026-11-20 04:46:00,1374.37,Net Banking,0.65,3,0,Failed,Authentication Failed,0
TXN000989,CUST02405,2026-05-31 17:29:00,1016.0,Net Banking,0.36,4,1,Failed,Bank Timeout,1
TXN000990,CUST00095,2026-08-30 00:50:00,264.81,Card,0.88,1,0,Failed,Network Error,1
TXN000991,CUST00863,2026-02-07 12:06:00,4407.58,UPI,0.7,1,1,Success,None,0
TXN000992,CUST00262,2026-01-10 14:22:00,848.11,UPI,0.84,3,0,Success,None,0
TXN000993,CUST02147,2026-04-06 13:20:00,1502.73,Wallet,0.89,0,0,Success,None,0
TXN000994,CUST00346,2026-03-25 12:08:00,234.6,Card,0.92,3,0,Success,None,0
TXN000995,CUST01164,2026-02-17 19:07:00,1054.56,Card,0.82,3,0,Success,None,0
TXN000996,CUST00118,2026-11-10 06:01:00,356.33,Card,0.64,0,0,Success,None,0
TXN000997,CUST01951,2026-07-19 17:15:00,2347.62,Net Banking,0.58,3,0,Failed,Authentication Failed,0
TXN000998,CUST02858,2026-08-04 02:45:00,817.94,Card,0.83,4,0,Failed,Expired Card,0
TXN000999,CUST02585,2026-07-10 14:03:00,5030.67,Wallet,0.64,4,1,Success,None,0
TXN001000,CUST01423,2026-10-20 23:38:00,4026.96,Net Banking,0.46,3,0,Success,None,0
TXN001001,CUST01810,2026-05-31 01:53:00,3574.38,UPI,0.4,2,0,Success,None,0
TXN001002,CUST00638,2026-01-01 00:48:00,430.86,Net Banking,0.43,2,0,Failed,Expired Card,0
TXN001003,CUST01409,2026-07-14 19:45:00,1561.79,Card,0.5,2,1,Success,None,0
TXN001004,CUST02818,2026-04-20 02:02:00,777.2,UPI,0.98,3,1,Success,None,0
TXN001005,CUST01764,2026-10-18 02:15:00,828.81,UPI,0.86,2,0,Success,None,0
TXN001006,CUST02246,2026-05-30 21:48:00,494.31,UPI,0.36,2,0,Success,None,0
TXN001007,CUST01617,2026-09-18 07:13:00,1512.09,Wallet,0.42,1,0,Success,None,0
TXN001008,CUST01550,2026-01-29 20:08:00,1595.04,Wallet,0.45,1,0,Failed,Authentication Failed,0
TXN001009,CUST02117,2026-04-14 15:32:00,560.67,Card,0.3,4,0,Success,None,0
TXN001010,CUST01692,2026-03-08 09:53:00,539.51,Net Banking,0.85,1,0,Success,None,0
TXN001011,CUST01187,2026-08-13 21:48:00,658.62,Card,0.62,0,1,Success,None,0
TXN001012,CUST01115,2026-03-10 08:55:00,1582.42,Wallet,0.37,4,1,Failed,Network Error,0
TXN001013,CUST00624,2026-03-09 16:44:00,648.75,UPI,0.94,0,0,Success,None,0
TXN001014,CUST01156,2026-09-18 09:28:00,610.14,UPI,0.63,2,0,Success,None,0
TXN001015,CUST02979,2026-02-02 20:09:00,1058.07,Wallet,0.6,0,0,Success,None,0
TXN001016,CUST00061,2026-05-05 11:40:00,415.24,Card,1.0,3,0,Success,None,0
TXN001017,CUST01277,2026-06-18 19:44:00,2799.87,Wallet,0.42,3,0,Failed,Insufficient Funds,1
TXN001018,CUST00329,2026-04-08 00:44:00,818.71,Net Banking,0.54,1,0,Success,None,0
TXN001019,CUST00293,2026-03-08 02:52:00,2027.51,Wallet,0.66,4,1,Success,None,0
TXN001020,CUST01025,2026-02-14 09:42:00,1302.86,Card,0.34,3,0,Failed,Bank Timeout,1
TXN001021,CUST01815,2026-03-14 12:27:00,2863.24,Wallet,0.41,1,0,Failed,Authentication Failed,1
TXN001022,CUST02135,2026-05-22 16:12:00,920.65,UPI,0.47,1,1,Failed,Network Error,1
TXN001023,CUST00650,2026-04-03 05:28:00,1338.55,Net Banking,0.5,0,0,Failed,Authentication Failed,1
TXN001024,CUST00814,2026-11-11 10:45:00,536.57,Net Banking,0.86,2,0,Success,None,0
TXN001025,CUST00463,2026-04-29 03:38:00,714.61,Card,0.84,1,1,Failed,Insufficient Funds,0
TXN001026,CUST01131,2026-05-25 02:37:00,1460.83,Card,0.7,4,0,Success,None,0
TXN001027,CUST00037,2026-09-08 15:23:00,657.21,Card,0.31,0,1,Success,None,0
TXN001028,CUST01522,2026-02-27 09:59:00,960.09,Card,0.67,0,0,Success,None,0
TXN001029,CUST00375,2026-12-05 21:52:00,625.04,Wallet,0.32,4,0,Success,None,0
TXN001030,CUST00245,2026-09-13 08:17:00,418.32,UPI,0.77,2,0,Success,None,0
TXN001031,CUST00516,2026-04-26 07:42:00,1912.21,UPI,0.77,3,0,Failed,Expired Card,0
TXN001032,CUST01797,2026-09-08 22:45:00,340.43,Net Banking,0.96,1,0,Success,None,0
TXN001033,CUST01468,2026-11-24 04:38:00,538.4,Wallet,0.5,1,0,Success,None,0
TXN001034,CUST01988,2026-07-17 14:28:00,2354.87,UPI,0.31,3,0,Success,None,0
TXN001035,CUST00778,2026-07-17 22:13:00,2210.2,Wallet,0.99,4,0,Failed,Network Error,1
TXN001036,CUST03000,2026-11-12 21:44:00,3562.21,Net Banking,0.36,3,0,Failed,Expired Card,0
TXN001037,CUST00283,2026-06-13 14:46:00,2433.92,Card,0.95,4,0,Failed,Network Error,1
TXN001038,CUST02219,2026-01-01 06:17:00,755.06,Net Banking,0.95,2,1,Failed,Expired Card,1
TXN001039,CUST00760,2026-10-10 12:56:00,1421.18,Wallet,0.41,0,0,Success,None,0
TXN001040,CUST01314,2026-03-11 03:06:00,437.84,Card,0.61,0,1,Success,None,0
TXN001041,CUST02259,2026-04-28 10:55:00,944.34,Wallet,0.76,1,0,Success,None,0
TXN001042,CUST02626,2026-02-05 01:06:00,297.56,Wallet,0.83,2,0,Success,None,0
TXN001043,CUST00180,2026-11-15 00:41:00,513.3,UPI,0.58,1,0,Success,None,0
TXN001044,CUST00828,2026-03-11 18:22:00,4437.7,UPI,0.93,0,1,Success,None,0
TXN001045,CUST00131,2026-08-28 13:00:00,2720.3,UPI,0.49,4,1,Failed,Authentication Failed,1
TXN001046,CUST00202,2026-08-09 14:54:00,452.58,Net Banking,0.54,2,0,Success,None,0
TXN001047,CUST00054,2026-12-05 00:30:00,1317.45,UPI,0.5,1,1,Success,None,0
TXN001048,CUST01918,2026-07-23 04:03:00,4316.22,UPI,0.51,0,0,Success,None,0
TXN001049,CUST01512,2026-07-12 14:39:00,416.87,Wallet,0.38,0,0,Success,None,0
TXN001050,CUST00289,2026-12-10 22:04:00,906.26,UPI,0.93,2,0,Success,None,0
TXN001051,CUST02128,2026-09-22 00:38:00,2168.4,Card,0.95,0,0,Success,None,0
TXN001052,CUST02178,2026-03-12 07:30:00,2984.43,Card,0.7,3,0,Success,None,0
TXN001053,CUST02335,2026-09-29 15:35:00,922.06,Card,0.53,1,1,Failed,Insufficient Funds,0
TXN001054,CUST02763,2026-11-18 10:14:00,2180.81,Net Banking,0.86,3,1,Failed,Insufficient Funds,0
TXN001055,CUST00739,2026-07-03 18:04:00,481.8,Card,0.99,4,1,Failed,Network Error,1
TXN001056,CUST02187,2026-12-06 21:13:00,1014.66,Card,0.72,4,1,Success,None,0
TXN001057,CUST01291,2026-11-04 14:26:00,1161.69,Net Banking,0.67,4,0,Failed,Network Error,1
TXN001058,CUST02594,2026-08-10 12:23:00,925.41,Wallet,0.7,3,0,Failed,Bank Timeout,0
TXN001059,CUST01537,2026-05-12 01:48:00,238.35,Card,0.34,4,0,Failed,Authentication Failed,0
TXN001060,CUST01627,2026-04-14 13:50:00,550.98,Wallet,0.62,0,0,Success,None,0
TXN001061,CUST02121,2026-01-03 09:23:00,353.14,UPI,0.7,1,0,Success,None,0
TXN001062,CUST00909,2026-01-08 21:37:00,1849.29,Net Banking,0.88,1,0,Success,None,0
TXN001063,CUST02268,2026-02-04 07:53:00,194.13,Net Banking,0.55,4,0,Success,None,0
TXN001064,CUST01886,2026-02-20 09:25:00,843.13,UPI,0.53,2,0,Failed,Network Error,1
TXN001065,CUST02385,2026-04-04 07:05:00,325.23,Net Banking,0.89,1,0,Success,None,0
TXN001066,CUST00377,2026-07-27 04:33:00,113.78,Net Banking,0.57,4,1,Success,None,0
TXN001067,CUST00317,2026-03-04 22:50:00,789.07,Card,0.62,2,1,Failed,Authentication Failed,0
TXN001068,CUST02439,2026-09-24 01:44:00,2760.37,UPI,0.38,2,0,Success,None,0
TXN001069,CUST00322,2026-05-07 16:15:00,1434.91,Wallet,0.32,0,0,Success,None,0
TXN001070,CUST01707,2026-09-30 05:18:00,5248.72,Wallet,0.59,0,0,Failed,Expired Card,0
TXN001071,CUST02597,2026-04-21 23:14:00,1149.62,UPI,0.8,3,0,Failed,Expired Card,0
TXN001072,CUST01308,2026-04-29 23:53:00,1567.91,UPI,0.38,4,0,Success,None,0
TXN001073,CUST00628,2026-06-12 05:51:00,1266.31,Card,0.35,0,1,Failed,Expired Card,0
TXN001074,CUST00910,2026-10-14 07:23:00,1619.59,UPI,0.58,3,0,Success,None,0
TXN001075,CUST00607,2026-01-31 01:17:00,1541.32,Wallet,0.56,1,0,Success,None,0
TXN001076,CUST02341,2026-04-06 14:15:00,2857.77,Wallet,0.37,0,1,Failed,Insufficient Funds,1
TXN001077,CUST02056,2026-10-05 10:44:00,2767.99,Wallet,0.35,3,0,Failed,Bank Timeout,1
TXN001078,CUST02291,2026-05-24 22:20:00,3069.52,Wallet,0.41,1,1,Success,None,0
TXN001079,CUST02299,2026-03-30 05:22:00,1017.69,Card,0.42,4,0,Success,None,0
TXN001080,CUST01091,2026-09-07 07:19:00,718.05,UPI,0.69,3,0,Failed,Expired Card,0
TXN001081,CUST00461,2026-05-13 23:45:00,1455.11,UPI,0.95,3,1,Success,None,0
TXN001082,CUST00781,2026-08-05 05:22:00,893.6,Net Banking,0.74,2,0,Success,None,0
TXN001083,CUST01249,2026-08-13 08:37:00,3538.87,UPI,0.67,1,0,Success,None,0
TXN001084,CUST02553,2026-01-17 08:08:00,699.75,Wallet,0.6,1,1,Success,None,0
TXN001085,CUST00818,2026-10-03 21:10:00,863.61,Card,0.88,2,0,Success,None,0
TXN001086,CUST00461,2026-12-12 11:58:00,1365.43,UPI,0.89,0,0,Success,None,0
TXN001087,CUST01179,2026-09-10 14:28:00,1970.0,Card,0.48,0,0,Success,None,0
TXN001088,CUST01250,2026-01-09 06:46:00,924.53,UPI,0.64,3,1,Success,None,0
TXN001089,CUST00857,2026-03-16 04:50:00,1878.74,Net Banking,0.53,4,0,Failed,Expired Card,0
TXN001090,CUST02248,2026-09-11 01:37:00,267.29,Net Banking,0.3,3,0,Success,None,0
TXN001091,CUST01543,2026-04-04 00:12:00,1016.82,UPI,0.81,4,0,Success,None,0
TXN001092,CUST00247,2026-10-15 08:02:00,1534.08,Card,0.77,2,0,Success,None,0
TXN001093,CUST00218,2026-01-25 05:56:00,988.7,Net Banking,0.85,3,0,Failed,Authentication Failed,0
TXN001094,CUST02716,2026-01-07 22:42:00,1743.91,Net Banking,0.32,2,0,Success,None,0
TXN001095,CUST02660,2026-05-19 14:37:00,3059.15,Net Banking,0.38,3,0,Success,None,0
TXN001096,CUST01293,2026-03-09 20:56:00,2618.07,UPI,0.43,3,0,Success,None,0
TXN001097,CUST02051,2026-01-15 11:21:00,618.92,Card,0.68,3,0,Success,None,0
TXN001098,CUST02169,2026-06-28 09:05:00,481.61,Card,0.41,2,0,Failed,Authentication Failed,1
TXN001099,CUST00076,2026-05-10 09:20:00,1496.95,Card,0.36,2,0,Failed,Network Error,1
TXN001100,CUST02054,2026-08-16 20:15:00,1341.01,Card,0.31,2,0,Success,None,0
TXN001101,CUST01586,2026-03-24 03:10:00,443.13,Net Banking,0.46,0,0,Failed,Bank Timeout,1
TXN001102,CUST01610,2026-09-23 17:52:00,1444.45,Net Banking,0.98,1,0,Failed,Authentication Failed,1
TXN001103,CUST01710,2026-06-05 06:30:00,681.9,Card,0.33,1,0,Success,None,0
TXN001104,CUST02480,2026-07-17 10:06:00,1007.29,Net Banking,0.58,2,1,Failed,Bank Timeout,1
TXN001105,CUST02673,2026-11-11 01:24:00,1021.08,Card,0.71,1,0,Success,None,0
TXN001106,CUST01266,2026-06-06 13:57:00,1064.16,Card,0.98,4,0,Success,None,0
TXN001107,CUST02688,2026-04-26 14:19:00,2347.81,Card,0.49,4,0,Success,None,0
TXN001108,CUST02283,2026-03-09 00:59:00,484.48,UPI,0.56,4,0,Success,None,0
TXN001109,CUST00597,2026-11-17 10:42:00,1013.05,Net Banking,0.88,0,0,Success,None,0
TXN001110,CUST01685,2026-09-29 11:14:00,677.05,Wallet,0.46,2,1,Failed,Network Error,0
TXN001111,CUST00770,2026-03-09 06:20:00,224.0,Card,0.91,0,0,Failed,Insufficient Funds,1
TXN001112,CUST02481,2026-08-06 03:04:00,673.16,Net Banking,0.83,4,0,Failed,Bank Timeout,1
TXN001113,CUST02816,2026-01-29 22:28:00,233.75,Card,0.58,0,0,Success,None,0
TXN001114,CUST00550,2026-09-17 05:43:00,638.82,Wallet,0.41,4,1,Success,None,0
TXN001115,CUST00754,2026-06-22 12:32:00,1784.25,Net Banking,0.41,3,1,Failed,Bank Timeout,1
TXN001116,CUST00792,2026-05-29 18:18:00,1941.96,Card,0.55,1,0,Success,None,0
TXN001117,CUST01106,2026-09-28 06:53:00,802.76,UPI,0.32,3,0,Failed,Bank Timeout,0
TXN001118,CUST00271,2026-11-12 17:05:00,1244.44,Card,0.44,1,1,Success,None,0
TXN001119,CUST02818,2026-11-20 03:51:00,1666.89,Wallet,0.93,2,1,Failed,Bank Timeout,1
TXN001120,CUST01659,2026-09-20 05:12:00,845.16,Wallet,0.59,0,1,Failed,Network Error,1
TXN001121,CUST02505,2026-07-09 13:30:00,1657.75,Wallet,0.88,4,0,Success,None,0
TXN001122,CUST01850,2026-11-16 14:09:00,2388.44,UPI,0.41,3,0,Success,None,0
TXN001123,CUST02125,2026-09-25 16:00:00,3364.87,Card,0.49,4,1,Failed,Insufficient Funds,0
TXN001124,CUST02115,2026-04-17 00:21:00,439.95,Wallet,0.41,0,0,Success,None,0
TXN001125,CUST01631,2026-06-17 23:18:00,2240.3,Wallet,0.91,2,0,Failed,Bank Timeout,1
TXN001126,CUST01206,2026-09-09 04:54:00,4739.54,Wallet,0.73,4,0,Success,None,0
TXN001127,CUST01899,2026-09-21 02:35:00,252.43,Card,0.69,3,0,Success,None,0
TXN001128,CUST00737,2026-05-24 02:40:00,585.47,UPI,0.44,4,0,Success,None,0
TXN001129,CUST01325,2026-03-07 03:03:00,2304.08,Wallet,0.69,3,0,Success,None,0
TXN001130,CUST02418,2026-02-02 20:00:00,1693.01,Wallet,0.31,1,1,Success,None,0
TXN001131,CUST01328,2026-02-03 04:50:00,1864.52,Net Banking,0.48,1,0,Success,None,0
TXN001132,CUST02893,2026-02-01 01:25:00,614.37,UPI,0.37,3,0,Failed,Expired Card,0
TXN001133,CUST02978,2026-05-18 20:56:00,2253.68,Wallet,0.53,4,0,Success,None,0
TXN001134,CUST00180,2026-07-25 21:20:00,1573.38,Wallet,0.72,1,0,Success,None,0
TXN001135,CUST00665,2026-10-08 00:59:00,1975.34,Card,0.6,1,0,Success,None,0
TXN001136,CUST01719,2026-09-23 20:15:00,4561.65,UPI,0.84,2,0,Failed,Authentication Failed,0
TXN001137,CUST02566,2026-11-24 03:34:00,1798.85,Net Banking,0.82,1,0,Success,None,0
TXN001138,CUST00831,2026-01-05 10:40:00,382.6,Card,0.34,0,0,Failed,Authentication Failed,0
TXN001139,CUST02043,2026-08-10 08:38:00,556.97,Wallet,0.63,4,0,Success,None,0
TXN001140,CUST00975,2026-06-15 04:49:00,2980.05,Wallet,0.53,1,1,Success,None,0
TXN001141,CUST01810,2026-03-31 02:20:00,465.6,Wallet,0.68,0,0,Failed,Expired Card,0
TXN001142,CUST02539,2026-01-18 19:27:00,5060.07,Net Banking,0.76,4,0,Success,None,0
TXN001143,CUST00608,2026-01-14 08:52:00,4014.85,Card,0.65,0,0,Failed,Bank Timeout,1
TXN001144,CUST02733,2026-05-01 13:17:00,5223.45,UPI,0.72,4,0,Success,None,0
TXN001145,CUST00201,2026-03-06 21:33:00,955.05,UPI,0.4,0,1,Success,None,0
TXN001146,CUST02753,2026-06-15 18:48:00,2033.55,Card,0.51,2,0,Success,None,0
TXN001147,CUST00147,2026-04-28 12:51:00,1776.85,Net Banking,0.85,0,0,Success,None,0
TXN001148,CUST01553,2026-11-04 00:57:00,1392.04,Net Banking,0.78,0,1,Success,None,0
TXN001149,CUST01200,2026-02-14 10:15:00,541.93,UPI,0.76,3,0,Success,None,0
TXN001150,CUST01349,2026-07-11 00:25:00,620.31,Net Banking,0.72,4,1,Failed,Bank Timeout,0
TXN001151,CUST02507,2026-07-28 00:40:00,2785.06,Card,0.69,0,0,Success,None,0
TXN001152,CUST01982,2026-06-05 11:39:00,404.85,UPI,0.39,4,0,Failed,Expired Card,0
TXN001153,CUST01064,2026-12-04 13:10:00,1319.7,Net Banking,0.37,4,0,Failed,Bank Timeout,0
TXN001154,CUST02129,2026-10-22 04:14:00,1839.39,Wallet,0.85,3,1,Failed,Bank Timeout,1
TXN001155,CUST02903,2026-01-01 13:48:00,526.88,Card,0.48,2,0,Failed,Insufficient Funds,1
TXN001156,CUST01905,2026-10-19 02:41:00,3243.32,UPI,0.9,0,0,Success,None,0
TXN001157,CUST01696,2026-05-08 07:17:00,1784.2,Wallet,0.36,0,0,Success,None,0
TXN001158,CUST00047,2026-04-03 15:08:00,10024.46,Card,0.57,1,0,Success,None,0
TXN001159,CUST01261,2026-10-07 06:25:00,361.0,UPI,0.37,2,0,Failed,Insufficient Funds,1
TXN001160,CUST02810,2026-05-25 04:43:00,681.24,UPI,0.42,2,0,Success,None,0
TXN001161,CUST00720,2026-10-31 14:04:00,3411.22,UPI,0.91,1,0,Success,None,0
TXN001162,CUST02755,2026-10-18 06:30:00,149.87,Net Banking,0.71,3,1,Success,None,0
TXN001163,CUST02645,2026-02-26 13:47:00,417.54,UPI,0.58,1,1,Success,None,0
TXN001164,CUST02200,2026-10-13 10:36:00,463.94,Wallet,0.78,2,1,Failed,Authentication Failed,1
TXN001165,CUST02135,2026-07-22 03:12:00,526.61,UPI,0.7,2,0,Success,None,0
TXN001166,CUST00854,2026-10-19 02:26:00,1424.11,UPI,0.79,4,0,Success,None,0
TXN001167,CUST00272,2026-11-03 02:29:00,1096.53,Net Banking,0.81,1,0,Success,None,0
TXN001168,CUST01390,2026-07-27 21:18:00,2608.87,UPI,0.43,3,0,Failed,Expired Card,0
TXN001169,CUST00768,2026-11-11 18:56:00,5818.73,Wallet,0.89,4,0,Failed,Network Error,1
TXN001170,CUST02908,2026-05-31 16:26:00,486.97,Net Banking,0.97,0,0,Failed,Insufficient Funds,1
TXN001171,CUST00974,2026-10-29 23:54:00,2690.51,Wallet,0.36,2,1,Failed,Network Error,1
TXN001172,CUST02151,2026-02-10 20:41:00,7016.59,Card,0.71,2,0,Success,None,0
TXN001173,CUST00154,2026-06-11 13:45:00,1855.47,Net Banking,0.87,1,0,Failed,Expired Card,0
TXN001174,CUST01977,2026-03-11 06:05:00,396.9,UPI,0.78,4,0,Failed,Network Error,1
TXN001175,CUST02145,2026-02-22 04:07:00,2141.07,Wallet,0.87,2,0,Success,None,0
TXN001176,CUST02115,2026-09-21 19:23:00,1327.51,UPI,0.81,1,0,Success,None,0
TXN001177,CUST01882,2026-01-02 11:54:00,723.92,UPI,0.43,3,0,Success,None,0
TXN001178,CUST00181,2026-05-02 08:19:00,6193.19,Net Banking,0.69,4,0,Success,None,0
TXN001179,CUST00189,2026-01-09 04:26:00,812.94,Wallet,0.84,0,0,Success,None,0
TXN001180,CUST02617,2026-03-15 00:28:00,968.31,Net Banking,0.53,1,0,Success,None,0
TXN001181,CUST01174,2026-10-09 08:43:00,3431.37,Card,0.62,2,0,Success,None,0
TXN001182,CUST02749,2026-02-24 08:47:00,690.05,Wallet,0.95,0,0,Success,None,0
TXN001183,CUST01121,2026-08-15 19:22:00,1305.6,Card,0.98,0,0,Success,None,0
TXN001184,CUST00847,2026-07-20 00:25:00,501.17,UPI,0.34,4,0,Failed,Network Error,1
TXN001185,CUST00580,2026-03-04 08:37:00,1582.14,Net Banking,1.0,2,0,Success,None,0
TXN001186,CUST01276,2026-07-16 19:38:00,500.81,UPI,0.55,4,0,Success,None,0
TXN001187,CUST00208,2026-06-21 09:21:00,261.1,Wallet,0.76,1,0,Success,None,0
TXN001188,CUST00434,2026-02-01 08:31:00,370.79,UPI,0.75,3,0,Failed,Authentication Failed,0
TXN001189,CUST00734,2026-08-13 09:26:00,1258.94,Wallet,0.97,4,1,Failed,Network Error,1
TXN001190,CUST01362,2026-12-02 23:24:00,1650.26,Net Banking,0.72,1,0,Success,None,0
TXN001191,CUST02326,2026-10-23 22:48:00,285.39,Wallet,0.39,1,0,Success,None,0
TXN001192,CUST00399,2026-09-07 05:03:00,483.37,Wallet,0.41,3,0,Success,None,0
TXN001193,CUST01928,2026-02-22 07:51:00,6198.39,Wallet,0.91,1,0,Success,None,0
TXN001194,CUST01489,2026-09-12 17:19:00,2842.5,Net Banking,0.54,3,0,Success,None,0
TXN001195,CUST01331,2026-01-12 00:27:00,570.79,Net Banking,0.7,3,1,Success,None,0
TXN001196,CUST01947,2026-06-24 06:31:00,1167.38,UPI,0.58,0,0,Success,None,0
TXN001197,CUST00700,2026-08-09 01:40:00,1033.62,Wallet,0.6,2,0,Success,None,0
TXN001198,CUST02081,2026-10-25 15:53:00,1032.22,Card,0.36,0,1,Success,None,0
TXN001199,CUST01335,2026-10-16 12:22:00,1643.32,UPI,0.88,4,0,Failed,Network Error,1
TXN001200,CUST01642,2026-03-28 20:42:00,3609.38,Wallet,0.74,4,1,Success,None,0
TXN001201,CUST02245,2026-05-20 17:50:00,623.04,Card,0.96,1,1,Failed,Insufficient Funds,0
TXN001202,CUST00853,2026-10-13 13:26:00,2250.52,Net Banking,0.98,4,1,Failed,Authentication Failed,0
TXN001203,CUST02231,2026-08-30 05:59:00,1011.2,Net Banking,0.66,1,0,Success,None,0
TXN001204,CUST02916,2026-02-11 14:58:00,739.36,UPI,0.96,4,1,Success,None,0
TXN001205,CUST01333,2026-10-27 06:56:00,3305.46,Wallet,0.97,4,0,Failed,Authentication Failed,0
TXN001206,CUST01262,2026-08-06 19:40:00,1025.87,Card,0.36,3,0,Success,None,0
TXN001207,CUST02808,2026-04-30 04:56:00,639.09,UPI,0.61,4,1,Success,None,0
TXN001208,CUST02642,2026-03-21 05:31:00,794.36,Wallet,0.57,0,0,Failed,Bank Timeout,1
TXN001209,CUST00601,2026-07-13 10:11:00,909.17,UPI,0.45,1,1,Success,None,0
TXN001210,CUST01598,2026-03-13 05:45:00,2092.17,Net Banking,0.33,4,1,Success,None,0
TXN001211,CUST02792,2026-07-27 15:09:00,1423.21,Card,0.55,2,0,Success,None,0
TXN001212,CUST01781,2026-08-01 03:56:00,2883.26,Net Banking,0.69,2,0,Success,None,0
TXN001213,CUST02505,2026-11-05 14:45:00,2959.92,UPI,0.72,4,1,Success,None,0
TXN001214,CUST01205,2026-11-25 01:43:00,1735.32,Card,0.97,0,0,Success,None,0
TXN001215,CUST00004,2026-02-09 22:33:00,374.19,UPI,0.74,4,0,Success,None,0
TXN001216,CUST00128,2026-09-13 16:06:00,1642.97,Net Banking,0.43,1,1,Failed,Expired Card,0
TXN001217,CUST02561,2026-05-28 19:58:00,1227.56,Wallet,0.46,2,1,Success,None,0
TXN001218,CUST01783,2026-08-30 04:54:00,3908.47,Wallet,0.36,4,0,Failed,Bank Timeout,1
TXN001219,CUST00570,2026-11-04 01:06:00,725.06,Wallet,0.57,1,1,Failed,Network Error,1
TXN001220,CUST00632,2026-02-18 21:20:00,707.31,Wallet,0.66,2,0,Success,None,0
TXN001221,CUST00294,2026-09-20 15:09:00,2620.23,UPI,0.4,0,0,Success,None,0
TXN001222,CUST02695,2026-01-31 19:48:00,811.56,Wallet,0.34,3,0,Failed,Bank Timeout,1
TXN001223,CUST01868,2026-08-15 22:01:00,2467.02,Wallet,0.69,4,1,Success,None,0
TXN001224,CUST01862,2026-07-20 23:53:00,1263.43,Card,0.33,4,1,Failed,Authentication Failed,1
TXN001225,CUST01456,2026-06-04 15:42:00,1261.72,Wallet,0.75,1,0,Failed,Expired Card,0
TXN001226,CUST02368,2026-09-17 06:41:00,376.39,UPI,0.89,3,0,Failed,Expired Card,1
TXN001227,CUST01683,2026-01-13 04:23:00,1019.31,Net Banking,0.39,4,0,Success,None,0
TXN001228,CUST02328,2026-02-11 04:50:00,1027.92,UPI,0.47,3,0,Failed,Expired Card,0
TXN001229,CUST02829,2026-09-23 20:27:00,1415.63,Wallet,0.4,0,0,Success,None,0
TXN001230,CUST01905,2026-07-10 13:09:00,1217.82,Net Banking,0.69,4,0,Failed,Expired Card,1
TXN001231,CUST01005,2026-09-07 01:31:00,2759.69,UPI,0.59,3,0,Success,None,0
TXN001232,CUST02512,2026-07-14 19:11:00,3324.52,Net Banking,0.59,0,0,Failed,Insufficient Funds,1
TXN001233,CUST01860,2026-07-28 23:23:00,1197.88,Wallet,0.81,4,1,Failed,Network Error,1
TXN001234,CUST01446,2026-03-02 23:42:00,1645.73,Wallet,0.47,2,0,Failed,Insufficient Funds,1
TXN001235,CUST02978,2026-01-23 08:40:00,1801.9,Net Banking,0.68,4,0,Success,None,0
TXN001236,CUST02369,2026-08-27 23:00:00,2520.34,Wallet,0.95,1,0,Failed,Network Error,1
TXN001237,CUST01175,2026-02-16 04:10:00,2820.06,UPI,0.99,3,0,Failed,Expired Card,0
TXN001238,CUST01139,2026-08-13 04:55:00,663.91,UPI,0.88,2,0,Failed,Network Error,1
TXN001239,CUST01053,2026-08-08 20:16:00,1419.95,Net Banking,0.43,0,0,Success,None,0
TXN001240,CUST02424,2026-05-15 15:04:00,1044.4,Card,0.53,1,1,Success,None,0
TXN001241,CUST01071,2026-03-07 19:56:00,4314.05,Card,0.88,1,1,Success,None,0
TXN001242,CUST01405,2026-08-05 19:56:00,270.94,UPI,0.91,0,0,Failed,Bank Timeout,1
TXN001243,CUST01692,2026-08-29 12:59:00,897.71,Wallet,0.68,3,0,Success,None,0
TXN001244,CUST02974,2026-07-30 08:31:00,465.93,Wallet,0.66,1,0,Success,None,0
TXN001245,CUST00223,2026-01-20 02:57:00,1508.33,Net Banking,0.58,2,0,Failed,Bank Timeout,1
TXN001246,CUST01634,2026-06-23 09:40:00,565.26,Wallet,0.96,3,0,Success,None,0
TXN001247,CUST01556,2026-04-06 14:51:00,688.54,Card,0.77,3,1,Success,None,0
TXN001248,CUST02173,2026-04-16 03:30:00,428.76,Card,0.59,3,0,Success,None,0
TXN001249,CUST01565,2026-02-05 10:46:00,3633.48,Wallet,0.41,2,0,Success,None,0
TXN001250,CUST01769,2026-05-02 22:59:00,4847.23,Net Banking,0.69,4,0,Success,None,0
TXN001251,CUST01094,2026-08-27 05:44:00,1887.78,Net Banking,0.32,0,0,Success,None,0
TXN001252,CUST01889,2026-07-09 07:24:00,572.54,Wallet,0.85,1,0,Success,None,0
TXN001253,CUST02776,2026-07-19 09:06:00,2216.17,Net Banking,0.7,1,0,Success,None,0
TXN001254,CUST02756,2026-01-05 08:31:00,463.17,UPI,0.81,0,0,Success,None,0
TXN001255,CUST00401,2026-09-07 13:59:00,450.67,Wallet,0.48,4,0,Failed,Authentication Failed,0
TXN001256,CUST00899,2026-03-12 07:09:00,1065.65,Net Banking,0.66,2,0,Failed,Insufficient Funds,1
TXN001257,CUST02538,2026-12-08 16:47:00,251.62,UPI,0.81,0,0,Failed,Expired Card,0
TXN001258,CUST02456,2026-02-01 10:51:00,1068.68,Card,0.96,0,0,Failed,Expired Card,0
TXN001259,CUST01540,2026-11-23 05:22:00,1321.11,Card,0.69,4,0,Success,None,0
TXN001260,CUST02850,2026-04-18 05:58:00,598.6,UPI,0.66,1,0,Success,None,0
TXN001261,CUST02706,2026-12-02 22:38:00,1317.19,Wallet,0.92,0,1,Success,None,0
TXN001262,CUST01749,2026-02-28 23:16:00,2590.11,Net Banking,0.87,2,0,Success,None,0
TXN001263,CUST01136,2026-05-22 11:33:00,1417.47,UPI,0.7,0,1,Failed,Network Error,1
TXN001264,CUST01058,2026-06-10 09:48:00,1280.8,UPI,0.44,2,0,Failed,Insufficient Funds,1
TXN001265,CUST00822,2026-03-06 23:15:00,6001.81,Wallet,0.6,4,1,Success,None,0
TXN001266,CUST00445,2026-03-21 12:17:00,3181.38,Wallet,0.36,1,1,Failed,Expired Card,1
TXN001267,CUST01809,2026-01-13 16:37:00,333.18,UPI,0.5,2,0,Success,None,0
TXN001268,CUST00289,2026-10-10 23:36:00,1182.4,UPI,0.87,4,0,Failed,Authentication Failed,0
TXN001269,CUST02039,2026-12-06 15:44:00,2577.83,UPI,0.95,1,0,Failed,Insufficient Funds,1
TXN001270,CUST01092,2026-11-26 08:40:00,1778.09,Wallet,0.92,1,0,Success,None,0
TXN001271,CUST02354,2026-06-24 02:02:00,5027.28,Wallet,0.78,0,1,Success,None,0
TXN001272,CUST01655,2026-01-02 04:54:00,2004.72,Wallet,1.0,0,0,Success,None,0
TXN001273,CUST02824,2026-07-26 12:39:00,1843.83,Wallet,0.33,3,0,Failed,Expired Card,0
TXN001274,CUST01366,2026-01-21 02:17:00,819.64,Net Banking,0.48,2,1,Failed,Insufficient Funds,1
TXN001275,CUST02190,2026-11-03 06:21:00,1096.8,Net Banking,0.77,2,0,Failed,Authentication Failed,0
TXN001276,CUST02654,2026-07-21 21:04:00,2753.11,Net Banking,0.83,1,0,Success,None,0
TXN001277,CUST01574,2026-09-11 08:42:00,372.54,UPI,0.98,1,0,Success,None,0
TXN001278,CUST00438,2026-01-31 21:32:00,786.69,Wallet,0.95,2,1,Failed,Authentication Failed,0
TXN001279,CUST00574,2026-01-10 05:38:00,2014.44,Card,0.98,0,0,Success,None,0
TXN001280,CUST02004,2026-10-16 15:03:00,2549.19,Card,0.39,3,0,Success,None,0
TXN001281,CUST02047,2026-01-06 23:27:00,1677.19,Net Banking,0.44,4,1,Failed,Insufficient Funds,1
TXN001282,CUST00230,2026-05-28 15:22:00,4015.83,Net Banking,0.6,2,0,Success,None,0
TXN001283,CUST00868,2026-12-09 06:37:00,562.58,UPI,0.58,4,1,Failed,Expired Card,0
TXN001284,CUST02374,2026-01-14 10:14:00,2020.75,Card,0.85,1,0,Success,None,0
TXN001285,CUST02003,2026-11-27 07:02:00,3207.17,Card,0.93,0,1,Success,None,0
TXN001286,CUST00995,2026-03-04 17:08:00,630.05,UPI,0.43,1,0,Success,None,0
TXN001287,CUST01259,2026-08-11 12:58:00,328.14,UPI,0.34,0,1,Success,None,0
TXN001288,CUST02421,2026-02-11 13:43:00,434.6,Card,0.38,0,0,Failed,Authentication Failed,1
TXN001289,CUST00259,2026-05-03 19:44:00,1348.74,Card,0.51,1,1,Success,None,0
TXN001290,CUST01329,2026-04-28 02:05:00,1300.09,Wallet,0.9,0,0,Success,None,0
TXN001291,CUST00187,2026-05-03 03:40:00,1565.28,Card,0.96,4,0,Success,None,0
TXN001292,CUST00495,2026-10-03 19:34:00,566.5,UPI,0.53,2,0,Success,None,0
TXN001293,CUST00689,2026-06-09 17:04:00,1246.87,Wallet,0.38,2,0,Failed,Bank Timeout,0
TXN001294,CUST00547,2026-10-11 03:18:00,6438.33,UPI,0.9,0,1,Failed,Bank Timeout,0
TXN001295,CUST01995,2026-01-03 15:07:00,2847.48,UPI,0.83,0,0,Success,None,0
TXN001296,CUST00366,2026-06-01 13:00:00,400.9,Card,0.96,4,0,Failed,Authentication Failed,0
TXN001297,CUST00845,2026-07-10 10:48:00,1512.52,Card,0.82,1,0,Success,None,0
TXN001298,CUST01688,2026-08-11 06:57:00,615.5,Wallet,0.48,1,0,Success,None,0
TXN001299,CUST02443,2026-08-11 20:10:00,931.71,UPI,0.89,1,1,Success,None,0
TXN001300,CUST02569,2026-06-02 11:24:00,4652.75,UPI,0.42,2,0,Success,None,0
TXN001301,CUST02285,2026-02-12 18:47:00,374.01,UPI,0.8,1,0,Success,None,0
TXN001302,CUST02536,2026-06-19 00:22:00,1298.91,UPI,0.72,2,0,Success,None,0
TXN001303,CUST01133,2026-02-11 00:36:00,1484.82,Card,0.8,0,0,Failed,Bank Timeout,1
TXN001304,CUST02038,2026-09-01 23:47:00,1483.65,Wallet,0.77,1,0,Success,None,0
TXN001305,CUST00222,2026-03-18 07:25:00,2203.4,UPI,0.81,2,0,Failed,Authentication Failed,1
TXN001306,CUST01370,2026-01-16 18:30:00,852.29,Net Banking,0.92,4,1,Failed,Insufficient Funds,0
TXN001307,CUST02202,2026-10-13 23:44:00,2571.22,UPI,0.49,1,0,Failed,Insufficient Funds,0
TXN001308,CUST02110,2026-11-22 21:19:00,3505.52,Wallet,0.51,0,0,Success,None,0
TXN001309,CUST02955,2026-06-02 13:51:00,483.93,Card,0.31,3,0,Success,None,0
TXN001310,CUST02773,2026-10-11 14:47:00,860.6,Card,0.98,2,0,Success,None,0
TXN001311,CUST01336,2026-03-28 07:58:00,367.01,UPI,0.66,1,0,Success,None,0
TXN001312,CUST00820,2026-01-27 18:30:00,402.37,Wallet,0.92,3,0,Success,None,0
TXN001313,CUST02397,2026-11-21 05:12:00,441.34,Wallet,0.99,3,0,Failed,Authentication Failed,1
TXN001314,CUST00886,2026-03-06 19:55:00,1118.26,Card,0.76,4,1,Success,None,0
TXN001315,CUST01530,2026-09-20 01:53:00,295.77,Wallet,0.85,1,1,Failed,Bank Timeout,1
TXN001316,CUST01105,2026-02-16 07:35:00,262.67,Net Banking,0.75,1,0,Success,None,0
TXN001317,CUST02836,2026-04-13 03:57:00,291.69,UPI,0.83,4,0,Success,None,0
TXN001318,CUST00456,2026-06-02 06:29:00,872.7,Card,0.52,3,1,Success,None,0
TXN001319,CUST01408,2026-08-08 18:39:00,1094.22,Card,0.94,1,0,Success,None,0
TXN001320,CUST02614,2026-07-30 11:42:00,1115.27,Card,0.34,4,0,Failed,Expired Card,0
TXN001321,CUST00355,2026-11-10 22:00:00,619.09,Card,0.38,3,1,Failed,Bank Timeout,0
TXN001322,CUST01896,2026-09-23 18:59:00,1664.07,Wallet,0.95,2,0,Success,None,0
TXN001323,CUST01011,2026-06-08 02:31:00,1126.78,Wallet,0.54,1,0,Success,None,0
TXN001324,CUST02424,2026-06-02 02:32:00,476.53,Card,0.73,1,0,Success,None,0
TXN001325,CUST00165,2026-06-04 23:48:00,1007.08,UPI,0.86,3,0,Success,None,0
TXN001326,CUST01964,2026-06-30 07:52:00,762.78,Wallet,0.61,0,1,Success,None,0
TXN001327,CUST00341,2026-09-10 08:55:00,2726.39,Card,0.91,4,0,Failed,Authentication Failed,0
TXN001328,CUST00544,2026-03-29 00:57:00,1121.49,Card,0.62,2,0,Success,None,0
TXN001329,CUST00066,2026-02-28 21:51:00,1418.94,UPI,0.83,3,0,Failed,Authentication Failed,0
TXN001330,CUST01864,2026-11-15 06:52:00,1086.95,UPI,0.99,3,0,Success,None,0
TXN001331,CUST00758,2026-09-14 06:47:00,1381.23,Wallet,0.54,2,1,Failed,Insufficient Funds,1
TXN001332,CUST01577,2026-04-18 23:38:00,699.14,UPI,0.46,2,0,Success,None,0
TXN001333,CUST01106,2026-10-14 18:57:00,2444.17,Wallet,0.3,4,0,Failed,Insufficient Funds,1
TXN001334,CUST00225,2026-11-20 07:16:00,736.53,Net Banking,0.46,4,0,Failed,Insufficient Funds,1
TXN001335,CUST01569,2026-08-14 10:04:00,265.91,UPI,0.59,2,1,Failed,Insufficient Funds,0
TXN001336,CUST01501,2026-07-24 03:58:00,1599.16,Net Banking,0.93,1,0,Success,None,0
TXN001337,CUST00567,2026-07-16 11:23:00,615.35,Card,0.97,2,0,Failed,Insufficient Funds,1
TXN001338,CUST02377,2026-04-27 16:15:00,854.41,Wallet,0.51,1,0,Success,None,0
TXN001339,CUST01096,2026-04-11 21:43:00,1590.01,Net Banking,0.39,4,1,Success,None,0
TXN001340,CUST00260,2026-06-14 17:13:00,705.96,UPI,0.39,2,0,Failed,Authentication Failed,0
TXN001341,CUST01926,2026-06-14 13:26:00,1616.47,UPI,0.68,4,0,Failed,Expired Card,0
TXN001342,CUST02758,2026-11-21 17:34:00,754.26,Net Banking,0.47,0,0,Success,None,0
TXN001343,CUST00358,2026-11-23 22:22:00,1347.17,Wallet,0.31,0,1,Success,None,0
TXN001344,CUST01182,2026-03-01 23:44:00,904.58,Card,0.84,0,0,Success,None,0
TXN001345,CUST00459,2026-02-24 19:04:00,961.54,Net Banking,0.5,1,1,Success,None,0
TXN001346,CUST02133,2026-06-01 15:45:00,1299.42,Card,0.56,0,0,Success,None,0
TXN001347,CUST01942,2026-06-11 14:30:00,414.13,Card,0.78,2,1,Failed,Insufficient Funds,1
TXN001348,CUST00775,2026-11-14 09:50:00,1245.85,Net Banking,0.65,0,0,Success,None,0
TXN001349,CUST02129,2026-07-30 16:47:00,2063.8,Card,0.41,2,1,Success,None,0
TXN001350,CUST02686,2026-08-05 00:50:00,3103.92,Net Banking,0.36,2,1,Failed,Expired Card,0
TXN001351,CUST01876,2026-11-24 01:18:00,807.34,Wallet,0.43,2,0,Failed,Network Error,0
TXN001352,CUST01065,2026-05-16 09:43:00,993.28,Card,0.4,1,1,Success,None,0
TXN001353,CUST00194,2026-04-14 12:58:00,3139.52,Net Banking,0.54,1,0,Success,None,0
TXN001354,CUST00682,2026-09-17 03:54:00,697.56,Wallet,0.43,4,0,Failed,Expired Card,0
TXN001355,CUST00747,2026-02-28 17:03:00,2822.88,Net Banking,0.35,1,0,Success,None,0
TXN001356,CUST00479,2026-07-29 04:16:00,1611.19,Card,0.52,0,0,Success,None,0
TXN001357,CUST01806,2026-03-09 04:09:00,504.67,Card,0.72,2,0,Success,None,0
TXN001358,CUST02304,2026-05-06 04:34:00,797.88,Card,0.57,0,0,Failed,Bank Timeout,1
TXN001359,CUST01837,2026-07-14 07:02:00,586.96,Net Banking,0.75,4,0,Success,None,0
TXN001360,CUST00498,2026-12-05 23:48:00,482.99,Net Banking,0.79,0,1,Success,None,0
TXN001361,CUST00596,2026-02-26 19:36:00,742.55,Wallet,0.63,3,0,Success,None,0
TXN001362,CUST02238,2026-08-24 15:42:00,1680.62,UPI,0.43,4,0,Failed,Network Error,0
TXN001363,CUST01188,2026-10-19 02:48:00,3092.86,Wallet,0.32,4,0,Success,None,0
TXN001364,CUST01388,2026-11-24 17:50:00,452.27,Wallet,0.52,0,1,Failed,Insufficient Funds,1
TXN001365,CUST02778,2026-04-23 04:03:00,676.32,Card,0.36,4,0,Failed,Insufficient Funds,1
TXN001366,CUST02530,2026-05-11 02:57:00,362.57,Wallet,0.36,1,1,Success,None,0
TXN001367,CUST01337,2026-08-01 10:06:00,1090.47,UPI,0.39,0,0,Success,None,0
TXN001368,CUST01139,2026-01-31 10:24:00,922.89,Card,0.95,1,0,Failed,Expired Card,0
TXN001369,CUST02774,2026-03-12 19:07:00,1863.44,Wallet,0.68,0,1,Success,None,0
TXN001370,CUST01302,2026-11-27 18:07:00,574.95,Wallet,0.69,4,0,Success,None,0
TXN001371,CUST01629,2026-05-15 13:52:00,752.8,Net Banking,0.94,1,1,Success,None,0
TXN001372,CUST01528,2026-05-06 13:57:00,778.02,Wallet,0.56,0,0,Success,None,0
TXN001373,CUST01262,2026-03-20 12:46:00,1487.71,Net Banking,0.82,3,0,Success,None,0
TXN001374,CUST01703,2026-03-01 15:13:00,983.64,Wallet,0.92,3,0,Failed,Authentication Failed,1
TXN001375,CUST00572,2026-02-22 07:08:00,321.77,Wallet,0.82,4,0,Success,None,0
TXN001376,CUST01243,2026-01-25 01:43:00,937.27,Card,0.6,3,0,Success,None,0
TXN001377,CUST00363,2026-08-21 13:58:00,1041.83,Wallet,0.64,0,1,Success,None,0
TXN001378,CUST01698,2026-09-16 14:13:00,1684.18,Net Banking,0.94,1,1,Success,None,0
TXN001379,CUST00817,2026-04-16 09:22:00,1908.91,Card,0.54,1,1,Success,None,0
TXN001380,CUST00173,2026-06-29 21:30:00,1747.7,Wallet,0.89,2,0,Success,None,0
TXN001381,CUST00920,2026-02-26 01:52:00,3343.47,Wallet,0.86,0,0,Success,None,0
TXN001382,CUST01230,2026-08-27 01:06:00,1936.12,Net Banking,0.58,3,0,Failed,Network Error,1
TXN001383,CUST00735,2026-01-11 08:32:00,703.82,Wallet,0.82,3,0,Success,None,0
TXN001384,CUST01136,2026-08-07 01:11:00,5177.05,UPI,0.74,3,0,Failed,Network Error,0
TXN001385,CUST02317,2026-08-17 15:30:00,353.47,Wallet,0.5,3,0,Success,None,0
TXN001386,CUST02844,2026-07-06 14:31:00,1306.13,Wallet,0.64,0,0,Success,None,0
TXN001387,CUST01064,2026-02-23 04:57:00,1022.55,UPI,0.63,1,0,Success,None,0
TXN001388,CUST01889,2026-03-01 11:00:00,1700.46,Net Banking,0.67,1,0,Success,None,0
TXN001389,CUST01117,2026-08-20 15:36:00,831.19,UPI,0.39,2,1,Failed,Network Error,1
TXN001390,CUST01188,2026-07-07 02:14:00,302.1,UPI,0.33,2,0,Success,None,0
TXN001391,CUST02573,2026-08-07 00:03:00,2002.49,Card,0.89,1,0,Success,None,0
TXN001392,CUST02228,2026-10-29 00:52:00,424.12,Card,0.41,2,0,Success,None,0
TXN001393,CUST01112,2026-07-14 13:50:00,3695.88,Net Banking,0.84,2,0,Success,None,0
TXN001394,CUST00589,2026-07-08 15:50:00,1856.99,Net Banking,0.7,0,0,Success,None,0
TXN001395,CUST01528,2026-05-04 21:42:00,694.3,Net Banking,0.93,3,1,Failed,Bank Timeout,1
TXN001396,CUST00893,2026-10-30 18:24:00,1283.38,UPI,0.87,1,0,Success,None,0
TXN001397,CUST02289,2026-06-01 22:49:00,680.22,Card,0.9,4,0,Success,None,0
TXN001398,CUST00313,2026-12-03 04:52:00,162.03,Wallet,0.91,0,0,Failed,Insufficient Funds,0
TXN001399,CUST01427,2026-02-20 14:43:00,842.9,Wallet,0.6,2,0,Failed,Authentication Failed,0
TXN001400,CUST00706,2026-09-29 01:11:00,1461.83,Net Banking,0.67,2,0,Success,None,0
TXN001401,CUST00911,2026-09-08 12:14:00,689.17,UPI,0.33,1,0,Success,None,0
TXN001402,CUST01260,2026-02-17 09:51:00,672.43,Card,0.69,1,0,Success,None,0
TXN001403,CUST01741,2026-01-07 20:19:00,610.75,UPI,0.97,0,0,Success,None,0
TXN001404,CUST01767,2026-02-09 06:07:00,4975.86,Wallet,0.95,0,0,Success,None,0
TXN001405,CUST02703,2026-06-20 18:54:00,674.13,UPI,0.51,4,0,Success,None,0
TXN001406,CUST01037,2026-04-20 19:49:00,1466.29,UPI,0.7,0,0,Success,None,0
TXN001407,CUST00396,2026-08-02 22:33:00,798.11,UPI,0.73,0,0,Success,None,0
TXN001408,CUST00757,2026-02-03 01:14:00,454.04,Card,0.81,2,0,Success,None,0
TXN001409,CUST01137,2026-05-09 05:35:00,1644.17,Card,0.43,4,0,Success,None,0
TXN001410,CUST02051,2026-07-03 19:57:00,3490.65,Card,0.74,4,0,Success,None,0
TXN001411,CUST00406,2026-07-12 13:03:00,13652.06,UPI,0.53,4,0,Success,None,0
TXN001412,CUST02932,2026-03-04 12:58:00,446.4,Card,0.44,1,0,Success,None,0
TXN001413,CUST02972,2026-12-02 03:15:00,5108.99,UPI,0.61,0,0,Success,None,0
TXN001414,CUST01502,2026-06-10 01:51:00,590.11,Wallet,0.69,4,0,Success,None,0
TXN001415,CUST00741,2026-06-04 09:46:00,210.17,UPI,0.82,2,1,Failed,Bank Timeout,1
TXN001416,CUST01670,2026-02-15 00:10:00,1121.89,Card,0.54,0,0,Success,None,0
TXN001417,CUST00452,2026-06-30 12:30:00,1122.6,Wallet,0.82,4,0,Success,None,0
TXN001418,CUST02887,2026-01-30 22:41:00,883.4,Net Banking,0.36,2,0,Success,None,0
TXN001419,CUST02023,2026-04-14 06:14:00,7425.04,Net Banking,0.47,0,1,Success,None,0
TXN001420,CUST02460,2026-03-24 05:42:00,1482.78,Wallet,0.6,2,1,Failed,Expired Card,1
TXN001421,CUST01191,2026-11-08 22:36:00,742.02,Wallet,0.44,3,0,Success,None,0
TXN001422,CUST01949,2026-01-05 15:43:00,1820.13,UPI,0.84,2,0,Failed,Authentication Failed,0
TXN001423,CUST01624,2026-02-13 09:44:00,2813.08,UPI,0.48,3,0,Failed,Bank Timeout,1
TXN001424,CUST01641,2026-09-27 22:43:00,925.13,Wallet,0.61,4,0,Success,None,0
TXN001425,CUST00266,2026-05-04 07:00:00,249.27,Card,0.52,2,0,Failed,Bank Timeout,1
TXN001426,CUST00503,2026-09-22 00:53:00,2052.62,Wallet,0.37,1,1,Success,None,0
TXN001427,CUST01141,2026-10-03 08:40:00,1372.55,Wallet,0.79,4,0,Failed,Authentication Failed,0
TXN001428,CUST01949,2026-06-26 09:54:00,2472.23,Net Banking,0.62,4,1,Success,None,0
TXN001429,CUST00604,2026-02-14 11:42:00,573.92,Net Banking,0.52,3,0,Success,None,0
TXN001430,CUST02005,2026-08-17 18:47:00,2357.51,Net Banking,0.34,3,0,Success,None,0
TXN001431,CUST00122,2026-10-30 07:22:00,1291.82,Card,0.68,0,0,Success,None,0
TXN001432,CUST02041,2026-05-20 07:29:00,2023.74,UPI,0.54,0,0,Success,None,0
TXN001433,CUST00626,2026-10-04 18:28:00,1920.92,Net Banking,0.37,2,0,Failed,Insufficient Funds,0
TXN001434,CUST01909,2026-08-30 01:27:00,10422.51,Wallet,0.56,1,0,Success,None,0
TXN001435,CUST02009,2026-07-17 11:53:00,1323.79,Wallet,0.95,4,0,Success,None,0
TXN001436,CUST02215,2026-12-13 19:46:00,711.89,Net Banking,0.39,4,0,Success,None,0
TXN001437,CUST01763,2026-06-13 21:10:00,734.36,UPI,0.92,0,1,Success,None,0
TXN001438,CUST01542,2026-01-14 02:24:00,3433.29,Net Banking,0.93,3,1,Success,None,0
TXN001439,CUST00725,2026-11-19 02:37:00,798.78,UPI,0.44,4,0,Success,None,0
TXN001440,CUST02014,2026-04-24 18:18:00,593.47,Card,0.83,3,0,Success,None,0
TXN001441,CUST01997,2026-08-29 07:51:00,527.72,Wallet,0.83,0,1,Success,None,0
TXN001442,CUST01950,2026-07-04 11:28:00,691.76,Wallet,0.46,4,0,Success,None,0
TXN001443,CUST01604,2026-08-04 04:37:00,1018.02,UPI,0.63,2,1,Failed,Authentication Failed,0
TXN001444,CUST01166,2026-01-11 05:57:00,900.81,Net Banking,0.45,2,0,Failed,Expired Card,0
TXN001445,CUST00526,2026-10-22 17:59:00,791.63,UPI,0.7,2,0,Failed,Expired Card,1
TXN001446,CUST02561,2026-02-05 10:39:00,3558.57,UPI,0.61,2,1,Success,None,0
TXN001447,CUST01414,2026-05-08 21:26:00,2181.28,Wallet,0.57,2,1,Success,None,0
TXN001448,CUST02709,2026-03-27 10:09:00,1168.93,UPI,0.39,1,0,Success,None,0
TXN001449,CUST02428,2026-11-13 08:54:00,455.37,Net Banking,0.96,0,0,Success,None,0
TXN001450,CUST00469,2026-01-08 04:14:00,3416.61,Net Banking,0.53,2,0,Success,None,0
TXN001451,CUST00154,2026-07-26 19:41:00,1765.86,Net Banking,0.82,3,1,Failed,Expired Card,0
TXN001452,CUST01093,2026-08-03 01:55:00,684.09,Wallet,0.5,0,1,Success,None,0
TXN001453,CUST01297,2026-04-28 09:21:00,2892.07,UPI,0.6,3,1,Success,None,0
TXN001454,CUST02001,2026-05-03 07:43:00,739.14,UPI,0.43,0,0,Success,None,0
TXN001455,CUST02060,2026-08-12 20:26:00,638.43,Wallet,0.83,2,0,Success,None,0
TXN001456,CUST01489,2026-06-30 22:25:00,456.92,Net Banking,0.73,3,0,Success,None,0
TXN001457,CUST02195,2026-04-07 12:57:00,559.76,UPI,0.34,1,0,Failed,Insufficient Funds,1
TXN001458,CUST02350,2026-08-16 09:35:00,1998.12,Net Banking,0.42,3,0,Failed,Insufficient Funds,1
TXN001459,CUST02425,2026-01-25 11:48:00,1206.74,UPI,0.92,2,0,Failed,Expired Card,0
TXN001460,CUST01750,2026-10-17 16:30:00,659.62,Wallet,0.77,1,0,Success,None,0
TXN001461,CUST02669,2026-06-07 14:49:00,609.01,UPI,0.65,2,0,Failed,Expired Card,0
TXN001462,CUST00820,2026-04-02 11:35:00,4125.6,Net Banking,0.76,3,1,Failed,Expired Card,0
TXN001463,CUST02751,2026-11-17 17:23:00,1048.65,Wallet,0.65,4,0,Success,None,0
TXN001464,CUST02572,2026-07-30 00:32:00,1437.08,UPI,0.8,4,0,Success,None,0
TXN001465,CUST00873,2026-12-08 05:03:00,1487.79,Wallet,0.62,3,0,Success,None,0
TXN001466,CUST02319,2026-05-13 15:04:00,1407.15,Wallet,0.57,0,0,Success,None,0
TXN001467,CUST00606,2026-09-29 18:26:00,726.45,Wallet,0.9,1,0,Success,None,0
TXN001468,CUST01784,2026-11-10 04:25:00,1332.52,Net Banking,0.35,3,0,Success,None,0
TXN001469,CUST02597,2026-04-08 04:30:00,2421.48,UPI,0.44,1,1,Success,None,0
TXN001470,CUST02647,2026-09-08 01:49:00,921.77,Net Banking,0.69,1,0,Failed,Expired Card,0
TXN001471,CUST01663,2026-02-24 14:23:00,247.26,Card,0.63,1,0,Success,None,0
TXN001472,CUST00114,2026-06-18 23:53:00,1199.74,Card,0.51,1,0,Success,None,0
TXN001473,CUST02294,2026-08-24 12:53:00,800.83,Wallet,0.85,3,1,Success,None,0
TXN001474,CUST00828,2026-02-19 16:08:00,615.95,UPI,0.46,1,0,Failed,Insufficient Funds,1
TXN001475,CUST01138,2026-08-23 13:55:00,953.08,Net Banking,0.99,4,0,Success,None,0
TXN001476,CUST02960,2026-01-21 03:27:00,1624.9,UPI,0.43,3,0,Success,None,0
TXN001477,CUST01286,2026-11-12 17:27:00,4678.47,UPI,0.99,4,0,Failed,Insufficient Funds,1
TXN001478,CUST01489,2026-12-10 09:28:00,833.55,Wallet,0.8,0,1,Success,None,0
TXN001479,CUST00967,2026-07-10 00:56:00,1014.08,Card,0.72,0,0,Success,None,0
TXN001480,CUST02034,2026-08-07 09:19:00,451.98,Net Banking,0.32,0,0,Success,None,0
TXN001481,CUST01284,2026-10-21 09:33:00,964.94,UPI,0.67,2,1,Success,None,0
TXN001482,CUST01733,2026-02-08 21:21:00,2319.72,Card,0.57,1,0,Success,None,0
TXN001483,CUST00877,2026-05-29 16:26:00,858.4,Card,0.73,2,1,Success,None,0
TXN001484,CUST02415,2026-07-14 05:31:00,1973.73,Net Banking,0.97,0,1,Success,None,0
TXN001485,CUST02866,2026-07-18 16:47:00,272.23,Net Banking,0.97,0,0,Failed,Authentication Failed,1
TXN001486,CUST02797,2026-11-17 04:36:00,814.83,Wallet,0.5,1,0,Success,None,0
TXN001487,CUST01487,2026-10-27 01:12:00,1198.02,Card,0.36,3,0,Failed,Network Error,1
TXN001488,CUST02644,2026-11-03 08:54:00,664.44,UPI,0.66,4,0,Failed,Insufficient Funds,1
TXN001489,CUST01037,2026-04-23 14:25:00,893.3,Card,0.98,4,1,Success,None,0
TXN001490,CUST02807,2026-11-09 06:14:00,713.06,Net Banking,0.53,0,0,Success,None,0
TXN001491,CUST01592,2026-12-04 16:40:00,1137.28,Wallet,0.31,0,1,Failed,Network Error,1
TXN001492,CUST00370,2026-03-18 14:23:00,1714.14,Net Banking,0.79,1,0,Success,None,0
TXN001493,CUST01798,2026-10-15 09:09:00,5381.2,Card,0.58,2,1,Failed,Insufficient Funds,0
TXN001494,CUST00329,2026-09-26 07:29:00,6798.11,Net Banking,0.9,3,1,Success,None,0
TXN001495,CUST01363,2026-10-28 03:43:00,365.5,Wallet,0.68,3,0,Success,None,0
TXN001496,CUST02861,2026-05-09 02:34:00,1662.24,Card,0.66,2,0,Success,None,0
TXN001497,CUST02467,2026-06-15 00:39:00,312.09,Wallet,0.84,4,0,Failed,Insufficient Funds,1
TXN001498,CUST02628,2026-10-16 00:01:00,3243.66,UPI,0.54,1,1,Success,None,0
TXN001499,CUST00013,2026-08-17 18:08:00,1024.69,Card,0.86,3,0,Success,None,0
TXN001500,CUST01286,2026-02-10 08:25:00,3670.52,Net Banking,0.54,4,0,Success,None,0
TXN001501,CUST01023,2026-11-05 08:51:00,597.29,Card,0.65,4,0,Failed,Expired Card,1
TXN001502,CUST01309,2026-11-15 00:48:00,615.88,Wallet,0.75,3,1,Success,None,0
TXN001503,CUST01068,2026-10-19 02:23:00,1626.83,Card,0.7,1,0,Success,None,0
TXN001504,CUST00814,2026-05-14 20:08:00,1047.32,Net Banking,0.4,0,1,Success,None,0
TXN001505,CUST01612,2026-01-08 13:10:00,1322.23,Card,0.8,3,0,Success,None,0
TXN001506,CUST02288,2026-11-27 04:07:00,2510.8,UPI,0.36,4,0,Success,None,0
TXN001507,CUST01895,2026-09-13 07:42:00,2435.98,UPI,0.47,1,0,Success,None,0
TXN001508,CUST00204,2026-08-07 14:18:00,871.8,Card,0.97,3,1,Failed,Network Error,1
TXN001509,CUST00365,2026-12-11 21:08:00,242.25,Card,0.67,2,0,Success,None,0
TXN001510,CUST00058,2026-10-09 13:43:00,680.53,UPI,0.49,4,1,Success,None,0
TXN001511,CUST02760,2026-03-23 17:34:00,311.45,Wallet,0.52,3,0,Success,None,0
TXN001512,CUST00781,2026-09-29 18:31:00,412.87,Card,0.52,2,0,Failed,Authentication Failed,1
TXN001513,CUST00534,2026-08-07 11:36:00,1038.47,Wallet,0.61,3,0,Success,None,0
TXN001514,CUST01160,2026-03-07 16:05:00,1467.3,Card,0.99,1,1,Failed,Authentication Failed,0
TXN001515,CUST00118,2026-03-27 17:42:00,2014.12,Card,0.36,2,0,Success,None,0
TXN001516,CUST01018,2026-02-01 05:11:00,3727.31,Wallet,0.34,2,1,Success,None,0
TXN001517,CUST01921,2026-09-10 07:43:00,567.12,UPI,0.89,1,0,Failed,Authentication Failed,0
TXN001518,CUST02922,2026-09-26 00:10:00,1894.31,Card,0.62,3,1,Failed,Expired Card,0
TXN001519,CUST00300,2026-01-19 23:22:00,697.0,Net Banking,0.73,0,0,Success,None,0
TXN001520,CUST00962,2026-08-09 18:34:00,447.58,Net Banking,0.39,3,0,Failed,Expired Card,0
TXN001521,CUST00022,2026-04-21 03:20:00,781.43,UPI,0.79,2,1,Failed,Authentication Failed,1
TXN001522,CUST00542,2026-07-31 08:22:00,367.79,Net Banking,0.57,4,0,Success,None,0
TXN001523,CUST01067,2026-12-05 17:19:00,441.53,Card,0.65,1,1,Success,None,0
TXN001524,CUST01918,2026-04-26 12:45:00,536.86,Net Banking,0.9,1,0,Success,None,0
TXN001525,CUST00581,2026-04-25 01:23:00,3346.6,Wallet,0.52,2,0,Failed,Insufficient Funds,0
TXN001526,CUST02045,2026-12-04 05:34:00,475.24,Card,0.31,2,0,Failed,Authentication Failed,1
TXN001527,CUST01079,2026-07-08 05:22:00,2533.46,Net Banking,0.51,4,0,Success,None,0
TXN001528,CUST01785,2026-09-26 06:51:00,2014.59,Net Banking,0.51,1,0,Success,None,0
TXN001529,CUST00620,2026-01-20 09:03:00,2311.26,Wallet,0.99,4,1,Failed,Bank Timeout,1
TXN001530,CUST00224,2026-01-14 01:22:00,2636.8,Card,0.73,1,0,Success,None,0
TXN001531,CUST01066,2026-06-08 21:34:00,1601.08,Wallet,0.7,1,1,Success,None,0
TXN001532,CUST02028,2026-05-10 19:19:00,654.28,UPI,0.63,0,1,Success,None,0
TXN001533,CUST01875,2026-11-04 23:02:00,2328.42,Wallet,0.7,3,0,Success,None,0
TXN001534,CUST00507,2026-03-16 04:15:00,1278.6,Card,0.66,2,0,Failed,Network Error,1
TXN001535,CUST00690,2026-07-25 01:43:00,227.52,Card,0.43,4,0,Success,None,0
TXN001536,CUST02391,2026-06-01 14:43:00,1026.3,Card,0.53,0,0,Success,None,0
TXN001537,CUST01009,2026-11-20 01:56:00,454.99,UPI,0.95,3,0,Success,None,0
TXN001538,CUST00107,2026-05-24 12:18:00,1005.87,Net Banking,0.8,2,0,Failed,Network Error,0
TXN001539,CUST01326,2026-01-30 12:20:00,1760.15,UPI,0.38,1,0,Success,None,0
TXN001540,CUST02899,2026-08-17 18:39:00,1889.71,Wallet,0.88,3,1,Success,None,0
TXN001541,CUST02434,2026-01-16 23:08:00,680.41,Net Banking,0.67,0,0,Failed,Expired Card,0
TXN001542,CUST01331,2026-03-18 22:57:00,5874.35,Wallet,0.36,4,0,Failed,Insufficient Funds,1
TXN001543,CUST01324,2026-07-19 05:07:00,457.74,Net Banking,0.78,0,0,Success,None,0
TXN001544,CUST00380,2026-03-06 19:28:00,1222.03,Wallet,0.41,3,0,Failed,Bank Timeout,1
TXN001545,CUST00366,2026-03-01 07:47:00,1167.97,Wallet,0.63,0,0,Failed,Authentication Failed,0
TXN001546,CUST01168,2026-04-19 16:44:00,2548.19,Wallet,0.91,1,0,Success,None,0
TXN001547,CUST01771,2026-05-11 17:22:00,643.24,Wallet,0.38,2,0,Failed,Insufficient Funds,1
TXN001548,CUST02100,2026-06-12 04:20:00,1284.77,Net Banking,0.39,1,1,Failed,Authentication Failed,1
TXN001549,CUST01100,2026-02-02 20:22:00,1232.34,Wallet,0.88,4,1,Success,None,0
TXN001550,CUST01509,2026-06-08 01:16:00,1751.52,Wallet,0.38,4,0,Success,None,0
TXN001551,CUST00381,2026-06-18 18:20:00,2146.79,Wallet,0.54,0,0,Success,None,0
TXN001552,CUST02653,2026-07-11 23:25:00,370.18,Card,0.48,1,1,Failed,Expired Card,0
TXN001553,CUST01191,2026-01-29 19:54:00,2019.63,UPI,0.98,3,1,Success,None,0
TXN001554,CUST01231,2026-09-07 03:37:00,1650.88,Wallet,0.35,1,0,Success,None,0
TXN001555,CUST01019,2026-04-18 13:57:00,3178.95,Net Banking,0.39,4,1,Success,None,0
TXN001556,CUST02257,2026-07-06 22:17:00,3155.33,UPI,0.99,0,0,Success,None,0
TXN001557,CUST02092,2026-02-04 09:37:00,711.09,UPI,0.55,3,1,Success,None,0
TXN001558,CUST02707,2026-05-10 10:02:00,1035.54,Wallet,0.79,4,0,Success,None,0
TXN001559,CUST02399,2026-02-11 11:35:00,1008.84,Net Banking,0.63,0,0,Success,None,0
TXN001560,CUST00736,2026-01-17 11:28:00,659.98,Wallet,0.75,1,1,Success,None,0
TXN001561,CUST01705,2026-08-02 19:06:00,603.27,UPI,0.98,2,0,Success,None,0
TXN001562,CUST02746,2026-05-05 06:37:00,1135.55,Wallet,0.63,3,0,Success,None,0
TXN001563,CUST00865,2026-09-29 23:38:00,2696.93,Card,0.8,1,0,Success,None,0
TXN001564,CUST02759,2026-07-14 13:26:00,3018.02,Net Banking,0.52,0,1,Failed,Insufficient Funds,0
TXN001565,CUST01618,2026-03-04 12:38:00,1190.33,UPI,0.91,0,0,Success,None,0
TXN001566,CUST01885,2026-04-21 05:54:00,745.26,Wallet,0.61,3,1,Success,None,0
TXN001567,CUST02829,2026-02-01 21:46:00,1314.68,Net Banking,0.87,3,0,Failed,Bank Timeout,1
TXN001568,CUST00057,2026-10-25 02:02:00,699.77,Card,0.89,1,0,Success,None,0
TXN001569,CUST02851,2026-03-18 04:16:00,1406.26,UPI,0.43,1,0,Failed,Authentication Failed,0
TXN001570,CUST02662,2026-11-03 14:17:00,310.15,Card,0.87,1,1,Success,None,0
TXN001571,CUST00353,2026-02-23 22:41:00,232.9,Card,0.68,2,1,Failed,Authentication Failed,0
TXN001572,CUST00090,2026-11-25 13:25:00,596.4,Wallet,0.71,0,0,Success,None,0
TXN001573,CUST02878,2026-06-21 15:56:00,739.97,Card,0.34,3,1,Success,None,0
TXN001574,CUST01842,2026-03-15 07:19:00,743.65,UPI,0.89,4,0,Failed,Network Error,1
TXN001575,CUST00209,2026-02-07 09:05:00,3023.35,Wallet,0.53,2,0,Success,None,0
TXN001576,CUST01703,2026-01-14 11:27:00,1381.58,Wallet,0.72,3,0,Failed,Authentication Failed,1
TXN001577,CUST01992,2026-03-26 10:25:00,1993.52,Wallet,0.71,4,1,Success,None,0
TXN001578,CUST02164,2026-07-29 20:41:00,3357.23,UPI,0.77,0,1,Failed,Network Error,1
TXN001579,CUST01098,2026-02-12 13:50:00,2164.76,UPI,0.97,3,1,Success,None,0
TXN001580,CUST02551,2026-09-11 22:58:00,1531.72,Wallet,0.43,2,1,Failed,Authentication Failed,0
TXN001581,CUST00661,2026-06-20 20:17:00,4884.29,UPI,0.85,2,0,Success,None,0
TXN001582,CUST01795,2026-08-02 23:02:00,2964.87,Net Banking,0.88,1,0,Failed,Network Error,1
TXN001583,CUST00538,2026-06-01 18:35:00,758.29,Wallet,0.75,2,1,Failed,Network Error,0
TXN001584,CUST00664,2026-04-13 20:08:00,2008.72,Wallet,0.32,4,0,Success,None,0
TXN001585,CUST02733,2026-03-05 02:14:00,1663.02,UPI,0.42,3,0,Failed,Bank Timeout,1
TXN001586,CUST02482,2026-10-16 21:33:00,570.01,Card,0.94,3,0,Failed,Authentication Failed,1
TXN001587,CUST01244,2026-07-22 17:39:00,1100.04,Wallet,0.94,1,0,Failed,Insufficient Funds,1
TXN001588,CUST01470,2026-09-04 11:05:00,4014.79,UPI,0.46,2,0,Failed,Bank Timeout,1
TXN001589,CUST02063,2026-05-03 23:10:00,3545.73,Card,0.52,0,0,Success,None,0
TXN001590,CUST00467,2026-02-13 22:35:00,1688.21,Wallet,0.58,4,0,Success,None,0
TXN001591,CUST01993,2026-10-13 18:26:00,480.79,Card,0.55,2,0,Success,None,0
TXN001592,CUST00192,2026-11-23 08:08:00,475.85,Net Banking,0.48,4,0,Success,None,0
TXN001593,CUST02827,2026-09-15 04:39:00,1632.26,Card,0.37,4,0,Success,None,0
TXN001594,CUST01794,2026-02-08 13:17:00,866.58,UPI,0.93,3,0,Failed,Expired Card,0
TXN001595,CUST02304,2026-03-02 19:40:00,1856.06,UPI,0.77,0,0,Success,None,0
TXN001596,CUST00842,2026-09-23 04:24:00,1037.3,UPI,0.43,2,0,Failed,Network Error,1
TXN001597,CUST02073,2026-02-26 04:15:00,3251.48,Wallet,0.4,3,0,Failed,Network Error,0
TXN001598,CUST00565,2026-06-09 20:59:00,826.05,Net Banking,0.44,0,0,Failed,Authentication Failed,1
TXN001599,CUST01005,2026-04-15 09:43:00,3220.57,UPI,0.68,3,0,Success,None,0
TXN001600,CUST00350,2026-09-18 09:30:00,399.83,Card,0.78,2,0,Success,None,0
TXN001601,CUST01478,2026-10-02 05:37:00,2387.72,Wallet,0.7,1,0,Success,None,0
TXN001602,CUST00935,2026-05-31 12:25:00,1003.82,Wallet,0.99,1,1,Failed,Authentication Failed,0
TXN001603,CUST02115,2026-06-11 03:18:00,1986.18,Wallet,0.37,2,0,Success,None,0
TXN001604,CUST00041,2026-01-31 20:48:00,658.48,Card,0.94,4,0,Success,None,0
TXN001605,CUST01290,2026-06-08 00:58:00,477.16,Net Banking,0.61,3,0,Failed,Insufficient Funds,0
TXN001606,CUST00152,2026-08-18 23:04:00,5198.66,Wallet,0.96,1,0,Success,None,0
TXN001607,CUST01718,2026-09-20 17:00:00,1218.95,Net Banking,0.82,3,0,Failed,Network Error,1
TXN001608,CUST00033,2026-09-12 23:16:00,1000.47,Net Banking,0.49,2,0,Success,None,0
TXN001609,CUST01828,2026-09-11 22:35:00,3342.74,Wallet,0.48,1,1,Success,None,0
TXN001610,CUST02658,2026-11-17 18:04:00,2146.25,Net Banking,0.32,3,0,Failed,Network Error,0
TXN001611,CUST00152,2026-05-22 23:48:00,1370.1,UPI,0.46,4,0,Success,None,0
TXN001612,CUST02132,2026-03-19 19:38:00,859.25,Card,0.58,4,0,Success,None,0
TXN001613,CUST02096,2026-07-09 19:30:00,901.96,UPI,0.87,4,0,Success,None,0
TXN001614,CUST02604,2026-01-11 03:43:00,1552.21,Net Banking,0.45,1,0,Failed,Expired Card,0
TXN001615,CUST00989,2026-07-03 23:09:00,3504.12,Net Banking,0.4,2,1,Success,None,0
TXN001616,CUST02999,2026-04-05 13:47:00,1109.12,UPI,0.98,0,0,Failed,Expired Card,1
TXN001617,CUST00508,2026-06-13 09:07:00,873.22,Net Banking,0.87,0,0,Success,None,0
TXN001618,CUST02345,2026-05-04 10:03:00,735.82,Net Banking,0.36,0,1,Failed,Bank Timeout,0
TXN001619,CUST01435,2026-08-31 19:39:00,427.7,Card,0.42,2,0,Success,None,0
TXN001620,CUST02926,2026-02-08 07:29:00,4705.25,Card,0.87,3,0,Failed,Network Error,1
TXN001621,CUST01480,2026-02-23 08:36:00,1959.46,Card,0.65,3,0,Success,None,0
TXN001622,CUST01688,2026-01-23 15:27:00,1223.34,Wallet,0.61,0,0,Success,None,0
TXN001623,CUST00533,2026-06-12 10:38:00,592.5,Wallet,0.55,3,0,Success,None,0
TXN001624,CUST01513,2026-08-03 04:06:00,1699.08,UPI,0.35,4,1,Failed,Expired Card,0
TXN001625,CUST01081,2026-08-20 17:28:00,1089.54,Wallet,0.87,4,1,Success,None,0
TXN001626,CUST01803,2026-10-27 22:34:00,1244.48,Wallet,0.86,3,1,Success,None,0
TXN001627,CUST00592,2026-06-26 11:56:00,922.63,Card,0.72,4,0,Success,None,0
TXN001628,CUST00530,2026-09-10 20:22:00,2321.53,Wallet,0.59,4,0,Failed,Bank Timeout,1
TXN001629,CUST01939,2026-12-10 17:24:00,609.96,Wallet,0.82,0,0,Success,None,0
TXN001630,CUST00487,2026-02-10 04:07:00,641.72,Net Banking,0.65,4,1,Failed,Insufficient Funds,0
TXN001631,CUST02342,2026-07-10 08:05:00,3475.72,Net Banking,0.4,2,0,Failed,Bank Timeout,1
TXN001632,CUST01522,2026-04-21 09:55:00,727.85,UPI,0.71,2,0,Success,None,0
TXN001633,CUST01991,2026-02-21 18:02:00,905.35,Net Banking,0.6,0,0,Success,None,0
TXN001634,CUST00200,2026-03-20 11:46:00,1104.35,Wallet,0.61,2,0,Success,None,0
TXN001635,CUST02003,2026-07-19 08:27:00,1876.87,Card,0.71,0,0,Success,None,0
TXN001636,CUST00277,2026-06-25 04:35:00,693.57,Net Banking,0.47,0,1,Success,None,0
TXN001637,CUST02318,2026-10-12 11:32:00,857.78,Net Banking,0.48,3,0,Success,None,0
TXN001638,CUST01947,2026-10-05 10:01:00,2865.81,Wallet,0.77,4,0,Success,None,0
TXN001639,CUST02068,2026-08-31 22:15:00,344.62,Card,0.74,3,1,Failed,Authentication Failed,0
TXN001640,CUST02982,2026-10-19 04:51:00,1045.91,Card,0.64,2,0,Success,None,0
TXN001641,CUST01587,2026-05-04 10:12:00,2103.14,Wallet,0.86,1,1,Success,None,0
TXN001642,CUST02747,2026-08-24 04:06:00,1215.48,UPI,0.8,3,0,Success,None,0
TXN001643,CUST00679,2026-07-24 06:28:00,359.89,UPI,0.62,0,0,Success,None,0
TXN001644,CUST02638,2026-03-12 01:27:00,1066.74,UPI,0.94,4,0,Success,None,0
TXN001645,CUST02336,2026-10-01 06:28:00,1137.34,UPI,0.74,4,0,Success,None,0
TXN001646,CUST02059,2026-08-28 15:54:00,1805.74,Wallet,0.39,0,0,Success,None,0
TXN001647,CUST00078,2026-03-31 07:20:00,1335.24,Card,0.61,2,0,Success,None,0
TXN001648,CUST00347,2026-05-27 06:57:00,577.19,Wallet,0.45,4,0,Failed,Expired Card,0
TXN001649,CUST02014,2026-06-09 02:42:00,1284.49,UPI,0.59,0,0,Success,None,0
TXN001650,CUST01700,2026-05-20 02:03:00,1511.04,Card,0.36,0,0,Success,None,0
TXN001651,CUST00373,2026-07-17 06:08:00,408.35,Net Banking,0.71,0,0,Failed,Bank Timeout,0
TXN001652,CUST00590,2026-10-07 17:32:00,2359.12,Net Banking,0.42,1,0,Success,None,0
TXN001653,CUST00632,2026-09-05 01:46:00,2118.0,UPI,0.84,2,1,Success,None,0
TXN001654,CUST00242,2026-03-08 01:36:00,507.69,Card,0.73,4,0,Success,None,0
TXN001655,CUST02922,2026-05-22 23:20:00,911.38,UPI,0.47,0,0,Success,None,0
TXN001656,CUST01311,2026-11-22 03:14:00,691.5,UPI,0.57,1,1,Success,None,0
TXN001657,CUST01057,2026-01-19 21:19:00,478.35,Net Banking,0.47,3,0,Failed,Bank Timeout,1
TXN001658,CUST02446,2026-06-29 11:43:00,1867.39,Card,0.46,4,0,Failed,Expired Card,0
TXN001659,CUST00472,2026-04-26 21:39:00,1026.42,Wallet,0.54,2,0,Failed,Authentication Failed,0
TXN001660,CUST00269,2026-05-29 08:44:00,1332.05,Wallet,0.88,3,0,Failed,Bank Timeout,1
TXN001661,CUST01103,2026-03-31 16:20:00,1649.33,UPI,0.33,4,0,Success,None,0
TXN001662,CUST01248,2026-06-12 09:03:00,3035.27,Card,0.52,4,1,Failed,Insufficient Funds,0
TXN001663,CUST00584,2026-10-12 17:25:00,797.32,Card,0.96,2,0,Success,None,0
TXN001664,CUST02202,2026-01-16 05:11:00,2965.05,Card,0.84,3,1,Success,None,0
TXN001665,CUST01904,2026-08-26 18:30:00,1623.05,UPI,0.44,4,0,Success,None,0
TXN001666,CUST00003,2026-04-10 12:09:00,1699.56,Card,0.9,0,1,Success,None,0
TXN001667,CUST02786,2026-11-03 17:20:00,1213.34,Net Banking,0.7,3,0,Success,None,0
TXN001668,CUST02397,2026-01-17 13:27:00,427.48,Card,0.31,4,0,Success,None,0
TXN001669,CUST02188,2026-04-20 11:01:00,1130.14,Card,0.95,4,0,Success,None,0
TXN001670,CUST01620,2026-09-21 23:47:00,881.12,UPI,0.88,0,0,Failed,Expired Card,0
TXN001671,CUST01770,2026-11-18 19:54:00,1027.89,Net Banking,0.35,1,0,Success,None,0
TXN001672,CUST02602,2026-04-10 09:37:00,86.8,Net Banking,0.65,2,1,Success,None,0
TXN001673,CUST02713,2026-03-18 16:27:00,423.62,Card,0.75,2,0,Failed,Authentication Failed,0
TXN001674,CUST00066,2026-08-10 15:39:00,1053.73,Net Banking,0.73,1,0,Failed,Authentication Failed,0
TXN001675,CUST00040,2026-07-22 08:34:00,582.48,UPI,0.74,1,1,Failed,Authentication Failed,0
TXN001676,CUST02205,2026-07-16 02:47:00,1126.88,Wallet,0.87,0,0,Success,None,0
TXN001677,CUST02751,2026-05-09 12:30:00,91.86,UPI,0.83,3,0,Failed,Authentication Failed,0
TXN001678,CUST01585,2026-02-15 10:12:00,1215.51,Net Banking,0.68,1,0,Failed,Authentication Failed,1
TXN001679,CUST00791,2026-03-22 15:40:00,1750.66,Net Banking,0.39,3,0,Success,None,0
TXN001680,CUST01152,2026-02-02 18:08:00,815.51,UPI,0.37,2,0,Success,None,0
TXN001681,CUST02941,2026-06-29 18:57:00,2828.22,Net Banking,0.46,1,0,Success,None,0
TXN001682,CUST00151,2026-11-26 07:42:00,684.04,Net Banking,0.46,2,1,Success,None,0
TXN001683,CUST00030,2026-02-10 09:27:00,1351.46,Card,0.39,1,1,Success,None,0
TXN001684,CUST02332,2026-03-04 01:39:00,2486.32,Net Banking,0.41,4,1,Success,None,0
TXN001685,CUST02703,2026-01-24 19:07:00,793.62,Card,0.65,4,0,Success,None,0
TXN001686,CUST00267,2026-12-06 21:36:00,1356.1,Card,0.96,1,0,Success,None,0
TXN001687,CUST02143,2026-11-05 15:01:00,1141.73,Card,0.58,2,0,Success,None,0
TXN001688,CUST02839,2026-09-05 19:52:00,1823.34,UPI,0.65,4,0,Success,None,0
TXN001689,CUST00009,2026-11-07 21:08:00,2884.03,Wallet,0.88,3,0,Success,None,0
TXN001690,CUST01772,2026-02-14 07:35:00,1067.41,Net Banking,0.53,3,0,Success,None,0
TXN001691,CUST02030,2026-11-18 18:47:00,328.9,Wallet,0.86,2,0,Success,None,0
TXN001692,CUST00193,2026-07-13 20:16:00,1532.9,Card,0.53,2,1,Failed,Authentication Failed,1
TXN001693,CUST00022,2026-05-02 20:42:00,1000.53,Net Banking,0.42,3,0,Success,None,0
TXN001694,CUST02343,2026-09-09 01:22:00,1354.81,UPI,0.51,0,0,Failed,Authentication Failed,1
TXN001695,CUST01024,2026-04-30 20:48:00,6121.99,UPI,0.55,1,0,Success,None,0
TXN001696,CUST00258,2026-06-24 18:00:00,4754.22,Net Banking,0.98,0,0,Success,None,0
TXN001697,CUST00099,2026-11-03 00:28:00,550.93,Wallet,0.62,4,0,Success,None,0
TXN001698,CUST01013,2026-03-28 18:48:00,573.19,Net Banking,0.44,0,1,Success,None,0
TXN001699,CUST00223,2026-12-10 12:50:00,1047.8,Net Banking,0.84,2,0,Success,None,0
TXN001700,CUST02458,2026-10-06 04:47:00,837.93,UPI,0.69,4,1,Failed,Insufficient Funds,0
TXN001701,CUST02372,2026-01-23 02:17:00,1402.31,Wallet,0.55,0,0,Success,None,0
TXN001702,CUST01546,2026-10-12 22:52:00,899.46,UPI,0.52,2,0,Success,None,0
TXN001703,CUST00254,2026-04-20 18:17:00,966.19,Card,0.65,3,0,Failed,Expired Card,0
TXN001704,CUST00270,2026-07-23 14:52:00,946.64,Wallet,0.96,0,0,Success,None,0
TXN001705,CUST01208,2026-02-04 21:22:00,1889.7,UPI,0.68,3,1,Failed,Expired Card,0
TXN001706,CUST00955,2026-06-15 01:58:00,935.35,Wallet,0.76,4,0,Success,None,0
TXN001707,CUST01902,2026-05-04 15:36:00,2197.37,Wallet,0.34,3,0,Failed,Insufficient Funds,1
TXN001708,CUST02119,2026-02-09 07:46:00,424.51,Wallet,1.0,2,0,Success,None,0
TXN001709,CUST00051,2026-08-04 20:43:00,1141.88,UPI,0.51,4,0,Failed,Bank Timeout,1
TXN001710,CUST02611,2026-05-10 09:27:00,3611.37,Card,0.56,4,0,Success,None,0
TXN001711,CUST01972,2026-03-09 16:37:00,575.3,Wallet,0.31,4,1,Failed,Bank Timeout,1
TXN001712,CUST00181,2026-04-24 11:23:00,1165.09,Card,0.95,0,0,Success,None,0
TXN001713,CUST02102,2026-08-01 12:09:00,967.69,Wallet,0.55,2,0,Failed,Expired Card,0
TXN001714,CUST00604,2026-08-08 15:58:00,3370.54,Card,0.85,3,0,Failed,Network Error,1
TXN001715,CUST01511,2026-01-21 20:50:00,7118.19,Net Banking,0.96,0,0,Success,None,0
TXN001716,CUST02078,2026-06-03 16:01:00,907.98,Card,0.68,4,0,Failed,Network Error,1
TXN001717,CUST00821,2026-05-05 08:31:00,2200.85,Card,0.4,1,0,Success,None,0
TXN001718,CUST02736,2026-08-07 08:48:00,2342.68,Card,0.41,3,1,Failed,Network Error,1
TXN001719,CUST02524,2026-04-30 15:31:00,367.93,Net Banking,0.64,2,1,Failed,Bank Timeout,0
TXN001720,CUST01861,2026-03-21 21:11:00,621.15,UPI,0.34,0,1,Failed,Insufficient Funds,1
TXN001721,CUST02840,2026-08-16 03:53:00,715.23,Card,0.89,1,1,Success,None,0
TXN001722,CUST00980,2026-10-21 22:02:00,1237.35,Card,0.67,3,0,Success,None,0
TXN001723,CUST00841,2026-10-28 18:26:00,763.2,Wallet,0.52,3,0,Success,None,0
TXN001724,CUST01487,2026-05-11 07:15:00,738.99,UPI,0.45,0,0,Failed,Insufficient Funds,0
TXN001725,CUST00584,2026-03-12 18:43:00,635.81,UPI,0.39,2,1,Failed,Expired Card,0
TXN001726,CUST00180,2026-03-14 00:37:00,2378.58,Net Banking,0.75,0,0,Success,None,0
TXN001727,CUST00714,2026-09-19 17:17:00,1257.91,Net Banking,0.41,1,0,Failed,Bank Timeout,0
TXN001728,CUST02272,2026-03-13 08:33:00,1499.3,Net Banking,0.45,1,0,Failed,Insufficient Funds,0
TXN001729,CUST01073,2026-10-30 17:17:00,1997.53,Card,0.76,0,0,Failed,Bank Timeout,0
TXN001730,CUST02683,2026-12-07 19:53:00,954.17,Wallet,0.48,0,0,Success,None,0
TXN001731,CUST01250,2026-05-15 13:58:00,695.37,Card,0.65,3,0,Failed,Network Error,1
TXN001732,CUST02159,2026-11-16 19:28:00,993.05,Card,0.55,4,1,Success,None,0
TXN001733,CUST00486,2026-10-17 09:55:00,776.19,UPI,0.56,1,0,Success,None,0
TXN001734,CUST00786,2026-09-10 19:21:00,1483.72,Card,0.41,4,1,Success,None,0
TXN001735,CUST01303,2026-08-20 14:42:00,533.15,Net Banking,0.56,4,1,Failed,Bank Timeout,1
TXN001736,CUST02524,2026-11-08 02:10:00,1777.03,UPI,0.38,4,0,Success,None,0
TXN001737,CUST00609,2026-01-20 09:23:00,724.44,Net Banking,0.7,2,0,Success,None,0
TXN001738,CUST00518,2026-03-18 04:20:00,3165.99,Net Banking,0.69,4,1,Failed,Insufficient Funds,1
TXN001739,CUST02718,2026-03-02 23:03:00,1535.74,Wallet,0.76,4,0,Success,None,0
TXN001740,CUST02643,2026-07-01 12:43:00,2443.83,Wallet,0.93,4,0,Success,None,0
TXN001741,CUST00734,2026-07-11 07:40:00,1185.99,Wallet,0.82,2,0,Success,None,0
TXN001742,CUST02932,2026-04-08 16:45:00,534.21,Wallet,0.72,3,1,Failed,Expired Card,0
TXN001743,CUST02614,2026-03-17 10:32:00,765.99,Wallet,0.62,4,0,Failed,Bank Timeout,1
TXN001744,CUST01852,2026-03-21 14:06:00,1327.22,Card,0.31,1,1,Success,None,0
TXN001745,CUST01741,2026-12-07 14:30:00,6099.91,Net Banking,0.76,3,0,Success,None,0
TXN001746,CUST01043,2026-02-18 21:47:00,2243.39,Net Banking,0.45,4,0,Failed,Insufficient Funds,0
TXN001747,CUST01821,2026-03-25 19:19:00,1099.4,Net Banking,0.99,4,0,Failed,Expired Card,0
TXN001748,CUST01906,2026-06-05 03:20:00,2933.62,UPI,0.75,4,0,Success,None,0
TXN001749,CUST01916,2026-05-14 19:22:00,6402.37,Wallet,0.76,3,1,Failed,Authentication Failed,1
TXN001750,CUST01119,2026-03-07 09:04:00,2862.55,Net Banking,0.89,3,0,Failed,Authentication Failed,0
TXN001751,CUST01088,2026-11-25 05:12:00,3726.2,Card,0.8,0,0,Success,None,0
TXN001752,CUST01207,2026-10-14 03:03:00,1468.94,UPI,0.7,4,0,Success,None,0
TXN001753,CUST00933,2026-01-26 23:27:00,1609.3,Net Banking,0.62,0,0,Failed,Network Error,1
TXN001754,CUST02237,2026-03-13 14:19:00,1037.11,UPI,0.97,1,0,Success,None,0
TXN001755,CUST01025,2026-03-11 09:51:00,649.01,Net Banking,0.81,2,0,Failed,Expired Card,0
TXN001756,CUST02934,2026-01-04 02:34:00,908.17,Card,0.61,4,0,Success,None,0
TXN001757,CUST01155,2026-12-11 08:39:00,704.03,Net Banking,0.61,2,1,Failed,Authentication Failed,1
TXN001758,CUST01934,2026-11-12 02:33:00,3124.32,UPI,0.67,4,0,Success,None,0
TXN001759,CUST00933,2026-06-22 17:42:00,1497.7,Wallet,0.77,1,0,Success,None,0
TXN001760,CUST02113,2026-09-21 01:23:00,185.61,Card,0.49,4,1,Success,None,0
TXN001761,CUST01396,2026-11-04 22:43:00,1723.09,Wallet,0.75,0,0,Failed,Bank Timeout,1
TXN001762,CUST02859,2026-06-09 17:15:00,4058.78,Wallet,0.66,3,0,Success,None,0
TXN001763,CUST02288,2026-02-20 14:09:00,642.26,Wallet,0.44,0,0,Success,None,0
TXN001764,CUST01252,2026-10-23 01:23:00,916.26,Card,0.59,0,1,Success,None,0
TXN001765,CUST01392,2026-06-04 23:59:00,1408.27,Net Banking,0.66,1,1,Failed,Authentication Failed,0
TXN001766,CUST01336,2026-07-26 15:34:00,4564.04,Net Banking,0.42,4,0,Failed,Insufficient Funds,0
TXN001767,CUST00630,2026-05-19 20:00:00,500.25,Card,0.75,2,1,Success,None,0
TXN001768,CUST01601,2026-03-10 13:43:00,564.4,Card,0.88,0,1,Success,None,0
TXN001769,CUST00445,2026-08-21 15:41:00,954.75,Wallet,0.99,2,1,Success,None,0
TXN001770,CUST00382,2026-09-03 17:14:00,844.44,Net Banking,0.8,1,0,Failed,Expired Card,0
TXN001771,CUST00132,2026-01-10 18:31:00,1165.95,Card,0.94,4,1,Success,None,0
TXN001772,CUST00816,2026-04-14 08:02:00,728.21,Card,0.68,0,1,Success,None,0
TXN001773,CUST00955,2026-06-15 12:54:00,1241.73,Card,0.35,2,0,Success,None,0
TXN001774,CUST01510,2026-03-04 13:26:00,1507.97,UPI,0.47,4,0,Success,None,0
TXN001775,CUST01683,2026-02-10 07:41:00,6779.57,Net Banking,0.55,3,0,Failed,Bank Timeout,1
TXN001776,CUST01959,2026-11-25 23:40:00,408.46,Wallet,0.88,0,1,Success,None,0
TXN001777,CUST00533,2026-06-07 08:37:00,1647.13,Card,0.94,1,0,Success,None,0
TXN001778,CUST00651,2026-08-02 21:34:00,942.97,Wallet,0.33,4,0,Success,None,0
TXN001779,CUST02059,2026-03-15 10:30:00,1320.8,Card,0.67,3,0,Failed,Insufficient Funds,1
TXN001780,CUST01826,2026-08-09 05:14:00,2255.66,Card,0.62,0,1,Success,None,0
TXN001781,CUST02154,2026-06-17 13:19:00,4020.28,Card,0.5,2,1,Success,None,0
TXN001782,CUST02360,2026-04-15 19:48:00,1490.0,Wallet,0.36,0,0,Success,None,0
TXN001783,CUST01421,2026-08-12 04:42:00,2126.96,Wallet,0.99,2,1,Failed,Bank Timeout,1
TXN001784,CUST01021,2026-06-16 16:33:00,2583.41,Wallet,0.53,1,1,Success,None,0
TXN001785,CUST02700,2026-05-24 06:54:00,1545.87,Wallet,0.92,1,0,Success,None,0
TXN001786,CUST00982,2026-11-18 07:53:00,2133.05,UPI,0.91,1,0,Failed,Expired Card,0
TXN001787,CUST02731,2026-11-27 20:39:00,414.36,Net Banking,0.66,0,0,Success,None,0
TXN001788,CUST01685,2026-05-15 06:01:00,447.1,Wallet,0.33,4,0,Failed,Insufficient Funds,0
TXN001789,CUST02067,2026-06-14 04:20:00,396.9,UPI,0.6,2,1,Failed,Bank Timeout,0
TXN001790,CUST00850,2026-06-18 06:28:00,771.9,Net Banking,0.83,4,0,Success,None,0
TXN001791,CUST00300,2026-05-06 02:55:00,1078.74,UPI,0.34,3,1,Failed,Authentication Failed,0
TXN001792,CUST01625,2026-04-02 05:49:00,1382.08,Card,0.41,0,0,Success,None,0
TXN001793,CUST02905,2026-09-02 01:07:00,591.15,UPI,0.71,1,0,Success,None,0
TXN001794,CUST01986,2026-01-31 01:19:00,2234.19,Wallet,0.96,3,0,Success,None,0
TXN001795,CUST02923,2026-06-21 09:48:00,3770.48,Card,0.69,3,0,Success,None,0
TXN001796,CUST00661,2026-08-09 23:56:00,1174.16,Net Banking,0.38,1,0,Failed,Insufficient Funds,1
TXN001797,CUST01205,2026-03-03 07:58:00,2356.74,Card,0.98,0,1,Success,None,0
TXN001798,CUST02751,2026-02-25 21:16:00,7042.64,UPI,0.34,0,0,Success,None,0
TXN001799,CUST01467,2026-09-18 02:37:00,255.54,Wallet,0.93,1,0,Success,None,0
TXN001800,CUST02765,2026-06-10 22:45:00,623.52,UPI,0.73,4,0,Success,None,0
TXN001801,CUST02601,2026-05-23 05:16:00,1000.16,UPI,0.49,4,0,Success,None,0
TXN001802,CUST01819,2026-01-18 17:14:00,831.53,Net Banking,0.96,0,0,Success,None,0
TXN001803,CUST00827,2026-11-27 20:50:00,593.78,Wallet,0.95,1,0,Success,None,0
TXN001804,CUST00820,2026-06-03 12:43:00,1158.01,Card,0.76,0,0,Success,None,0
TXN001805,CUST00060,2026-09-05 13:34:00,1337.64,UPI,0.8,2,0,Success,None,0
TXN001806,CUST00904,2026-09-21 14:30:00,1167.35,UPI,0.66,0,0,Failed,Bank Timeout,1
TXN001807,CUST01703,2026-10-24 23:02:00,1335.92,UPI,0.64,4,0,Success,None,0
TXN001808,CUST01322,2026-08-16 10:28:00,494.61,Net Banking,0.31,4,0,Failed,Bank Timeout,1
TXN001809,CUST01753,2026-03-19 20:02:00,985.01,Wallet,0.6,0,0,Success,None,0
TXN001810,CUST01461,2026-01-06 11:01:00,1661.52,UPI,0.72,2,0,Failed,Authentication Failed,1
TXN001811,CUST00050,2026-06-17 00:50:00,845.45,Net Banking,0.32,3,0,Failed,Bank Timeout,0
TXN001812,CUST02696,2026-01-16 23:56:00,518.17,UPI,0.44,2,0,Failed,Insufficient Funds,1
TXN001813,CUST01684,2026-02-07 01:39:00,1756.01,Card,0.94,2,1,Success,None,0
TXN001814,CUST01032,2026-08-18 16:39:00,1869.63,Card,0.78,0,0,Failed,Authentication Failed,0
TXN001815,CUST01361,2026-11-07 00:59:00,1501.33,Card,0.66,1,0,Success,None,0
TXN001816,CUST00277,2026-08-10 13:26:00,1576.35,Wallet,0.89,2,0,Success,None,0
TXN001817,CUST01567,2026-07-03 06:57:00,630.25,Wallet,0.85,4,0,Failed,Expired Card,1
TXN001818,CUST00953,2026-04-23 10:45:00,647.27,UPI,1.0,0,0,Failed,Bank Timeout,1
TXN001819,CUST00998,2026-01-22 19:36:00,2507.66,Wallet,0.69,4,0,Success,None,0
TXN001820,CUST01535,2026-03-15 13:12:00,791.58,Card,0.95,3,0,Failed,Bank Timeout,1
TXN001821,CUST00838,2026-12-03 04:52:00,2076.52,Wallet,0.92,0,0,Success,None,0
TXN001822,CUST01347,2026-04-26 14:41:00,427.8,Wallet,0.72,1,0,Success,None,0
TXN001823,CUST02134,2026-10-01 06:24:00,1062.75,UPI,0.36,3,0,Success,None,0
TXN001824,CUST00939,2026-03-30 04:48:00,269.39,UPI,0.65,2,0,Failed,Bank Timeout,1
TXN001825,CUST02724,2026-08-10 09:20:00,1364.32,UPI,0.71,1,0,Failed,Authentication Failed,0
TXN001826,CUST00752,2026-01-24 12:37:00,208.57,Net Banking,0.8,3,0,Success,None,0
TXN001827,CUST00287,2026-08-19 23:10:00,495.9,Wallet,0.7,1,0,Failed,Bank Timeout,1
TXN001828,CUST00515,2026-08-04 18:29:00,704.19,Card,0.79,0,0,Success,None,0
TXN001829,CUST00968,2026-06-05 04:32:00,387.12,Card,0.69,4,0,Failed,Authentication Failed,1
TXN001830,CUST00673,2026-06-04 09:06:00,249.03,Net Banking,0.92,1,0,Failed,Bank Timeout,1
TXN001831,CUST01242,2026-08-20 09:59:00,934.01,Card,0.56,2,1,Success,None,0
TXN001832,CUST01114,2026-12-13 06:04:00,1471.46,Card,0.92,3,0,Success,None,0
TXN001833,CUST01632,2026-06-21 09:09:00,816.35,Net Banking,0.77,3,0,Success,None,0
TXN001834,CUST01732,2026-10-04 19:48:00,1301.21,Wallet,0.63,4,1,Failed,Bank Timeout,1
TXN001835,CUST00082,2026-11-07 22:44:00,913.77,Wallet,0.51,3,1,Failed,Insufficient Funds,0
TXN001836,CUST02438,2026-07-21 06:53:00,3467.06,Net Banking,0.82,4,0,Failed,Bank Timeout,1
TXN001837,CUST01559,2026-06-15 03:38:00,1354.41,Net Banking,0.71,3,0,Success,None,0
TXN001838,CUST01537,2026-01-27 04:37:00,968.32,Net Banking,0.72,4,1,Failed,Network Error,0
TXN001839,CUST02929,2026-02-26 08:00:00,482.66,Card,0.39,3,0,Success,None,0
TXN001840,CUST00018,2026-06-28 22:23:00,1152.7,Card,0.96,0,0,Success,None,0
TXN001841,CUST01704,2026-05-20 19:46:00,1463.1,Wallet,0.47,3,0,Failed,Authentication Failed,1
TXN001842,CUST02626,2026-05-29 20:02:00,1641.61,Net Banking,0.81,4,0,Failed,Insufficient Funds,1
TXN001843,CUST01577,2026-03-12 17:11:00,4572.52,UPI,0.38,4,0,Failed,Authentication Failed,0
TXN001844,CUST02959,2026-08-20 04:32:00,1108.5,Net Banking,0.68,2,1,Success,None,0
TXN001845,CUST02853,2026-12-04 08:02:00,1563.98,Net Banking,0.79,0,1,Success,None,0
TXN001846,CUST01011,2026-01-13 13:31:00,750.98,Wallet,0.79,1,1,Success,None,0
TXN001847,CUST02585,2026-04-06 03:32:00,1508.47,Net Banking,0.67,0,0,Success,None,0
TXN001848,CUST02790,2026-04-01 01:56:00,547.0,Wallet,0.54,1,0,Success,None,0
TXN001849,CUST00051,2026-08-23 14:49:00,579.95,Card,0.61,0,0,Success,None,0
TXN001850,CUST01629,2026-07-08 19:02:00,1254.2,Wallet,0.86,4,0,Success,None,0
TXN001851,CUST01733,2026-04-03 01:37:00,862.42,Card,0.59,1,1,Success,None,0
TXN001852,CUST02051,2026-08-02 09:14:00,1649.49,Net Banking,0.93,4,1,Success,None,0
TXN001853,CUST01686,2026-08-20 15:01:00,795.74,Net Banking,0.42,0,0,Failed,Expired Card,0
TXN001854,CUST00585,2026-12-05 14:36:00,2106.14,Net Banking,0.48,2,0,Failed,Authentication Failed,1
TXN001855,CUST00027,2026-01-01 13:47:00,1789.33,Net Banking,0.61,1,1,Success,None,0
TXN001856,CUST00287,2026-08-27 07:17:00,275.74,UPI,0.82,3,1,Success,None,0
TXN001857,CUST01766,2026-05-17 09:45:00,594.64,Net Banking,0.82,1,0,Failed,Bank Timeout,1
TXN001858,CUST00812,2026-07-02 23:54:00,2794.83,Card,0.54,3,0,Success,None,0
TXN001859,CUST01846,2026-03-09 14:07:00,376.65,UPI,0.69,4,0,Success,None,0
TXN001860,CUST00242,2026-04-05 10:15:00,1957.28,Card,0.76,1,0,Success,None,0
TXN001861,CUST01806,2026-11-13 03:51:00,790.1,Wallet,0.79,4,0,Failed,Bank Timeout,1
TXN001862,CUST01201,2026-02-15 09:29:00,2052.24,UPI,0.55,0,1,Success,None,0
TXN001863,CUST00264,2026-08-02 05:27:00,1885.16,Net Banking,0.86,2,0,Success,None,0
TXN001864,CUST01958,2026-01-04 11:04:00,462.37,Card,0.82,3,0,Success,None,0
TXN001865,CUST01090,2026-02-05 06:13:00,2688.34,UPI,0.51,0,0,Success,None,0
TXN001866,CUST02140,2026-08-08 12:57:00,720.95,Card,0.82,0,1,Success,None,0
TXN001867,CUST01991,2026-08-09 01:04:00,805.91,Net Banking,0.87,3,0,Success,None,0
TXN001868,CUST01379,2026-04-25 18:28:00,246.07,Wallet,0.68,2,0,Success,None,0
TXN001869,CUST01480,2026-08-11 09:19:00,2021.47,Card,0.88,3,1,Success,None,0
TXN001870,CUST01459,2026-01-02 02:57:00,500.51,UPI,0.59,2,0,Failed,Authentication Failed,1
TXN001871,CUST02971,2026-08-08 03:33:00,597.54,Wallet,0.84,1,0,Failed,Insufficient Funds,0
TXN001872,CUST02865,2026-06-14 12:55:00,501.2,Net Banking,0.6,1,0,Success,None,0
TXN001873,CUST02110,2026-01-02 03:20:00,890.57,Wallet,0.36,3,0,Success,None,0
TXN001874,CUST00069,2026-10-22 00:32:00,648.63,Net Banking,0.87,2,0,Success,None,0
TXN001875,CUST02777,2026-08-09 21:58:00,498.91,Net Banking,0.69,3,0,Success,None,0
TXN001876,CUST01640,2026-05-07 19:47:00,764.32,Wallet,0.3,4,0,Failed,Authentication Failed,0
TXN001877,CUST02697,2026-04-17 23:48:00,2610.66,Wallet,0.63,0,1,Success,None,0
TXN001878,CUST02917,2026-02-16 13:16:00,1297.56,Card,0.78,1,0,Failed,Authentication Failed,0
TXN001879,CUST01235,2026-03-03 04:28:00,302.59,UPI,0.69,4,1,Failed,Authentication Failed,1
TXN001880,CUST01975,2026-03-30 14:28:00,627.76,UPI,0.3,4,0,Failed,Bank Timeout,0
TXN001881,CUST02703,2026-06-08 08:09:00,490.58,Card,0.41,0,0,Failed,Insufficient Funds,1
TXN001882,CUST01338,2026-03-22 05:40:00,502.2,Card,0.85,3,0,Success,None,0
TXN001883,CUST02728,2026-08-31 07:01:00,830.69,Net Banking,0.38,3,0,Success,None,0
TXN001884,CUST02190,2026-10-17 15:32:00,2031.73,Card,0.75,3,0,Failed,Network Error,1
TXN001885,CUST02360,2026-08-23 11:14:00,2440.05,Card,0.62,4,0,Success,None,0
TXN001886,CUST01545,2026-10-22 08:19:00,534.57,Net Banking,0.34,3,1,Failed,Bank Timeout,1
TXN001887,CUST01062,2026-02-01 22:09:00,221.6,Card,0.81,0,0,Success,None,0
TXN001888,CUST00366,2026-09-29 02:34:00,1126.9,UPI,0.96,2,0,Success,None,0
TXN001889,CUST02347,2026-11-07 16:30:00,1253.95,UPI,0.88,2,0,Failed,Network Error,1
TXN001890,CUST02364,2026-01-23 12:45:00,2778.89,Wallet,0.52,0,0,Success,None,0
TXN001891,CUST01590,2026-10-08 19:33:00,663.29,Card,0.67,3,0,Failed,Network Error,1
TXN001892,CUST02129,2026-02-08 19:21:00,867.74,Card,0.45,4,0,Success,None,0
TXN001893,CUST00038,2026-04-26 00:36:00,3263.59,Wallet,0.82,4,1,Success,None,0
TXN001894,CUST01216,2026-09-05 13:45:00,860.14,Card,0.53,1,1,Success,None,0
TXN001895,CUST00604,2026-02-23 02:38:00,456.24,Wallet,0.46,4,0,Success,None,0
TXN001896,CUST02454,2026-07-02 21:50:00,1038.68,UPI,0.9,2,0,Success,None,0
TXN001897,CUST01121,2026-08-18 18:26:00,8583.49,UPI,0.98,4,1,Success,None,0
TXN001898,CUST02028,2026-01-22 09:54:00,181.35,Card,0.45,2,1,Success,None,0
TXN001899,CUST00626,2026-09-13 00:15:00,685.99,Net Banking,0.77,1,0,Success,None,0
TXN001900,CUST00734,2026-04-19 21:35:00,667.93,UPI,0.95,3,1,Failed,Bank Timeout,1
TXN001901,CUST02245,2026-06-03 19:18:00,796.33,UPI,0.73,3,0,Failed,Authentication Failed,0
TXN001902,CUST01604,2026-07-12 04:22:00,481.01,Net Banking,0.94,3,0,Failed,Network Error,1
TXN001903,CUST02853,2026-02-05 10:23:00,825.43,Net Banking,0.61,1,1,Success,None,0
TXN001904,CUST01325,2026-11-06 09:45:00,387.72,Card,0.35,4,0,Failed,Network Error,0
TXN001905,CUST02682,2026-06-10 21:14:00,1190.69,Wallet,0.31,1,0,Success,None,0
TXN001906,CUST01193,2026-03-21 10:06:00,1235.8,Wallet,0.74,1,0,Success,None,0
TXN001907,CUST02668,2026-09-22 07:30:00,1328.36,Card,0.35,0,0,Success,None,0
TXN001908,CUST02779,2026-12-13 00:42:00,1971.29,UPI,0.97,1,1,Failed,Authentication Failed,1
TXN001909,CUST00231,2026-06-22 12:47:00,552.14,Card,0.43,0,0,Success,None,0
TXN001910,CUST00215,2026-08-05 01:08:00,311.33,Card,0.97,0,0,Success,None,0
TXN001911,CUST00609,2026-01-13 09:02:00,1295.23,Wallet,0.54,3,0,Success,None,0
TXN001912,CUST00987,2026-04-21 04:56:00,614.92,UPI,0.6,3,1,Failed,Expired Card,0
TXN001913,CUST02674,2026-10-11 03:54:00,595.05,Card,0.84,3,0,Failed,Authentication Failed,1
TXN001914,CUST01128,2026-01-05 05:23:00,2210.42,Wallet,0.63,3,0,Success,None,0
TXN001915,CUST00478,2026-06-28 02:51:00,500.79,UPI,0.66,0,0,Success,None,0
TXN001916,CUST00095,2026-04-10 15:50:00,798.74,Card,0.93,4,1,Success,None,0
TXN001917,CUST02429,2026-06-26 06:55:00,956.62,UPI,0.93,1,1,Success,None,0
TXN001918,CUST01223,2026-02-06 04:55:00,159.97,Wallet,0.3,4,0,Failed,Network Error,1
TXN001919,CUST02924,2026-05-28 13:49:00,633.44,UPI,0.33,4,0,Success,None,0
TXN001920,CUST01613,2026-01-24 06:38:00,669.3,UPI,0.48,4,1,Failed,Expired Card,0
TXN001921,CUST00850,2026-11-10 20:18:00,1532.81,UPI,0.64,0,0,Success,None,0
TXN001922,CUST00022,2026-10-19 10:59:00,1462.1,Card,0.98,4,1,Failed,Network Error,1
TXN001923,CUST00161,2026-08-26 14:51:00,555.3,UPI,0.57,1,0,Success,None,0
TXN001924,CUST00360,2026-11-07 00:05:00,711.37,Card,0.73,4,0,Success,None,0
TXN001925,CUST00347,2026-05-13 08:49:00,1416.54,UPI,0.73,0,0,Failed,Expired Card,0
TXN001926,CUST01733,2026-04-20 10:40:00,355.83,Card,0.75,0,0,Success,None,0
TXN001927,CUST02128,2026-02-20 22:04:00,354.84,UPI,0.37,2,1,Failed,Expired Card,0
TXN001928,CUST02848,2026-08-09 16:48:00,2614.05,Wallet,0.96,2,0,Success,None,0
TXN001929,CUST02818,2026-03-28 07:48:00,2623.19,Card,0.65,0,0,Success,None,0
TXN001930,CUST00771,2026-11-08 16:35:00,602.76,UPI,0.87,1,0,Success,None,0
TXN001931,CUST00550,2026-08-04 11:04:00,844.43,Card,0.7,4,0,Success,None,0
TXN001932,CUST01137,2026-01-28 01:45:00,1211.73,Net Banking,0.4,1,1,Failed,Expired Card,0
TXN001933,CUST01068,2026-05-26 15:46:00,134.92,Net Banking,0.3,3,0,Success,None,0
TXN001934,CUST00342,2026-12-09 07:35:00,390.56,Wallet,0.55,2,1,Success,None,0
TXN001935,CUST02196,2026-08-18 05:15:00,2828.06,Card,0.97,1,0,Success,None,0
TXN001936,CUST02594,2026-07-25 05:10:00,2512.23,Net Banking,0.58,1,0,Success,None,0
TXN001937,CUST01720,2026-10-14 19:45:00,365.36,Card,0.39,1,0,Success,None,0
TXN001938,CUST01553,2026-01-29 05:25:00,2377.53,Wallet,0.55,0,0,Success,None,0
TXN001939,CUST00511,2026-09-07 00:42:00,354.6,Net Banking,0.72,4,0,Failed,Expired Card,0
TXN001940,CUST00271,2026-05-13 02:21:00,982.95,Wallet,0.68,2,0,Success,None,0
TXN001941,CUST01120,2026-04-10 15:09:00,1924.68,Net Banking,0.84,1,0,Failed,Insufficient Funds,1
TXN001942,CUST01545,2026-12-13 12:48:00,1680.03,UPI,0.68,1,1,Success,None,0
TXN001943,CUST00506,2026-08-03 09:14:00,1389.15,UPI,0.51,1,0,Success,None,0
TXN001944,CUST00392,2026-09-13 00:40:00,1381.9,Wallet,0.63,4,0,Failed,Expired Card,1
TXN001945,CUST02260,2026-11-23 10:21:00,914.44,Net Banking,0.95,2,0,Success,None,0
TXN001946,CUST00700,2026-03-07 18:44:00,979.06,UPI,0.77,2,1,Success,None,0
TXN001947,CUST02777,2026-06-23 14:52:00,2853.85,Net Banking,0.33,4,1,Failed,Expired Card,0
TXN001948,CUST01062,2026-08-28 09:52:00,325.32,Card,0.84,0,0,Success,None,0
TXN001949,CUST00585,2026-01-20 05:56:00,1792.36,Card,0.3,3,0,Failed,Network Error,1
TXN001950,CUST02778,2026-09-15 07:59:00,180.6,Card,0.48,4,1,Success,None,0
TXN001951,CUST00750,2026-10-18 17:07:00,552.76,Wallet,0.65,3,0,Success,None,0
TXN001952,CUST02058,2026-12-13 20:05:00,672.29,Wallet,0.47,2,0,Failed,Authentication Failed,1
TXN001953,CUST01251,2026-05-29 00:10:00,1429.35,Card,0.87,0,0,Success,None,0
TXN001954,CUST00370,2026-09-23 18:25:00,4002.02,Net Banking,0.85,0,0,Success,None,0
TXN001955,CUST00384,2026-01-31 19:06:00,690.84,Card,0.99,1,0,Success,None,0
TXN001956,CUST02270,2026-12-12 07:13:00,1089.32,Net Banking,0.41,3,0,Success,None,0
TXN001957,CUST02774,2026-06-24 15:17:00,1840.64,Wallet,0.71,4,0,Success,None,0
TXN001958,CUST02110,2026-05-28 15:03:00,298.18,Wallet,0.89,4,0,Failed,Insufficient Funds,1
TXN001959,CUST00030,2026-03-30 22:04:00,5589.8,Card,0.85,3,0,Success,None,0
TXN001960,CUST02488,2026-09-03 14:03:00,1595.88,UPI,0.75,3,0,Failed,Expired Card,0
TXN001961,CUST00717,2026-11-02 14:52:00,3501.7,Card,0.31,0,0,Failed,Bank Timeout,1
TXN001962,CUST00209,2026-05-19 00:34:00,606.96,Net Banking,0.91,3,1,Success,None,0
TXN001963,CUST01529,2026-11-29 19:02:00,1071.3,Card,0.64,0,0,Failed,Bank Timeout,1
TXN001964,CUST01189,2026-04-17 21:02:00,2038.75,UPI,0.47,2,1,Success,None,0
TXN001965,CUST00873,2026-03-21 04:13:00,5510.78,Net Banking,0.84,0,1,Failed,Network Error,1
TXN001966,CUST01897,2026-01-21 22:24:00,1318.74,UPI,0.32,4,1,Failed,Network Error,1
TXN001967,CUST02522,2026-04-19 15:01:00,748.24,UPI,0.6,3,0,Success,None,0
TXN001968,CUST00439,2026-11-21 02:39:00,446.67,Net Banking,0.35,0,0,Success,None,0
TXN001969,CUST01647,2026-02-06 21:30:00,1390.8,Card,0.75,2,0,Success,None,0
TXN001970,CUST02016,2026-07-12 15:18:00,395.63,Wallet,0.82,1,0,Success,None,0
TXN001971,CUST01683,2026-01-03 12:23:00,807.95,Card,0.64,0,1,Success,None,0
TXN001972,CUST02690,2026-06-21 09:01:00,3657.86,Card,0.31,2,0,Success,None,0
TXN001973,CUST01534,2026-06-05 22:54:00,324.99,Wallet,0.36,2,0,Failed,Bank Timeout,0
TXN001974,CUST00446,2026-02-28 22:07:00,2341.31,Net Banking,0.78,3,1,Failed,Bank Timeout,1
TXN001975,CUST01778,2026-11-18 16:48:00,2774.65,Net Banking,0.33,0,0,Failed,Bank Timeout,0
TXN001976,CUST00777,2026-02-18 16:06:00,1416.34,UPI,0.31,2,0,Failed,Authentication Failed,0
TXN001977,CUST01357,2026-08-31 13:23:00,345.56,Wallet,0.35,0,0,Failed,Bank Timeout,1
TXN001978,CUST02725,2026-06-03 07:35:00,1899.79,Wallet,0.92,2,0,Success,None,0
TXN001979,CUST02254,2026-04-29 06:54:00,1533.04,Wallet,0.59,3,0,Failed,Authentication Failed,0
TXN001980,CUST00539,2026-10-16 14:49:00,1308.28,Wallet,0.94,0,0,Success,None,0
TXN001981,CUST00517,2026-07-02 01:04:00,1270.34,UPI,0.7,1,0,Success,None,0
TXN001982,CUST02804,2026-09-04 23:09:00,787.2,UPI,0.39,1,0,Success,None,0
TXN001983,CUST01760,2026-06-08 03:13:00,912.31,Net Banking,0.64,4,0,Failed,Authentication Failed,1
TXN001984,CUST01156,2026-10-05 00:50:00,2382.92,Net Banking,0.53,3,0,Success,None,0
TXN001985,CUST01015,2026-09-23 12:16:00,848.69,Wallet,0.77,4,0,Failed,Expired Card,0
TXN001986,CUST01022,2026-11-11 15:12:00,264.14,Card,0.82,2,0,Success,None,0
TXN001987,CUST02872,2026-03-14 05:45:00,3607.3,Net Banking,0.39,1,1,Success,None,0
TXN001988,CUST02894,2026-03-10 16:36:00,2668.57,Wallet,0.39,0,0,Success,None,0
TXN001989,CUST00940,2026-05-27 02:27:00,1291.73,Card,0.8,0,0,Success,None,0
TXN001990,CUST01122,2026-06-05 05:05:00,1003.44,UPI,0.45,1,0,Success,None,0
TXN001991,CUST02526,2026-11-11 16:48:00,3186.6,UPI,0.37,1,0,Success,None,0
TXN001992,CUST01558,2026-09-12 22:04:00,1746.73,UPI,0.92,3,0,Failed,Bank Timeout,0
TXN001993,CUST01377,2026-01-23 08:04:00,113.7,Card,0.52,3,1,Success,None,0
TXN001994,CUST02638,2026-02-10 01:40:00,3253.06,Wallet,0.81,0,0,Success,None,0
TXN001995,CUST01490,2026-09-17 01:55:00,3492.03,Net Banking,0.8,2,0,Failed,Authentication Failed,0
TXN001996,CUST01311,2026-01-15 21:17:00,2323.69,Card,0.62,0,0,Success,None,0
TXN001997,CUST00214,2026-04-14 21:08:00,1007.05,UPI,0.92,2,0,Success,None,0
TXN001998,CUST01148,2026-06-06 21:19:00,300.17,Wallet,0.82,4,0,Failed,Bank Timeout,1
TXN001999,CUST02013,2026-04-21 19:30:00,1103.11,Net Banking,0.46,2,0,Failed,Insufficient Funds,0
TXN002000,CUST02741,2026-05-01 14:10:00,336.02,UPI,0.84,0,0,Success,None,0
TXN002001,CUST01481,2026-03-28 17:52:00,1249.81,Net Banking,0.57,4,0,Success,None,0
TXN002002,CUST00861,2026-02-01 18:14:00,1990.93,Net Banking,0.72,4,1,Success,None,0
TXN002003,CUST00535,2026-01-15 22:36:00,3063.25,UPI,0.42,4,0,Success,None,0
TXN002004,CUST00791,2026-01-28 06:18:00,64.65,Card,0.68,3,0,Failed,Expired Card,0
TXN002005,CUST01235,2026-07-14 06:17:00,512.37,Net Banking,0.66,3,0,Failed,Bank Timeout,0
TXN002006,CUST00524,2026-07-20 10:18:00,834.26,UPI,0.43,1,1,Failed,Network Error,1
TXN002007,CUST01500,2026-11-28 15:07:00,2993.25,Net Banking,0.62,3,0,Failed,Authentication Failed,1
TXN002008,CUST01978,2026-03-02 18:42:00,736.47,UPI,0.66,3,0,Failed,Expired Card,0
TXN002009,CUST02854,2026-01-17 13:06:00,4310.56,Net Banking,0.96,1,0,Success,None,0
TXN002010,CUST02842,2026-06-30 05:36:00,1667.65,UPI,0.96,1,1,Failed,Expired Card,1
TXN002011,CUST00678,2026-07-24 19:11:00,1814.09,UPI,0.98,3,1,Success,None,0
TXN002012,CUST01642,2026-03-17 08:08:00,852.44,Wallet,0.38,4,0,Success,None,0
TXN002013,CUST00015,2026-08-04 13:57:00,963.12,Card,0.61,1,0,Failed,Insufficient Funds,1
TXN002014,CUST02064,2026-04-21 11:14:00,1074.62,Wallet,0.54,4,0,Success,None,0
TXN002015,CUST01214,2026-03-04 07:10:00,2389.84,Card,0.76,2,0,Success,None,0
TXN002016,CUST00187,2026-04-17 06:09:00,1392.75,Card,0.87,4,0,Success,None,0
TXN002017,CUST02620,2026-12-04 14:24:00,1175.69,UPI,0.5,1,0,Failed,Bank Timeout,1
TXN002018,CUST00212,2026-07-14 15:21:00,478.71,Net Banking,0.9,1,0,Failed,Insufficient Funds,0
TXN002019,CUST02657,2026-04-29 04:03:00,1572.46,UPI,0.52,2,0,Success,None,0
TXN002020,CUST02890,2026-09-20 21:37:00,889.44,UPI,0.34,4,0,Failed,Bank Timeout,0
TXN002021,CUST02505,2026-01-21 20:22:00,299.17,Wallet,0.43,2,0,Success,None,0
TXN002022,CUST01457,2026-03-06 08:20:00,815.72,UPI,0.3,1,0,Success,None,0
TXN002023,CUST00065,2026-09-21 02:11:00,848.88,Net Banking,0.55,4,0,Failed,Authentication Failed,0
TXN002024,CUST02566,2026-10-25 09:43:00,160.12,Net Banking,0.75,4,0,Failed,Authentication Failed,0
TXN002025,CUST01329,2026-07-31 18:39:00,809.74,Card,0.37,2,0,Success,None,0
TXN002026,CUST00638,2026-09-23 17:11:00,1944.65,Wallet,0.72,3,0,Success,None,0
TXN002027,CUST01510,2026-02-04 02:41:00,404.81,Wallet,0.65,1,1,Success,None,0
TXN002028,CUST00744,2026-10-24 22:48:00,1665.71,Wallet,0.5,3,0,Success,None,0
TXN002029,CUST00774,2026-12-10 11:09:00,1623.18,Card,0.35,4,1,Failed,Bank Timeout,1
TXN002030,CUST00087,2026-11-19 07:27:00,2006.04,Net Banking,0.41,2,0,Success,None,0
TXN002031,CUST01615,2026-01-26 06:53:00,1057.64,Card,0.55,4,0,Success,None,0
TXN002032,CUST00296,2026-06-15 16:03:00,408.92,Card,0.39,3,0,Failed,Authentication Failed,1
TXN002033,CUST02967,2026-09-22 14:33:00,2376.15,UPI,0.32,4,0,Success,None,0
TXN002034,CUST02472,2026-05-20 19:21:00,638.38,UPI,0.67,0,1,Success,None,0
TXN002035,CUST00451,2026-02-18 02:59:00,685.93,UPI,0.99,0,0,Failed,Bank Timeout,1
TXN002036,CUST01097,2026-10-16 12:06:00,945.1,UPI,0.61,1,0,Success,None,0
TXN002037,CUST00436,2026-11-07 11:10:00,1292.15,UPI,0.64,4,0,Success,None,0
TXN002038,CUST00829,2026-10-04 14:06:00,299.25,UPI,0.35,1,1,Failed,Expired Card,0
TXN002039,CUST00669,2026-06-24 08:45:00,585.31,Wallet,0.7,2,0,Failed,Bank Timeout,0
TXN002040,CUST00229,2026-08-17 11:03:00,1774.03,Card,0.96,4,0,Success,None,0
TXN002041,CUST00087,2026-07-18 07:09:00,409.1,UPI,0.33,0,0,Failed,Network Error,1
TXN002042,CUST02096,2026-01-01 10:34:00,634.23,UPI,0.67,3,0,Success,None,0
TXN002043,CUST00099,2026-05-21 07:31:00,3939.23,Card,0.64,1,1,Success,None,0
TXN002044,CUST01448,2026-12-02 13:51:00,553.26,Card,0.49,2,0,Success,None,0
TXN002045,CUST02813,2026-03-03 17:37:00,4821.51,Wallet,0.96,0,1,Success,None,0
TXN002046,CUST00920,2026-05-11 02:12:00,889.48,UPI,0.33,0,0,Success,None,0
TXN002047,CUST02522,2026-05-12 06:02:00,401.29,UPI,0.83,2,0,Success,None,0
TXN002048,CUST00178,2026-03-06 19:58:00,1254.9,UPI,0.96,4,0,Failed,Authentication Failed,0
TXN002049,CUST02457,2026-02-24 16:38:00,789.65,Net Banking,0.68,1,1,Success,None,0
TXN002050,CUST02560,2026-11-15 17:22:00,4699.06,Net Banking,0.64,2,0,Success,None,0
TXN002051,CUST01111,2026-12-06 15:38:00,9532.12,UPI,0.43,3,0,Success,None,0
TXN002052,CUST02914,2026-11-10 17:46:00,911.85,Net Banking,0.77,0,0,Success,None,0
TXN002053,CUST02687,2026-02-23 19:19:00,1306.58,Card,0.38,1,0,Failed,Authentication Failed,0
TXN002054,CUST02955,2026-02-11 04:50:00,559.22,Wallet,0.58,3,0,Success,None,0
TXN002055,CUST02977,2026-02-02 22:20:00,979.17,Wallet,0.42,2,0,Success,None,0
TXN002056,CUST00523,2026-05-09 09:08:00,558.74,Net Banking,0.69,1,1,Success,None,0
TXN002057,CUST02025,2026-09-10 11:12:00,652.33,Net Banking,0.98,3,1,Failed,Authentication Failed,1
TXN002058,CUST00567,2026-06-02 10:18:00,876.76,Net Banking,0.75,1,1,Failed,Expired Card,0
TXN002059,CUST02207,2026-07-13 20:49:00,267.32,Wallet,0.34,4,1,Failed,Expired Card,0
TXN002060,CUST01576,2026-07-11 20:31:00,1384.1,Card,0.78,0,1,Failed,Expired Card,1
TXN002061,CUST02880,2026-05-12 16:39:00,1878.26,Card,0.58,0,0,Success,None,0
TXN002062,CUST00833,2026-07-23 07:09:00,4521.34,UPI,0.45,0,0,Success,None,0
TXN002063,CUST00548,2026-11-28 19:36:00,341.97,Wallet,0.61,0,0,Success,None,0
TXN002064,CUST01479,2026-06-17 14:56:00,4878.9,Net Banking,0.88,1,0,Success,None,0
TXN002065,CUST02259,2026-03-18 17:27:00,245.91,Card,0.43,3,0,Failed,Bank Timeout,0
TXN002066,CUST00565,2026-05-18 10:18:00,1529.02,UPI,0.44,0,0,Success,None,0
TXN002067,CUST02852,2026-01-20 16:35:00,363.12,UPI,0.63,3,0,Success,None,0
TXN002068,CUST02715,2026-06-23 14:34:00,260.19,UPI,0.37,4,0,Failed,Expired Card,0
TXN002069,CUST00124,2026-02-21 10:30:00,407.11,Card,0.62,1,0,Success,None,0
TXN002070,CUST01004,2026-07-27 05:35:00,2364.83,UPI,0.45,0,0,Failed,Authentication Failed,0
TXN002071,CUST00748,2026-09-30 09:03:00,648.26,Card,0.5,3,0,Failed,Expired Card,0
TXN002072,CUST01926,2026-06-11 15:30:00,627.55,Net Banking,0.35,3,0,Failed,Insufficient Funds,0
TXN002073,CUST00456,2026-11-17 19:40:00,3031.62,Net Banking,0.69,1,0,Success,None,0
TXN002074,CUST02475,2026-01-04 22:57:00,500.67,UPI,0.76,1,0,Failed,Authentication Failed,1
TXN002075,CUST02785,2026-12-01 15:39:00,292.57,Wallet,0.72,3,0,Success,None,0
TXN002076,CUST02906,2026-12-06 03:08:00,766.81,Net Banking,1.0,1,1,Success,None,0
TXN002077,CUST01114,2026-12-13 06:36:00,360.43,Card,0.48,0,1,Success,None,0
TXN002078,CUST00868,2026-03-21 16:50:00,745.55,Card,0.56,3,0,Success,None,0
TXN002079,CUST00753,2026-10-25 07:11:00,360.51,Wallet,0.57,4,0,Success,None,0
TXN002080,CUST01956,2026-10-29 04:39:00,344.56,Wallet,0.76,2,1,Success,None,0
TXN002081,CUST00676,2026-08-24 10:29:00,2484.83,Wallet,0.33,0,0,Success,None,0
TXN002082,CUST00798,2026-02-08 00:15:00,715.7,Wallet,0.66,2,0,Success,None,0
TXN002083,CUST01486,2026-01-11 05:05:00,5844.53,UPI,0.31,4,0,Success,None,0
TXN002084,CUST01156,2026-01-24 18:46:00,1066.02,Card,0.61,1,0,Success,None,0
TXN002085,CUST02446,2026-03-10 08:31:00,946.73,Card,0.65,0,0,Success,None,0
TXN002086,CUST02615,2026-04-09 00:01:00,455.6,Card,0.78,0,0,Success,None,0
TXN002087,CUST02336,2026-07-25 06:01:00,1188.95,UPI,0.87,4,0,Failed,Authentication Failed,1
TXN002088,CUST00197,2026-12-10 12:30:00,1596.65,UPI,0.54,2,0,Success,None,0
TXN002089,CUST00035,2026-05-25 22:58:00,1838.51,Net Banking,0.68,2,0,Success,None,0
TXN002090,CUST01289,2026-02-17 03:44:00,455.21,Card,0.39,3,0,Failed,Insufficient Funds,0
TXN002091,CUST01669,2026-07-02 20:05:00,999.69,Net Banking,0.53,4,0,Success,None,0
TXN002092,CUST00098,2026-06-23 15:40:00,1783.0,Card,0.95,4,1,Success,None,0
TXN002093,CUST01189,2026-09-06 10:40:00,1343.41,UPI,0.87,1,0,Success,None,0
TXN002094,CUST00323,2026-11-19 00:01:00,534.96,Wallet,0.47,0,0,Success,None,0
TXN002095,CUST02792,2026-07-02 15:13:00,966.54,Card,0.65,1,0,Success,None,0
TXN002096,CUST01833,2026-04-16 21:24:00,714.18,Net Banking,0.81,1,0,Success,None,0
TXN002097,CUST02554,2026-11-21 06:52:00,3248.57,Net Banking,0.68,3,0,Success,None,0
TXN002098,CUST00980,2026-02-25 11:42:00,4597.82,Wallet,0.48,1,0,Failed,Expired Card,1
TXN002099,CUST00399,2026-10-07 00:10:00,1097.61,Wallet,0.89,0,0,Success,None,0
TXN002100,CUST02242,2026-02-04 06:22:00,318.76,Net Banking,0.85,0,1,Success,None,0
TXN002101,CUST01285,2026-02-28 18:58:00,289.05,Wallet,0.43,1,0,Failed,Insufficient Funds,0
TXN002102,CUST02362,2026-02-02 11:41:00,331.69,Net Banking,0.99,2,0,Failed,Insufficient Funds,1
TXN002103,CUST02911,2026-06-22 07:25:00,618.16,Card,0.88,3,0,Success,None,0
TXN002104,CUST01811,2026-07-27 01:40:00,2095.77,Net Banking,0.96,1,0,Success,None,0
TXN002105,CUST00163,2026-05-26 23:27:00,767.76,Wallet,0.74,2,0,Success,None,0
TXN002106,CUST02539,2026-05-14 12:33:00,5670.63,Wallet,0.43,1,1,Success,None,0
TXN002107,CUST01531,2026-07-04 04:59:00,3276.28,Net Banking,0.81,0,1,Success,None,0
TXN002108,CUST01077,2026-09-27 19:19:00,1212.84,Wallet,0.38,0,0,Success,None,0
TXN002109,CUST02867,2026-02-26 06:35:00,2393.64,Card,0.94,4,0,Failed,Insufficient Funds,0
TXN002110,CUST01540,2026-11-07 20:52:00,1097.3,Net Banking,0.33,1,1,Failed,Insufficient Funds,1
TXN002111,CUST01591,2026-05-08 01:03:00,1568.05,Card,0.31,3,0,Failed,Authentication Failed,0
TXN002112,CUST02632,2026-02-09 17:29:00,657.95,Wallet,0.8,4,1,Success,None,0
TXN002113,CUST00739,2026-10-07 16:46:00,2467.0,UPI,0.58,0,1,Failed,Authentication Failed,1
TXN002114,CUST01645,2026-04-26 12:28:00,2892.55,Card,0.67,2,0,Success,None,0
TXN002115,CUST02476,2026-09-13 16:42:00,3914.03,Net Banking,0.67,3,0,Failed,Authentication Failed,1
TXN002116,CUST01141,2026-07-18 10:59:00,695.54,UPI,0.89,3,0,Success,None,0
TXN002117,CUST01925,2026-04-27 13:50:00,2323.85,Card,0.42,1,0,Success,None,0
TXN002118,CUST02463,2026-12-07 22:54:00,412.19,UPI,0.93,3,0,Failed,Network Error,1
TXN002119,CUST01940,2026-03-19 00:03:00,1594.57,Wallet,0.54,1,0,Success,None,0
TXN002120,CUST02801,2026-04-02 18:37:00,430.0,UPI,0.52,3,0,Failed,Bank Timeout,0
TXN002121,CUST00581,2026-05-28 11:32:00,347.83,UPI,0.61,0,0,Success,None,0
TXN002122,CUST01222,2026-07-11 01:34:00,689.88,UPI,0.82,3,1,Success,None,0
TXN002123,CUST02743,2026-10-30 09:26:00,2642.79,Card,0.7,2,0,Failed,Insufficient Funds,0
TXN002124,CUST01756,2026-03-01 21:42:00,942.97,UPI,0.66,2,0,Success,None,0
TXN002125,CUST01431,2026-06-23 02:58:00,974.7,Card,0.93,3,1,Success,None,0
TXN002126,CUST02854,2026-11-29 06:24:00,2371.17,Card,0.64,3,0,Success,None,0
TXN002127,CUST00041,2026-01-29 07:54:00,850.47,Wallet,0.53,4,0,Success,None,0
TXN002128,CUST01327,2026-02-24 19:08:00,1203.83,Card,0.34,2,0,Failed,Authentication Failed,0
TXN002129,CUST02046,2026-10-16 08:44:00,625.08,Card,0.48,2,0,Failed,Authentication Failed,0
TXN002130,CUST02133,2026-12-10 10:53:00,238.83,Net Banking,0.66,0,1,Failed,Bank Timeout,1
TXN002131,CUST02618,2026-01-14 06:49:00,619.18,Wallet,0.4,4,0,Failed,Bank Timeout,0
TXN002132,CUST01722,2026-08-07 19:07:00,1239.76,Card,0.83,4,0,Success,None,0
TXN002133,CUST00886,2026-12-13 17:59:00,2352.58,Wallet,0.63,2,0,Success,None,0
TXN002134,CUST02784,2026-05-15 19:20:00,2906.73,Card,0.33,4,0,Success,None,0
TXN002135,CUST00067,2026-07-02 19:17:00,1098.37,Net Banking,0.55,2,0,Failed,Insufficient Funds,0
TXN002136,CUST02658,2026-05-30 10:00:00,3737.97,Wallet,0.78,3,1,Success,None,0
TXN002137,CUST01443,2026-07-10 11:31:00,2827.47,Net Banking,0.69,4,1,Success,None,0
TXN002138,CUST00465,2026-06-05 23:16:00,630.46,Net Banking,0.67,1,1,Success,None,0
TXN002139,CUST00725,2026-07-17 14:44:00,3754.33,Net Banking,0.98,4,0,Failed,Authentication Failed,1
TXN002140,CUST01168,2026-09-13 14:58:00,1610.69,Wallet,0.96,3,0,Success,None,0
TXN002141,CUST00359,2026-08-25 12:30:00,818.75,UPI,0.37,0,0,Success,None,0
TXN002142,CUST02525,2026-06-30 17:39:00,7408.43,UPI,0.82,3,0,Failed,Expired Card,0
TXN002143,CUST02595,2026-09-01 02:32:00,834.6,UPI,0.72,3,0,Success,None,0
TXN002144,CUST01723,2026-10-10 20:28:00,1681.83,Net Banking,0.77,1,0,Success,None,0
TXN002145,CUST02260,2026-03-13 04:49:00,465.15,Wallet,0.49,3,0,Success,None,0
TXN002146,CUST00510,2026-05-31 08:16:00,3108.43,Wallet,0.83,2,1,Success,None,0
TXN002147,CUST00032,2026-07-04 19:08:00,768.51,Wallet,0.32,2,0,Success,None,0
TXN002148,CUST01097,2026-11-02 06:47:00,978.36,Net Banking,0.83,2,0,Success,None,0
TXN002149,CUST02758,2026-11-24 17:57:00,388.59,Wallet,0.61,1,0,Failed,Authentication Failed,0
TXN002150,CUST00064,2026-10-15 19:34:00,648.22,UPI,0.46,0,0,Success,None,0
TXN002151,CUST02126,2026-05-03 00:03:00,1354.79,Net Banking,0.69,4,0,Success,None,0
TXN002152,CUST02344,2026-07-22 08:07:00,1061.81,Card,0.3,3,0,Success,None,0
TXN002153,CUST00790,2026-10-29 15:58:00,962.79,Wallet,0.95,4,1,Success,None,0
TXN002154,CUST02367,2026-12-09 00:31:00,546.23,UPI,0.67,3,0,Failed,Authentication Failed,1
TXN002155,CUST01652,2026-06-09 06:04:00,1929.44,Card,0.45,2,0,Success,None,0
TXN002156,CUST00408,2026-08-18 21:36:00,1316.05,Card,0.36,1,0,Success,None,0
TXN002157,CUST02570,2026-12-12 09:52:00,1649.09,Wallet,0.51,2,0,Success,None,0
TXN002158,CUST00835,2026-01-10 08:02:00,613.34,Net Banking,0.72,0,0,Failed,Authentication Failed,0
TXN002159,CUST02576,2026-01-11 03:04:00,2521.89,UPI,0.41,4,0,Success,None,0
TXN002160,CUST02343,2026-09-28 06:39:00,398.53,UPI,0.39,3,0,Failed,Bank Timeout,1
TXN002161,CUST02599,2026-03-29 06:43:00,557.26,Wallet,0.92,2,0,Success,None,0
TXN002162,CUST01217,2026-09-22 10:36:00,2222.94,Card,0.44,1,0,Success,None,0
TXN002163,CUST01067,2026-01-31 04:56:00,932.11,Wallet,0.8,0,0,Success,None,0
TXN002164,CUST02570,2026-02-10 09:20:00,591.19,Card,0.74,0,0,Success,None,0
TXN002165,CUST02441,2026-02-21 15:22:00,567.57,Wallet,0.8,0,0,Success,None,0
TXN002166,CUST01074,2026-01-29 04:10:00,895.75,Net Banking,0.8,1,0,Success,None,0
TXN002167,CUST01481,2026-02-06 15:40:00,429.58,Wallet,0.32,1,1,Failed,Authentication Failed,0
TXN002168,CUST01695,2026-08-16 19:17:00,406.48,UPI,0.93,0,1,Success,None,0
TXN002169,CUST00862,2026-11-20 22:26:00,744.41,UPI,0.92,3,1,Failed,Network Error,0
TXN002170,CUST00660,2026-01-04 16:36:00,1057.07,Wallet,0.64,1,0,Success,None,0
TXN002171,CUST02702,2026-02-12 16:10:00,3171.92,Card,0.45,4,0,Failed,Network Error,0
TXN002172,CUST01983,2026-02-27 16:01:00,6421.12,Net Banking,0.81,4,0,Failed,Expired Card,0
TXN002173,CUST00499,2026-07-15 03:14:00,741.6,Net Banking,0.48,1,0,Failed,Insufficient Funds,1
TXN002174,CUST00886,2026-11-24 03:50:00,670.09,Card,0.99,2,0,Failed,Bank Timeout,1
TXN002175,CUST01342,2026-01-31 09:08:00,1412.13,UPI,0.9,1,0,Success,None,0
TXN002176,CUST01097,2026-03-14 12:57:00,697.28,Card,0.31,2,1,Failed,Insufficient Funds,1
TXN002177,CUST02901,2026-06-20 01:05:00,966.01,Net Banking,0.46,4,0,Success,None,0
TXN002178,CUST01787,2026-12-02 19:36:00,526.15,Wallet,0.48,4,1,Success,None,0
TXN002179,CUST01025,2026-09-08 03:35:00,1229.97,Card,0.55,1,0,Success,None,0
TXN002180,CUST01610,2026-03-02 07:29:00,2202.22,Net Banking,0.59,0,0,Success,None,0
TXN002181,CUST02958,2026-11-18 10:31:00,2721.01,Card,0.96,3,1,Failed,Authentication Failed,0
TXN002182,CUST02443,2026-08-15 19:04:00,969.52,Wallet,0.37,2,0,Failed,Insufficient Funds,1
TXN002183,CUST01759,2026-05-17 03:42:00,1436.53,Wallet,0.41,1,0,Success,None,0
TXN002184,CUST01841,2026-07-06 04:18:00,888.34,UPI,0.72,1,0,Success,None,0
TXN002185,CUST02404,2026-08-08 20:48:00,2371.61,Net Banking,0.7,3,0,Success,None,0
TXN002186,CUST01632,2026-03-07 12:01:00,858.89,Net Banking,0.35,0,0,Success,None,0
TXN002187,CUST01759,2026-03-31 07:37:00,1530.64,Net Banking,0.88,1,0,Success,None,0
TXN002188,CUST00882,2026-02-22 19:22:00,2789.72,UPI,0.38,2,0,Failed,Network Error,1
TXN002189,CUST00040,2026-09-18 23:31:00,2404.52,UPI,0.51,2,0,Success,None,0
TXN002190,CUST00876,2026-11-24 05:20:00,1873.44,Net Banking,0.59,3,0,Success,None,0
TXN002191,CUST02301,2026-04-14 06:15:00,728.98,Card,0.44,0,1,Failed,Expired Card,1
TXN002192,CUST02160,2026-07-24 05:43:00,811.03,Card,0.31,1,0,Success,None,0
TXN002193,CUST02934,2026-07-28 23:14:00,705.0,Net Banking,0.55,4,0,Failed,Authentication Failed,0
TXN002194,CUST01302,2026-03-13 18:29:00,455.91,Wallet,0.32,2,0,Success,None,0
TXN002195,CUST02024,2026-04-10 21:52:00,1176.84,UPI,0.68,3,0,Success,None,0
TXN002196,CUST00489,2026-03-04 07:26:00,2390.18,Wallet,0.57,0,1,Success,None,0
TXN002197,CUST02422,2026-07-29 20:46:00,6172.08,Net Banking,0.92,3,0,Failed,Insufficient Funds,0
TXN002198,CUST00074,2026-11-28 22:03:00,247.35,Net Banking,0.45,4,0,Failed,Authentication Failed,1
TXN002199,CUST00537,2026-11-23 03:52:00,460.02,Net Banking,0.65,3,0,Success,None,0
TXN002200,CUST01382,2026-06-21 01:59:00,855.62,UPI,0.61,0,0,Success,None,0
TXN002201,CUST01701,2026-04-26 11:38:00,1593.05,UPI,0.64,2,0,Failed,Network Error,0
TXN002202,CUST00327,2026-06-29 19:03:00,2063.2,Wallet,0.7,4,0,Failed,Expired Card,0
TXN002203,CUST01612,2026-06-29 14:50:00,761.13,UPI,0.64,2,1,Success,None,0
TXN002204,CUST01532,2026-01-11 15:55:00,3064.22,UPI,0.59,4,0,Success,None,0
TXN002205,CUST00196,2026-02-08 06:41:00,2065.9,Card,0.38,0,0,Failed,Network Error,1
TXN002206,CUST00928,2026-03-11 14:22:00,448.09,Wallet,0.75,1,0,Success,None,0
TXN002207,CUST02202,2026-04-05 13:11:00,675.92,Net Banking,0.88,0,0,Success,None,0
TXN002208,CUST00454,2026-01-28 07:43:00,1633.09,UPI,0.72,0,0,Success,None,0
TXN002209,CUST01349,2026-04-09 06:31:00,695.23,Net Banking,0.66,4,1,Success,None,0
TXN002210,CUST00565,2026-02-13 15:42:00,823.64,Card,0.55,4,1,Success,None,0
TXN002211,CUST01308,2026-08-20 21:20:00,3333.61,Card,0.93,1,1,Failed,Authentication Failed,1
TXN002212,CUST02138,2026-07-30 09:38:00,373.84,UPI,0.4,4,0,Success,None,0
TXN002213,CUST02709,2026-04-28 04:54:00,1356.61,Wallet,0.5,3,0,Success,None,0
TXN002214,CUST00926,2026-10-06 23:10:00,1227.5,Wallet,0.34,0,0,Success,None,0
TXN002215,CUST02914,2026-07-23 08:22:00,5585.94,Net Banking,0.88,0,0,Failed,Bank Timeout,1
TXN002216,CUST02847,2026-06-30 01:55:00,1460.55,Card,0.92,0,0,Success,None,0
TXN002217,CUST00871,2026-06-20 10:45:00,1018.85,UPI,0.72,0,0,Failed,Authentication Failed,1
TXN002218,CUST01998,2026-03-17 23:18:00,461.49,Card,0.32,0,0,Success,None,0
TXN002219,CUST01278,2026-11-05 16:15:00,477.37,Net Banking,0.93,3,0,Success,None,0
TXN002220,CUST00533,2026-05-21 09:12:00,1535.89,UPI,0.41,1,0,Success,None,0
TXN002221,CUST02542,2026-10-11 23:55:00,2097.42,Wallet,0.8,4,0,Failed,Authentication Failed,1
TXN002222,CUST00282,2026-03-01 18:46:00,2254.24,Card,0.78,2,1,Failed,Network Error,1
TXN002223,CUST00604,2026-09-29 06:08:00,1873.75,UPI,0.62,3,0,Success,None,0
TXN002224,CUST00986,2026-03-10 02:17:00,1866.87,UPI,0.89,0,1,Success,None,0
TXN002225,CUST00118,2026-05-09 03:26:00,599.97,Net Banking,0.52,3,1,Failed,Network Error,1
TXN002226,CUST02255,2026-06-07 02:16:00,531.25,UPI,0.45,0,0,Success,None,0
TXN002227,CUST00617,2026-07-04 22:19:00,2361.5,Card,0.37,3,1,Success,None,0
TXN002228,CUST00218,2026-05-15 15:11:00,2703.09,Net Banking,0.7,3,0,Success,None,0
TXN002229,CUST00202,2026-03-12 14:36:00,573.4,UPI,0.79,3,1,Failed,Network Error,0
TXN002230,CUST01650,2026-07-12 19:23:00,2176.73,Card,0.61,1,0,Success,None,0
TXN002231,CUST02125,2026-09-06 00:04:00,1905.51,Wallet,0.84,3,0,Success,None,0
TXN002232,CUST02648,2026-03-21 22:43:00,459.53,UPI,0.73,1,0,Success,None,0
TXN002233,CUST00218,2026-03-28 22:22:00,1092.01,UPI,0.89,0,0,Success,None,0
TXN002234,CUST02180,2026-03-24 10:52:00,2393.64,UPI,0.59,0,0,Success,None,0
TXN002235,CUST01606,2026-03-22 01:24:00,2854.87,Wallet,0.46,3,0,Success,None,0
TXN002236,CUST02029,2026-10-14 01:47:00,832.59,Net Banking,0.86,1,0,Success,None,0
TXN002237,CUST01424,2026-09-25 04:45:00,393.03,Card,0.38,2,0,Success,None,0
TXN002238,CUST00387,2026-09-27 02:16:00,1946.26,UPI,0.37,1,1,Failed,Network Error,0
TXN002239,CUST00698,2026-03-02 16:10:00,1225.65,Card,0.99,2,0,Failed,Bank Timeout,1
TXN002240,CUST01865,2026-08-31 11:52:00,1057.75,Net Banking,0.79,1,0,Success,None,0
TXN002241,CUST01753,2026-03-06 15:09:00,1393.57,Wallet,0.32,2,0,Success,None,0
TXN002242,CUST00316,2026-08-05 06:29:00,691.59,Net Banking,0.4,1,0,Failed,Network Error,1
TXN002243,CUST02389,2026-11-14 22:18:00,1124.85,Wallet,0.86,0,1,Success,None,0
TXN002244,CUST01936,2026-10-26 03:53:00,1165.07,Card,0.54,0,0,Success,None,0
TXN002245,CUST02324,2026-07-11 05:52:00,10137.24,UPI,0.74,2,0,Failed,Expired Card,0
TXN002246,CUST00601,2026-04-21 21:39:00,478.0,Card,0.42,0,0,Success,None,0
TXN002247,CUST01854,2026-07-18 16:31:00,1085.0,Net Banking,0.53,3,0,Success,None,0
TXN002248,CUST02718,2026-05-13 15:12:00,833.67,Net Banking,0.7,3,0,Success,None,0
TXN002249,CUST00056,2026-09-16 13:26:00,3861.77,Wallet,0.78,2,0,Success,None,0
TXN002250,CUST02122,2026-02-11 01:19:00,691.86,Net Banking,0.47,4,1,Success,None,0
TXN002251,CUST02809,2026-02-23 20:22:00,258.13,Net Banking,0.64,4,0,Failed,Authentication Failed,1
TXN002252,CUST02701,2026-07-01 06:07:00,2824.47,Card,0.45,1,0,Failed,Insufficient Funds,0
TXN002253,CUST02366,2026-03-17 02:44:00,1505.06,Card,0.81,3,0,Failed,Insufficient Funds,0
TXN002254,CUST01548,2026-11-16 08:36:00,1227.73,Card,0.9,0,0,Success,None,0
TXN002255,CUST02159,2026-11-28 10:33:00,1459.91,Wallet,0.67,1,0,Success,None,0
TXN002256,CUST01357,2026-12-11 03:51:00,1154.71,Net Banking,0.36,3,1,Failed,Network Error,1
TXN002257,CUST00781,2026-10-31 17:06:00,2997.94,Net Banking,0.99,0,0,Success,None,0
TXN002258,CUST01776,2026-04-16 00:09:00,1435.9,UPI,0.33,3,0,Success,None,0
TXN002259,CUST00035,2026-06-19 18:44:00,398.01,UPI,0.65,3,0,Success,None,0
TXN002260,CUST02143,2026-04-21 13:17:00,1557.65,Card,0.84,2,0,Success,None,0
TXN002261,CUST01181,2026-01-06 16:14:00,504.56,Wallet,0.5,0,0,Success,None,0
TXN002262,CUST00168,2026-10-28 13:04:00,4367.92,Wallet,0.47,1,0,Failed,Expired Card,0
TXN002263,CUST00218,2026-01-02 20:28:00,2217.32,UPI,0.38,3,0,Success,None,0
TXN002264,CUST01443,2026-04-02 13:03:00,348.26,Wallet,0.5,0,0,Failed,Bank Timeout,1
TXN002265,CUST01161,2026-02-01 07:30:00,1978.51,Net Banking,0.73,4,0,Success,None,0
TXN002266,CUST00585,2026-08-02 01:46:00,623.47,Net Banking,0.56,1,1,Success,None,0
TXN002267,CUST01192,2026-06-22 06:41:00,970.84,UPI,0.97,1,0,Success,None,0
TXN002268,CUST01019,2026-05-26 07:30:00,656.85,Net Banking,0.5,3,1,Failed,Insufficient Funds,0
TXN002269,CUST01238,2026-03-05 02:20:00,392.48,Net Banking,0.97,4,0,Failed,Expired Card,0
TXN002270,CUST02781,2026-09-06 18:57:00,3571.37,Wallet,0.94,2,0,Failed,Bank Timeout,1
TXN002271,CUST00556,2026-04-20 14:43:00,3109.05,Net Banking,0.37,3,0,Success,None,0
TXN002272,CUST00351,2026-07-18 17:32:00,1224.31,Net Banking,0.86,2,1,Failed,Bank Timeout,1
TXN002273,CUST01790,2026-07-11 17:15:00,352.99,Wallet,0.85,0,0,Success,None,0
TXN002274,CUST02844,2026-06-20 12:45:00,288.68,Wallet,0.39,2,0,Failed,Network Error,1
TXN002275,CUST01911,2026-06-17 22:45:00,335.2,Wallet,0.34,3,1,Success,None,0
TXN002276,CUST02290,2026-02-02 04:42:00,375.56,UPI,0.61,0,1,Failed,Bank Timeout,1
TXN002277,CUST00994,2026-02-16 08:08:00,1042.21,Net Banking,0.51,4,0,Success,None,0
TXN002278,CUST00220,2026-05-27 16:57:00,3400.62,Net Banking,0.5,3,0,Failed,Insufficient Funds,0
TXN002279,CUST02122,2026-01-31 19:45:00,594.17,Wallet,0.47,3,0,Success,None,0
TXN002280,CUST01107,2026-08-05 09:25:00,758.23,UPI,0.66,0,0,Success,None,0
TXN002281,CUST01191,2026-09-09 10:29:00,881.59,UPI,0.53,4,1,Failed,Network Error,1
TXN002282,CUST00498,2026-09-13 10:26:00,2383.06,UPI,0.52,4,0,Success,None,0
TXN002283,CUST02115,2026-02-19 15:54:00,1796.6,Card,0.35,1,1,Failed,Bank Timeout,1
TXN002284,CUST01233,2026-10-21 07:35:00,285.57,Card,0.96,2,0,Success,None,0
TXN002285,CUST02555,2026-01-25 10:41:00,417.29,Wallet,0.39,1,0,Failed,Insufficient Funds,1
TXN002286,CUST02474,2026-04-01 00:07:00,2094.96,Card,0.41,0,0,Failed,Bank Timeout,1
TXN002287,CUST01941,2026-05-23 06:06:00,1130.1,UPI,0.57,0,1,Success,None,0
TXN002288,CUST00499,2026-06-26 02:48:00,852.56,UPI,0.69,2,1,Failed,Bank Timeout,1
TXN002289,CUST02240,2026-11-09 20:47:00,1791.02,Card,0.43,2,1,Failed,Expired Card,0
TXN002290,CUST01771,2026-03-09 06:52:00,1492.75,UPI,0.54,1,0,Success,None,0
TXN002291,CUST02693,2026-07-06 05:41:00,539.78,Card,0.71,1,0,Success,None,0
TXN002292,CUST01951,2026-04-16 09:14:00,840.45,Card,0.44,3,0,Success,None,0
TXN002293,CUST02412,2026-09-01 02:26:00,1512.95,UPI,0.37,3,0,Success,None,0
TXN002294,CUST01603,2026-06-18 22:10:00,3155.17,Net Banking,0.79,3,0,Success,None,0
TXN002295,CUST01741,2026-04-14 04:34:00,482.57,Wallet,0.8,1,0,Success,None,0
TXN002296,CUST00493,2026-01-05 00:17:00,1487.93,Wallet,0.32,4,1,Failed,Expired Card,0
TXN002297,CUST00140,2026-01-16 12:31:00,453.15,Net Banking,0.71,4,1,Success,None,0
TXN002298,CUST00571,2026-04-11 19:37:00,1858.35,Net Banking,0.86,3,1,Success,None,0
TXN002299,CUST00649,2026-05-08 00:09:00,397.44,UPI,0.9,2,0,Failed,Expired Card,0
TXN002300,CUST02102,2026-08-27 19:30:00,4579.19,Wallet,0.73,0,0,Success,None,0
TXN002301,CUST01442,2026-06-17 07:00:00,412.17,Card,0.73,4,0,Success,None,0
TXN002302,CUST01141,2026-01-25 20:01:00,3427.9,Card,0.54,2,1,Failed,Authentication Failed,1
TXN002303,CUST01933,2026-07-29 17:30:00,1758.13,Wallet,0.82,4,0,Success,None,0
TXN002304,CUST00531,2026-08-01 19:22:00,8369.19,Net Banking,0.6,2,0,Success,None,0
TXN002305,CUST00277,2026-11-07 05:09:00,2244.91,Wallet,0.89,0,0,Success,None,0
TXN002306,CUST00950,2026-07-01 20:07:00,272.52,Card,0.31,0,0,Failed,Authentication Failed,1
TXN002307,CUST00949,2026-11-24 14:31:00,1742.62,Net Banking,0.73,1,0,Success,None,0
TXN002308,CUST02983,2026-12-02 19:50:00,1584.52,Card,0.32,3,1,Success,None,0
TXN002309,CUST00254,2026-02-11 16:17:00,633.63,UPI,0.8,4,0,Failed,Insufficient Funds,1
TXN002310,CUST01809,2026-12-03 06:06:00,2113.79,UPI,0.44,2,0,Failed,Bank Timeout,1
TXN002311,CUST00441,2026-02-18 12:03:00,1372.02,Net Banking,0.63,3,1,Failed,Expired Card,1
TXN002312,CUST00802,2026-06-09 07:03:00,129.07,Card,0.72,2,1,Failed,Network Error,1
TXN002313,CUST00825,2026-10-24 07:25:00,1499.62,Card,0.9,1,1,Success,None,0
TXN002314,CUST00353,2026-08-18 01:17:00,1746.6,Card,0.39,4,0,Success,None,0
TXN002315,CUST00834,2026-11-22 05:41:00,876.2,UPI,0.35,0,0,Success,None,0
TXN002316,CUST01473,2026-05-05 01:10:00,356.99,UPI,0.39,3,0,Success,None,0
TXN002317,CUST02795,2026-03-11 05:26:00,1005.75,Card,0.82,4,1,Success,None,0
TXN002318,CUST02337,2026-05-10 19:00:00,2669.59,Card,0.86,3,0,Success,None,0
TXN002319,CUST00276,2026-08-16 17:26:00,939.51,Card,0.96,3,1,Success,None,0
TXN002320,CUST00291,2026-02-16 07:25:00,3559.12,Wallet,0.62,4,0,Success,None,0
TXN002321,CUST00414,2026-03-25 22:46:00,1305.98,Net Banking,0.43,0,1,Success,None,0
TXN002322,CUST02464,2026-01-09 04:58:00,3075.09,UPI,0.98,4,0,Success,None,0
TXN002323,CUST01188,2026-09-14 01:17:00,6090.01,Card,0.88,2,1,Failed,Network Error,0
TXN002324,CUST00647,2026-07-14 13:51:00,753.09,UPI,0.68,2,0,Failed,Expired Card,0
TXN002325,CUST02121,2026-05-26 08:26:00,1343.44,Card,0.34,4,0,Failed,Expired Card,0
TXN002326,CUST02237,2026-12-08 02:59:00,261.27,UPI,0.39,0,1,Failed,Network Error,1
TXN002327,CUST00133,2026-04-05 23:36:00,3925.87,UPI,0.61,2,1,Success,None,0
TXN002328,CUST01371,2026-03-16 08:37:00,1191.34,Card,0.73,0,0,Failed,Expired Card,1
TXN002329,CUST02718,2026-06-29 16:45:00,215.42,Net Banking,0.82,0,0,Success,None,0
TXN002330,CUST02310,2026-05-06 22:02:00,405.94,UPI,0.57,4,0,Failed,Insufficient Funds,1
TXN002331,CUST02451,2026-11-20 03:15:00,267.12,Wallet,0.66,4,0,Failed,Expired Card,0
TXN002332,CUST00531,2026-02-07 21:18:00,4414.96,Wallet,0.9,2,0,Failed,Insufficient Funds,1
TXN002333,CUST02080,2026-06-07 02:38:00,573.77,Wallet,0.72,1,0,Failed,Authentication Failed,0
TXN002334,CUST00933,2026-01-10 14:16:00,1274.41,Net Banking,0.8,0,0,Success,None,0
TXN002335,CUST02189,2026-09-06 06:53:00,1956.04,Card,0.61,4,1,Success,None,0
TXN002336,CUST02264,2026-05-21 22:44:00,4090.02,UPI,0.97,3,0,Success,None,0
TXN002337,CUST02849,2026-09-13 08:22:00,1222.85,Wallet,0.68,1,1,Success,None,0
TXN002338,CUST02251,2026-06-09 10:53:00,1927.81,Wallet,0.45,1,0,Failed,Insufficient Funds,1
TXN002339,CUST01441,2026-06-08 22:24:00,163.57,Net Banking,0.61,1,0,Success,None,0
TXN002340,CUST00976,2026-08-03 07:25:00,1279.37,UPI,0.55,1,0,Success,None,0
TXN002341,CUST00931,2026-10-19 21:56:00,1478.56,UPI,0.83,3,0,Failed,Insufficient Funds,0
TXN002342,CUST00233,2026-02-16 03:15:00,3513.43,Card,0.48,0,0,Failed,Authentication Failed,1
TXN002343,CUST01158,2026-05-08 07:26:00,800.55,Card,0.38,0,0,Success,None,0
TXN002344,CUST01198,2026-06-24 06:57:00,595.9,Card,0.52,1,1,Failed,Insufficient Funds,1
TXN002345,CUST00313,2026-06-30 04:45:00,640.94,UPI,0.9,2,0,Success,None,0
TXN002346,CUST00903,2026-12-09 18:18:00,1221.75,Net Banking,0.47,3,0,Success,None,0
TXN002347,CUST02259,2026-07-11 19:38:00,1127.22,Net Banking,0.59,2,0,Failed,Network Error,1
TXN002348,CUST02859,2026-01-20 15:50:00,998.83,Net Banking,0.76,4,0,Success,None,0
TXN002349,CUST01683,2026-04-12 20:47:00,1706.71,Net Banking,0.7,4,1,Success,None,0
TXN002350,CUST00834,2026-04-22 00:35:00,518.39,UPI,0.38,1,0,Success,None,0
TXN002351,CUST00503,2026-01-14 01:24:00,602.13,Card,0.79,2,0,Success,None,0
TXN002352,CUST02861,2026-12-13 23:50:00,1436.86,Card,0.96,3,1,Failed,Insufficient Funds,0
TXN002353,CUST02044,2026-04-12 04:54:00,1592.65,UPI,0.53,0,0,Success,None,0
TXN002354,CUST01231,2026-04-12 14:44:00,995.85,Wallet,0.93,0,0,Success,None,0
TXN002355,CUST02029,2026-05-21 01:14:00,792.45,Wallet,0.66,0,1,Success,None,0
TXN002356,CUST00182,2026-05-19 02:36:00,307.68,Wallet,0.31,1,0,Failed,Bank Timeout,1
TXN002357,CUST02182,2026-01-12 09:33:00,402.3,Wallet,0.91,0,0,Success,None,0
TXN002358,CUST00107,2026-12-02 22:39:00,923.38,Net Banking,0.36,4,0,Success,None,0
TXN002359,CUST02421,2026-05-05 03:13:00,1473.23,Net Banking,0.3,1,0,Failed,Expired Card,0
TXN002360,CUST01752,2026-07-21 10:45:00,1211.27,Wallet,0.95,0,0,Success,None,0
TXN002361,CUST02955,2026-06-04 07:31:00,884.8,Wallet,0.66,2,1,Failed,Expired Card,1
TXN002362,CUST00666,2026-09-29 11:26:00,1260.97,Net Banking,0.87,3,1,Failed,Bank Timeout,1
TXN002363,CUST00063,2026-02-01 03:25:00,403.33,Card,0.52,2,0,Success,None,0
TXN002364,CUST02224,2026-07-27 22:11:00,1298.09,Card,0.52,2,0,Failed,Authentication Failed,0
TXN002365,CUST02522,2026-04-08 20:21:00,1601.21,UPI,0.3,2,0,Success,None,0
TXN002366,CUST02675,2026-02-15 06:12:00,624.95,Net Banking,0.94,4,0,Failed,Network Error,1
TXN002367,CUST01084,2026-06-18 11:20:00,3132.75,Net Banking,0.78,1,1,Success,None,0
TXN002368,CUST01802,2026-01-14 11:20:00,2318.98,UPI,0.48,0,1,Success,None,0
TXN002369,CUST01967,2026-05-29 18:29:00,1028.13,Net Banking,0.89,4,0,Success,None,0
TXN002370,CUST02374,2026-11-23 14:29:00,2079.1,UPI,0.6,0,0,Failed,Expired Card,0
TXN002371,CUST00263,2026-04-04 22:29:00,787.81,Net Banking,0.61,3,0,Success,None,0
TXN002372,CUST01064,2026-03-24 19:13:00,1125.43,Net Banking,0.78,3,0,Success,None,0
TXN002373,CUST00602,2026-03-26 17:07:00,3454.55,Card,0.68,4,0,Failed,Insufficient Funds,1
TXN002374,CUST00755,2026-07-31 03:09:00,1377.19,UPI,0.92,4,1,Success,None,0
TXN002375,CUST00172,2026-01-23 03:23:00,1311.13,Net Banking,0.77,4,0,Success,None,0
TXN002376,CUST01055,2026-07-16 18:26:00,2408.56,Net Banking,0.76,0,0,Success,None,0
TXN002377,CUST02460,2026-02-09 17:53:00,3394.48,UPI,0.56,1,0,Success,None,0
TXN002378,CUST02077,2026-07-06 01:29:00,1153.82,UPI,0.37,3,0,Success,None,0
TXN002379,CUST00971,2026-07-27 15:55:00,1344.06,UPI,0.59,1,0,Success,None,0
TXN002380,CUST02790,2026-08-22 16:53:00,625.53,Net Banking,0.78,3,0,Failed,Authentication Failed,0
TXN002381,CUST00587,2026-08-09 23:45:00,1793.56,Net Banking,0.42,0,0,Success,None,0
TXN002382,CUST01373,2026-06-21 08:54:00,1648.71,Net Banking,0.76,3,0,Success,None,0
TXN002383,CUST02548,2026-05-15 02:16:00,11479.58,Net Banking,0.94,0,0,Success,None,0
TXN002384,CUST01192,2026-02-08 16:16:00,481.86,UPI,0.61,1,0,Success,None,0
TXN002385,CUST01283,2026-12-09 05:19:00,312.81,Card,0.5,4,0,Failed,Bank Timeout,0
TXN002386,CUST02387,2026-05-19 18:00:00,332.3,Wallet,0.35,0,0,Success,None,0
TXN002387,CUST00317,2026-07-16 05:34:00,742.57,UPI,0.34,1,1,Failed,Insufficient Funds,0
TXN002388,CUST02487,2026-04-26 09:27:00,482.81,UPI,0.92,3,1,Failed,Network Error,1
TXN002389,CUST02357,2026-04-30 16:05:00,2582.37,Card,0.83,2,0,Success,None,0
TXN002390,CUST01483,2026-04-25 14:54:00,1024.5,Card,0.77,1,1,Success,None,0
TXN002391,CUST02839,2026-09-24 19:17:00,1094.61,UPI,0.94,1,1,Success,None,0
TXN002392,CUST01483,2026-07-24 01:20:00,1086.46,Wallet,0.68,0,0,Success,None,0
TXN002393,CUST01484,2026-06-13 11:08:00,1383.27,UPI,0.76,3,0,Success,None,0
TXN002394,CUST00942,2026-12-04 01:02:00,195.86,Wallet,0.8,4,0,Success,None,0
TXN002395,CUST01670,2026-08-09 11:20:00,959.61,Card,0.59,4,0,Success,None,0
TXN002396,CUST01176,2026-02-12 22:47:00,423.6,Net Banking,0.47,2,0,Success,None,0
TXN002397,CUST01674,2026-07-29 17:16:00,923.08,UPI,0.94,3,0,Success,None,0
TXN002398,CUST02592,2026-11-16 02:08:00,2426.89,Wallet,0.37,1,0,Failed,Authentication Failed,0
TXN002399,CUST00684,2026-04-06 21:24:00,2868.5,UPI,0.31,0,1,Success,None,0
TXN002400,CUST00414,2026-10-31 14:22:00,1104.37,Wallet,0.49,1,0,Success,None,0
TXN002401,CUST00099,2026-02-18 04:44:00,2395.02,Wallet,0.77,1,0,Success,None,0
TXN002402,CUST01730,2026-05-27 11:30:00,443.32,Wallet,0.32,2,0,Failed,Expired Card,0
TXN002403,CUST02917,2026-05-03 15:04:00,1685.92,Card,0.62,2,0,Success,None,0
TXN002404,CUST02423,2026-09-20 22:30:00,1706.84,Net Banking,0.72,4,0,Success,None,0
TXN002405,CUST00303,2026-11-28 13:35:00,295.25,UPI,0.49,2,1,Success,None,0
TXN002406,CUST02584,2026-04-16 07:51:00,707.51,Wallet,0.61,3,1,Success,None,0
TXN002407,CUST02868,2026-09-21 11:51:00,1349.25,Wallet,0.45,1,0,Failed,Expired Card,0
TXN002408,CUST00624,2026-09-03 08:41:00,744.17,UPI,0.46,0,0,Success,None,0
TXN002409,CUST01554,2026-03-06 08:13:00,561.2,Wallet,0.68,2,1,Failed,Expired Card,1
TXN002410,CUST00397,2026-06-29 14:27:00,203.26,Net Banking,0.92,1,0,Success,None,0
TXN002411,CUST00198,2026-04-14 20:36:00,755.24,Net Banking,0.65,4,1,Success,None,0
TXN002412,CUST01574,2026-12-14 03:55:00,1021.88,Net Banking,0.69,2,0,Success,None,0
TXN002413,CUST00172,2026-07-09 00:16:00,704.18,Card,0.87,1,1,Success,None,0
TXN002414,CUST02356,2026-02-06 05:09:00,616.1,Net Banking,0.4,4,0,Success,None,0
TXN002415,CUST01167,2026-04-15 19:12:00,549.44,Net Banking,0.8,1,0,Success,None,0
TXN002416,CUST01994,2026-11-19 08:17:00,781.76,Net Banking,0.4,3,0,Failed,Bank Timeout,0
TXN002417,CUST01063,2026-12-03 14:32:00,1493.35,Net Banking,0.54,4,0,Success,None,0
TXN002418,CUST02730,2026-02-04 22:39:00,427.81,Card,0.52,2,0,Failed,Bank Timeout,1
TXN002419,CUST00113,2026-11-21 06:34:00,862.46,Card,0.76,4,0,Failed,Expired Card,1
TXN002420,CUST00028,2026-05-15 13:05:00,387.22,Card,0.66,3,0,Success,None,0
TXN002421,CUST01155,2026-09-24 13:05:00,1180.44,Card,0.63,4,1,Success,None,0
TXN002422,CUST02134,2026-04-18 09:14:00,1605.18,Wallet,0.95,1,1,Success,None,0
TXN002423,CUST02934,2026-11-20 15:08:00,447.5,UPI,0.48,0,1,Success,None,0
TXN002424,CUST02021,2026-11-11 18:08:00,599.51,Wallet,0.82,2,0,Success,None,0
TXN002425,CUST01141,2026-10-20 14:19:00,1237.84,Card,0.86,0,0,Success,None,0
TXN002426,CUST00912,2026-02-27 01:30:00,867.7,UPI,0.76,0,0,Success,None,0
TXN002427,CUST01131,2026-09-15 08:11:00,5149.67,Net Banking,0.92,3,0,Success,None,0
TXN002428,CUST00158,2026-12-06 11:09:00,1346.68,Net Banking,0.52,3,0,Success,None,0
TXN002429,CUST00780,2026-12-12 14:05:00,719.64,Net Banking,0.91,4,0,Success,None,0
TXN002430,CUST01008,2026-11-14 12:39:00,380.74,UPI,0.58,1,1,Failed,Bank Timeout,1
TXN002431,CUST01087,2026-06-26 09:41:00,563.33,Card,0.82,3,0,Failed,Bank Timeout,1
TXN002432,CUST01158,2026-08-20 02:43:00,703.45,Wallet,0.57,1,0,Success,None,0
TXN002433,CUST02115,2026-06-08 03:08:00,612.06,UPI,0.36,1,0,Success,None,0
TXN002434,CUST02010,2026-09-16 11:59:00,942.74,UPI,0.72,4,0,Success,None,0
TXN002435,CUST00159,2026-08-12 07:46:00,660.75,Card,0.66,3,0,Success,None,0
TXN002436,CUST02585,2026-08-21 04:26:00,1014.95,Wallet,0.4,4,0,Failed,Network Error,1
TXN002437,CUST02173,2026-11-03 02:04:00,1318.91,Wallet,0.44,1,0,Failed,Bank Timeout,1
TXN002438,CUST02737,2026-10-18 02:04:00,560.5,Net Banking,0.97,3,1,Success,None,0
TXN002439,CUST02449,2026-04-18 13:23:00,616.36,Wallet,0.45,2,1,Failed,Insufficient Funds,1
TXN002440,CUST00461,2026-06-12 19:27:00,445.62,Card,0.77,2,1,Success,None,0
TXN002441,CUST01014,2026-03-06 03:36:00,1733.16,Net Banking,0.39,3,0,Failed,Authentication Failed,1
TXN002442,CUST02706,2026-09-11 18:12:00,1766.48,Net Banking,0.48,0,0,Failed,Authentication Failed,0
TXN002443,CUST01982,2026-09-08 05:02:00,1761.69,Card,0.39,3,1,Success,None,0
TXN002444,CUST00119,2026-07-04 18:29:00,998.45,Card,0.46,2,0,Success,None,0
TXN002445,CUST01676,2026-04-06 05:56:00,533.2,Card,0.9,0,0,Success,None,0
TXN002446,CUST01685,2026-06-04 19:26:00,792.08,Net Banking,0.76,3,1,Success,None,0
TXN002447,CUST01068,2026-06-26 18:24:00,737.75,Wallet,0.81,0,0,Failed,Bank Timeout,1
TXN002448,CUST02607,2026-06-12 23:30:00,75.34,Net Banking,0.93,0,0,Failed,Authentication Failed,1
TXN002449,CUST02345,2026-10-11 19:49:00,737.29,Card,0.58,1,0,Failed,Insufficient Funds,1
TXN002450,CUST00530,2026-12-12 23:39:00,4321.39,Net Banking,0.39,4,0,Success,None,0
TXN002451,CUST01554,2026-11-29 03:10:00,586.47,UPI,0.64,0,0,Success,None,0
TXN002452,CUST02265,2026-07-08 20:01:00,2170.11,Net Banking,0.78,0,0,Success,None,0
TXN002453,CUST01484,2026-02-27 03:49:00,3488.58,Card,0.33,4,0,Failed,Expired Card,0
TXN002454,CUST02941,2026-10-19 17:44:00,759.08,Wallet,0.58,1,0,Success,None,0
TXN002455,CUST01532,2026-03-20 12:04:00,3082.95,Card,0.8,2,1,Success,None,0
TXN002456,CUST00056,2026-10-02 22:21:00,392.4,Card,0.55,0,0,Success,None,0
TXN002457,CUST02055,2026-01-16 09:29:00,658.1,UPI,0.99,3,1,Failed,Bank Timeout,1
TXN002458,CUST01235,2026-08-18 22:36:00,903.65,Net Banking,0.91,0,0,Success,None,0
TXN002459,CUST00139,2026-10-24 00:03:00,377.68,Card,0.57,2,0,Failed,Authentication Failed,1
TXN002460,CUST00538,2026-01-28 20:42:00,2798.77,Wallet,0.59,2,0,Success,None,0
TXN002461,CUST02067,2026-01-06 08:48:00,1905.96,UPI,0.33,3,0,Success,None,0
TXN002462,CUST00392,2026-03-12 17:40:00,1112.51,Card,0.71,4,1,Success,None,0
TXN002463,CUST01326,2026-04-21 00:15:00,1184.88,Net Banking,0.9,3,0,Failed,Network Error,0
TXN002464,CUST00831,2026-08-27 20:39:00,682.16,Wallet,0.31,0,0,Success,None,0
TXN002465,CUST01543,2026-02-03 21:11:00,1281.85,Wallet,0.61,2,1,Failed,Bank Timeout,0
TXN002466,CUST02298,2026-04-14 13:19:00,1685.78,Wallet,0.63,2,1,Failed,Expired Card,0
TXN002467,CUST01567,2026-09-22 21:29:00,467.39,Card,0.45,0,1,Failed,Authentication Failed,0
TXN002468,CUST02239,2026-03-23 13:52:00,1052.33,Net Banking,0.74,0,1,Success,None,0
TXN002469,CUST01628,2026-05-15 15:33:00,1393.75,UPI,0.73,1,1,Failed,Authentication Failed,0
TXN002470,CUST02633,2026-02-22 08:17:00,1353.7,UPI,0.59,2,0,Success,None,0
TXN002471,CUST00391,2026-03-17 14:45:00,382.85,UPI,0.94,4,0,Failed,Authentication Failed,0
TXN002472,CUST00344,2026-08-13 10:57:00,3126.14,Card,0.3,1,1,Success,None,0
TXN002473,CUST02144,2026-01-22 10:57:00,445.46,Wallet,0.45,4,0,Success,None,0
TXN002474,CUST01033,2026-09-27 14:41:00,333.66,Wallet,0.61,3,0,Failed,Network Error,1
TXN002475,CUST00150,2026-11-14 06:39:00,1755.42,Card,0.81,2,1,Success,None,0
TXN002476,CUST01099,2026-07-18 15:25:00,2368.18,UPI,0.52,1,1,Failed,Authentication Failed,1
TXN002477,CUST02671,2026-06-17 23:31:00,877.01,Net Banking,0.4,1,0,Success,None,0
TXN002478,CUST02108,2026-12-02 09:50:00,1093.56,Wallet,0.71,4,0,Failed,Insufficient Funds,0
TXN002479,CUST02865,2026-02-16 08:12:00,1942.63,Wallet,0.85,0,1,Success,None,0
TXN002480,CUST00664,2026-03-02 12:15:00,909.61,UPI,0.72,4,0,Success,None,0
TXN002481,CUST01793,2026-11-19 09:38:00,3220.39,Card,0.69,0,0,Success,None,0
TXN002482,CUST02029,2026-02-20 22:09:00,3480.52,Wallet,0.81,1,1,Success,None,0
TXN002483,CUST01636,2026-02-12 19:27:00,856.41,Wallet,0.36,0,0,Success,None,0
TXN002484,CUST01206,2026-08-12 22:49:00,1516.04,Wallet,0.66,2,0,Success,None,0
TXN002485,CUST02310,2026-04-16 15:46:00,5647.49,Net Banking,0.67,1,0,Failed,Expired Card,0
TXN002486,CUST02515,2026-06-21 21:21:00,298.75,Card,0.88,2,0,Failed,Authentication Failed,0
TXN002487,CUST01353,2026-07-10 22:05:00,434.61,Card,0.39,1,0,Success,None,0
TXN002488,CUST00041,2026-03-07 06:05:00,1419.42,Wallet,0.58,2,1,Failed,Bank Timeout,1
TXN002489,CUST00275,2026-09-13 09:29:00,2532.61,Wallet,0.75,0,0,Failed,Bank Timeout,1
TXN002490,CUST02843,2026-05-01 12:37:00,3951.18,Card,0.57,0,1,Success,None,0
TXN002491,CUST00251,2026-08-05 10:25:00,176.16,UPI,0.9,4,1,Success,None,0
TXN002492,CUST00274,2026-05-06 14:17:00,586.36,Card,0.51,2,0,Success,None,0
TXN002493,CUST00790,2026-10-26 19:51:00,1585.47,UPI,0.49,2,0,Success,None,0
TXN002494,CUST02394,2026-08-16 08:58:00,324.45,Wallet,0.3,2,0,Success,None,0
TXN002495,CUST01044,2026-01-29 04:59:00,396.53,Wallet,0.75,4,0,Success,None,0
TXN002496,CUST00422,2026-03-06 22:13:00,435.95,Card,0.73,1,0,Success,None,0
TXN002497,CUST02309,2026-10-18 03:16:00,1229.54,Net Banking,0.62,0,0,Failed,Expired Card,0
TXN002498,CUST01353,2026-10-21 22:17:00,275.67,Wallet,0.76,4,0,Success,None,0
TXN002499,CUST00858,2026-10-13 05:08:00,1617.4,Wallet,0.35,1,0,Failed,Bank Timeout,1
TXN002500,CUST00375,2026-02-22 04:27:00,3971.79,Card,0.49,4,0,Failed,Bank Timeout,1
TXN002501,CUST00002,2026-11-23 04:57:00,234.41,Wallet,0.8,2,0,Success,None,0
TXN002502,CUST00562,2026-06-04 21:15:00,1789.03,UPI,0.53,4,1,Success,None,0
TXN002503,CUST01340,2026-03-29 15:54:00,3079.63,Wallet,0.69,2,0,Failed,Expired Card,0
TXN002504,CUST01546,2026-05-10 05:57:00,3351.21,Wallet,0.56,3,1,Success,None,0
TXN002505,CUST02139,2026-11-18 14:16:00,1442.8,Net Banking,0.48,2,0,Failed,Expired Card,0
TXN002506,CUST00681,2026-11-02 18:56:00,2965.42,Card,0.63,2,0,Failed,Authentication Failed,0
TXN002507,CUST02008,2026-07-23 03:02:00,1144.18,Wallet,0.81,2,0,Success,None,0
TXN002508,CUST02671,2026-01-10 05:02:00,2191.26,Wallet,0.74,2,0,Success,None,0
TXN002509,CUST01910,2026-03-19 20:02:00,1882.04,Net Banking,0.65,2,1,Success,None,0
TXN002510,CUST01567,2026-12-06 18:21:00,277.88,Card,0.5,2,0,Success,None,0
TXN002511,CUST00803,2026-07-11 12:16:00,919.64,UPI,0.37,3,0,Success,None,0
TXN002512,CUST00023,2026-04-30 14:03:00,990.37,Card,0.33,4,0,Success,None,0
TXN002513,CUST01511,2026-08-09 22:04:00,1819.98,UPI,0.64,2,0,Failed,Network Error,1
TXN002514,CUST02652,2026-05-26 00:20:00,804.24,UPI,0.57,2,1,Success,None,0
TXN002515,CUST02849,2026-08-16 15:41:00,245.69,UPI,0.8,2,0,Success,None,0
TXN002516,CUST02344,2026-08-10 04:49:00,526.49,UPI,0.88,0,1,Success,None,0
TXN002517,CUST02009,2026-10-01 01:02:00,696.22,Wallet,0.89,1,1,Success,None,0
TXN002518,CUST00157,2026-08-12 03:46:00,1413.91,UPI,0.45,2,0,Failed,Bank Timeout,1
TXN002519,CUST00540,2026-10-31 16:09:00,748.24,Card,0.58,0,1,Success,None,0
TXN002520,CUST00230,2026-04-25 09:50:00,1058.19,UPI,0.97,3,0,Success,None,0
TXN002521,CUST02229,2026-08-27 12:23:00,1280.18,UPI,0.33,2,0,Failed,Expired Card,0
TXN002522,CUST01363,2026-11-26 18:20:00,3127.2,UPI,0.97,2,0,Success,None,0
TXN002523,CUST02115,2026-06-01 14:22:00,618.81,Net Banking,0.44,0,1,Success,None,0
TXN002524,CUST00267,2026-09-23 09:43:00,629.33,UPI,0.9,1,0,Success,None,0
TXN002525,CUST00344,2026-01-17 04:55:00,1189.14,Net Banking,0.63,1,1,Failed,Network Error,1
TXN002526,CUST02821,2026-03-04 23:25:00,150.97,Card,0.32,4,1,Failed,Insufficient Funds,0
TXN002527,CUST01122,2026-02-12 20:36:00,753.31,Net Banking,0.66,4,0,Success,None,0
TXN002528,CUST01910,2026-07-26 03:26:00,3734.29,Net Banking,0.82,4,0,Success,None,0
TXN002529,CUST00362,2026-03-08 10:43:00,2058.68,Wallet,0.44,0,0,Success,None,0
TXN002530,CUST00761,2026-10-07 03:43:00,2309.75,UPI,0.63,2,0,Success,None,0
TXN002531,CUST00043,2026-06-17 14:35:00,588.73,Card,0.4,1,0,Success,None,0
TXN002532,CUST02967,2026-11-01 20:30:00,2777.45,UPI,0.99,1,0,Success,None,0
TXN002533,CUST00544,2026-05-19 02:27:00,423.76,Card,0.35,2,0,Success,None,0
TXN002534,CUST00730,2026-07-25 17:23:00,5383.3,Net Banking,0.79,2,0,Success,None,0
TXN002535,CUST01696,2026-04-10 07:45:00,802.92,Net Banking,0.36,1,0,Success,None,0
TXN002536,CUST00726,2026-09-11 23:21:00,1900.0,Card,0.56,2,0,Success,None,0
TXN002537,CUST01084,2026-05-10 07:22:00,658.04,Wallet,0.8,0,1,Failed,Expired Card,1
TXN002538,CUST01429,2026-10-30 00:16:00,2562.83,Net Banking,0.4,4,1,Success,None,0
TXN002539,CUST00151,2026-02-26 16:33:00,1966.12,Card,0.96,4,1,Success,None,0
TXN002540,CUST02877,2026-08-24 04:54:00,520.71,Card,0.68,3,0,Success,None,0
TXN002541,CUST00850,2026-02-03 01:03:00,874.35,Net Banking,0.72,2,0,Success,None,0
TXN002542,CUST01058,2026-04-05 23:18:00,217.02,Card,0.96,1,1,Success,None,0
TXN002543,CUST00473,2026-06-23 00:26:00,1027.09,UPI,0.76,4,0,Success,None,0
TXN002544,CUST01914,2026-05-16 13:03:00,2423.46,Card,0.58,4,0,Success,None,0
TXN002545,CUST02697,2026-04-28 08:55:00,4538.69,Wallet,0.8,4,0,Success,None,0
TXN002546,CUST02579,2026-02-27 19:10:00,335.84,UPI,0.47,2,0,Success,None,0
TXN002547,CUST01948,2026-08-24 21:16:00,271.8,Wallet,0.84,2,0,Success,None,0
TXN002548,CUST00767,2026-03-01 06:05:00,1243.22,UPI,0.76,2,0,Failed,Authentication Failed,1
TXN002549,CUST00090,2026-08-05 02:44:00,364.29,Card,0.44,3,1,Success,None,0
TXN002550,CUST02994,2026-10-31 16:26:00,4273.16,Wallet,0.66,3,1,Success,None,0
TXN002551,CUST01035,2026-06-25 16:39:00,266.08,Card,0.59,2,0,Success,None,0
TXN002552,CUST01230,2026-10-05 20:42:00,459.63,Wallet,0.68,0,0,Success,None,0
TXN002553,CUST01725,2026-07-30 06:10:00,447.34,UPI,0.65,3,0,Failed,Authentication Failed,1
TXN002554,CUST00672,2026-12-02 19:38:00,1089.0,UPI,0.95,4,0,Success,None,0
TXN002555,CUST02445,2026-12-13 10:16:00,477.57,Net Banking,0.94,4,0,Success,None,0
TXN002556,CUST00533,2026-02-02 21:54:00,4230.34,Card,0.84,2,0,Success,None,0
TXN002557,CUST00580,2026-05-25 04:14:00,892.8,Net Banking,0.49,2,1,Failed,Bank Timeout,1
TXN002558,CUST00004,2026-11-18 11:22:00,1369.28,Wallet,0.9,1,0,Failed,Bank Timeout,1
TXN002559,CUST01260,2026-03-27 23:48:00,553.88,Net Banking,0.46,0,0,Success,None,0
TXN002560,CUST01789,2026-02-26 02:52:00,655.54,Card,0.69,0,0,Failed,Expired Card,0
TXN002561,CUST00021,2026-05-06 12:08:00,519.1,Net Banking,0.77,3,0,Success,None,0
TXN002562,CUST01929,2026-09-12 10:01:00,917.4,UPI,0.8,4,1,Success,None,0
TXN002563,CUST01935,2026-09-15 03:04:00,1555.24,Card,0.37,3,1,Success,None,0
TXN002564,CUST00393,2026-04-26 21:50:00,1511.66,Card,0.97,3,0,Success,None,0
TXN002565,CUST01638,2026-10-26 11:26:00,1819.9,Card,0.61,2,0,Success,None,0
TXN002566,CUST02446,2026-05-07 06:58:00,1188.21,Wallet,0.63,3,0,Success,None,0
TXN002567,CUST02744,2026-03-22 17:11:00,1098.52,Wallet,0.78,4,0,Success,None,0
TXN002568,CUST00964,2026-05-04 17:39:00,572.46,Card,0.71,2,0,Success,None,0
TXN002569,CUST02501,2026-11-29 23:46:00,845.63,UPI,0.53,4,1,Success,None,0
TXN002570,CUST02645,2026-07-02 00:37:00,1039.77,UPI,0.94,1,0,Success,None,0
TXN002571,CUST00182,2026-06-08 12:35:00,2204.7,Card,0.49,1,0,Success,None,0
TXN002572,CUST01391,2026-06-04 23:55:00,7638.48,UPI,0.95,3,0,Success,None,0
TXN002573,CUST01168,2026-09-03 20:37:00,891.91,Card,0.82,2,1,Success,None,0
TXN002574,CUST00143,2026-03-07 08:39:00,2197.2,Wallet,0.39,2,1,Success,None,0
TXN002575,CUST01632,2026-06-19 06:33:00,4227.12,Card,0.56,4,0,Failed,Insufficient Funds,1
TXN002576,CUST02811,2026-10-20 13:31:00,842.07,Net Banking,0.65,0,1,Success,None,0
TXN002577,CUST00659,2026-07-29 05:38:00,2980.27,UPI,0.79,2,0,Success,None,0
TXN002578,CUST02812,2026-06-26 23:57:00,470.97,Wallet,0.64,3,0,Success,None,0
TXN002579,CUST01731,2026-06-04 17:32:00,103.19,Wallet,0.44,0,0,Success,None,0
TXN002580,CUST02598,2026-07-02 19:04:00,656.3,Net Banking,0.33,0,1,Success,None,0
TXN002581,CUST01940,2026-02-10 15:48:00,566.97,Net Banking,0.84,2,0,Failed,Bank Timeout,1
TXN002582,CUST02178,2026-02-24 18:06:00,470.11,Wallet,0.42,3,0,Success,None,0
TXN002583,CUST01381,2026-03-13 22:46:00,985.1,UPI,0.65,4,0,Success,None,0
TXN002584,CUST01782,2026-04-13 13:39:00,464.63,Wallet,0.74,0,1,Success,None,0
TXN002585,CUST00498,2026-05-14 15:48:00,1060.5,UPI,0.5,3,1,Failed,Insufficient Funds,1
TXN002586,CUST01034,2026-09-03 18:12:00,1017.47,Net Banking,0.52,3,0,Success,None,0
TXN002587,CUST00097,2026-03-07 01:45:00,448.39,Net Banking,0.8,4,0,Success,None,0
TXN002588,CUST01462,2026-06-12 15:56:00,3756.93,Net Banking,0.5,3,0,Success,None,0
TXN002589,CUST01220,2026-05-11 01:38:00,1823.04,Net Banking,0.81,0,0,Failed,Insufficient Funds,0
TXN002590,CUST01019,2026-07-14 18:46:00,998.11,Wallet,0.81,1,0,Success,None,0
TXN002591,CUST00517,2026-06-06 23:00:00,819.66,UPI,0.46,1,1,Success,None,0
TXN002592,CUST01415,2026-12-01 12:22:00,2899.76,Net Banking,0.68,3,0,Success,None,0
TXN002593,CUST00167,2026-05-16 17:32:00,1799.52,Wallet,0.93,0,0,Success,None,0
TXN002594,CUST00602,2026-05-20 01:12:00,1178.3,UPI,0.86,4,0,Success,None,0
TXN002595,CUST01384,2026-05-26 21:42:00,882.6,UPI,0.65,2,1,Success,None,0
TXN002596,CUST00754,2026-11-01 16:32:00,756.61,UPI,0.65,2,0,Success,None,0
TXN002597,CUST00477,2026-04-21 09:24:00,788.49,Wallet,0.81,1,0,Failed,Expired Card,0
TXN002598,CUST02844,2026-07-28 17:53:00,677.87,Card,0.49,0,0,Success,None,0
TXN002599,CUST00882,2026-09-29 22:14:00,533.6,Wallet,0.69,3,0,Failed,Bank Timeout,0
TXN002600,CUST02055,2026-11-28 05:29:00,3413.74,Net Banking,0.56,0,1,Success,None,0
TXN002601,CUST02778,2026-01-02 20:08:00,543.97,Card,0.92,2,0,Success,None,0
TXN002602,CUST00849,2026-08-28 06:48:00,1889.89,Wallet,0.6,0,1,Failed,Bank Timeout,0
TXN002603,CUST01094,2026-02-05 08:53:00,597.21,Net Banking,0.54,3,0,Success,None,0
TXN002604,CUST00921,2026-03-22 11:37:00,1864.81,Card,0.79,0,0,Success,None,0
TXN002605,CUST02505,2026-08-03 01:16:00,4369.36,UPI,0.57,2,1,Failed,Authentication Failed,0
TXN002606,CUST02218,2026-12-05 13:21:00,753.34,Net Banking,0.98,3,1,Failed,Expired Card,0
TXN002607,CUST01405,2026-05-07 02:35:00,1597.81,UPI,0.89,2,0,Success,None,0
TXN002608,CUST00622,2026-03-18 16:34:00,5312.81,Wallet,0.34,3,1,Success,None,0
TXN002609,CUST02757,2026-05-27 16:55:00,1733.6,Card,0.76,3,0,Success,None,0
TXN002610,CUST02707,2026-08-18 21:07:00,1506.64,UPI,0.38,4,0,Failed,Authentication Failed,0
TXN002611,CUST00341,2026-04-21 16:40:00,1677.96,Net Banking,0.41,1,0,Success,None,0
TXN002612,CUST01292,2026-01-11 18:20:00,1580.16,Net Banking,0.78,3,1,Success,None,0
TXN002613,CUST02560,2026-08-16 06:54:00,866.08,Card,0.44,4,0,Failed,Network Error,1
TXN002614,CUST01702,2026-07-22 14:14:00,2879.21,Wallet,0.67,0,0,Success,None,0
TXN002615,CUST00962,2026-05-18 18:45:00,1487.84,Wallet,0.85,3,0,Failed,Expired Card,1
TXN002616,CUST00398,2026-03-18 22:24:00,3269.59,UPI,0.91,3,0,Failed,Insufficient Funds,1
TXN002617,CUST00732,2026-07-20 06:35:00,591.25,Net Banking,0.91,1,1,Success,None,0
TXN002618,CUST01442,2026-11-24 20:19:00,4156.72,Wallet,0.31,1,1,Failed,Expired Card,0
TXN002619,CUST01309,2026-08-30 20:10:00,1815.55,Net Banking,0.91,2,0,Success,None,0
TXN002620,CUST02058,2026-03-23 22:56:00,182.45,Net Banking,0.49,4,1,Failed,Authentication Failed,0
TXN002621,CUST01901,2026-02-27 03:36:00,2050.06,Wallet,0.56,2,1,Failed,Bank Timeout,1
TXN002622,CUST01182,2026-10-05 18:37:00,528.85,Wallet,0.62,0,0,Success,None,0
TXN002623,CUST02688,2026-05-20 13:47:00,1653.93,Wallet,0.51,1,0,Failed,Expired Card,0
TXN002624,CUST01714,2026-08-20 17:05:00,266.86,Wallet,0.46,3,0,Success,None,0
TXN002625,CUST02535,2026-08-10 23:41:00,1132.03,UPI,0.41,1,0,Success,None,0
TXN002626,CUST02456,2026-12-11 05:48:00,351.32,UPI,0.83,4,1,Failed,Insufficient Funds,1
TXN002627,CUST02498,2026-07-27 06:40:00,1245.56,Net Banking,0.49,1,0,Success,None,0
TXN002628,CUST02804,2026-01-09 06:31:00,628.56,Wallet,0.66,0,0,Success,None,0
TXN002629,CUST02262,2026-11-06 14:06:00,6417.69,Wallet,0.58,4,0,Success,None,0
TXN002630,CUST01876,2026-03-05 19:01:00,3117.69,Card,0.84,2,0,Failed,Authentication Failed,0
TXN002631,CUST01322,2026-01-24 14:20:00,2950.54,Card,0.88,1,0,Success,None,0
TXN002632,CUST00848,2026-06-17 04:29:00,894.64,UPI,0.79,4,1,Failed,Bank Timeout,1
TXN002633,CUST00991,2026-07-02 02:56:00,2535.12,Wallet,0.46,1,1,Failed,Insufficient Funds,0
TXN002634,CUST00653,2026-09-20 21:20:00,514.62,Net Banking,0.42,1,1,Failed,Insufficient Funds,1
TXN002635,CUST00133,2026-11-10 21:44:00,755.03,UPI,0.33,3,1,Success,None,0
TXN002636,CUST00289,2026-11-18 14:53:00,170.63,Wallet,0.8,3,0,Failed,Expired Card,0
TXN002637,CUST02932,2026-06-09 15:51:00,5937.46,UPI,0.4,4,0,Failed,Authentication Failed,0
TXN002638,CUST01200,2026-05-13 07:12:00,550.9,UPI,0.48,3,0,Failed,Authentication Failed,0
TXN002639,CUST01756,2026-02-23 03:37:00,407.82,Wallet,0.78,0,0,Failed,Network Error,1
TXN002640,CUST02958,2026-05-31 07:54:00,3039.82,UPI,0.64,1,0,Success,None,0
TXN002641,CUST00582,2026-03-18 11:45:00,1120.19,Net Banking,0.55,1,1,Success,None,0
TXN002642,CUST00398,2026-06-16 20:10:00,2241.44,Net Banking,0.78,2,0,Success,None,0
TXN002643,CUST01003,2026-04-18 12:18:00,822.03,Wallet,0.37,2,0,Failed,Authentication Failed,1
TXN002644,CUST01845,2026-08-05 10:11:00,1804.48,Net Banking,0.73,2,0,Success,None,0
TXN002645,CUST00574,2026-01-10 10:40:00,1340.1,UPI,0.3,1,0,Failed,Bank Timeout,1
TXN002646,CUST02309,2026-04-22 15:39:00,2094.05,Net Banking,0.55,2,0,Success,None,0
TXN002647,CUST02326,2026-09-17 14:58:00,993.31,Card,0.43,2,1,Success,None,0
TXN002648,CUST02758,2026-09-28 18:50:00,813.87,Wallet,0.62,2,0,Success,None,0
TXN002649,CUST00601,2026-11-09 19:20:00,1713.0,Card,0.45,4,0,Success,None,0
TXN002650,CUST01054,2026-11-06 19:26:00,1021.76,Wallet,0.82,1,0,Success,None,0
TXN002651,CUST02389,2026-08-01 17:07:00,945.84,Card,0.62,2,0,Failed,Insufficient Funds,0
TXN002652,CUST01492,2026-06-23 15:51:00,1844.7,Net Banking,0.5,4,1,Failed,Expired Card,0
TXN002653,CUST01410,2026-07-10 12:59:00,577.39,Card,0.79,1,0,Success,None,0
TXN002654,CUST01549,2026-11-14 01:00:00,1151.56,Net Banking,0.43,3,0,Success,None,0
TXN002655,CUST00719,2026-01-06 04:21:00,1327.13,Wallet,0.58,3,1,Failed,Insufficient Funds,0
TXN002656,CUST00921,2026-03-23 16:03:00,4572.91,Net Banking,0.96,2,0,Success,None,0
TXN002657,CUST01140,2026-08-25 15:45:00,1034.34,Card,0.92,4,0,Failed,Bank Timeout,0
TXN002658,CUST02044,2026-11-02 19:49:00,582.53,Net Banking,0.96,3,0,Failed,Expired Card,0
TXN002659,CUST00830,2026-05-26 02:04:00,2471.92,Card,0.59,2,0,Success,None,0
TXN002660,CUST01350,2026-04-09 20:10:00,794.17,UPI,0.74,4,0,Success,None,0
TXN002661,CUST00230,2026-03-31 02:09:00,1176.59,UPI,0.43,3,0,Failed,Network Error,1
TXN002662,CUST02826,2026-09-09 02:08:00,771.07,Card,0.63,1,0,Success,None,0
TXN002663,CUST00727,2026-07-20 23:14:00,1068.07,Wallet,0.97,0,0,Failed,Network Error,0
TXN002664,CUST00779,2026-07-10 06:10:00,724.96,UPI,0.81,0,0,Success,None,0
TXN002665,CUST00250,2026-03-30 19:35:00,2556.86,Net Banking,0.37,1,0,Success,None,0
TXN002666,CUST01902,2026-04-27 02:13:00,1597.84,Wallet,0.79,0,0,Success,None,0
TXN002667,CUST00805,2026-06-10 21:21:00,1441.85,UPI,0.57,3,0,Success,None,0
TXN002668,CUST01950,2026-07-17 11:17:00,5083.76,UPI,0.73,1,0,Success,None,0
TXN002669,CUST02451,2026-07-27 06:52:00,3137.01,Card,0.58,3,0,Failed,Insufficient Funds,1
TXN002670,CUST00457,2026-08-03 10:12:00,1083.14,Wallet,0.34,3,0,Failed,Expired Card,0
TXN002671,CUST00003,2026-08-07 22:42:00,2387.39,Wallet,0.34,2,1,Failed,Network Error,1
TXN002672,CUST02586,2026-07-04 16:47:00,2204.44,Wallet,0.68,1,0,Failed,Authentication Failed,1
TXN002673,CUST02644,2026-11-12 18:14:00,823.26,Net Banking,0.55,2,0,Success,None,0
TXN002674,CUST01398,2026-08-16 21:23:00,411.58,Card,0.66,2,0,Failed,Authentication Failed,0
TXN002675,CUST00747,2026-04-27 05:16:00,333.08,UPI,0.56,3,0,Success,None,0
TXN002676,CUST02031,2026-01-24 20:52:00,653.1,Wallet,0.54,1,0,Success,None,0
TXN002677,CUST02757,2026-12-03 21:21:00,892.54,Wallet,0.84,2,0,Failed,Authentication Failed,1
TXN002678,CUST02613,2026-03-12 11:39:00,1049.98,Net Banking,0.76,4,0,Success,None,0
TXN002679,CUST00950,2026-07-02 16:37:00,1072.15,UPI,0.44,1,0,Success,None,0
TXN002680,CUST01311,2026-02-07 11:18:00,3266.46,Net Banking,0.79,4,1,Failed,Network Error,0
TXN002681,CUST02339,2026-02-26 22:32:00,1536.18,Card,0.96,1,0,Success,None,0
TXN002682,CUST01623,2026-08-11 03:20:00,2092.72,Card,0.43,1,0,Success,None,0
TXN002683,CUST01334,2026-08-26 22:17:00,953.85,Card,0.82,4,1,Failed,Expired Card,0
TXN002684,CUST02976,2026-12-06 15:18:00,637.98,Wallet,0.72,2,0,Success,None,0
TXN002685,CUST01934,2026-02-22 18:54:00,989.2,Net Banking,0.41,2,0,Success,None,0
TXN002686,CUST01367,2026-06-13 17:36:00,729.77,Net Banking,0.37,2,0,Success,None,0
TXN002687,CUST01743,2026-10-05 16:31:00,534.79,Net Banking,0.96,4,1,Failed,Authentication Failed,1
TXN002688,CUST01656,2026-05-09 17:54:00,658.53,UPI,0.32,0,1,Success,None,0
TXN002689,CUST01872,2026-10-26 00:27:00,216.04,Card,0.39,2,0,Failed,Bank Timeout,1
TXN002690,CUST02712,2026-10-31 02:56:00,1107.15,Card,0.85,2,0,Success,None,0
TXN002691,CUST00097,2026-10-15 23:09:00,383.61,Net Banking,0.5,2,1,Failed,Authentication Failed,1
TXN002692,CUST02286,2026-10-18 08:26:00,1502.94,Net Banking,0.46,4,0,Success,None,0
TXN002693,CUST02530,2026-11-08 19:22:00,1840.57,Card,0.44,4,1,Success,None,0
TXN002694,CUST00438,2026-02-28 09:45:00,1179.63,Net Banking,0.87,0,0,Success,None,0
TXN002695,CUST02961,2026-12-13 15:05:00,550.92,Net Banking,0.33,3,1,Failed,Insufficient Funds,0
TXN002696,CUST02818,2026-04-12 23:55:00,539.0,Wallet,0.33,3,0,Failed,Expired Card,0
TXN002697,CUST00243,2026-08-21 21:09:00,909.93,Wallet,0.79,0,0,Success,None,0
TXN002698,CUST01131,2026-06-09 12:23:00,3570.95,Net Banking,0.41,4,0,Failed,Network Error,1
TXN002699,CUST01933,2026-04-29 03:55:00,209.62,UPI,0.66,1,0,Failed,Authentication Failed,1
TXN002700,CUST00617,2026-07-29 00:27:00,1177.93,Card,0.87,4,0,Success,None,0
TXN002701,CUST02302,2026-03-31 06:49:00,267.11,Card,0.51,0,1,Success,None,0
TXN002702,CUST02346,2026-07-22 16:17:00,792.01,Net Banking,0.88,4,0,Success,None,0
TXN002703,CUST02825,2026-10-09 02:43:00,212.24,Net Banking,0.89,0,0,Success,None,0
TXN002704,CUST02865,2026-11-26 12:54:00,426.38,UPI,0.69,2,0,Failed,Authentication Failed,0
TXN002705,CUST00755,2026-03-24 21:31:00,3287.28,Card,0.85,2,1,Failed,Authentication Failed,0
TXN002706,CUST01365,2026-04-03 23:21:00,1228.61,Net Banking,0.86,1,0,Success,None,0
TXN002707,CUST00575,2026-06-05 14:04:00,212.59,UPI,0.69,0,1,Failed,Authentication Failed,0
TXN002708,CUST00197,2026-11-29 09:45:00,635.33,Wallet,0.48,4,0,Failed,Expired Card,0
TXN002709,CUST00067,2026-01-12 16:21:00,330.33,Net Banking,0.49,4,1,Failed,Expired Card,0
TXN002710,CUST02207,2026-07-29 06:48:00,1091.34,Net Banking,0.84,3,0,Success,None,0
TXN002711,CUST02599,2026-07-25 19:43:00,2429.6,Net Banking,0.4,0,0,Success,None,0
TXN002712,CUST02287,2026-10-18 18:11:00,2257.06,UPI,0.87,0,0,Success,None,0
TXN002713,CUST02351,2026-10-01 18:16:00,909.49,UPI,0.4,3,0,Success,None,0
TXN002714,CUST02802,2026-06-19 13:28:00,937.41,UPI,0.63,3,0,Success,None,0
TXN002715,CUST00624,2026-03-08 03:29:00,1798.46,Wallet,0.78,2,0,Failed,Expired Card,0
TXN002716,CUST01860,2026-11-20 19:40:00,3513.89,Net Banking,0.75,4,1,Failed,Insufficient Funds,1
TXN002717,CUST02355,2026-08-16 01:53:00,1565.43,Wallet,0.49,2,0,Success,None,0
TXN002718,CUST00078,2026-04-28 09:02:00,2165.87,Wallet,0.85,0,0,Success,None,0
TXN002719,CUST00617,2026-08-01 18:21:00,596.21,Wallet,0.64,2,0,Success,None,0
TXN002720,CUST02181,2026-10-08 07:43:00,862.85,Net Banking,0.46,3,0,Failed,Expired Card,0
TXN002721,CUST02929,2026-03-10 18:10:00,2003.61,Net Banking,0.4,4,0,Success,None,0
TXN002722,CUST00845,2026-02-06 17:38:00,1220.52,Card,0.96,2,0,Success,None,0
TXN002723,CUST02185,2026-10-11 19:03:00,1740.2,UPI,0.83,4,0,Success,None,0
TXN002724,CUST02213,2026-04-30 05:23:00,410.26,Card,0.43,2,0,Success,None,0
TXN002725,CUST00943,2026-04-21 07:02:00,486.14,Net Banking,0.59,1,0,Success,None,0
TXN002726,CUST01738,2026-12-07 21:32:00,731.96,Card,0.63,2,0,Success,None,0
TXN002727,CUST01456,2026-11-16 12:54:00,318.29,Card,0.57,0,0,Success,None,0
TXN002728,CUST00505,2026-06-11 15:18:00,3163.23,Wallet,0.96,3,0,Success,None,0
TXN002729,CUST01559,2026-06-09 16:04:00,912.78,Card,0.45,0,1,Success,None,0
TXN002730,CUST00814,2026-08-03 21:23:00,1236.32,Wallet,0.31,1,1,Failed,Insufficient Funds,1
TXN002731,CUST00718,2026-03-01 07:17:00,9587.98,UPI,0.95,4,0,Success,None,0
TXN002732,CUST00493,2026-09-30 22:49:00,1662.2,Card,0.59,3,0,Success,None,0
TXN002733,CUST01701,2026-02-03 01:20:00,661.83,Net Banking,0.39,1,0,Success,None,0
TXN002734,CUST01958,2026-12-11 00:38:00,1771.46,Net Banking,0.69,2,0,Success,None,0
TXN002735,CUST00067,2026-10-20 12:19:00,1966.2,Wallet,0.99,0,1,Success,None,0
TXN002736,CUST01640,2026-05-12 05:09:00,3339.37,Wallet,0.38,0,0,Success,None,0
TXN002737,CUST00268,2026-03-25 12:10:00,2096.49,Net Banking,0.97,3,0,Success,None,0
TXN002738,CUST02665,2026-01-06 18:29:00,614.07,UPI,0.72,3,1,Success,None,0
TXN002739,CUST02989,2026-02-21 05:46:00,355.73,Net Banking,0.75,2,0,Success,None,0
TXN002740,CUST00727,2026-02-16 14:01:00,388.2,Card,0.77,4,0,Failed,Expired Card,0
TXN002741,CUST00575,2026-01-23 06:36:00,995.04,Card,0.68,3,0,Success,None,0
TXN002742,CUST02708,2026-08-13 20:16:00,3522.57,Card,0.76,2,0,Success,None,0
TXN002743,CUST00646,2026-03-05 14:00:00,2114.85,Wallet,0.87,3,0,Success,None,0
TXN002744,CUST02739,2026-11-17 01:29:00,528.9,Card,0.99,1,0,Success,None,0
TXN002745,CUST00666,2026-03-16 07:15:00,658.89,UPI,0.58,0,1,Success,None,0
TXN002746,CUST01654,2026-08-15 10:21:00,1448.79,Net Banking,0.56,2,0,Success,None,0
TXN002747,CUST00117,2026-01-11 09:00:00,6467.94,Net Banking,0.98,0,0,Failed,Authentication Failed,1
TXN002748,CUST00592,2026-07-16 10:00:00,1148.12,UPI,0.9,3,0,Success,None,0
TXN002749,CUST02452,2026-02-27 14:07:00,1201.32,Wallet,0.53,4,0,Failed,Insufficient Funds,0
TXN002750,CUST01429,2026-06-02 20:59:00,581.28,UPI,0.67,1,0,Success,None,0
TXN002751,CUST00461,2026-06-01 02:59:00,1781.95,UPI,0.3,3,1,Failed,Expired Card,0
TXN002752,CUST00551,2026-04-24 09:19:00,2368.12,Wallet,0.94,4,0,Failed,Authentication Failed,1
TXN002753,CUST01053,2026-08-27 23:29:00,276.43,Wallet,0.45,1,0,Success,None,0
TXN002754,CUST02514,2026-06-29 10:10:00,1209.6,Net Banking,0.36,0,1,Failed,Expired Card,0
TXN002755,CUST00516,2026-10-21 06:06:00,1544.37,Card,0.6,1,0,Success,None,0
TXN002756,CUST00924,2026-09-19 03:35:00,4352.3,Card,0.56,0,0,Success,None,0
TXN002757,CUST01157,2026-04-01 22:36:00,1241.56,Wallet,0.92,4,0,Success,None,0
TXN002758,CUST01027,2026-04-30 15:34:00,797.41,Card,0.43,1,0,Failed,Authentication Failed,0
TXN002759,CUST00540,2026-05-17 10:47:00,2394.91,Net Banking,0.37,2,1,Success,None,0
TXN002760,CUST02374,2026-08-19 01:27:00,2309.3,Card,0.78,0,1,Success,None,0
TXN002761,CUST00811,2026-02-22 01:09:00,486.5,UPI,0.69,1,0,Success,None,0
TXN002762,CUST00975,2026-04-28 10:19:00,817.39,UPI,0.57,1,1,Success,None,0
TXN002763,CUST02344,2026-11-09 06:31:00,492.79,UPI,0.96,3,1,Failed,Network Error,1
TXN002764,CUST02576,2026-06-14 14:32:00,6341.57,Card,0.32,4,1,Failed,Bank Timeout,1
TXN002765,CUST02545,2026-02-12 21:31:00,1371.69,Wallet,0.73,2,1,Success,None,0
TXN002766,CUST02685,2026-05-03 18:58:00,2413.58,Net Banking,0.36,4,0,Failed,Bank Timeout,0
TXN002767,CUST01397,2026-08-30 11:33:00,651.63,Net Banking,0.63,3,1,Success,None,0
TXN002768,CUST02737,2026-01-23 23:31:00,844.45,UPI,0.91,2,0,Success,None,0
TXN002769,CUST01748,2026-02-04 10:29:00,492.5,Net Banking,0.53,0,0,Success,None,0
TXN002770,CUST01874,2026-07-20 10:02:00,553.31,Card,0.66,0,0,Success,None,0
TXN002771,CUST00518,2026-06-14 18:34:00,5672.33,Net Banking,0.57,2,0,Failed,Authentication Failed,1
TXN002772,CUST02068,2026-10-26 13:30:00,1234.3,UPI,0.54,1,1,Success,None,0
TXN002773,CUST00581,2026-03-14 08:04:00,2019.79,Card,0.46,1,0,Success,None,0
TXN002774,CUST02153,2026-07-24 22:32:00,2805.54,Net Banking,0.7,4,0,Success,None,0
TXN002775,CUST02184,2026-09-10 13:35:00,740.69,UPI,0.7,2,0,Success,None,0
TXN002776,CUST01534,2026-09-05 17:23:00,11956.9,Card,0.38,1,0,Success,None,0
TXN002777,CUST02601,2026-11-04 00:19:00,1021.34,Card,0.43,4,0,Success,None,0
TXN002778,CUST02216,2026-11-09 11:53:00,632.08,Card,0.88,4,1,Success,None,0
TXN002779,CUST01141,2026-04-18 22:49:00,353.32,Card,0.72,0,1,Success,None,0
TXN002780,CUST02138,2026-06-20 09:28:00,3105.14,Wallet,0.94,3,1,Success,None,0
TXN002781,CUST00558,2026-01-28 06:13:00,240.93,Net Banking,0.51,2,0,Failed,Network Error,0
TXN002782,CUST00856,2026-01-22 13:29:00,1814.76,Net Banking,0.62,4,0,Failed,Authentication Failed,0
TXN002783,CUST00589,2026-10-06 09:06:00,943.48,Card,0.9,3,0,Success,None,0
TXN002784,CUST01603,2026-05-23 08:36:00,1246.04,Card,0.96,1,1,Success,None,0
TXN002785,CUST01019,2026-03-24 09:29:00,698.19,Card,0.53,2,0,Failed,Network Error,1
TXN002786,CUST01645,2026-03-16 22:34:00,399.13,Card,0.63,0,0,Success,None,0
TXN002787,CUST00584,2026-01-04 22:06:00,1174.36,Wallet,0.83,2,0,Success,None,0
TXN002788,CUST02133,2026-10-08 22:51:00,877.7,UPI,0.92,2,0,Success,None,0
TXN002789,CUST00952,2026-10-27 08:50:00,925.49,Wallet,0.65,3,0,Failed,Insufficient Funds,1
TXN002790,CUST00630,2026-11-15 15:55:00,1692.16,Wallet,0.47,0,0,Failed,Network Error,1
TXN002791,CUST01563,2026-08-17 05:55:00,631.89,UPI,0.94,2,0,Success,None,0
TXN002792,CUST01745,2026-11-16 00:43:00,1594.24,Wallet,0.76,4,0,Success,None,0
TXN002793,CUST01193,2026-02-02 05:57:00,401.32,Wallet,0.93,1,0,Success,None,0
TXN002794,CUST00989,2026-06-03 12:38:00,3075.93,Net Banking,0.69,3,1,Failed,Insufficient Funds,0
TXN002795,CUST01148,2026-08-22 02:43:00,806.37,UPI,0.69,2,0,Success,None,0
TXN002796,CUST01719,2026-01-31 06:04:00,734.01,Net Banking,0.73,2,0,Failed,Insufficient Funds,1
TXN002797,CUST02921,2026-08-02 06:39:00,953.64,UPI,0.93,3,0,Success,None,0
TXN002798,CUST00907,2026-08-31 08:21:00,3255.61,Wallet,0.67,4,1,Success,None,0
TXN002799,CUST00426,2026-08-09 20:47:00,3627.75,Net Banking,0.67,3,1,Failed,Expired Card,0
TXN002800,CUST00173,2026-08-03 22:29:00,873.32,Wallet,0.33,4,0,Success,None,0
TXN002801,CUST02358,2026-10-06 04:12:00,706.73,UPI,0.76,0,0,Success,None,0
TXN002802,CUST01478,2026-10-24 20:03:00,782.76,Card,0.83,4,1,Success,None,0
TXN002803,CUST02943,2026-08-24 14:20:00,1647.84,Wallet,0.51,0,0,Success,None,0
TXN002804,CUST01888,2026-12-09 07:34:00,2760.36,Wallet,0.49,4,0,Failed,Authentication Failed,0
TXN002805,CUST02741,2026-07-26 09:54:00,3234.51,Wallet,0.76,0,0,Success,None,0
TXN002806,CUST00099,2026-04-17 09:57:00,5881.26,Card,0.32,2,0,Success,None,0
TXN002807,CUST00117,2026-05-11 13:23:00,662.24,Wallet,0.83,3,0,Failed,Network Error,1
TXN002808,CUST01019,2026-10-13 08:09:00,4062.96,Net Banking,0.41,2,1,Failed,Insufficient Funds,0
TXN002809,CUST01877,2026-03-18 05:35:00,793.27,Net Banking,0.71,2,0,Success,None,0
TXN002810,CUST01644,2026-11-04 13:16:00,2714.18,Net Banking,0.47,2,0,Failed,Authentication Failed,0
TXN002811,CUST01368,2026-04-26 05:55:00,1270.01,UPI,0.54,2,0,Success,None,0
TXN002812,CUST00415,2026-04-24 22:22:00,1136.65,Net Banking,0.46,0,1,Failed,Expired Card,0
TXN002813,CUST02620,2026-03-15 14:24:00,521.58,Wallet,0.48,1,1,Failed,Network Error,1
TXN002814,CUST01437,2026-11-23 03:26:00,732.67,Wallet,0.64,2,1,Failed,Network Error,1
TXN002815,CUST00691,2026-02-10 14:07:00,1326.82,Card,0.37,2,0,Success,None,0
TXN002816,CUST02384,2026-10-03 12:45:00,559.69,Card,0.31,2,0,Failed,Expired Card,0
TXN002817,CUST01631,2026-03-14 07:33:00,820.59,Card,0.87,4,0,Success,None,0
TXN002818,CUST00371,2026-11-07 06:42:00,1272.06,UPI,0.89,4,1,Success,None,0
TXN002819,CUST00598,2026-05-25 10:54:00,1787.21,Net Banking,0.62,2,0,Failed,Bank Timeout,1
TXN002820,CUST00425,2026-04-28 21:43:00,381.94,Wallet,0.38,2,0,Success,None,0
TXN002821,CUST01813,2026-07-19 12:23:00,4114.74,Card,0.32,0,0,Success,None,0
TXN002822,CUST02735,2026-06-30 00:56:00,5780.36,Card,0.95,2,0,Success,None,0
TXN002823,CUST02848,2026-11-15 15:03:00,3048.14,Card,0.85,1,0,Success,None,0
TXN002824,CUST01804,2026-01-05 12:30:00,1730.89,Card,0.9,1,0,Success,None,0
TXN002825,CUST00999,2026-11-02 01:57:00,870.92,Net Banking,0.5,0,1,Failed,Authentication Failed,0
TXN002826,CUST02279,2026-05-31 02:56:00,1548.15,Wallet,0.59,4,0,Failed,Bank Timeout,1
TXN002827,CUST02570,2026-09-29 21:34:00,5983.7,Wallet,0.63,4,1,Failed,Network Error,0
TXN002828,CUST01080,2026-05-13 17:10:00,2397.73,Net Banking,0.39,3,0,Failed,Bank Timeout,1
TXN002829,CUST02214,2026-09-10 09:15:00,89.05,Net Banking,0.66,2,0,Failed,Bank Timeout,1
TXN002830,CUST02878,2026-02-05 04:17:00,982.8,Net Banking,0.47,1,0,Failed,Expired Card,1
TXN002831,CUST02193,2026-10-21 21:53:00,786.87,Wallet,0.74,2,0,Success,None,0
TXN002832,CUST02950,2026-06-19 09:44:00,3646.64,Card,0.78,2,0,Success,None,0
TXN002833,CUST02353,2026-08-14 07:12:00,316.58,Net Banking,0.75,0,1,Success,None,0
TXN002834,CUST02037,2026-01-24 12:59:00,356.79,Wallet,0.89,4,1,Success,None,0
TXN002835,CUST00091,2026-07-23 12:34:00,932.74,Card,0.74,4,1,Failed,Insufficient Funds,1
TXN002836,CUST01953,2026-09-06 07:28:00,947.1,Net Banking,0.92,1,0,Success,None,0
TXN002837,CUST00268,2026-12-11 22:04:00,1263.33,Net Banking,0.83,2,0,Failed,Insufficient Funds,1
TXN002838,CUST01765,2026-03-20 08:28:00,1450.09,Wallet,0.66,1,1,Failed,Authentication Failed,1
TXN002839,CUST02206,2026-03-26 16:10:00,530.22,Net Banking,0.44,2,0,Success,None,0
TXN002840,CUST00591,2026-11-11 02:41:00,749.06,Wallet,0.42,4,0,Failed,Insufficient Funds,0
TXN002841,CUST02917,2026-10-10 00:44:00,1269.54,UPI,0.93,2,0,Success,None,0
TXN002842,CUST02515,2026-09-23 22:09:00,496.1,UPI,0.74,0,1,Success,None,0
TXN002843,CUST00798,2026-11-01 06:48:00,541.78,Card,0.78,1,0,Success,None,0
TXN002844,CUST00121,2026-05-01 19:13:00,1178.79,Card,0.98,3,0,Failed,Insufficient Funds,1
TXN002845,CUST01653,2026-10-21 01:26:00,4666.86,UPI,0.85,4,1,Failed,Authentication Failed,1
TXN002846,CUST02853,2026-11-05 11:31:00,1509.32,Wallet,0.66,3,0,Success,None,0
TXN002847,CUST00750,2026-05-10 07:24:00,1026.43,Net Banking,0.86,0,0,Success,None,0
TXN002848,CUST02897,2026-07-01 22:17:00,2721.54,Card,0.84,3,0,Success,None,0
TXN002849,CUST00756,2026-03-15 00:55:00,718.29,UPI,0.68,2,1,Failed,Bank Timeout,1
TXN002850,CUST02652,2026-06-14 11:15:00,2042.8,Net Banking,0.52,0,0,Success,None,0
TXN002851,CUST02146,2026-11-17 03:27:00,1860.01,UPI,0.31,2,0,Success,None,0
TXN002852,CUST02282,2026-02-04 18:24:00,974.68,UPI,0.65,0,0,Success,None,0
TXN002853,CUST00008,2026-01-02 16:43:00,1338.19,Card,0.78,4,0,Success,None,0
TXN002854,CUST01576,2026-10-19 06:50:00,694.92,Net Banking,0.96,2,0,Success,None,0
TXN002855,CUST00285,2026-08-20 17:39:00,1064.74,Net Banking,0.58,1,0,Success,None,0
TXN002856,CUST00745,2026-05-06 16:49:00,687.16,Wallet,0.62,4,0,Success,None,0
TXN002857,CUST02799,2026-07-28 23:33:00,1459.1,UPI,0.36,1,0,Success,None,0
TXN002858,CUST01806,2026-10-24 11:59:00,1053.3,Card,0.64,1,0,Success,None,0
TXN002859,CUST00125,2026-12-07 12:42:00,765.63,Wallet,0.6,4,0,Success,None,0
TXN002860,CUST01277,2026-05-08 02:04:00,2566.29,UPI,0.56,2,0,Success,None,0
TXN002861,CUST02418,2026-11-24 18:20:00,955.28,Card,0.37,4,0,Success,None,0
TXN002862,CUST02039,2026-08-12 06:09:00,518.16,UPI,0.4,1,0,Success,None,0
TXN002863,CUST01863,2026-10-13 11:14:00,947.74,Net Banking,0.98,4,1,Success,None,0
TXN002864,CUST00477,2026-05-04 04:29:00,5540.81,Wallet,0.55,4,0,Failed,Bank Timeout,0
TXN002865,CUST00580,2026-03-10 13:44:00,2215.45,Net Banking,0.94,1,1,Failed,Authentication Failed,0
TXN002866,CUST01468,2026-10-23 05:48:00,514.3,UPI,0.52,0,1,Success,None,0
TXN002867,CUST02130,2026-11-29 00:00:00,1188.24,UPI,0.67,0,0,Success,None,0
TXN002868,CUST02238,2026-04-27 14:58:00,924.11,Wallet,0.46,1,0,Success,None,0
TXN002869,CUST01835,2026-12-10 18:57:00,1318.23,Card,0.48,1,0,Success,None,0
TXN002870,CUST01656,2026-01-30 23:55:00,373.56,Wallet,0.32,3,1,Failed,Authentication Failed,1
TXN002871,CUST02013,2026-07-24 08:18:00,344.74,UPI,0.64,0,0,Success,None,0
TXN002872,CUST02498,2026-07-01 04:13:00,755.92,Wallet,0.8,3,0,Success,None,0
TXN002873,CUST02802,2026-03-10 11:27:00,1354.25,Net Banking,0.42,0,0,Success,None,0
TXN002874,CUST01258,2026-08-22 08:33:00,701.32,UPI,0.48,4,0,Failed,Network Error,1
TXN002875,CUST02189,2026-04-21 07:10:00,451.67,UPI,0.79,0,0,Success,None,0
TXN002876,CUST00772,2026-10-27 22:00:00,1290.37,Wallet,0.6,2,0,Success,None,0
TXN002877,CUST02083,2026-07-05 05:29:00,1131.12,Wallet,0.64,4,0,Success,None,0
TXN002878,CUST02790,2026-02-05 22:01:00,2059.95,Net Banking,0.78,0,0,Failed,Authentication Failed,0
TXN002879,CUST00908,2026-09-17 23:19:00,600.3,Card,0.85,2,0,Success,None,0
TXN002880,CUST02029,2026-01-17 11:15:00,1001.37,Card,0.37,1,0,Success,None,0
TXN002881,CUST00844,2026-01-02 17:24:00,752.5,Wallet,0.72,0,0,Success,None,0
TXN002882,CUST02702,2026-05-22 23:08:00,2689.07,Card,0.56,2,0,Success,None,0
TXN002883,CUST01523,2026-02-26 18:31:00,82.01,Card,1.0,3,0,Success,None,0
TXN002884,CUST02453,2026-11-18 02:33:00,1390.93,Card,0.42,1,0,Success,None,0
TXN002885,CUST02787,2026-03-16 14:14:00,1712.87,Wallet,0.85,4,0,Success,None,0
TXN002886,CUST01677,2026-10-27 20:19:00,1818.51,Net Banking,0.48,0,1,Success,None,0
TXN002887,CUST01545,2026-10-25 08:38:00,1036.22,Wallet,0.39,2,0,Success,None,0
TXN002888,CUST01039,2026-08-17 02:45:00,1179.56,Wallet,0.91,4,0,Success,None,0
TXN002889,CUST00172,2026-08-30 09:03:00,1195.31,Wallet,0.75,3,0,Success,None,0
TXN002890,CUST00289,2026-02-27 20:41:00,2437.12,Card,0.34,0,0,Success,None,0
TXN002891,CUST00273,2026-03-02 22:28:00,6407.18,Wallet,0.65,1,0,Success,None,0
TXN002892,CUST02789,2026-07-15 05:54:00,1168.78,Net Banking,0.42,3,0,Failed,Network Error,1
TXN002893,CUST02336,2026-10-05 01:37:00,751.07,Net Banking,0.71,2,0,Success,None,0
TXN002894,CUST01618,2026-07-21 23:28:00,620.77,UPI,0.41,1,0,Success,None,0
TXN002895,CUST00823,2026-06-20 17:48:00,634.87,Wallet,0.5,1,0,Success,None,0
TXN002896,CUST00448,2026-01-14 20:19:00,1985.14,Wallet,0.88,0,0,Success,None,0
TXN002897,CUST00756,2026-03-30 00:27:00,969.49,Wallet,0.69,0,0,Success,None,0
TXN002898,CUST02521,2026-09-26 19:46:00,584.14,Wallet,0.61,2,1,Success,None,0
TXN002899,CUST01811,2026-08-30 08:18:00,2642.75,Card,0.89,4,0,Failed,Expired Card,0
TXN002900,CUST00862,2026-07-27 02:15:00,638.78,Card,0.37,2,0,Success,None,0
TXN002901,CUST00626,2026-12-02 15:09:00,775.8,UPI,0.94,2,0,Success,None,0
TXN002902,CUST01435,2026-11-25 05:58:00,6301.76,Card,0.5,3,0,Success,None,0
TXN002903,CUST01603,2026-12-11 17:27:00,213.64,UPI,0.79,3,0,Success,None,0
TXN002904,CUST02071,2026-03-08 23:29:00,690.08,Net Banking,0.9,0,0,Success,None,0
TXN002905,CUST01376,2026-11-14 05:51:00,2278.48,Card,0.58,3,0,Success,None,0
TXN002906,CUST00285,2026-07-22 17:51:00,497.88,Wallet,0.63,1,0,Success,None,0
TXN002907,CUST00588,2026-01-21 15:34:00,954.23,Card,0.48,4,0,Failed,Insufficient Funds,1
TXN002908,CUST01680,2026-08-14 05:17:00,3199.9,UPI,0.67,4,0,Success,None,0
TXN002909,CUST02966,2026-01-14 23:48:00,1578.22,Card,0.94,2,0,Failed,Bank Timeout,1
TXN002910,CUST02803,2026-05-19 19:05:00,1118.11,UPI,0.6,1,0,Success,None,0
TXN002911,CUST02305,2026-10-07 20:57:00,1202.25,UPI,0.7,0,1,Success,None,0
TXN002912,CUST00920,2026-01-08 04:57:00,3435.31,UPI,0.86,0,0,Failed,Authentication Failed,0
TXN002913,CUST01157,2026-06-13 17:17:00,270.1,Wallet,0.34,4,1,Failed,Bank Timeout,1
TXN002914,CUST02510,2026-08-20 19:32:00,705.88,Wallet,0.48,2,0,Success,None,0
TXN002915,CUST01963,2026-07-15 07:36:00,601.5,Wallet,0.33,1,1,Success,None,0
TXN002916,CUST00917,2026-08-20 23:00:00,2067.65,Net Banking,0.31,1,0,Success,None,0
TXN002917,CUST01592,2026-05-15 00:18:00,336.53,Card,0.47,2,0,Failed,Insufficient Funds,1
TXN002918,CUST01229,2026-06-17 10:56:00,2556.11,Wallet,0.4,1,0,Success,None,0
TXN002919,CUST02911,2026-05-27 10:44:00,1195.98,Wallet,0.71,4,0,Failed,Bank Timeout,1
TXN002920,CUST00853,2026-11-18 17:12:00,399.41,Net Banking,0.33,3,1,Failed,Authentication Failed,0
TXN002921,CUST01853,2026-06-18 18:16:00,2493.98,Wallet,0.6,3,1,Success,None,0
TXN002922,CUST01384,2026-02-18 11:10:00,662.05,Net Banking,0.66,2,1,Success,None,0
TXN002923,CUST01008,2026-07-26 22:38:00,674.25,Card,0.69,1,0,Success,None,0
TXN002924,CUST02988,2026-11-24 19:24:00,819.64,Card,0.61,4,0,Success,None,0
TXN002925,CUST02246,2026-08-23 11:21:00,7381.75,Wallet,0.68,3,0,Success,None,0
TXN002926,CUST00875,2026-06-21 04:57:00,999.12,Net Banking,0.79,3,0,Success,None,0
TXN002927,CUST02224,2026-11-26 09:10:00,2051.16,UPI,0.6,3,0,Success,None,0
TXN002928,CUST00209,2026-05-03 22:43:00,1480.12,Wallet,0.83,1,0,Success,None,0
TXN002929,CUST02702,2026-03-07 15:37:00,1215.32,Card,0.6,3,1,Failed,Authentication Failed,1
TXN002930,CUST02843,2026-07-26 13:57:00,683.32,UPI,0.69,1,1,Success,None,0
TXN002931,CUST01120,2026-08-22 11:13:00,1330.96,Card,0.82,4,0,Success,None,0
TXN002932,CUST02356,2026-05-30 17:54:00,555.14,Wallet,0.93,1,0,Success,None,0
TXN002933,CUST01920,2026-10-05 15:52:00,566.66,Net Banking,0.6,1,0,Success,None,0
TXN002934,CUST01296,2026-09-04 04:37:00,739.27,Wallet,0.7,4,0,Success,None,0
TXN002935,CUST00268,2026-01-04 03:44:00,1155.9,UPI,0.37,0,0,Success,None,0
TXN002936,CUST01358,2026-12-06 04:07:00,4147.85,UPI,0.52,0,0,Success,None,0
TXN002937,CUST00832,2026-04-22 23:30:00,964.82,Net Banking,0.33,1,0,Success,None,0
TXN002938,CUST01487,2026-08-01 10:15:00,902.59,UPI,0.9,4,0,Success,None,0
TXN002939,CUST01946,2026-04-16 11:47:00,1236.58,Wallet,0.74,2,0,Success,None,0
TXN002940,CUST00416,2026-11-24 23:27:00,1939.11,Net Banking,0.51,4,0,Success,None,0
TXN002941,CUST00669,2026-07-13 19:21:00,1235.24,Card,0.59,3,0,Success,None,0
TXN002942,CUST00649,2026-09-12 19:29:00,956.23,Wallet,0.63,4,1,Success,None,0
TXN002943,CUST02827,2026-08-30 16:58:00,223.19,Net Banking,0.35,1,0,Success,None,0
TXN002944,CUST01823,2026-02-19 08:52:00,1430.67,Card,0.86,0,0,Failed,Authentication Failed,0
TXN002945,CUST01554,2026-10-07 07:21:00,398.24,Wallet,0.48,3,0,Success,None,0
TXN002946,CUST02401,2026-08-01 22:51:00,4460.7,UPI,0.79,2,1,Success,None,0
TXN002947,CUST01833,2026-12-11 15:33:00,583.81,Card,0.63,0,1,Failed,Expired Card,1
TXN002948,CUST01392,2026-01-26 01:58:00,1298.43,Net Banking,0.76,0,0,Success,None,0
TXN002949,CUST00553,2026-09-04 14:58:00,380.35,Card,0.75,4,0,Success,None,0
TXN002950,CUST00613,2026-08-19 21:55:00,773.77,Wallet,0.82,0,0,Success,None,0
TXN002951,CUST01198,2026-08-08 11:27:00,4028.48,Net Banking,0.4,0,0,Success,None,0
TXN002952,CUST00066,2026-03-03 13:16:00,1324.56,Wallet,0.57,4,1,Success,None,0
TXN002953,CUST01036,2026-07-09 11:36:00,946.31,Net Banking,0.55,1,0,Success,None,0
TXN002954,CUST02006,2026-01-19 22:28:00,930.13,UPI,0.73,2,0,Success,None,0
TXN002955,CUST02870,2026-06-13 10:49:00,1189.67,Card,0.89,2,0,Success,None,0
TXN002956,CUST01383,2026-10-01 01:34:00,1401.19,Wallet,0.45,0,0,Success,None,0
TXN002957,CUST02701,2026-07-20 17:06:00,4040.42,Wallet,0.45,0,0,Success,None,0
TXN002958,CUST00536,2026-09-25 11:23:00,1474.79,UPI,0.55,4,0,Success,None,0
TXN002959,CUST01240,2026-11-26 07:56:00,3863.46,UPI,0.83,3,0,Failed,Authentication Failed,0
TXN002960,CUST01591,2026-09-11 17:13:00,831.54,Wallet,0.93,0,0,Success,None,0
TXN002961,CUST01375,2026-05-29 06:07:00,1563.42,Wallet,0.88,2,1,Success,None,0
TXN002962,CUST00543,2026-07-21 02:47:00,1268.62,Net Banking,0.7,2,0,Success,None,0
TXN002963,CUST02003,2026-01-31 07:56:00,1003.83,Card,0.68,2,0,Success,None,0
TXN002964,CUST02752,2026-11-10 15:43:00,1931.53,Wallet,0.7,0,0,Success,None,0
TXN002965,CUST00095,2026-03-30 11:01:00,5975.32,UPI,0.4,1,0,Failed,Insufficient Funds,1
TXN002966,CUST01530,2026-07-28 05:24:00,379.96,Card,0.79,0,0,Failed,Bank Timeout,0
TXN002967,CUST00309,2026-09-26 03:39:00,657.52,UPI,0.43,0,0,Failed,Network Error,1
TXN002968,CUST00640,2026-08-18 17:47:00,669.5,UPI,0.91,4,1,Success,None,0
TXN002969,CUST02724,2026-01-21 10:47:00,679.51,Net Banking,0.63,0,0,Success,None,0
TXN002970,CUST00818,2026-02-03 09:19:00,547.29,Card,0.47,0,0,Success,None,0
TXN002971,CUST00016,2026-03-18 12:55:00,264.13,UPI,0.62,3,0,Failed,Insufficient Funds,0
TXN002972,CUST01585,2026-06-23 07:44:00,715.94,UPI,0.47,2,0,Success,None,0
TXN002973,CUST02901,2026-06-20 20:01:00,1301.85,Card,0.87,3,0,Success,None,0
TXN002974,CUST02997,2026-06-11 02:46:00,955.67,Net Banking,0.63,4,0,Success,None,0
TXN002975,CUST02080,2026-03-06 00:36:00,438.93,Card,0.61,0,0,Failed,Bank Timeout,0
TXN002976,CUST00590,2026-09-12 20:24:00,753.65,Net Banking,0.37,4,0,Success,None,0
TXN002977,CUST02879,2026-03-10 02:27:00,1867.34,UPI,0.76,0,0,Failed,Network Error,1
TXN002978,CUST00666,2026-08-08 00:27:00,6423.28,Card,0.5,3,0,Success,None,0
TXN002979,CUST02076,2026-06-05 07:01:00,2044.49,Wallet,0.46,2,0,Success,None,0
TXN002980,CUST01413,2026-08-27 10:05:00,446.84,Net Banking,0.92,1,0,Success,None,0
TXN002981,CUST01153,2026-01-23 10:26:00,299.7,Net Banking,0.62,1,0,Failed,Insufficient Funds,0
TXN002982,CUST01410,2026-01-30 02:37:00,375.48,Wallet,0.55,0,1,Success,None,0
TXN002983,CUST00050,2026-08-03 03:14:00,1777.51,Wallet,0.55,0,0,Success,None,0
TXN002984,CUST02860,2026-07-27 05:45:00,3365.06,Net Banking,0.84,4,0,Success,None,0
TXN002985,CUST02979,2026-05-11 09:14:00,647.61,Net Banking,0.42,2,1,Success,None,0
TXN002986,CUST01518,2026-10-05 22:48:00,681.57,Wallet,0.46,3,0,Success,None,0
TXN002987,CUST01284,2026-03-25 01:16:00,6447.6,Wallet,0.91,4,0,Success,None,0
TXN002988,CUST00175,2026-06-19 06:44:00,373.09,Card,0.62,2,1,Failed,Authentication Failed,1
TXN002989,CUST01652,2026-06-14 15:10:00,2727.05,Net Banking,0.76,3,1,Failed,Bank Timeout,1
TXN002990,CUST01580,2026-11-14 23:33:00,5853.04,Card,0.43,3,0,Success,None,0
TXN002991,CUST01298,2026-05-26 10:10:00,3020.96,Card,0.33,3,0,Failed,Network Error,0
TXN002992,CUST01780,2026-08-04 21:09:00,504.29,UPI,0.46,1,0,Success,None,0
TXN002993,CUST00889,2026-05-23 11:09:00,2855.6,Card,0.55,0,0,Success,None,0
TXN002994,CUST00614,2026-03-14 00:01:00,4579.77,Wallet,0.72,2,0,Success,None,0
TXN002995,CUST02038,2026-04-21 12:13:00,682.87,UPI,0.44,3,0,Failed,Expired Card,1
TXN002996,CUST00933,2026-08-09 22:31:00,4522.49,Net Banking,0.51,1,1,Success,None,0
TXN002997,CUST01773,2026-06-27 10:27:00,678.39,Wallet,0.97,3,0,Success,None,0
TXN002998,CUST01448,2026-12-13 23:00:00,1763.1,UPI,0.94,0,0,Success,None,0
TXN002999,CUST02892,2026-02-21 12:15:00,776.01,Net Banking,0.45,3,0,Failed,Bank Timeout,0
TXN003000,CUST00887,2026-01-05 17:18:00,1320.0,Wallet,0.54,3,1,Success,None,0
TXN003001,CUST02587,2026-08-18 13:02:00,2507.15,Net Banking,0.39,1,0,Failed,Network Error,1
TXN003002,CUST02506,2026-07-12 20:02:00,722.65,Wallet,0.59,0,0,Success,None,0
TXN003003,CUST01398,2026-05-15 13:19:00,846.3,Net Banking,0.55,2,0,Success,None,0
TXN003004,CUST00259,2026-05-15 17:11:00,1299.2,Wallet,0.35,0,1,Success,None,0
TXN003005,CUST01009,2026-09-08 14:17:00,541.55,Wallet,0.84,1,0,Success,None,0
TXN003006,CUST01281,2026-07-22 01:37:00,345.79,Card,0.75,3,0,Success,None,0
TXN003007,CUST02365,2026-11-25 08:32:00,1827.74,Net Banking,0.92,2,0,Success,None,0
TXN003008,CUST01319,2026-09-15 19:30:00,4264.58,Card,0.44,4,0,Failed,Expired Card,0
TXN003009,CUST01021,2026-11-21 05:48:00,1498.5,Card,0.65,3,1,Failed,Insufficient Funds,0
TXN003010,CUST02093,2026-10-01 03:16:00,609.54,Net Banking,0.9,0,1,Success,None,0
TXN003011,CUST02555,2026-07-12 16:31:00,774.28,Card,0.55,2,0,Failed,Authentication Failed,0
TXN003012,CUST02469,2026-06-13 15:39:00,854.62,Wallet,0.98,2,0,Success,None,0
TXN003013,CUST00792,2026-05-13 10:46:00,1399.96,Wallet,0.63,2,0,Success,None,0
TXN003014,CUST01941,2026-08-19 11:50:00,2061.33,UPI,0.63,1,0,Success,None,0
TXN003015,CUST01341,2026-07-24 13:45:00,626.68,UPI,0.9,2,1,Success,None,0
TXN003016,CUST01118,2026-04-25 09:14:00,800.95,Card,0.92,2,1,Success,None,0
TXN003017,CUST02646,2026-04-18 15:09:00,1097.92,Card,0.56,1,0,Success,None,0
TXN003018,CUST00799,2026-04-01 09:02:00,639.75,UPI,0.86,4,0,Failed,Authentication Failed,0
TXN003019,CUST02870,2026-04-06 00:32:00,616.24,Wallet,0.87,0,0,Success,None,0
TXN003020,CUST00591,2026-01-11 11:50:00,1523.99,Card,0.96,2,0,Success,None,0
TXN003021,CUST00323,2026-10-10 11:01:00,1111.09,Wallet,0.36,2,1,Success,None,0
TXN003022,CUST01830,2026-08-05 05:05:00,497.92,Card,0.33,3,0,Success,None,0
TXN003023,CUST01287,2026-06-16 00:05:00,180.43,Wallet,0.35,0,0,Success,None,0
TXN003024,CUST00811,2026-04-14 16:17:00,1548.14,Net Banking,0.71,4,1,Failed,Bank Timeout,0
TXN003025,CUST01323,2026-01-20 02:05:00,751.14,Card,0.68,0,0,Failed,Network Error,0
TXN003026,CUST01511,2026-10-30 20:25:00,251.02,Wallet,0.56,1,0,Failed,Authentication Failed,1
TXN003027,CUST02576,2026-05-25 00:15:00,1440.98,UPI,0.79,3,0,Failed,Bank Timeout,1
TXN003028,CUST02512,2026-04-28 23:16:00,8137.29,Net Banking,0.87,0,0,Failed,Expired Card,0
TXN003029,CUST02096,2026-06-30 20:01:00,3035.73,UPI,0.41,0,0,Failed,Insufficient Funds,1
TXN003030,CUST00574,2026-07-10 08:07:00,310.06,UPI,0.39,1,0,Success,None,0
TXN003031,CUST02924,2026-10-02 18:18:00,8680.03,Card,0.85,1,0,Success,None,0
TXN003032,CUST01463,2026-05-31 05:43:00,1533.4,Net Banking,0.73,2,0,Success,None,0
TXN003033,CUST00285,2026-07-18 11:15:00,147.35,Net Banking,0.89,3,1,Failed,Insufficient Funds,1
TXN003034,CUST02629,2026-07-19 13:20:00,592.88,Wallet,0.76,3,0,Failed,Insufficient Funds,0
TXN003035,CUST01838,2026-10-05 17:08:00,1086.16,Card,0.73,1,0,Success,None,0
TXN003036,CUST00932,2026-08-23 17:59:00,501.49,Net Banking,0.8,1,0,Success,None,0
TXN003037,CUST00215,2026-01-16 10:27:00,582.88,UPI,0.88,1,1,Success,None,0
TXN003038,CUST00898,2026-11-13 22:23:00,1908.84,UPI,0.7,1,0,Success,None,0
TXN003039,CUST02051,2026-05-22 02:14:00,835.79,Card,0.45,2,0,Success,None,0
TXN003040,CUST00079,2026-06-29 05:08:00,2365.5,Wallet,0.6,4,0,Failed,Insufficient Funds,0
TXN003041,CUST02253,2026-03-14 20:42:00,1140.66,Wallet,0.76,0,0,Success,None,0
TXN003042,CUST00856,2026-01-03 14:29:00,939.77,UPI,0.52,1,1,Success,None,0
TXN003043,CUST02875,2026-07-05 09:00:00,796.15,Net Banking,0.95,0,0,Success,None,0
TXN003044,CUST01627,2026-07-15 05:38:00,1249.57,Card,1.0,1,0,Failed,Insufficient Funds,0
TXN003045,CUST01089,2026-07-06 00:08:00,3998.35,Net Banking,0.69,4,0,Success,None,0
TXN003046,CUST00655,2026-05-02 18:46:00,592.09,Wallet,0.52,1,0,Success,None,0
TXN003047,CUST01340,2026-02-13 09:18:00,188.23,Card,0.92,2,1,Failed,Network Error,1
TXN003048,CUST00119,2026-03-16 11:44:00,919.24,Wallet,0.7,3,1,Success,None,0
TXN003049,CUST00462,2026-10-20 23:00:00,769.2,Card,0.96,0,1,Failed,Insufficient Funds,1
TXN003050,CUST00820,2026-10-31 06:15:00,407.05,Card,0.82,4,0,Success,None,0
TXN003051,CUST02430,2026-06-18 20:34:00,1158.24,Card,0.62,2,0,Success,None,0
TXN003052,CUST02654,2026-03-20 22:28:00,1213.24,UPI,0.78,1,0,Success,None,0
TXN003053,CUST01270,2026-10-30 01:02:00,845.66,UPI,0.51,0,0,Success,None,0
TXN003054,CUST01368,2026-12-11 17:13:00,2181.36,Card,0.33,1,1,Failed,Authentication Failed,0
TXN003055,CUST01876,2026-12-02 06:14:00,2743.38,Net Banking,0.73,3,0,Success,None,0
TXN003056,CUST01967,2026-10-17 10:50:00,3038.03,Wallet,0.64,4,0,Success,None,0
TXN003057,CUST00319,2026-11-19 00:06:00,1802.83,Card,0.79,4,0,Failed,Insufficient Funds,0
TXN003058,CUST02537,2026-12-11 17:09:00,931.0,UPI,0.67,0,0,Failed,Network Error,1
TXN003059,CUST01243,2026-09-23 07:53:00,843.24,UPI,0.96,3,1,Success,None,0
TXN003060,CUST00399,2026-03-20 09:23:00,983.67,Card,0.91,0,0,Success,None,0
TXN003061,CUST01734,2026-04-12 22:29:00,1284.26,Card,0.77,2,0,Success,None,0
TXN003062,CUST02678,2026-10-08 12:14:00,184.89,Wallet,0.48,0,0,Success,None,0
TXN003063,CUST00492,2026-04-06 15:43:00,1311.36,UPI,0.95,2,0,Success,None,0
TXN003064,CUST00839,2026-11-17 12:05:00,1711.27,Wallet,0.97,0,0,Success,None,0
TXN003065,CUST00716,2026-02-01 08:18:00,105.83,Wallet,0.7,0,0,Failed,Bank Timeout,1
TXN003066,CUST02375,2026-04-09 07:52:00,439.17,Wallet,0.88,4,0,Failed,Insufficient Funds,1
TXN003067,CUST00260,2026-01-24 17:21:00,2161.67,Wallet,0.96,1,0,Success,None,0
TXN003068,CUST02778,2026-01-14 12:43:00,1841.99,Wallet,0.48,3,0,Success,None,0
TXN003069,CUST01772,2026-03-05 17:22:00,1499.47,Wallet,0.79,3,1,Success,None,0
TXN003070,CUST02363,2026-10-08 04:16:00,3488.77,UPI,0.8,0,0,Success,None,0
TXN003071,CUST02908,2026-03-15 19:12:00,355.8,Net Banking,0.42,2,1,Failed,Network Error,1
TXN003072,CUST02750,2026-03-27 11:52:00,280.1,UPI,0.76,2,0,Success,None,0
TXN003073,CUST00008,2026-07-23 12:07:00,1836.19,Wallet,0.42,0,1,Success,None,0
TXN003074,CUST00949,2026-05-13 12:59:00,1232.97,Wallet,0.83,0,0,Failed,Insufficient Funds,0
TXN003075,CUST01869,2026-05-16 21:39:00,1205.21,Net Banking,0.67,3,0,Failed,Network Error,0
TXN003076,CUST01314,2026-03-05 08:06:00,204.45,Card,0.56,2,1,Failed,Expired Card,0
TXN003077,CUST01525,2026-10-07 08:53:00,157.42,Wallet,0.49,3,0,Failed,Network Error,0
TXN003078,CUST02756,2026-05-12 04:36:00,2117.4,Card,1.0,3,1,Failed,Authentication Failed,1
TXN003079,CUST02467,2026-05-02 04:05:00,3560.69,UPI,0.57,2,0,Success,None,0
TXN003080,CUST02644,2026-10-02 09:57:00,2072.25,Net Banking,0.69,3,1,Success,None,0
TXN003081,CUST00176,2026-08-07 00:19:00,1537.38,Card,0.86,2,0,Failed,Network Error,1
TXN003082,CUST02350,2026-10-28 06:12:00,1223.45,Card,0.63,1,0,Success,None,0
TXN003083,CUST00335,2026-07-02 13:09:00,2219.08,Wallet,0.81,3,0,Success,None,0
TXN003084,CUST02129,2026-04-03 17:45:00,1689.98,UPI,0.49,0,0,Success,None,0
TXN003085,CUST00929,2026-02-12 13:40:00,648.8,Card,0.81,2,1,Failed,Network Error,0
TXN003086,CUST02247,2026-03-21 18:16:00,3027.23,Net Banking,0.67,3,1,Failed,Expired Card,0
TXN003087,CUST01672,2026-08-22 04:30:00,424.09,Net Banking,0.32,0,0,Success,None,0
TXN003088,CUST00638,2026-11-22 04:45:00,1742.59,Wallet,0.7,1,0,Success,None,0
TXN003089,CUST02029,2026-09-11 00:27:00,1143.63,UPI,0.83,1,0,Success,None,0
TXN003090,CUST00991,2026-10-28 10:59:00,2046.45,Net Banking,0.82,3,0,Failed,Bank Timeout,1
TXN003091,CUST00783,2026-01-12 07:44:00,2040.16,UPI,0.58,0,0,Success,None,0
TXN003092,CUST00496,2026-10-29 08:10:00,1655.04,Net Banking,0.9,1,0,Success,None,0
TXN003093,CUST00275,2026-12-13 06:04:00,497.92,UPI,0.78,2,1,Success,None,0
TXN003094,CUST01729,2026-01-04 20:20:00,424.0,UPI,0.41,2,1,Failed,Expired Card,0
TXN003095,CUST01406,2026-03-17 21:26:00,1888.31,Net Banking,0.31,3,0,Success,None,0
TXN003096,CUST01756,2026-08-20 06:38:00,621.35,Net Banking,0.63,4,1,Failed,Expired Card,0
TXN003097,CUST02782,2026-07-02 01:01:00,306.74,UPI,0.59,3,0,Success,None,0
TXN003098,CUST01440,2026-09-13 02:12:00,3151.2,Net Banking,0.52,0,0,Success,None,0
TXN003099,CUST01572,2026-06-03 21:37:00,1663.17,Wallet,0.77,4,0,Failed,Expired Card,0
TXN003100,CUST02806,2026-05-19 08:12:00,483.01,Net Banking,0.88,3,0,Success,None,0
TXN003101,CUST01997,2026-04-02 19:22:00,1510.41,UPI,0.34,0,1,Failed,Expired Card,0
TXN003102,CUST00340,2026-06-15 13:06:00,218.93,UPI,0.36,1,0,Success,None,0
TXN003103,CUST01382,2026-01-13 12:05:00,1278.82,Wallet,0.79,1,1,Success,None,0
TXN003104,CUST01269,2026-03-20 20:17:00,1182.66,Net Banking,0.69,4,1,Success,None,0
TXN003105,CUST00389,2026-08-05 01:27:00,1131.21,Wallet,0.32,0,0,Success,None,0
TXN003106,CUST02074,2026-07-02 19:10:00,1217.06,UPI,0.93,3,0,Success,None,0
TXN003107,CUST01898,2026-10-19 17:55:00,4495.78,Card,0.99,2,1,Failed,Expired Card,0
TXN003108,CUST01038,2026-09-12 05:06:00,2187.4,UPI,0.5,4,0,Success,None,0
TXN003109,CUST00713,2026-11-07 18:28:00,461.68,Wallet,0.44,3,0,Success,None,0
TXN003110,CUST00164,2026-06-05 08:50:00,1434.65,Card,0.39,2,0,Failed,Insufficient Funds,0
TXN003111,CUST00315,2026-06-27 00:53:00,979.02,Card,0.96,1,1,Failed,Bank Timeout,1
TXN003112,CUST01587,2026-01-16 23:22:00,212.09,UPI,0.72,1,1,Success,None,0
TXN003113,CUST00749,2026-11-12 03:25:00,623.07,Net Banking,0.32,1,0,Success,None,0
TXN003114,CUST00937,2026-02-06 23:15:00,1950.19,Wallet,0.4,3,0,Success,None,0
TXN003115,CUST00571,2026-06-09 12:09:00,832.97,Card,0.89,1,0,Success,None,0
TXN003116,CUST01502,2026-09-15 22:10:00,1208.54,Wallet,0.6,3,0,Success,None,0
TXN003117,CUST02601,2026-06-02 09:59:00,289.43,Net Banking,0.35,4,0,Failed,Authentication Failed,0
TXN003118,CUST01143,2026-01-25 08:55:00,221.1,UPI,0.94,3,1,Success,None,0
TXN003119,CUST00358,2026-06-22 19:20:00,4313.24,UPI,0.96,2,0,Failed,Authentication Failed,1
TXN003120,CUST00564,2026-02-28 23:32:00,654.3,Card,0.86,0,0,Success,None,0
TXN003121,CUST02337,2026-06-12 10:05:00,1369.75,UPI,0.43,1,0,Success,None,0
TXN003122,CUST02283,2026-01-25 07:52:00,556.7,Net Banking,0.67,2,1,Success,None,0
TXN003123,CUST02385,2026-07-23 18:26:00,266.53,Card,0.46,3,0,Success,None,0
TXN003124,CUST00952,2026-04-20 08:26:00,862.18,UPI,0.42,1,0,Success,None,0
TXN003125,CUST02874,2026-05-16 09:20:00,1725.43,Card,0.63,3,0,Success,None,0
TXN003126,CUST02090,2026-07-10 23:42:00,652.77,UPI,0.55,0,0,Success,None,0
TXN003127,CUST02399,2026-04-21 10:39:00,4404.53,Net Banking,0.93,4,0,Success,None,0
TXN003128,CUST01309,2026-10-19 17:12:00,1545.61,Card,0.53,1,1,Success,None,0
TXN003129,CUST00773,2026-06-24 07:14:00,1038.33,Card,0.93,3,1,Failed,Bank Timeout,1
TXN003130,CUST00707,2026-02-23 04:44:00,888.26,UPI,0.51,3,0,Success,None,0
TXN003131,CUST02089,2026-06-23 22:06:00,4194.99,Card,0.93,1,0,Success,None,0
TXN003132,CUST02319,2026-08-17 06:17:00,761.35,UPI,0.44,1,0,Success,None,0
TXN003133,CUST02563,2026-10-29 10:57:00,634.64,Wallet,0.36,2,0,Success,None,0
TXN003134,CUST01665,2026-01-16 14:56:00,759.06,Net Banking,0.38,0,1,Failed,Network Error,1
TXN003135,CUST00114,2026-05-23 06:39:00,1972.95,Wallet,0.87,1,0,Success,None,0
TXN003136,CUST02484,2026-06-24 12:45:00,320.48,Wallet,0.48,1,0,Failed,Expired Card,0
TXN003137,CUST02647,2026-08-07 01:57:00,607.77,Wallet,0.79,1,0,Success,None,0
TXN003138,CUST02037,2026-08-07 09:19:00,230.37,Net Banking,0.52,0,1,Success,None,0
TXN003139,CUST01710,2026-09-14 11:47:00,1076.16,UPI,0.39,0,0,Success,None,0
TXN003140,CUST02628,2026-04-11 23:51:00,880.37,Card,0.45,0,0,Success,None,0
TXN003141,CUST01151,2026-04-21 11:59:00,1309.52,Wallet,0.38,3,0,Failed,Expired Card,1
TXN003142,CUST01263,2026-05-21 13:44:00,362.74,Net Banking,0.97,3,1,Failed,Expired Card,0
TXN003143,CUST01923,2026-09-09 17:45:00,88.84,Card,0.97,2,0,Success,None,0
TXN003144,CUST01403,2026-04-02 14:27:00,2069.38,Wallet,0.85,4,0,Success,None,0
TXN003145,CUST01112,2026-04-24 23:29:00,206.01,Net Banking,0.96,2,0,Success,None,0
TXN003146,CUST00981,2026-05-07 21:21:00,649.6,Net Banking,0.71,4,0,Failed,Network Error,1
TXN003147,CUST01373,2026-04-12 09:45:00,976.25,Card,0.61,4,1,Failed,Network Error,0
TXN003148,CUST02744,2026-10-20 02:07:00,1447.97,Wallet,0.32,1,0,Success,None,0
TXN003149,CUST00779,2026-03-16 10:38:00,601.52,Net Banking,0.7,2,0,Failed,Authentication Failed,1
TXN003150,CUST00481,2026-03-16 21:43:00,1654.91,Card,0.9,2,0,Success,None,0
TXN003151,CUST00750,2026-03-31 10:22:00,432.53,Net Banking,0.57,3,0,Success,None,0
TXN003152,CUST01984,2026-07-15 15:56:00,823.92,Wallet,0.55,2,1,Success,None,0
TXN003153,CUST00600,2026-04-02 22:41:00,1346.72,Net Banking,0.57,2,0,Failed,Insufficient Funds,1
TXN003154,CUST02256,2026-01-25 05:29:00,913.44,Wallet,0.72,3,0,Success,None,0
TXN003155,CUST01044,2026-12-07 07:58:00,1223.26,Card,0.71,3,1,Success,None,0
TXN003156,CUST02094,2026-03-14 12:32:00,1317.71,Net Banking,0.6,4,1,Success,None,0
TXN003157,CUST00209,2026-08-05 17:33:00,376.74,Net Banking,0.81,3,1,Success,None,0
TXN003158,CUST01952,2026-04-25 00:16:00,642.11,UPI,0.99,3,1,Failed,Insufficient Funds,0
TXN003159,CUST00742,2026-10-04 18:04:00,857.66,Card,0.94,0,0,Success,None,0
TXN003160,CUST00169,2026-02-09 03:00:00,3278.94,UPI,0.82,0,0,Success,None,0
TXN003161,CUST00522,2026-03-16 14:22:00,637.36,Net Banking,0.6,0,1,Success,None,0
TXN003162,CUST02705,2026-01-04 14:07:00,670.94,UPI,0.72,4,0,Success,None,0
TXN003163,CUST01383,2026-04-14 11:16:00,969.02,UPI,0.33,4,0,Success,None,0
TXN003164,CUST00986,2026-08-14 02:53:00,257.07,Wallet,0.99,1,0,Success,None,0
TXN003165,CUST02264,2026-02-25 05:36:00,2789.94,Net Banking,0.85,2,0,Failed,Insufficient Funds,0
TXN003166,CUST00901,2026-03-15 23:04:00,3907.91,Net Banking,0.78,1,1,Success,None,0
TXN003167,CUST00657,2026-10-22 17:57:00,434.33,UPI,0.62,0,0,Success,None,0
TXN003168,CUST00511,2026-11-04 19:03:00,1235.76,Wallet,0.59,0,0,Success,None,0
TXN003169,CUST00906,2026-08-10 22:49:00,394.68,Wallet,0.71,1,1,Success,None,0
TXN003170,CUST00711,2026-02-09 02:21:00,1479.32,Card,0.58,1,0,Failed,Insufficient Funds,1
TXN003171,CUST02750,2026-07-31 00:57:00,281.32,Card,0.95,2,1,Failed,Expired Card,0
TXN003172,CUST01828,2026-02-06 13:01:00,609.24,Wallet,0.67,1,0,Success,None,0
TXN003173,CUST01674,2026-02-24 18:05:00,3032.27,UPI,0.56,3,1,Failed,Authentication Failed,0
TXN003174,CUST00095,2026-03-16 16:26:00,1202.75,Wallet,0.31,4,0,Success,None,0
TXN003175,CUST01789,2026-04-28 06:22:00,1621.88,Wallet,0.99,4,0,Success,None,0
TXN003176,CUST02045,2026-11-02 04:28:00,426.74,UPI,0.87,4,1,Success,None,0
TXN003177,CUST02485,2026-02-22 14:47:00,2036.97,Wallet,0.92,1,0,Success,None,0
TXN003178,CUST02462,2026-10-14 22:15:00,1090.09,UPI,0.51,3,0,Success,None,0
TXN003179,CUST00849,2026-05-09 14:52:00,861.59,Wallet,0.64,1,0,Success,None,0
TXN003180,CUST01123,2026-11-24 02:47:00,334.44,Wallet,0.93,1,0,Success,None,0
TXN003181,CUST01555,2026-01-09 20:07:00,1537.42,Card,0.32,4,1,Failed,Expired Card,0
TXN003182,CUST02644,2026-09-17 14:53:00,444.56,Card,0.37,0,1,Success,None,0
TXN003183,CUST01593,2026-05-11 21:32:00,1764.38,UPI,0.91,4,0,Failed,Authentication Failed,1
TXN003184,CUST02011,2026-11-28 00:36:00,874.46,UPI,0.74,3,1,Failed,Authentication Failed,0
TXN003185,CUST01792,2026-03-25 05:09:00,480.5,UPI,0.9,2,0,Failed,Network Error,1
TXN003186,CUST01065,2026-03-03 08:44:00,1871.85,Net Banking,1.0,3,0,Success,None,0
TXN003187,CUST02399,2026-11-04 23:36:00,535.25,Card,0.73,4,0,Success,None,0
TXN003188,CUST01563,2026-10-04 23:11:00,1734.99,UPI,0.52,2,0,Success,None,0
TXN003189,CUST00369,2026-08-13 01:53:00,305.49,Card,0.69,1,0,Success,None,0
TXN003190,CUST01026,2026-06-14 23:15:00,3612.34,UPI,0.42,0,0,Success,None,0
TXN003191,CUST01201,2026-04-12 09:41:00,467.53,Card,0.83,1,1,Success,None,0
TXN003192,CUST00939,2026-03-02 16:01:00,285.15,Card,0.96,3,0,Failed,Expired Card,0
TXN003193,CUST00950,2026-07-28 11:32:00,1321.66,UPI,0.68,0,0,Failed,Bank Timeout,1
TXN003194,CUST02245,2026-11-22 19:56:00,3511.1,Net Banking,0.49,3,1,Success,None,0
TXN003195,CUST00968,2026-08-08 09:53:00,1915.61,Card,0.77,0,0,Success,None,0
TXN003196,CUST00276,2026-10-25 13:35:00,830.46,UPI,0.68,0,0,Success,None,0
TXN003197,CUST02188,2026-07-21 12:01:00,399.3,Card,0.33,0,1,Success,None,0
TXN003198,CUST02963,2026-07-14 07:10:00,410.09,Net Banking,0.9,1,0,Success,None,0
TXN003199,CUST01007,2026-11-08 10:39:00,1971.49,Card,0.56,0,0,Failed,Bank Timeout,1
TXN003200,CUST02103,2026-05-24 09:07:00,3302.76,Net Banking,0.9,0,0,Success,None,0
TXN003201,CUST00685,2026-02-26 18:21:00,1206.35,Card,0.83,0,1,Failed,Bank Timeout,1
TXN003202,CUST02495,2026-06-18 08:33:00,612.02,Card,0.69,2,0,Success,None,0
TXN003203,CUST01864,2026-09-17 18:02:00,2565.05,Card,0.93,1,0,Success,None,0
TXN003204,CUST00664,2026-01-25 10:06:00,846.57,Card,0.72,4,0,Success,None,0
TXN003205,CUST00557,2026-06-17 18:17:00,1026.04,Wallet,0.62,0,0,Success,None,0
TXN003206,CUST02776,2026-11-20 14:23:00,3300.63,Wallet,0.66,3,1,Success,None,0
TXN003207,CUST02652,2026-10-14 07:32:00,1780.08,Wallet,0.43,4,0,Success,None,0
TXN003208,CUST01030,2026-03-02 18:21:00,1154.62,Wallet,0.87,4,1,Success,None,0
TXN003209,CUST00518,2026-01-27 17:31:00,2911.55,Wallet,0.9,0,0,Success,None,0
TXN003210,CUST01223,2026-05-20 06:58:00,5490.88,Net Banking,0.39,0,1,Success,None,0
TXN003211,CUST01227,2026-04-25 12:32:00,324.23,Wallet,0.91,2,0,Success,None,0
TXN003212,CUST00814,2026-06-08 13:47:00,716.85,Wallet,0.87,0,0,Success,None,0
TXN003213,CUST01843,2026-08-25 07:40:00,1095.21,Card,0.37,4,0,Success,None,0
TXN003214,CUST01624,2026-01-06 23:06:00,951.71,Net Banking,0.49,1,0,Success,None,0
TXN003215,CUST01799,2026-05-26 08:36:00,899.32,Card,0.85,2,1,Failed,Authentication Failed,0
TXN003216,CUST01522,2026-02-17 11:34:00,746.97,Wallet,0.94,1,1,Success,None,0
TXN003217,CUST00211,2026-11-23 14:26:00,1060.27,Wallet,0.48,1,0,Success,None,0
TXN003218,CUST01211,2026-05-08 15:11:00,1126.44,UPI,0.8,2,0,Success,None,0
TXN003219,CUST01584,2026-08-06 19:28:00,522.89,Wallet,0.33,3,0,Success,None,0
TXN003220,CUST01454,2026-01-15 18:06:00,4508.17,Net Banking,0.78,4,1,Success,None,0
TXN003221,CUST00278,2026-03-12 10:38:00,869.63,Wallet,0.51,2,0,Success,None,0
TXN003222,CUST02076,2026-02-06 21:11:00,1931.21,Net Banking,0.86,1,0,Success,None,0
TXN003223,CUST02913,2026-01-22 19:18:00,847.47,Card,0.76,4,0,Success,None,0
TXN003224,CUST02087,2026-01-09 18:56:00,785.22,UPI,0.89,1,0,Success,None,0
TXN003225,CUST01653,2026-05-07 07:29:00,746.49,Wallet,0.85,2,1,Failed,Expired Card,1
TXN003226,CUST01168,2026-10-19 17:12:00,2864.03,Net Banking,0.32,2,0,Failed,Expired Card,0
TXN003227,CUST01796,2026-10-06 00:47:00,609.46,UPI,0.98,3,1,Failed,Expired Card,0
TXN003228,CUST02730,2026-02-25 19:49:00,650.39,UPI,0.52,4,0,Failed,Authentication Failed,0
TXN003229,CUST02706,2026-02-22 09:52:00,1246.61,Net Banking,0.49,3,0,Failed,Bank Timeout,1
TXN003230,CUST00382,2026-04-11 09:37:00,449.39,Card,0.38,4,1,Failed,Authentication Failed,0
TXN003231,CUST00172,2026-01-05 09:51:00,198.11,Card,0.59,0,0,Success,None,0
TXN003232,CUST00797,2026-06-02 00:56:00,937.1,Card,0.94,3,0,Success,None,0
TXN003233,CUST01749,2026-11-30 12:45:00,833.74,Card,0.57,4,0,Success,None,0
TXN003234,CUST00003,2026-11-09 16:39:00,1967.67,Card,0.74,0,0,Success,None,0
TXN003235,CUST01088,2026-03-21 18:28:00,1256.96,UPI,0.87,3,0,Success,None,0
TXN003236,CUST00679,2026-01-30 02:47:00,1066.48,Wallet,0.81,3,0,Failed,Authentication Failed,1
TXN003237,CUST02527,2026-04-04 23:10:00,447.32,Net Banking,0.31,2,1,Success,None,0
TXN003238,CUST02587,2026-09-01 02:54:00,280.39,Net Banking,0.55,2,0,Success,None,0
TXN003239,CUST02433,2026-10-24 16:58:00,1336.51,Net Banking,0.97,1,0,Success,None,0
TXN003240,CUST01778,2026-04-30 11:27:00,2228.9,UPI,0.56,3,0,Failed,Expired Card,0
TXN003241,CUST02044,2026-12-13 15:34:00,1804.61,Net Banking,0.55,3,0,Success,None,0
TXN003242,CUST01056,2026-07-22 01:47:00,1847.86,Net Banking,0.88,0,0,Success,None,0
TXN003243,CUST00897,2026-11-26 13:32:00,789.05,Card,0.93,1,1,Failed,Bank Timeout,1
TXN003244,CUST02857,2026-05-31 05:44:00,707.5,UPI,0.52,4,0,Success,None,0
TXN003245,CUST01718,2026-04-19 21:26:00,331.82,Wallet,0.41,4,0,Failed,Insufficient Funds,0
TXN003246,CUST00666,2026-12-12 08:02:00,1267.37,Card,0.49,4,1,Success,None,0
TXN003247,CUST01286,2026-05-28 19:01:00,628.64,UPI,0.81,0,1,Success,None,0
TXN003248,CUST00631,2026-01-12 03:20:00,1047.78,Wallet,0.76,3,1,Failed,Network Error,1
TXN003249,CUST00485,2026-06-27 03:16:00,560.77,Net Banking,0.62,2,0,Success,None,0
TXN003250,CUST01624,2026-05-28 13:43:00,415.66,Wallet,0.93,4,0,Failed,Authentication Failed,1
TXN003251,CUST01174,2026-05-03 08:59:00,501.0,Card,0.54,1,0,Failed,Bank Timeout,1
TXN003252,CUST02431,2026-02-06 15:34:00,1086.87,Net Banking,0.96,3,0,Success,None,0
TXN003253,CUST00338,2026-07-16 17:49:00,3177.45,UPI,0.9,0,0,Failed,Authentication Failed,0
TXN003254,CUST00379,2026-01-01 18:14:00,287.02,Wallet,0.59,1,0,Success,None,0
TXN003255,CUST00728,2026-04-17 02:29:00,612.93,Wallet,0.79,0,0,Success,None,0
TXN003256,CUST02781,2026-01-15 17:16:00,959.67,Net Banking,0.52,2,0,Failed,Bank Timeout,0
TXN003257,CUST01353,2026-08-01 05:08:00,10043.68,Net Banking,0.7,0,0,Success,None,0
TXN003258,CUST00162,2026-10-27 01:45:00,896.73,UPI,0.43,4,0,Success,None,0
TXN003259,CUST00697,2026-02-09 03:41:00,519.83,Card,0.51,3,1,Success,None,0
TXN003260,CUST02431,2026-10-30 20:23:00,1879.53,Net Banking,0.61,2,0,Success,None,0
TXN003261,CUST00568,2026-08-09 16:46:00,3628.07,Net Banking,0.8,0,1,Success,None,0
TXN003262,CUST00645,2026-06-30 17:44:00,3049.55,Net Banking,0.53,4,0,Success,None,0
TXN003263,CUST02823,2026-05-24 05:31:00,780.8,Card,0.3,2,0,Failed,Network Error,1
TXN003264,CUST02847,2026-05-11 14:49:00,1507.35,Card,0.38,3,1,Success,None,0
TXN003265,CUST01203,2026-10-21 19:22:00,1548.23,Net Banking,0.45,3,1,Failed,Bank Timeout,1
TXN003266,CUST02729,2026-03-29 15:06:00,1847.31,Net Banking,0.87,2,0,Success,None,0
TXN003267,CUST00610,2026-01-29 22:16:00,1114.43,Wallet,0.79,1,0,Failed,Insufficient Funds,1
TXN003268,CUST00605,2026-02-15 21:57:00,2238.05,UPI,0.47,0,1,Success,None,0
TXN003269,CUST02961,2026-10-08 11:34:00,374.32,Card,0.34,0,0,Failed,Network Error,1
TXN003270,CUST02373,2026-06-08 12:00:00,1984.12,Net Banking,0.31,1,1,Failed,Authentication Failed,1
TXN003271,CUST02640,2026-12-08 07:26:00,606.47,UPI,0.68,4,0,Success,None,0
TXN003272,CUST01939,2026-02-26 23:47:00,805.59,Card,0.77,0,0,Success,None,0
TXN003273,CUST00785,2026-01-18 19:24:00,4359.14,Wallet,0.81,2,0,Success,None,0
TXN003274,CUST01033,2026-10-23 19:53:00,1629.07,UPI,0.91,3,0,Success,None,0
TXN003275,CUST01899,2026-06-13 16:46:00,291.41,Wallet,0.75,3,0,Success,None,0
TXN003276,CUST01340,2026-11-30 07:42:00,4872.76,Card,0.3,3,0,Success,None,0
TXN003277,CUST00031,2026-06-01 09:19:00,991.91,Card,0.91,1,0,Success,None,0
TXN003278,CUST01995,2026-01-16 07:13:00,376.23,UPI,0.63,2,0,Failed,Bank Timeout,1
TXN003279,CUST02101,2026-04-12 03:59:00,756.66,Card,0.56,4,1,Success,None,0
TXN003280,CUST02953,2026-01-14 23:58:00,455.53,Card,1.0,1,1,Failed,Insufficient Funds,0
TXN003281,CUST02914,2026-05-03 18:19:00,743.5,Net Banking,0.66,2,0,Success,None,0
TXN003282,CUST00429,2026-03-18 20:17:00,660.66,UPI,0.46,3,0,Success,None,0
TXN003283,CUST01362,2026-07-13 06:48:00,1642.21,Card,0.76,4,0,Success,None,0
TXN003284,CUST02166,2026-06-08 08:32:00,913.99,Wallet,0.85,4,0,Success,None,0
TXN003285,CUST01864,2026-07-16 04:02:00,504.02,UPI,0.96,4,0,Failed,Authentication Failed,1
TXN003286,CUST01166,2026-05-29 07:21:00,396.96,UPI,0.62,2,0,Success,None,0
TXN003287,CUST01944,2026-11-29 19:34:00,1125.77,UPI,0.67,3,1,Failed,Expired Card,0
TXN003288,CUST01291,2026-06-13 13:47:00,1115.41,Card,0.84,4,0,Failed,Network Error,1
TXN003289,CUST02671,2026-09-01 08:50:00,1124.23,Net Banking,0.92,0,0,Success,None,0
TXN003290,CUST01618,2026-07-13 05:42:00,963.51,Net Banking,0.99,2,0,Failed,Bank Timeout,0
TXN003291,CUST00909,2026-05-25 12:51:00,694.26,UPI,0.98,3,0,Failed,Insufficient Funds,0
TXN003292,CUST00196,2026-07-14 21:09:00,2375.44,Wallet,0.92,0,0,Success,None,0
TXN003293,CUST00067,2026-10-07 22:45:00,489.92,Wallet,0.67,4,0,Success,None,0
TXN003294,CUST02035,2026-07-14 10:56:00,1254.62,UPI,0.85,4,0,Success,None,0
TXN003295,CUST00475,2026-07-24 03:56:00,799.48,Net Banking,0.36,1,1,Failed,Network Error,1
TXN003296,CUST02233,2026-09-07 10:21:00,1404.22,Card,0.74,1,0,Success,None,0
TXN003297,CUST00327,2026-12-11 15:19:00,292.45,Wallet,0.74,2,0,Success,None,0
TXN003298,CUST00085,2026-12-05 23:55:00,491.92,Wallet,0.96,0,0,Success,None,0
TXN003299,CUST00693,2026-06-01 07:21:00,5051.49,Net Banking,0.9,2,0,Success,None,0
TXN003300,CUST01747,2026-05-12 14:13:00,478.11,Card,0.45,1,0,Failed,Insufficient Funds,1
TXN003301,CUST01268,2026-01-28 18:04:00,684.08,Net Banking,0.47,4,0,Failed,Bank Timeout,1
TXN003302,CUST00014,2026-10-11 12:04:00,1429.14,UPI,0.58,1,0,Success,None,0
TXN003303,CUST00734,2026-05-03 21:22:00,201.6,Net Banking,0.51,0,1,Failed,Insufficient Funds,0
TXN003304,CUST02093,2026-09-01 05:03:00,1087.69,Wallet,0.78,0,1,Failed,Expired Card,1
TXN003305,CUST00342,2026-05-09 14:39:00,4227.31,Net Banking,0.83,2,0,Success,None,0
TXN003306,CUST01589,2026-09-22 01:54:00,631.37,Card,0.63,1,0,Success,None,0
TXN003307,CUST02541,2026-03-01 02:07:00,391.67,UPI,0.94,0,0,Success,None,0
TXN003308,CUST01402,2026-06-24 06:51:00,1569.19,Card,0.99,1,0,Success,None,0
TXN003309,CUST00123,2026-10-16 14:24:00,1436.93,Net Banking,0.46,2,1,Failed,Authentication Failed,0
TXN003310,CUST02099,2026-03-02 23:50:00,1460.22,UPI,0.51,3,0,Success,None,0
TXN003311,CUST02544,2026-09-29 02:51:00,308.05,Card,0.78,3,0,Success,None,0
TXN003312,CUST02692,2026-05-22 00:03:00,929.04,Card,0.35,3,1,Failed,Network Error,1
TXN003313,CUST00816,2026-06-14 21:34:00,1678.31,Net Banking,0.59,0,0,Failed,Bank Timeout,1
TXN003314,CUST02339,2026-08-30 23:11:00,693.79,UPI,0.36,2,0,Failed,Network Error,1
TXN003315,CUST01703,2026-11-10 20:19:00,731.38,Net Banking,0.49,0,0,Success,None,0
TXN003316,CUST00350,2026-08-05 12:07:00,2432.06,Wallet,0.81,1,0,Success,None,0
TXN003317,CUST02429,2026-06-29 23:39:00,2222.5,UPI,0.89,1,1,Success,None,0
TXN003318,CUST00491,2026-10-14 05:27:00,1657.8,Net Banking,0.97,4,0,Success,None,0
TXN003319,CUST01008,2026-04-17 20:13:00,756.29,Net Banking,0.44,2,1,Success,None,0
TXN003320,CUST00437,2026-08-31 01:19:00,2160.43,UPI,0.62,0,0,Success,None,0
TXN003321,CUST02851,2026-02-25 17:15:00,884.92,Card,0.83,2,1,Failed,Network Error,1
TXN003322,CUST01688,2026-01-28 08:20:00,769.6,Net Banking,0.57,0,0,Success,None,0
TXN003323,CUST01264,2026-01-09 06:38:00,1201.81,Wallet,0.61,2,1,Success,None,0
TXN003324,CUST01168,2026-09-17 03:48:00,1005.44,UPI,0.63,2,0,Failed,Insufficient Funds,1
TXN003325,CUST02151,2026-05-12 23:51:00,1105.02,Card,0.38,4,0,Failed,Insufficient Funds,0
TXN003326,CUST01083,2026-11-20 11:01:00,974.98,UPI,0.49,2,0,Failed,Insufficient Funds,0
TXN003327,CUST02361,2026-03-26 07:02:00,1484.91,Card,0.52,1,0,Success,None,0
TXN003328,CUST01133,2026-10-23 11:40:00,959.91,UPI,0.36,2,0,Failed,Expired Card,0
TXN003329,CUST02263,2026-11-22 23:28:00,2048.96,Net Banking,0.6,2,0,Success,None,0
TXN003330,CUST00167,2026-02-03 20:21:00,1143.56,Wallet,0.61,2,1,Success,None,0
TXN003331,CUST01103,2026-01-26 00:43:00,1015.39,Net Banking,0.92,0,0,Success,None,0
TXN003332,CUST02410,2026-11-21 13:11:00,1349.03,UPI,0.45,0,0,Success,None,0
TXN003333,CUST00175,2026-05-28 19:34:00,3452.68,Wallet,0.9,3,0,Success,None,0
TXN003334,CUST01083,2026-01-30 20:36:00,247.71,UPI,0.61,1,0,Failed,Network Error,1
TXN003335,CUST00759,2026-08-18 16:21:00,288.03,Card,0.52,4,0,Success,None,0
TXN003336,CUST01927,2026-03-03 15:58:00,5838.03,UPI,0.54,1,0,Success,None,0
TXN003337,CUST01671,2026-07-29 23:12:00,2527.46,Card,0.68,0,0,Success,None,0
TXN003338,CUST02018,2026-01-22 14:47:00,1208.64,Card,0.9,4,0,Success,None,0
TXN003339,CUST00865,2026-03-12 01:50:00,1665.25,Wallet,0.55,4,1,Success,None,0
TXN003340,CUST01411,2026-08-04 02:13:00,406.86,Net Banking,0.62,1,1,Success,None,0
TXN003341,CUST02369,2026-04-01 16:03:00,926.09,Wallet,0.99,2,0,Success,None,0
TXN003342,CUST02896,2026-08-25 01:15:00,568.19,UPI,0.41,3,0,Failed,Expired Card,0
TXN003343,CUST00006,2026-08-04 01:56:00,2963.9,Wallet,0.82,0,1,Success,None,0
TXN003344,CUST01037,2026-10-24 12:44:00,1962.03,Card,0.87,1,0,Success,None,0
TXN003345,CUST02749,2026-09-16 21:24:00,1262.01,UPI,0.97,1,0,Success,None,0
TXN003346,CUST00946,2026-09-24 05:46:00,483.09,UPI,0.71,1,0,Success,None,0
TXN003347,CUST02802,2026-03-21 10:05:00,995.44,UPI,0.53,3,0,Success,None,0
TXN003348,CUST00462,2026-08-26 07:58:00,1962.03,Net Banking,0.9,4,0,Failed,Bank Timeout,1
TXN003349,CUST02852,2026-02-08 22:34:00,451.5,UPI,0.97,0,1,Success,None,0
TXN003350,CUST00846,2026-02-23 12:23:00,884.69,Net Banking,0.91,3,0,Failed,Insufficient Funds,1
TXN003351,CUST01332,2026-08-29 02:58:00,4809.24,Net Banking,0.34,3,1,Failed,Expired Card,0
TXN003352,CUST01817,2026-03-17 06:53:00,2842.46,Net Banking,0.5,1,0,Success,None,0
TXN003353,CUST01447,2026-06-28 08:55:00,5422.22,Wallet,0.68,1,0,Success,None,0
TXN003354,CUST01122,2026-04-02 18:58:00,2816.43,Wallet,0.47,3,0,Failed,Insufficient Funds,0
TXN003355,CUST01899,2026-10-12 11:55:00,423.62,Wallet,0.42,1,0,Success,None,0
TXN003356,CUST01880,2026-03-16 05:10:00,1561.51,UPI,0.82,4,0,Success,None,0
TXN003357,CUST00453,2026-04-14 04:47:00,323.59,Wallet,0.99,2,0,Success,None,0
TXN003358,CUST00726,2026-06-22 07:10:00,680.22,Net Banking,0.51,3,0,Success,None,0
TXN003359,CUST02403,2026-04-21 09:21:00,579.08,UPI,0.6,3,0,Failed,Bank Timeout,1
TXN003360,CUST00823,2026-05-23 05:04:00,2477.07,Wallet,0.81,2,1,Failed,Network Error,0
TXN003361,CUST01968,2026-11-26 10:19:00,3384.28,Card,0.85,1,1,Success,None,0
TXN003362,CUST00071,2026-05-21 00:31:00,991.68,Card,0.54,1,1,Success,None,0
TXN003363,CUST02260,2026-02-09 23:39:00,1463.53,Card,0.53,4,0,Success,None,0
TXN003364,CUST02955,2026-09-09 04:30:00,1161.92,Net Banking,0.49,2,0,Success,None,0
TXN003365,CUST01114,2026-09-29 18:10:00,777.17,UPI,0.73,4,0,Failed,Authentication Failed,1
TXN003366,CUST00258,2026-03-29 19:51:00,5468.6,UPI,0.38,4,0,Failed,Network Error,1
TXN003367,CUST01001,2026-08-17 11:20:00,1731.91,Net Banking,0.37,4,0,Success,None,0
TXN003368,CUST02165,2026-01-08 03:00:00,3335.96,Wallet,0.72,0,0,Success,None,0
TXN003369,CUST02825,2026-07-26 18:49:00,498.12,Net Banking,0.63,4,1,Success,None,0
TXN003370,CUST00006,2026-03-10 05:16:00,1658.15,Net Banking,0.32,3,0,Failed,Insufficient Funds,1
TXN003371,CUST02953,2026-09-11 09:58:00,768.88,Net Banking,0.64,3,0,Failed,Network Error,1
TXN003372,CUST02576,2026-02-04 23:38:00,313.7,Card,0.72,3,0,Failed,Authentication Failed,1
TXN003373,CUST02559,2026-04-29 05:24:00,946.66,Wallet,0.41,1,0,Success,None,0
TXN003374,CUST01377,2026-10-04 07:36:00,618.01,UPI,0.74,2,1,Success,None,0
TXN003375,CUST02182,2026-03-24 20:36:00,630.16,Card,0.73,2,1,Success,None,0
TXN003376,CUST02304,2026-02-07 13:42:00,422.57,Wallet,0.83,0,0,Success,None,0
TXN003377,CUST00948,2026-03-16 14:57:00,367.53,Card,0.92,3,0,Failed,Authentication Failed,0
TXN003378,CUST02192,2026-09-05 22:19:00,359.41,Wallet,0.77,0,0,Success,None,0
TXN003379,CUST02943,2026-09-26 16:57:00,1190.94,Wallet,0.64,1,0,Failed,Bank Timeout,1
TXN003380,CUST01520,2026-04-04 08:57:00,764.21,Card,0.92,0,0,Success,None,0
TXN003381,CUST02407,2026-04-13 02:16:00,613.79,UPI,0.8,3,0,Success,None,0
TXN003382,CUST00857,2026-12-03 06:15:00,974.97,Wallet,0.73,0,0,Success,None,0
TXN003383,CUST02506,2026-10-21 05:49:00,5348.23,Card,0.46,0,0,Success,None,0
TXN003384,CUST02451,2026-01-17 01:58:00,356.06,Net Banking,0.71,4,0,Failed,Authentication Failed,0
TXN003385,CUST02217,2026-12-04 05:30:00,764.87,Net Banking,0.5,1,0,Success,None,0
TXN003386,CUST00887,2026-02-06 10:37:00,1518.5,Wallet,0.52,3,0,Success,None,0
TXN003387,CUST02064,2026-12-03 17:07:00,1465.51,UPI,0.35,4,0,Failed,Expired Card,0
TXN003388,CUST00001,2026-12-07 07:08:00,729.3,Net Banking,0.71,3,0,Success,None,0
TXN003389,CUST01853,2026-01-10 19:03:00,1755.0,Net Banking,0.66,4,0,Success,None,0
TXN003390,CUST02570,2026-08-31 22:56:00,374.0,UPI,0.99,4,0,Success,None,0
TXN003391,CUST00789,2026-03-27 06:38:00,765.0,Net Banking,0.78,1,0,Failed,Insufficient Funds,1
TXN003392,CUST00803,2026-02-18 06:55:00,107.52,Card,0.35,1,0,Failed,Network Error,1
TXN003393,CUST00251,2026-08-14 05:48:00,3631.52,Wallet,0.64,3,0,Success,None,0
TXN003394,CUST00129,2026-05-14 11:46:00,1030.7,Card,0.36,0,0,Success,None,0
TXN003395,CUST02813,2026-09-08 11:06:00,1973.96,Net Banking,0.98,3,0,Failed,Insufficient Funds,1
TXN003396,CUST01941,2026-03-04 09:29:00,340.43,Card,0.63,3,0,Success,None,0
TXN003397,CUST00144,2026-09-07 04:43:00,1410.89,Net Banking,0.53,4,0,Success,None,0
TXN003398,CUST00445,2026-03-19 02:36:00,1302.43,Wallet,0.37,0,0,Failed,Insufficient Funds,0
TXN003399,CUST01701,2026-03-25 11:16:00,963.58,Card,0.98,0,1,Success,None,0
TXN003400,CUST01091,2026-11-19 17:22:00,919.62,Card,0.84,4,0,Success,None,0
TXN003401,CUST00645,2026-12-14 04:50:00,3419.87,Wallet,0.72,4,0,Failed,Authentication Failed,0
TXN003402,CUST00706,2026-04-12 15:28:00,1254.0,Wallet,0.67,4,1,Success,None,0
TXN003403,CUST01066,2026-12-04 05:22:00,1051.99,Net Banking,0.83,4,0,Failed,Insufficient Funds,0
TXN003404,CUST01663,2026-10-09 06:42:00,1373.45,Card,0.56,2,1,Failed,Expired Card,0
TXN003405,CUST00373,2026-10-18 00:48:00,523.25,Wallet,0.95,4,0,Failed,Bank Timeout,0
TXN003406,CUST00942,2026-07-23 21:55:00,1359.7,UPI,0.79,4,0,Failed,Authentication Failed,1
TXN003407,CUST02661,2026-01-20 05:39:00,1808.9,Wallet,0.77,4,0,Success,None,0
TXN003408,CUST02208,2026-03-29 13:22:00,3596.49,Card,0.64,1,0,Success,None,0
TXN003409,CUST02083,2026-03-29 22:12:00,797.88,UPI,0.5,4,0,Success,None,0
TXN003410,CUST01390,2026-04-05 12:55:00,362.27,UPI,0.83,4,0,Failed,Network Error,1
TXN003411,CUST02249,2026-01-17 00:38:00,1068.5,Net Banking,0.59,1,0,Success,None,0
TXN003412,CUST02010,2026-10-20 07:35:00,920.59,Wallet,0.63,1,0,Success,None,0
TXN003413,CUST02863,2026-08-16 11:56:00,1076.99,Card,0.72,0,0,Failed,Authentication Failed,1
TXN003414,CUST01730,2026-09-26 14:28:00,2420.77,UPI,0.96,4,0,Success,None,0
TXN003415,CUST01888,2026-11-05 11:10:00,2872.28,Net Banking,0.94,1,0,Success,None,0
TXN003416,CUST00123,2026-10-12 00:09:00,333.14,Net Banking,0.65,0,0,Success,None,0
TXN003417,CUST02724,2026-01-31 10:48:00,1692.46,UPI,0.73,0,0,Success,None,0
TXN003418,CUST00676,2026-01-31 02:03:00,574.11,Net Banking,0.55,4,0,Failed,Bank Timeout,0
TXN003419,CUST00403,2026-01-21 20:14:00,800.06,Wallet,0.43,3,0,Failed,Expired Card,0
TXN003420,CUST02946,2026-04-24 21:40:00,359.12,UPI,0.6,1,0,Success,None,0
TXN003421,CUST02754,2026-10-01 23:42:00,1348.99,Wallet,0.44,0,0,Success,None,0
TXN003422,CUST01069,2026-07-18 17:03:00,467.48,Net Banking,0.85,1,0,Failed,Bank Timeout,0
TXN003423,CUST01177,2026-02-24 19:45:00,1577.51,Wallet,0.99,3,0,Success,None,0
TXN003424,CUST01184,2026-04-25 08:46:00,410.43,Card,0.97,4,0,Success,None,0
TXN003425,CUST01921,2026-06-20 03:26:00,3529.18,Wallet,0.41,0,1,Success,None,0
TXN003426,CUST00181,2026-01-02 00:25:00,1098.8,UPI,0.53,4,0,Success,None,0
TXN003427,CUST01007,2026-08-20 19:17:00,783.51,Net Banking,0.87,3,0,Failed,Network Error,0
TXN003428,CUST01481,2026-07-12 23:31:00,5708.1,UPI,0.34,4,0,Failed,Bank Timeout,0
TXN003429,CUST01548,2026-03-27 20:28:00,774.27,Wallet,0.53,4,0,Success,None,0
TXN003430,CUST00612,2026-04-28 02:32:00,1807.2,Wallet,0.45,2,0,Success,None,0
TXN003431,CUST02709,2026-04-23 21:55:00,720.64,Net Banking,0.62,0,0,Success,None,0
TXN003432,CUST02363,2026-07-21 04:11:00,1516.09,Card,0.54,3,0,Success,None,0
TXN003433,CUST02561,2026-05-29 02:04:00,1217.55,UPI,0.41,3,0,Success,None,0
TXN003434,CUST00985,2026-08-14 00:57:00,711.34,Card,0.55,3,1,Failed,Network Error,0
TXN003435,CUST02558,2026-02-15 18:57:00,990.95,UPI,0.56,4,0,Failed,Insufficient Funds,0
TXN003436,CUST01097,2026-11-12 00:40:00,705.64,UPI,0.83,0,0,Failed,Authentication Failed,0
TXN003437,CUST02166,2026-04-06 05:57:00,2313.35,Net Banking,0.52,0,0,Success,None,0
TXN003438,CUST02637,2026-07-01 11:29:00,1153.82,Net Banking,0.65,1,1,Success,None,0
TXN003439,CUST02113,2026-09-19 11:33:00,350.79,Card,0.83,1,1,Success,None,0
TXN003440,CUST02165,2026-04-08 12:04:00,925.23,Card,0.97,0,1,Success,None,0
TXN003441,CUST00635,2026-09-11 15:22:00,1510.2,Card,0.76,0,0,Success,None,0
TXN003442,CUST02536,2026-07-09 22:53:00,1252.24,Wallet,0.88,2,0,Success,None,0
TXN003443,CUST01670,2026-01-08 12:57:00,451.33,Net Banking,0.67,2,0,Failed,Bank Timeout,1
TXN003444,CUST02937,2026-09-20 23:06:00,1420.26,Wallet,0.67,1,0,Success,None,0
TXN003445,CUST00877,2026-10-11 08:50:00,884.75,Wallet,0.98,0,0,Failed,Network Error,1
TXN003446,CUST01893,2026-04-17 04:15:00,1458.7,UPI,0.38,0,1,Success,None,0
TXN003447,CUST00642,2026-10-03 20:31:00,683.58,Wallet,0.98,2,0,Success,None,0
TXN003448,CUST00174,2026-10-15 03:24:00,2969.16,Net Banking,0.41,1,1,Success,None,0
TXN003449,CUST02954,2026-07-17 20:54:00,2314.73,Card,0.62,2,0,Success,None,0
TXN003450,CUST01204,2026-09-01 10:52:00,1640.22,Card,0.49,1,0,Success,None,0
TXN003451,CUST01925,2026-05-30 17:02:00,1243.74,UPI,0.48,3,0,Success,None,0
TXN003452,CUST01191,2026-10-09 02:09:00,2395.16,Net Banking,0.64,4,0,Success,None,0
TXN003453,CUST02994,2026-03-29 21:45:00,698.85,Card,0.88,0,0,Success,None,0
TXN003454,CUST01129,2026-06-19 13:11:00,625.43,Card,0.94,2,0,Failed,Expired Card,1
TXN003455,CUST02760,2026-04-16 11:24:00,1099.71,UPI,1.0,2,0,Success,None,0
TXN003456,CUST01194,2026-11-30 16:22:00,919.52,UPI,0.52,1,0,Success,None,0
TXN003457,CUST00856,2026-10-29 15:46:00,693.38,Card,0.4,2,0,Failed,Expired Card,0
TXN003458,CUST02405,2026-05-24 17:06:00,2271.51,Net Banking,0.6,2,0,Failed,Bank Timeout,1
TXN003459,CUST00419,2026-09-16 23:28:00,615.41,Card,0.47,0,0,Failed,Expired Card,1
TXN003460,CUST02156,2026-07-18 04:50:00,2407.73,Wallet,0.69,3,0,Success,None,0
TXN003461,CUST02485,2026-08-05 00:29:00,2489.46,UPI,0.5,1,0,Success,None,0
TXN003462,CUST02585,2026-03-20 22:16:00,2792.98,UPI,0.78,1,1,Success,None,0
TXN003463,CUST01659,2026-01-15 06:37:00,707.86,Card,0.49,2,0,Failed,Authentication Failed,0
TXN003464,CUST02963,2026-12-01 06:44:00,402.99,UPI,0.9,0,0,Success,None,0
TXN003465,CUST01342,2026-06-18 02:30:00,1170.26,Wallet,0.45,3,0,Failed,Expired Card,1
TXN003466,CUST02264,2026-01-04 21:15:00,974.17,Wallet,0.46,4,0,Success,None,0
TXN003467,CUST00855,2026-08-02 09:20:00,695.42,Card,0.54,0,0,Failed,Insufficient Funds,1
TXN003468,CUST01700,2026-11-01 23:01:00,1760.47,Net Banking,0.99,0,0,Success,None,0
TXN003469,CUST01002,2026-06-21 22:47:00,3808.09,UPI,0.89,3,0,Success,None,0
TXN003470,CUST01081,2026-09-21 21:12:00,1335.93,Wallet,0.31,2,0,Failed,Authentication Failed,0
TXN003471,CUST02544,2026-05-14 22:48:00,1202.88,UPI,0.77,1,1,Success,None,0
TXN003472,CUST00549,2026-04-24 07:33:00,1070.83,Net Banking,0.44,0,0,Success,None,0
TXN003473,CUST00505,2026-02-09 15:11:00,1149.28,UPI,0.85,4,0,Success,None,0
TXN003474,CUST00926,2026-07-12 22:14:00,410.65,Net Banking,0.63,1,1,Success,None,0
TXN003475,CUST01405,2026-10-03 10:34:00,4998.53,Wallet,0.34,0,0,Success,None,0
TXN003476,CUST00798,2026-12-09 19:49:00,369.2,Wallet,0.75,1,0,Success,None,0
TXN003477,CUST02485,2026-01-27 18:15:00,1137.71,Card,0.31,4,0,Failed,Bank Timeout,0
TXN003478,CUST01127,2026-06-02 06:53:00,903.19,Wallet,0.43,2,0,Failed,Insufficient Funds,0
TXN003479,CUST01046,2026-02-17 08:24:00,980.22,UPI,0.4,0,0,Success,None,0
TXN003480,CUST00176,2026-10-11 06:25:00,838.48,Wallet,0.76,2,0,Success,None,0
TXN003481,CUST00974,2026-06-06 01:46:00,820.13,Net Banking,0.36,3,1,Failed,Authentication Failed,0
TXN003482,CUST02128,2026-09-29 17:38:00,922.29,UPI,0.45,0,0,Failed,Bank Timeout,1
TXN003483,CUST00074,2026-11-15 12:22:00,3985.01,Wallet,0.75,0,0,Success,None,0
TXN003484,CUST02131,2026-05-23 05:01:00,2338.57,UPI,0.64,1,0,Failed,Authentication Failed,1
TXN003485,CUST00112,2026-09-07 08:49:00,2644.45,UPI,0.67,3,0,Success,None,0
TXN003486,CUST00298,2026-02-06 09:20:00,3881.18,Wallet,0.75,2,0,Success,None,0
TXN003487,CUST00896,2026-05-10 12:59:00,3370.12,Card,0.47,2,0,Success,None,0
TXN003488,CUST01761,2026-06-08 19:55:00,1550.96,UPI,0.93,4,0,Success,None,0
TXN003489,CUST01989,2026-10-05 19:38:00,1957.02,UPI,0.34,3,1,Success,None,0
TXN003490,CUST02545,2026-04-16 17:33:00,2250.98,Card,0.39,1,0,Success,None,0
TXN003491,CUST00475,2026-11-23 08:31:00,1046.12,UPI,0.39,1,0,Success,None,0
TXN003492,CUST02162,2026-05-05 17:45:00,1138.68,UPI,0.54,3,0,Failed,Network Error,1
TXN003493,CUST01954,2026-05-29 08:24:00,562.56,Card,0.86,4,0,Success,None,0
TXN003494,CUST00869,2026-08-12 17:39:00,908.99,UPI,0.83,1,0,Success,None,0
TXN003495,CUST00219,2026-06-14 09:33:00,623.64,UPI,0.45,0,0,Success,None,0
TXN003496,CUST02481,2026-07-25 12:20:00,557.34,UPI,0.96,0,0,Success,None,0
TXN003497,CUST01186,2026-12-07 09:49:00,1407.61,UPI,0.57,2,0,Success,None,0
TXN003498,CUST02928,2026-08-01 05:27:00,2178.99,UPI,0.35,3,0,Failed,Bank Timeout,0
TXN003499,CUST02449,2026-10-07 02:54:00,4435.65,Wallet,0.69,4,1,Failed,Expired Card,0
TXN003500,CUST02691,2026-02-02 15:24:00,211.07,Wallet,0.63,2,1,Failed,Expired Card,0
TXN003501,CUST00595,2026-07-30 21:49:00,6354.2,Net Banking,0.93,4,0,Success,None,0
TXN003502,CUST02609,2026-02-23 11:54:00,479.23,Wallet,0.92,4,0,Failed,Network Error,1
TXN003503,CUST01206,2026-07-27 08:12:00,538.14,UPI,0.94,0,0,Success,None,0
TXN003504,CUST00718,2026-03-09 08:09:00,508.45,Card,0.36,1,0,Failed,Bank Timeout,1
TXN003505,CUST00579,2026-07-25 07:33:00,3299.44,Net Banking,0.9,3,1,Success,None,0
TXN003506,CUST01671,2026-07-23 03:04:00,2018.78,UPI,0.44,4,0,Failed,Authentication Failed,1
TXN003507,CUST01631,2026-10-06 02:06:00,1902.26,Card,0.7,0,1,Success,None,0
TXN003508,CUST00126,2026-09-30 19:16:00,909.04,Wallet,0.64,3,0,Failed,Bank Timeout,1
TXN003509,CUST02301,2026-04-29 14:41:00,4538.41,Net Banking,0.45,1,0,Success,None,0
TXN003510,CUST02664,2026-08-28 07:13:00,1402.75,Net Banking,0.87,1,0,Success,None,0
TXN003511,CUST01167,2026-05-29 08:32:00,689.92,UPI,0.77,0,0,Success,None,0
TXN003512,CUST00584,2026-05-05 06:40:00,3604.38,UPI,0.99,4,1,Failed,Insufficient Funds,1
TXN003513,CUST01664,2026-07-18 05:55:00,767.67,Card,0.79,4,0,Success,None,0
TXN003514,CUST01779,2026-10-13 07:12:00,732.91,Card,0.58,2,0,Failed,Expired Card,0
TXN003515,CUST02347,2026-05-29 03:45:00,259.66,Wallet,0.46,3,0,Success,None,0
TXN003516,CUST00888,2026-10-22 10:53:00,804.88,UPI,0.31,0,1,Success,None,0
TXN003517,CUST00403,2026-10-21 21:42:00,643.36,Wallet,0.72,1,0,Success,None,0
TXN003518,CUST02341,2026-04-02 17:24:00,2143.43,Net Banking,0.76,2,0,Success,None,0
TXN003519,CUST01094,2026-03-29 14:24:00,2443.34,Card,0.83,3,0,Failed,Expired Card,1
TXN003520,CUST02085,2026-11-08 03:55:00,760.61,Net Banking,0.35,2,0,Failed,Insufficient Funds,0
TXN003521,CUST01960,2026-01-03 08:54:00,974.1,Card,0.83,1,0,Success,None,0
TXN003522,CUST02460,2026-01-23 19:03:00,791.75,Wallet,0.83,3,1,Success,None,0
TXN003523,CUST00479,2026-01-28 07:51:00,2121.2,UPI,0.82,3,0,Success,None,0
TXN003524,CUST02738,2026-10-27 20:22:00,526.99,UPI,0.45,1,0,Success,None,0
TXN003525,CUST00197,2026-07-12 04:05:00,1304.47,UPI,0.42,0,1,Success,None,0
TXN003526,CUST02508,2026-04-17 16:34:00,1851.65,UPI,0.6,2,0,Success,None,0
TXN003527,CUST01317,2026-05-29 11:19:00,1198.37,UPI,0.87,0,1,Success,None,0
TXN003528,CUST02579,2026-11-14 10:15:00,4399.48,Card,0.73,4,0,Failed,Expired Card,0
TXN003529,CUST02630,2026-01-19 07:31:00,280.42,Wallet,0.83,3,0,Success,None,0
TXN003530,CUST00904,2026-01-07 02:57:00,1026.07,Net Banking,0.4,2,0,Success,None,0
TXN003531,CUST01805,2026-05-23 06:19:00,1641.71,Wallet,0.62,3,0,Failed,Bank Timeout,1
TXN003532,CUST02926,2026-09-22 08:04:00,711.21,UPI,0.42,3,0,Success,None,0
TXN003533,CUST01687,2026-05-06 10:43:00,480.21,Wallet,0.38,1,0,Failed,Insufficient Funds,0
TXN003534,CUST02016,2026-12-03 02:05:00,1224.39,UPI,0.8,3,1,Failed,Insufficient Funds,0
TXN003535,CUST02316,2026-10-08 00:36:00,1367.21,Card,0.95,4,0,Success,None,0
TXN003536,CUST00094,2026-01-25 10:50:00,1724.88,Net Banking,0.88,3,0,Success,None,0
TXN003537,CUST00813,2026-03-26 12:14:00,487.2,Card,0.53,1,1,Success,None,0
TXN003538,CUST00544,2026-09-18 07:03:00,627.92,UPI,0.42,2,0,Failed,Bank Timeout,1
TXN003539,CUST01413,2026-06-20 02:23:00,1607.49,Card,0.95,3,0,Success,None,0
TXN003540,CUST01902,2026-11-06 07:26:00,346.65,UPI,0.77,0,0,Success,None,0
TXN003541,CUST02778,2026-08-08 12:27:00,368.06,Card,0.93,0,0,Success,None,0
TXN003542,CUST00002,2026-03-21 16:31:00,1051.55,Card,0.36,3,0,Success,None,0
TXN003543,CUST00975,2026-02-18 04:32:00,770.68,Wallet,0.32,4,0,Failed,Authentication Failed,1
TXN003544,CUST02237,2026-05-17 21:22:00,448.92,Wallet,0.34,4,0,Success,None,0
TXN003545,CUST00780,2026-01-28 01:33:00,794.22,UPI,0.91,1,1,Failed,Expired Card,0
TXN003546,CUST01258,2026-09-22 07:46:00,2587.07,Net Banking,0.41,2,0,Success,None,0
TXN003547,CUST02371,2026-02-21 06:46:00,4812.3,Card,0.83,2,0,Success,None,0
TXN003548,CUST01205,2026-10-25 15:05:00,385.25,Wallet,0.74,4,0,Success,None,0
TXN003549,CUST01767,2026-01-20 06:14:00,505.33,UPI,0.8,2,0,Success,None,0
TXN003550,CUST01851,2026-10-30 22:07:00,363.07,Card,0.42,1,0,Success,None,0
TXN003551,CUST01632,2026-12-04 18:13:00,153.46,UPI,0.42,3,0,Success,None,0
TXN003552,CUST01898,2026-11-30 04:52:00,500.39,Card,0.83,3,0,Success,None,0
TXN003553,CUST00308,2026-08-21 16:12:00,1879.02,Card,0.4,0,0,Failed,Insufficient Funds,1
TXN003554,CUST02413,2026-02-07 06:14:00,1399.78,Wallet,0.86,4,0,Failed,Bank Timeout,0
TXN003555,CUST02128,2026-07-28 10:45:00,203.96,Net Banking,0.5,3,0,Failed,Expired Card,0
TXN003556,CUST02013,2026-03-27 03:32:00,639.81,Net Banking,0.97,4,1,Success,None,0
TXN003557,CUST00949,2026-11-16 04:13:00,5594.27,Wallet,0.6,4,0,Success,None,0
TXN003558,CUST02111,2026-05-29 16:52:00,918.34,UPI,0.34,1,0,Success,None,0
TXN003559,CUST01387,2026-09-26 23:36:00,716.25,UPI,0.53,1,1,Success,None,0
TXN003560,CUST02019,2026-05-27 15:33:00,1856.51,UPI,0.72,4,1,Failed,Insufficient Funds,0
TXN003561,CUST01960,2026-11-10 10:41:00,876.83,Wallet,0.3,0,1,Failed,Authentication Failed,0
TXN003562,CUST01660,2026-11-10 03:40:00,990.53,Card,0.97,4,0,Success,None,0
TXN003563,CUST01496,2026-07-16 20:00:00,427.52,UPI,0.69,0,1,Failed,Bank Timeout,1
TXN003564,CUST02699,2026-03-23 12:32:00,1134.37,UPI,0.95,1,0,Success,None,0
TXN003565,CUST01344,2026-05-24 05:12:00,553.14,Net Banking,0.55,1,0,Failed,Network Error,1
TXN003566,CUST01373,2026-12-08 04:08:00,881.04,UPI,0.59,4,1,Failed,Insufficient Funds,0
TXN003567,CUST01659,2026-09-24 16:35:00,950.56,Net Banking,0.43,4,0,Failed,Insufficient Funds,0
TXN003568,CUST00298,2026-04-30 04:47:00,2002.82,Card,0.7,4,0,Success,None,0
TXN003569,CUST01871,2026-07-22 23:44:00,959.52,Wallet,0.49,4,0,Success,None,0
TXN003570,CUST00964,2026-10-13 05:00:00,432.31,Net Banking,0.92,3,0,Failed,Expired Card,0
TXN003571,CUST00649,2026-11-06 19:02:00,760.83,UPI,0.91,1,0,Success,None,0
TXN003572,CUST00139,2026-08-30 03:23:00,355.46,Net Banking,0.53,4,0,Failed,Expired Card,0
TXN003573,CUST02946,2026-07-04 17:23:00,690.04,Wallet,0.45,4,0,Failed,Network Error,0
TXN003574,CUST01222,2026-11-05 01:38:00,6676.07,Card,0.66,4,0,Success,None,0
TXN003575,CUST02652,2026-05-07 06:12:00,3697.71,UPI,0.54,0,0,Failed,Authentication Failed,0
TXN003576,CUST00147,2026-05-10 22:58:00,1203.91,Wallet,0.77,3,0,Success,None,0
TXN003577,CUST00964,2026-06-12 23:00:00,864.99,Card,0.35,4,1,Success,None,0
TXN003578,CUST01957,2026-01-10 13:05:00,2216.25,Wallet,0.6,1,0,Success,None,0
TXN003579,CUST01126,2026-08-12 13:25:00,1710.19,Wallet,0.44,3,0,Success,None,0
TXN003580,CUST02947,2026-08-11 06:02:00,5370.93,UPI,0.86,3,1,Success,None,0
TXN003581,CUST01575,2026-11-09 00:47:00,486.57,Wallet,0.36,4,0,Failed,Expired Card,0
TXN003582,CUST02072,2026-11-01 18:12:00,1070.54,Wallet,0.97,3,0,Success,None,0
TXN003583,CUST01312,2026-06-29 19:49:00,1321.97,Card,0.42,4,0,Success,None,0
TXN003584,CUST02635,2026-09-06 03:35:00,5963.68,UPI,0.56,4,0,Failed,Expired Card,0
TXN003585,CUST01633,2026-05-15 05:34:00,3511.5,UPI,0.87,1,0,Success,None,0
TXN003586,CUST02849,2026-08-30 14:21:00,4937.47,UPI,0.92,2,0,Success,None,0
TXN003587,CUST01599,2026-09-07 14:58:00,155.32,Net Banking,0.73,3,0,Failed,Authentication Failed,0
TXN003588,CUST00126,2026-04-12 19:09:00,1093.25,UPI,0.91,0,0,Success,None,0
TXN003589,CUST01404,2026-04-02 11:04:00,1873.48,Card,0.6,2,0,Success,None,0
TXN003590,CUST02145,2026-08-05 02:54:00,1002.55,Card,0.61,3,1,Success,None,0
TXN003591,CUST00804,2026-10-28 21:47:00,2835.41,Wallet,0.62,1,0,Success,None,0
TXN003592,CUST00761,2026-09-06 20:44:00,1664.01,Net Banking,0.67,1,0,Success,None,0
TXN003593,CUST01604,2026-07-18 20:36:00,3040.33,Net Banking,0.69,1,0,Failed,Expired Card,1
TXN003594,CUST01394,2026-04-05 22:16:00,2297.96,UPI,0.5,3,0,Failed,Insufficient Funds,0
TXN003595,CUST00765,2026-09-21 00:36:00,536.44,Net Banking,0.67,4,0,Failed,Authentication Failed,0
TXN003596,CUST01407,2026-07-29 12:18:00,453.4,Card,0.36,3,0,Failed,Bank Timeout,0
TXN003597,CUST02414,2026-05-06 00:01:00,328.78,Wallet,0.59,1,0,Success,None,0
TXN003598,CUST00419,2026-07-23 20:46:00,2147.28,Net Banking,0.98,1,0,Success,None,0
TXN003599,CUST01513,2026-12-13 11:27:00,747.82,Wallet,0.34,2,0,Failed,Authentication Failed,0
TXN003600,CUST01583,2026-01-06 16:35:00,1656.61,Net Banking,0.81,4,0,Success,None,0
TXN003601,CUST01998,2026-03-23 15:08:00,1114.33,Net Banking,0.95,2,0,Success,None,0
TXN003602,CUST00796,2026-11-16 13:53:00,303.5,UPI,0.53,2,0,Success,None,0
TXN003603,CUST00464,2026-03-02 00:10:00,850.42,UPI,0.32,3,1,Failed,Insufficient Funds,0
TXN003604,CUST02137,2026-04-08 23:43:00,1237.97,Card,0.43,2,0,Success,None,0
TXN003605,CUST00353,2026-05-24 15:27:00,1898.3,UPI,0.96,2,0,Failed,Network Error,1
TXN003606,CUST01333,2026-02-09 03:32:00,889.1,UPI,0.32,2,1,Success,None,0
TXN003607,CUST01343,2026-03-20 20:38:00,576.92,Net Banking,0.38,1,0,Success,None,0
TXN003608,CUST01500,2026-10-25 15:45:00,1127.56,Card,0.96,4,0,Success,None,0
TXN003609,CUST01950,2026-03-28 16:58:00,836.54,Wallet,0.33,4,0,Success,None,0
TXN003610,CUST01833,2026-01-06 20:18:00,2310.58,Wallet,0.31,2,0,Success,None,0
TXN003611,CUST00614,2026-12-13 00:36:00,1354.49,Net Banking,0.75,0,0,Success,None,0
TXN003612,CUST00145,2026-06-16 06:07:00,392.65,UPI,0.43,2,0,Success,None,0
TXN003613,CUST02522,2026-09-11 10:25:00,2444.18,Wallet,0.68,4,0,Success,None,0
TXN003614,CUST02300,2026-10-03 21:26:00,1510.81,Wallet,0.98,0,0,Success,None,0
TXN003615,CUST00028,2026-02-17 05:59:00,1689.7,Wallet,0.3,2,0,Failed,Bank Timeout,1
TXN003616,CUST01648,2026-12-07 11:40:00,5161.7,Net Banking,0.43,1,0,Failed,Network Error,1
TXN003617,CUST01705,2026-11-11 14:02:00,472.85,Wallet,0.37,0,0,Failed,Expired Card,0
TXN003618,CUST01843,2026-04-12 18:38:00,249.28,Wallet,0.68,4,1,Success,None,0
TXN003619,CUST00687,2026-09-15 02:00:00,2615.43,Net Banking,0.6,1,1,Success,None,0
TXN003620,CUST02090,2026-07-17 02:23:00,1566.51,Net Banking,0.97,2,0,Success,None,0
TXN003621,CUST02410,2026-10-18 00:49:00,4964.66,Net Banking,0.42,3,0,Success,None,0
TXN003622,CUST02920,2026-03-06 17:25:00,506.65,Net Banking,0.99,4,0,Success,None,0
TXN003623,CUST01248,2026-01-31 05:04:00,968.98,Card,1.0,4,0,Success,None,0
TXN003624,CUST01362,2026-12-06 12:57:00,1941.28,Wallet,0.33,0,0,Success,None,0
TXN003625,CUST00162,2026-10-19 20:40:00,696.84,UPI,0.86,0,0,Success,None,0
TXN003626,CUST01526,2026-01-27 11:40:00,2097.98,Net Banking,0.44,1,0,Success,None,0
TXN003627,CUST00538,2026-11-13 04:56:00,2916.59,Card,0.73,0,0,Success,None,0
TXN003628,CUST00284,2026-04-28 22:57:00,288.6,Net Banking,0.94,1,0,Success,None,0
TXN003629,CUST01969,2026-08-19 14:53:00,2513.93,Net Banking,0.43,0,0,Success,None,0
TXN003630,CUST02276,2026-04-14 08:50:00,879.73,Wallet,0.97,1,0,Success,None,0
TXN003631,CUST01165,2026-05-21 11:23:00,1657.28,Net Banking,0.89,4,1,Success,None,0
TXN003632,CUST00591,2026-06-04 00:51:00,2571.74,Wallet,0.49,3,0,Failed,Authentication Failed,0
TXN003633,CUST02947,2026-02-24 12:08:00,492.43,Wallet,0.3,2,1,Failed,Insufficient Funds,0
TXN003634,CUST01501,2026-12-01 16:27:00,1983.14,Card,0.79,4,0,Success,None,0
TXN003635,CUST01180,2026-07-11 10:45:00,718.98,Net Banking,0.42,1,0,Failed,Bank Timeout,0
TXN003636,CUST02899,2026-09-26 08:24:00,445.04,Card,1.0,4,0,Failed,Bank Timeout,1
TXN003637,CUST00258,2026-08-09 20:22:00,764.64,Card,0.44,1,0,Success,None,0
TXN003638,CUST02643,2026-08-16 05:11:00,221.1,Card,0.44,0,0,Success,None,0
TXN003639,CUST00242,2026-11-19 09:27:00,2231.08,UPI,0.57,3,0,Success,None,0
TXN003640,CUST02129,2026-04-06 12:48:00,3356.95,UPI,0.98,1,1,Failed,Authentication Failed,1
TXN003641,CUST00836,2026-05-06 14:43:00,537.36,Card,0.61,4,1,Success,None,0
TXN003642,CUST02182,2026-05-28 02:25:00,1146.8,UPI,0.67,1,1,Success,None,0
TXN003643,CUST02725,2026-10-14 12:14:00,1729.3,UPI,0.44,3,0,Success,None,0
TXN003644,CUST01434,2026-04-27 19:37:00,1143.83,Card,0.33,3,1,Failed,Network Error,1
TXN003645,CUST02303,2026-02-19 09:28:00,1334.4,Net Banking,0.79,2,1,Failed,Authentication Failed,0
TXN003646,CUST02340,2026-02-21 20:42:00,405.86,Card,0.43,0,0,Success,None,0
TXN003647,CUST02093,2026-11-24 13:16:00,4510.69,UPI,1.0,3,1,Success,None,0
TXN003648,CUST02989,2026-01-20 07:57:00,488.07,Card,0.3,0,1,Success,None,0
TXN003649,CUST02943,2026-08-23 23:46:00,579.88,Card,0.36,3,0,Failed,Authentication Failed,0
TXN003650,CUST00260,2026-03-14 04:57:00,337.49,Card,0.96,3,0,Success,None,0
TXN003651,CUST02938,2026-11-02 01:20:00,2364.9,Wallet,0.48,1,0,Failed,Insufficient Funds,1
TXN003652,CUST00745,2026-07-29 22:49:00,2065.65,Net Banking,0.55,1,0,Success,None,0
TXN003653,CUST01688,2026-09-24 19:20:00,1205.64,Card,0.72,1,0,Success,None,0
TXN003654,CUST01340,2026-08-22 03:31:00,443.41,Wallet,0.37,4,0,Failed,Network Error,1
TXN003655,CUST02266,2026-03-28 02:10:00,410.1,Card,0.69,4,0,Success,None,0
TXN003656,CUST01332,2026-10-15 09:27:00,788.76,Card,0.67,2,0,Success,None,0
TXN003657,CUST01312,2026-04-08 03:08:00,2622.03,Card,0.45,4,0,Success,None,0
TXN003658,CUST00501,2026-09-26 09:00:00,822.68,Wallet,0.83,3,1,Success,None,0
TXN003659,CUST00897,2026-04-16 12:41:00,882.37,Wallet,0.37,1,1,Failed,Bank Timeout,1
TXN003660,CUST02339,2026-11-12 02:16:00,245.73,UPI,0.43,2,0,Success,None,0
TXN003661,CUST02366,2026-03-07 16:53:00,771.52,Net Banking,0.95,3,0,Success,None,0
TXN003662,CUST02473,2026-01-01 23:29:00,1744.83,Wallet,0.97,4,1,Success,None,0
TXN003663,CUST02339,2026-01-26 10:38:00,663.37,Card,0.7,1,1,Success,None,0
TXN003664,CUST00228,2026-08-31 17:53:00,934.31,Card,0.89,2,0,Success,None,0
TXN003665,CUST02159,2026-03-20 00:01:00,194.59,Wallet,0.43,3,0,Failed,Authentication Failed,0
TXN003666,CUST00567,2026-02-17 13:47:00,1201.25,Net Banking,0.69,4,0,Success,None,0
TXN003667,CUST00116,2026-10-16 19:22:00,2173.13,Card,0.74,0,0,Success,None,0
TXN003668,CUST01627,2026-03-05 02:01:00,1104.91,Net Banking,0.4,0,0,Success,None,0
TXN003669,CUST00183,2026-08-09 20:22:00,511.04,UPI,0.43,2,1,Success,None,0
TXN003670,CUST02125,2026-05-08 04:20:00,1645.06,Wallet,0.32,4,1,Failed,Bank Timeout,1
TXN003671,CUST02734,2026-03-09 05:33:00,2350.61,Net Banking,0.55,4,0,Success,None,0
TXN003672,CUST02611,2026-12-03 12:40:00,1588.55,Card,0.99,4,1,Success,None,0
TXN003673,CUST00166,2026-04-12 06:20:00,978.54,UPI,0.46,1,0,Success,None,0
TXN003674,CUST00968,2026-10-24 14:43:00,2296.23,Net Banking,0.8,3,0,Failed,Expired Card,0
TXN003675,CUST00449,2026-05-07 07:08:00,1022.89,Net Banking,0.88,3,0,Failed,Bank Timeout,1
TXN003676,CUST02982,2026-01-09 07:35:00,687.8,Card,0.95,4,0,Failed,Bank Timeout,1
TXN003677,CUST02990,2026-08-30 18:11:00,835.25,Card,0.4,4,0,Success,None,0
TXN003678,CUST00379,2026-06-24 00:33:00,915.46,UPI,0.81,2,0,Success,None,0
TXN003679,CUST02678,2026-01-21 15:21:00,497.16,Net Banking,0.71,4,0,Success,None,0
TXN003680,CUST00021,2026-06-21 03:46:00,740.48,Card,0.81,4,1,Success,None,0
TXN003681,CUST00862,2026-02-03 20:01:00,398.1,UPI,0.45,4,1,Failed,Expired Card,0
TXN003682,CUST00595,2026-08-19 13:46:00,496.85,UPI,0.54,3,0,Failed,Bank Timeout,1
TXN003683,CUST00474,2026-02-12 23:47:00,569.37,Card,0.77,1,0,Success,None,0
TXN003684,CUST01680,2026-01-20 11:31:00,2770.48,Wallet,0.71,3,0,Success,None,0
TXN003685,CUST02482,2026-02-11 00:52:00,736.84,UPI,0.42,0,0,Success,None,0
TXN003686,CUST01650,2026-11-29 12:24:00,511.56,Wallet,0.8,0,0,Success,None,0
TXN003687,CUST00172,2026-06-12 13:29:00,5016.66,Card,0.59,0,0,Success,None,0
TXN003688,CUST02962,2026-12-06 11:27:00,1502.13,Card,0.84,2,1,Failed,Bank Timeout,1
TXN003689,CUST02552,2026-04-17 21:37:00,1430.86,Card,0.97,1,0,Success,None,0
TXN003690,CUST01768,2026-03-17 21:02:00,322.41,Card,0.58,3,0,Failed,Expired Card,0
TXN003691,CUST02705,2026-08-25 21:15:00,489.56,UPI,0.68,1,1,Failed,Network Error,1
TXN003692,CUST00613,2026-02-06 13:49:00,1173.77,UPI,0.45,2,0,Success,None,0
TXN003693,CUST01166,2026-08-16 16:22:00,551.22,UPI,0.36,0,1,Success,None,0
TXN003694,CUST01381,2026-02-19 00:27:00,3101.59,Card,0.45,0,0,Success,None,0
TXN003695,CUST02443,2026-02-16 21:32:00,1489.01,Card,0.74,2,1,Success,None,0
TXN003696,CUST02423,2026-05-08 10:07:00,2659.4,UPI,0.95,1,0,Success,None,0
TXN003697,CUST00271,2026-09-18 13:38:00,232.59,Wallet,0.62,0,0,Success,None,0
TXN003698,CUST00526,2026-10-27 19:47:00,1213.88,Net Banking,0.75,4,1,Success,None,0
TXN003699,CUST00399,2026-02-13 04:46:00,1045.42,UPI,0.64,1,1,Success,None,0
TXN003700,CUST01129,2026-12-07 11:37:00,1029.94,Card,0.7,1,1,Success,None,0
TXN003701,CUST02252,2026-05-22 00:52:00,2127.71,Net Banking,0.61,2,0,Success,None,0
TXN003702,CUST00534,2026-04-05 10:17:00,246.15,Net Banking,0.34,1,0,Success,None,0
TXN003703,CUST00640,2026-06-25 10:29:00,483.28,UPI,0.97,0,0,Success,None,0
TXN003704,CUST01731,2026-08-12 15:24:00,419.17,UPI,0.52,0,0,Success,None,0
TXN003705,CUST01964,2026-04-12 04:35:00,903.03,Card,0.82,1,1,Success,None,0
TXN003706,CUST00682,2026-06-11 07:59:00,2556.04,UPI,0.52,4,0,Success,None,0
TXN003707,CUST01767,2026-05-31 03:05:00,2523.58,UPI,0.33,3,0,Failed,Bank Timeout,0
TXN003708,CUST00519,2026-05-05 15:51:00,765.73,Card,0.7,2,0,Success,None,0
TXN003709,CUST01070,2026-03-22 18:26:00,359.58,Net Banking,0.6,1,0,Success,None,0
TXN003710,CUST00133,2026-02-15 09:35:00,1270.66,Net Banking,0.93,1,0,Success,None,0
TXN003711,CUST02524,2026-06-30 17:29:00,1456.0,UPI,0.31,2,1,Success,None,0
TXN003712,CUST01510,2026-08-15 19:02:00,2259.31,Wallet,0.32,3,0,Success,None,0
TXN003713,CUST01520,2026-05-16 10:19:00,804.33,UPI,0.48,3,0,Failed,Network Error,1
TXN003714,CUST00707,2026-06-24 14:33:00,1939.15,Wallet,0.56,1,0,Success,None,0
TXN003715,CUST00561,2026-06-08 01:57:00,457.68,UPI,0.89,2,1,Success,None,0
TXN003716,CUST00453,2026-10-08 00:59:00,1503.08,UPI,0.63,0,0,Success,None,0
TXN003717,CUST02107,2026-03-17 10:42:00,587.19,UPI,0.7,0,0,Success,None,0
TXN003718,CUST01690,2026-02-06 13:06:00,6432.53,UPI,0.98,4,0,Success,None,0
TXN003719,CUST01633,2026-06-28 00:48:00,932.92,Wallet,0.41,2,0,Success,None,0
TXN003720,CUST01736,2026-07-18 04:48:00,1215.1,Card,0.6,4,0,Success,None,0
TXN003721,CUST02118,2026-06-13 00:35:00,2231.25,UPI,0.43,0,0,Success,None,0
TXN003722,CUST00607,2026-11-13 04:28:00,309.1,UPI,0.42,4,0,Failed,Insufficient Funds,1
TXN003723,CUST02885,2026-01-31 17:48:00,1496.55,Net Banking,0.34,0,1,Failed,Bank Timeout,1
TXN003724,CUST01674,2026-03-31 17:58:00,884.57,UPI,0.64,3,0,Failed,Insufficient Funds,1
TXN003725,CUST02919,2026-01-30 00:29:00,742.68,Wallet,0.49,1,0,Success,None,0
TXN003726,CUST01179,2026-06-29 03:27:00,186.03,UPI,0.75,2,0,Success,None,0
TXN003727,CUST00818,2026-02-11 13:56:00,1508.65,Net Banking,0.39,3,0,Failed,Bank Timeout,1
TXN003728,CUST00072,2026-03-08 03:56:00,815.65,UPI,0.4,4,1,Success,None,0
TXN003729,CUST02178,2026-06-12 16:22:00,575.12,Net Banking,0.97,4,0,Success,None,0
TXN003730,CUST02882,2026-06-30 15:38:00,1030.72,Wallet,0.83,3,0,Success,None,0
TXN003731,CUST00838,2026-05-02 12:27:00,1718.41,UPI,0.78,0,0,Success,None,0
TXN003732,CUST02749,2026-02-27 00:15:00,754.68,Card,0.86,1,1,Success,None,0
TXN003733,CUST01042,2026-06-09 00:53:00,606.22,Wallet,0.53,3,1,Failed,Bank Timeout,0
TXN003734,CUST01447,2026-07-11 00:09:00,2174.85,UPI,0.5,4,0,Success,None,0
TXN003735,CUST00567,2026-01-12 16:21:00,1587.19,Card,0.53,3,0,Success,None,0
TXN003736,CUST01090,2026-06-04 22:37:00,1004.9,UPI,0.9,3,1,Success,None,0
TXN003737,CUST01273,2026-10-02 22:07:00,3315.98,UPI,0.94,2,0,Success,None,0
TXN003738,CUST00478,2026-08-03 06:30:00,636.43,UPI,0.46,0,1,Success,None,0
TXN003739,CUST02731,2026-11-29 18:02:00,3056.75,Wallet,0.88,3,0,Failed,Network Error,0
TXN003740,CUST00081,2026-07-18 00:28:00,241.83,UPI,0.72,2,0,Success,None,0
TXN003741,CUST02929,2026-07-29 01:09:00,866.3,UPI,0.88,4,0,Failed,Insufficient Funds,1
TXN003742,CUST01022,2026-10-13 14:41:00,413.62,Net Banking,0.99,0,0,Success,None,0
TXN003743,CUST00174,2026-10-22 02:56:00,3102.29,Card,0.76,2,0,Success,None,0
TXN003744,CUST02649,2026-12-05 08:00:00,619.41,Net Banking,0.67,4,1,Success,None,0
TXN003745,CUST02483,2026-08-21 14:37:00,840.99,Wallet,0.41,4,1,Success,None,0
TXN003746,CUST02655,2026-06-18 15:55:00,322.83,Card,0.48,0,0,Success,None,0
TXN003747,CUST02807,2026-05-20 03:54:00,758.76,Wallet,0.36,0,1,Success,None,0
TXN003748,CUST00419,2026-02-06 06:06:00,1072.37,Net Banking,0.6,3,1,Success,None,0
TXN003749,CUST00886,2026-12-13 19:28:00,583.95,Card,0.85,3,0,Success,None,0
TXN003750,CUST01987,2026-04-01 09:10:00,1314.27,UPI,0.67,3,0,Success,None,0
TXN003751,CUST00714,2026-03-08 15:12:00,820.34,Card,0.9,2,1,Failed,Bank Timeout,1
TXN003752,CUST02388,2026-08-11 07:02:00,323.12,Net Banking,0.61,4,0,Success,None,0
TXN003753,CUST00061,2026-03-02 03:02:00,1849.46,Wallet,0.37,0,0,Success,None,0
TXN003754,CUST02705,2026-03-20 00:57:00,942.32,Wallet,0.8,1,0,Success,None,0
TXN003755,CUST00209,2026-10-26 11:38:00,495.55,Wallet,0.34,4,1,Failed,Expired Card,0
TXN003756,CUST00433,2026-01-20 23:55:00,1587.66,Card,0.69,0,1,Success,None,0
TXN003757,CUST02707,2026-02-04 14:48:00,2344.23,Card,0.65,0,0,Success,None,0
TXN003758,CUST00964,2026-11-24 23:35:00,278.08,UPI,0.82,2,1,Success,None,0
TXN003759,CUST00459,2026-01-09 03:50:00,1155.89,Card,0.63,0,1,Success,None,0
TXN003760,CUST02710,2026-10-24 20:21:00,678.13,Net Banking,0.48,4,0,Failed,Insufficient Funds,1
TXN003761,CUST01066,2026-02-28 12:21:00,718.58,Wallet,0.9,2,0,Success,None,0
TXN003762,CUST01849,2026-07-27 22:14:00,818.48,UPI,0.9,2,0,Success,None,0
TXN003763,CUST02077,2026-12-06 12:22:00,1491.44,Wallet,0.36,2,1,Success,None,0
TXN003764,CUST02209,2026-10-23 14:13:00,269.36,UPI,0.58,1,0,Success,None,0
TXN003765,CUST01063,2026-06-02 11:25:00,813.53,UPI,0.48,4,0,Failed,Authentication Failed,0
TXN003766,CUST01939,2026-11-03 14:32:00,245.34,Net Banking,0.88,0,0,Success,None,0
TXN003767,CUST01558,2026-04-20 01:33:00,2578.18,Card,0.34,4,0,Success,None,0
TXN003768,CUST00375,2026-07-06 00:17:00,1021.62,Wallet,0.45,0,0,Success,None,0
TXN003769,CUST02763,2026-10-16 03:54:00,3302.32,Wallet,0.9,4,0,Failed,Bank Timeout,1
TXN003770,CUST02293,2026-06-18 16:53:00,6117.84,Wallet,0.68,4,0,Success,None,0
TXN003771,CUST02370,2026-04-08 06:15:00,1816.08,Wallet,0.58,3,0,Failed,Insufficient Funds,0
TXN003772,CUST00940,2026-11-26 09:34:00,683.91,Net Banking,0.36,0,0,Success,None,0
TXN003773,CUST02380,2026-05-10 02:37:00,947.6,UPI,0.72,3,0,Success,None,0
TXN003774,CUST00181,2026-03-06 10:54:00,703.68,Wallet,0.58,3,0,Success,None,0
TXN003775,CUST01164,2026-05-02 08:28:00,901.32,Wallet,0.97,4,0,Success,None,0
TXN003776,CUST01451,2026-07-31 13:09:00,325.47,Wallet,0.4,0,1,Failed,Authentication Failed,0
TXN003777,CUST01200,2026-09-13 14:15:00,8225.31,Card,0.85,0,1,Success,None,0
TXN003778,CUST02498,2026-07-19 01:59:00,4557.37,Net Banking,0.64,3,1,Success,None,0
TXN003779,CUST02951,2026-01-10 07:52:00,530.44,Card,0.39,2,1,Failed,Network Error,0
TXN003780,CUST02096,2026-01-24 13:52:00,1573.56,Wallet,0.51,2,0,Failed,Authentication Failed,0
TXN003781,CUST00627,2026-02-07 05:07:00,593.36,UPI,0.6,4,0,Success,None,0
TXN003782,CUST00584,2026-07-31 04:05:00,596.26,Wallet,0.92,1,0,Success,None,0
TXN003783,CUST02582,2026-07-17 13:28:00,3136.81,Card,0.47,3,0,Failed,Expired Card,0
TXN003784,CUST00002,2026-04-07 19:37:00,199.88,Card,0.43,4,0,Failed,Expired Card,0
TXN003785,CUST02182,2026-08-12 13:54:00,804.78,Wallet,0.4,4,0,Failed,Insufficient Funds,0
TXN003786,CUST00564,2026-06-24 14:08:00,1090.74,Wallet,0.46,2,1,Failed,Bank Timeout,1
TXN003787,CUST02466,2026-06-04 16:57:00,843.79,Wallet,0.39,4,0,Success,None,0
TXN003788,CUST02553,2026-04-20 04:33:00,1969.57,UPI,0.82,0,0,Failed,Insufficient Funds,1
TXN003789,CUST00463,2026-05-11 06:02:00,240.89,Card,0.89,4,0,Success,None,0
TXN003790,CUST00838,2026-03-26 16:55:00,964.85,Card,0.62,3,0,Success,None,0
TXN003791,CUST01947,2026-05-05 10:04:00,689.11,Card,0.92,3,0,Success,None,0
TXN003792,CUST01019,2026-04-27 22:50:00,1093.58,Card,0.43,0,0,Failed,Expired Card,1
TXN003793,CUST01641,2026-11-28 07:47:00,2992.29,UPI,0.89,2,0,Success,None,0
TXN003794,CUST01476,2026-06-30 10:32:00,2984.61,Card,0.61,2,0,Success,None,0
TXN003795,CUST01074,2026-06-06 03:56:00,1219.98,Card,0.63,0,0,Success,None,0
TXN003796,CUST02664,2026-09-11 18:36:00,5301.59,Net Banking,0.69,0,0,Success,None,0
TXN003797,CUST01121,2026-05-27 09:17:00,3627.04,Net Banking,0.75,0,1,Success,None,0
TXN003798,CUST01926,2026-10-09 05:19:00,2030.13,UPI,0.78,3,0,Success,None,0
TXN003799,CUST02868,2026-07-19 01:10:00,5701.88,Card,0.98,2,0,Success,None,0
TXN003800,CUST01642,2026-02-05 06:42:00,3263.12,UPI,0.58,3,0,Failed,Network Error,1
TXN003801,CUST01814,2026-07-08 05:22:00,606.12,UPI,0.73,2,1,Success,None,0
TXN003802,CUST00928,2026-12-01 15:21:00,2092.66,UPI,0.63,2,0,Success,None,0
TXN003803,CUST02567,2026-07-18 18:16:00,272.14,Wallet,0.93,3,0,Success,None,0
TXN003804,CUST02526,2026-09-12 10:54:00,761.91,Wallet,0.41,4,0,Failed,Expired Card,0
TXN003805,CUST02853,2026-04-24 10:56:00,212.55,Wallet,0.92,4,1,Success,None,0
TXN003806,CUST02324,2026-04-30 04:13:00,2339.24,Wallet,0.52,2,0,Success,None,0
TXN003807,CUST02410,2026-10-20 13:46:00,1284.39,Net Banking,0.66,2,0,Success,None,0
TXN003808,CUST00454,2026-09-21 00:15:00,1287.85,UPI,0.43,0,0,Success,None,0
TXN003809,CUST00240,2026-03-31 17:02:00,1056.13,Card,0.33,3,0,Success,None,0
TXN003810,CUST02846,2026-02-11 06:48:00,3510.27,Wallet,0.42,0,0,Success,None,0
TXN003811,CUST01944,2026-09-06 14:06:00,503.17,UPI,0.39,0,1,Success,None,0
TXN003812,CUST00931,2026-03-17 10:01:00,605.95,UPI,0.8,4,1,Success,None,0
TXN003813,CUST01288,2026-09-16 06:27:00,69.17,Wallet,0.38,1,1,Success,None,0
TXN003814,CUST00410,2026-04-30 07:04:00,1027.51,Card,0.47,4,0,Success,None,0
TXN003815,CUST02456,2026-06-26 18:26:00,802.41,Net Banking,0.41,0,1,Success,None,0
TXN003816,CUST00202,2026-10-21 19:37:00,3180.52,UPI,0.39,0,0,Failed,Bank Timeout,1
TXN003817,CUST02173,2026-03-07 03:29:00,3458.83,Net Banking,0.52,4,0,Failed,Insufficient Funds,0
TXN003818,CUST01542,2026-10-13 23:57:00,1376.99,Net Banking,0.82,3,0,Failed,Expired Card,0
TXN003819,CUST01767,2026-01-19 04:55:00,706.77,Wallet,0.54,3,1,Failed,Network Error,0
TXN003820,CUST01074,2026-10-26 14:56:00,681.57,Wallet,0.85,1,0,Success,None,0
TXN003821,CUST01290,2026-06-28 09:56:00,823.55,Net Banking,0.91,3,0,Failed,Authentication Failed,1
TXN003822,CUST02202,2026-10-12 21:44:00,1449.75,Net Banking,0.76,0,1,Success,None,0
TXN003823,CUST01307,2026-10-12 10:44:00,875.07,Net Banking,0.99,1,0,Success,None,0
TXN003824,CUST01742,2026-11-09 00:54:00,662.03,UPI,0.81,1,0,Success,None,0
TXN003825,CUST01058,2026-10-13 04:23:00,930.98,Net Banking,0.47,3,1,Failed,Bank Timeout,1
TXN003826,CUST01716,2026-01-20 17:32:00,804.97,Card,0.7,2,0,Failed,Insufficient Funds,0
TXN003827,CUST02592,2026-03-25 08:10:00,972.91,Wallet,0.31,2,0,Success,None,0
TXN003828,CUST00038,2026-11-08 12:07:00,376.31,UPI,0.34,3,0,Success,None,0
TXN003829,CUST00486,2026-04-18 01:59:00,1053.57,Card,0.36,1,0,Success,None,0
TXN003830,CUST01852,2026-09-10 15:49:00,3559.47,Card,0.83,3,1,Failed,Authentication Failed,0
TXN003831,CUST01644,2026-08-12 06:51:00,1726.42,Net Banking,0.86,1,0,Success,None,0
TXN003832,CUST01599,2026-01-29 18:52:00,1866.02,UPI,0.96,0,0,Success,None,0
TXN003833,CUST01151,2026-05-16 15:02:00,3352.99,Card,0.79,0,0,Success,None,0
TXN003834,CUST02185,2026-01-22 20:00:00,1428.56,Net Banking,0.31,4,1,Failed,Insufficient Funds,1
TXN003835,CUST00444,2026-06-25 04:47:00,555.23,UPI,0.8,3,1,Failed,Authentication Failed,0
TXN003836,CUST00803,2026-07-30 09:14:00,612.14,Card,0.79,0,0,Success,None,0
TXN003837,CUST01819,2026-06-12 10:12:00,1930.27,Net Banking,0.83,0,0,Success,None,0
TXN003838,CUST02943,2026-11-07 11:22:00,370.73,Card,0.9,3,0,Success,None,0
TXN003839,CUST02616,2026-02-23 14:54:00,2143.01,Card,0.87,3,0,Success,None,0
TXN003840,CUST00675,2026-07-12 12:23:00,1253.16,UPI,0.31,0,0,Success,None,0
TXN003841,CUST00938,2026-03-25 00:05:00,3433.96,Net Banking,0.39,3,0,Failed,Authentication Failed,1
TXN003842,CUST02853,2026-11-12 10:42:00,990.96,Net Banking,0.5,4,1,Failed,Expired Card,0
TXN003843,CUST01890,2026-10-26 04:32:00,1428.75,UPI,0.48,4,0,Failed,Bank Timeout,1
TXN003844,CUST01085,2026-04-23 18:44:00,416.8,Net Banking,0.76,4,0,Failed,Bank Timeout,1
TXN003845,CUST02752,2026-07-03 07:19:00,3798.13,UPI,0.47,4,0,Success,None,0
TXN003846,CUST01038,2026-01-18 03:59:00,301.67,Net Banking,0.35,2,0,Failed,Insufficient Funds,1
TXN003847,CUST01043,2026-04-14 20:10:00,483.51,Wallet,0.78,2,0,Success,None,0
TXN003848,CUST01387,2026-11-04 20:10:00,872.58,Wallet,0.58,1,0,Success,None,0
TXN003849,CUST00457,2026-02-26 03:06:00,4246.5,UPI,0.39,1,0,Success,None,0
TXN003850,CUST01170,2026-09-06 08:54:00,890.89,Wallet,0.5,4,1,Failed,Expired Card,0
TXN003851,CUST01847,2026-10-06 05:18:00,1508.39,UPI,0.62,3,1,Success,None,0
TXN003852,CUST00995,2026-06-28 03:26:00,607.19,Card,0.4,2,0,Failed,Bank Timeout,1
TXN003853,CUST00785,2026-09-07 10:20:00,1899.72,UPI,0.35,4,1,Success,None,0
TXN003854,CUST00299,2026-09-18 00:55:00,797.39,Card,0.67,3,0,Success,None,0
TXN003855,CUST02684,2026-10-19 16:57:00,448.74,UPI,0.51,4,0,Success,None,0
TXN003856,CUST02486,2026-10-28 23:49:00,474.27,UPI,0.81,3,0,Success,None,0
TXN003857,CUST01045,2026-01-13 02:06:00,654.62,UPI,0.73,2,0,Success,None,0
TXN003858,CUST02494,2026-09-19 20:20:00,2068.56,Wallet,0.85,1,0,Success,None,0
TXN003859,CUST01093,2026-05-01 12:31:00,2153.89,Card,0.58,4,0,Failed,Bank Timeout,1
TXN003860,CUST00049,2026-07-07 09:32:00,1412.15,Net Banking,0.54,0,0,Success,None,0
TXN003861,CUST02930,2026-06-22 15:21:00,1078.86,UPI,0.63,3,1,Success,None,0
TXN003862,CUST02107,2026-05-06 17:37:00,1830.12,Net Banking,0.37,0,1,Failed,Bank Timeout,0
TXN003863,CUST01041,2026-04-06 06:21:00,1822.92,Net Banking,0.84,2,0,Success,None,0
TXN003864,CUST01752,2026-10-26 08:27:00,482.51,Net Banking,0.5,0,0,Success,None,0
TXN003865,CUST02820,2026-08-08 11:03:00,4743.81,Net Banking,0.72,0,1,Failed,Expired Card,0
TXN003866,CUST01845,2026-01-06 16:02:00,1627.1,Card,0.39,4,0,Failed,Network Error,0
TXN003867,CUST02637,2026-02-23 13:14:00,2621.28,Card,0.66,4,0,Success,None,0
TXN003868,CUST02058,2026-11-15 06:17:00,1488.65,Wallet,0.95,4,0,Failed,Expired Card,0
TXN003869,CUST02549,2026-08-02 11:23:00,1721.01,Wallet,0.4,4,1,Success,None,0
TXN003870,CUST02829,2026-04-22 10:31:00,774.44,Card,0.92,4,0,Success,None,0
TXN003871,CUST01972,2026-11-01 22:16:00,2025.8,Net Banking,0.82,4,0,Success,None,0
TXN003872,CUST00429,2026-09-05 22:52:00,1802.04,Wallet,0.61,2,1,Failed,Bank Timeout,1
TXN003873,CUST01544,2026-10-22 23:50:00,681.48,Net Banking,0.69,1,0,Success,None,0
TXN003874,CUST02986,2026-09-16 16:12:00,782.07,UPI,0.33,4,1,Failed,Network Error,0
TXN003875,CUST01097,2026-10-30 18:59:00,270.05,Card,0.93,1,0,Failed,Expired Card,0
TXN003876,CUST02427,2026-07-09 20:37:00,2705.57,Card,0.73,3,0,Failed,Bank Timeout,1
TXN003877,CUST02327,2026-02-11 01:02:00,794.1,Card,0.9,0,0,Failed,Expired Card,1
TXN003878,CUST00124,2026-12-10 14:11:00,3652.82,Wallet,0.37,3,0,Failed,Expired Card,0
TXN003879,CUST00707,2026-09-17 02:50:00,2655.49,Card,0.93,4,0,Success,None,0
TXN003880,CUST00688,2026-01-17 07:18:00,151.21,Card,0.83,1,0,Success,None,0
TXN003881,CUST00062,2026-03-05 23:32:00,760.81,UPI,0.58,1,0,Success,None,0
TXN003882,CUST00067,2026-06-17 22:58:00,1313.34,UPI,0.55,0,1,Success,None,0
TXN003883,CUST01555,2026-11-28 08:03:00,1922.47,Wallet,0.32,0,0,Success,None,0
TXN003884,CUST02081,2026-09-18 06:35:00,1212.24,UPI,0.81,4,1,Success,None,0
TXN003885,CUST00499,2026-10-25 18:18:00,345.81,Wallet,0.68,0,0,Success,None,0
TXN003886,CUST00776,2026-10-18 03:03:00,1187.55,Net Banking,0.93,2,1,Success,None,0
TXN003887,CUST01183,2026-11-23 20:34:00,1527.83,UPI,0.53,0,0,Failed,Expired Card,1
TXN003888,CUST01308,2026-08-03 16:17:00,397.95,Net Banking,0.38,1,0,Success,None,0
TXN003889,CUST01977,2026-10-13 02:17:00,543.21,UPI,0.97,2,1,Failed,Expired Card,1
TXN003890,CUST00799,2026-05-29 18:59:00,498.72,Card,0.5,2,0,Failed,Expired Card,1
TXN003891,CUST02771,2026-01-02 07:53:00,1250.3,Net Banking,0.43,0,0,Success,None,0
TXN003892,CUST00070,2026-11-30 12:07:00,605.39,Card,0.9,3,1,Success,None,0
TXN003893,CUST00015,2026-12-10 12:03:00,1092.9,Card,0.58,2,0,Success,None,0
TXN003894,CUST02410,2026-10-31 16:23:00,2180.98,Net Banking,0.35,3,1,Failed,Insufficient Funds,0
TXN003895,CUST00081,2026-06-07 14:18:00,3558.35,Net Banking,0.94,0,1,Success,None,0
TXN003896,CUST01729,2026-01-27 21:05:00,1040.1,Wallet,0.72,2,0,Success,None,0
TXN003897,CUST02652,2026-04-19 21:29:00,927.11,UPI,0.84,3,0,Failed,Insufficient Funds,1
TXN003898,CUST02884,2026-01-01 13:51:00,1453.1,UPI,0.96,1,0,Failed,Authentication Failed,0
TXN003899,CUST00412,2026-10-09 05:33:00,1403.85,Net Banking,0.49,3,0,Failed,Expired Card,0
TXN003900,CUST00172,2026-05-14 17:22:00,836.16,Wallet,0.71,4,0,Success,None,0
TXN003901,CUST01761,2026-04-18 02:46:00,3031.53,Card,0.92,3,0,Failed,Expired Card,0
TXN003902,CUST01548,2026-02-28 00:02:00,844.16,Card,0.84,4,1,Failed,Authentication Failed,1
TXN003903,CUST00064,2026-07-16 14:01:00,449.39,Wallet,0.32,4,0,Failed,Authentication Failed,0
TXN003904,CUST01936,2026-10-12 13:37:00,1162.79,UPI,0.35,4,1,Failed,Expired Card,0
TXN003905,CUST01492,2026-10-20 07:25:00,427.68,UPI,0.77,0,0,Success,None,0
TXN003906,CUST00740,2026-11-04 06:02:00,3827.18,Wallet,0.46,2,1,Success,None,0
TXN003907,CUST02333,2026-01-09 12:14:00,3161.09,UPI,0.58,3,1,Success,None,0
TXN003908,CUST00519,2026-02-18 07:33:00,1068.0,Card,0.84,0,0,Success,None,0
TXN003909,CUST02874,2026-11-06 05:02:00,103.8,Wallet,0.83,2,1,Success,None,0
TXN003910,CUST01558,2026-01-29 15:20:00,3959.16,Card,0.97,0,0,Success,None,0
TXN003911,CUST02342,2026-12-09 12:21:00,680.06,UPI,0.68,2,0,Failed,Insufficient Funds,1
TXN003912,CUST01480,2026-02-12 21:09:00,1795.9,Wallet,0.95,2,0,Failed,Authentication Failed,0
TXN003913,CUST01872,2026-09-02 06:58:00,506.41,Wallet,0.53,2,0,Success,None,0
TXN003914,CUST02000,2026-08-08 05:25:00,1325.27,Card,0.43,2,1,Success,None,0
TXN003915,CUST00306,2026-04-13 01:34:00,939.88,Card,0.82,0,0,Success,None,0
TXN003916,CUST02493,2026-12-09 05:32:00,375.55,UPI,0.31,4,1,Success,None,0
TXN003917,CUST01785,2026-03-01 05:51:00,999.05,Card,0.59,2,0,Success,None,0
TXN003918,CUST02471,2026-07-06 11:54:00,1621.93,Card,0.79,3,0,Success,None,0
TXN003919,CUST01841,2026-09-20 12:14:00,1526.45,UPI,0.78,0,0,Success,None,0
TXN003920,CUST01092,2026-10-27 18:10:00,1145.61,Net Banking,0.79,1,0,Success,None,0
TXN003921,CUST02790,2026-06-26 23:39:00,485.61,Net Banking,0.85,2,0,Failed,Insufficient Funds,1
TXN003922,CUST01783,2026-01-02 01:13:00,460.0,Net Banking,0.47,4,0,Success,None,0
TXN003923,CUST00518,2026-10-30 09:03:00,410.88,Card,0.68,2,1,Failed,Insufficient Funds,1
TXN003924,CUST00204,2026-03-21 22:31:00,1513.4,UPI,0.55,0,1,Failed,Network Error,0
TXN003925,CUST01127,2026-03-04 12:08:00,1150.42,Wallet,0.56,0,1,Success,None,0
TXN003926,CUST00558,2026-03-06 16:06:00,955.24,Card,0.55,2,1,Success,None,0
TXN003927,CUST02294,2026-11-20 02:25:00,2288.28,Card,0.38,4,0,Success,None,0
TXN003928,CUST00021,2026-06-26 18:08:00,2656.79,Net Banking,0.5,0,0,Failed,Expired Card,0
TXN003929,CUST00660,2026-03-29 12:23:00,411.99,Card,0.79,2,1,Failed,Insufficient Funds,1
TXN003930,CUST01720,2026-12-09 19:48:00,151.11,Card,0.34,0,1,Success,None,0
TXN003931,CUST00026,2026-01-22 10:49:00,236.17,Net Banking,0.79,3,0,Success,None,0
TXN003932,CUST02304,2026-02-12 07:05:00,2189.95,Net Banking,0.63,0,0,Success,None,0
TXN003933,CUST00005,2026-11-04 05:35:00,3406.97,Net Banking,0.5,4,0,Failed,Authentication Failed,1
TXN003934,CUST02691,2026-03-09 16:40:00,2881.29,UPI,0.75,0,0,Success,None,0
TXN003935,CUST00332,2026-03-24 19:09:00,424.69,Wallet,0.83,0,0,Success,None,0
TXN003936,CUST00219,2026-03-14 16:12:00,845.74,Wallet,0.92,4,0,Success,None,0
TXN003937,CUST00135,2026-10-22 18:56:00,821.08,UPI,0.65,3,0,Success,None,0
TXN003938,CUST02432,2026-01-02 16:13:00,1265.14,Wallet,0.52,2,0,Success,None,0
TXN003939,CUST01051,2026-07-24 12:51:00,755.23,Wallet,0.84,0,0,Failed,Network Error,1
TXN003940,CUST00930,2026-05-31 10:38:00,476.68,Net Banking,0.87,1,1,Success,None,0
TXN003941,CUST01689,2026-08-05 16:44:00,817.13,Card,0.71,2,0,Failed,Network Error,1
TXN003942,CUST01935,2026-11-01 11:59:00,2024.22,Net Banking,0.37,0,1,Failed,Insufficient Funds,0
TXN003943,CUST01943,2026-10-23 06:04:00,2064.4,Card,0.6,1,0,Success,None,0
TXN003944,CUST00874,2026-04-04 20:50:00,229.99,UPI,0.98,0,0,Success,None,0
TXN003945,CUST00186,2026-10-10 01:17:00,431.55,Net Banking,0.34,1,0,Success,None,0
TXN003946,CUST00909,2026-06-20 11:49:00,4843.9,Wallet,0.87,1,0,Failed,Network Error,1
TXN003947,CUST02984,2026-04-04 05:15:00,1571.91,Card,0.81,2,1,Success,None,0
TXN003948,CUST01382,2026-07-12 22:41:00,684.26,Card,0.63,1,1,Success,None,0
TXN003949,CUST01662,2026-01-15 04:04:00,1882.57,UPI,0.87,2,1,Success,None,0
TXN003950,CUST01835,2026-09-19 07:46:00,1740.65,Wallet,0.62,1,0,Success,None,0
TXN003951,CUST01228,2026-07-19 05:10:00,1832.62,Net Banking,0.57,4,0,Failed,Network Error,1
TXN003952,CUST01303,2026-12-02 09:01:00,807.16,Card,0.41,1,1,Failed,Network Error,1
TXN003953,CUST00565,2026-05-01 10:59:00,2182.59,Wallet,0.67,4,0,Success,None,0
TXN003954,CUST00218,2026-12-04 12:21:00,119.84,Net Banking,0.66,3,1,Failed,Network Error,1
TXN003955,CUST01612,2026-08-14 16:32:00,515.09,UPI,0.93,2,1,Success,None,0
TXN003956,CUST01444,2026-05-25 13:36:00,1853.27,Net Banking,0.98,0,0,Success,None,0
TXN003957,CUST00844,2026-09-23 11:43:00,1165.21,Card,0.42,4,0,Success,None,0
TXN003958,CUST02434,2026-11-25 12:32:00,266.33,UPI,0.92,0,0,Success,None,0
TXN003959,CUST00439,2026-08-17 23:47:00,3739.85,Net Banking,0.37,0,1,Failed,Network Error,1
TXN003960,CUST02729,2026-11-20 20:25:00,799.5,UPI,0.6,4,0,Success,None,0
TXN003961,CUST00409,2026-06-18 11:07:00,3095.91,Card,0.87,0,0,Success,None,0
TXN003962,CUST00389,2026-02-21 19:38:00,1029.16,Wallet,0.51,4,0,Success,None,0
TXN003963,CUST01209,2026-01-20 15:42:00,2950.99,Net Banking,0.63,3,1,Success,None,0
TXN003964,CUST00689,2026-09-19 01:59:00,892.32,Card,0.81,0,1,Failed,Expired Card,0
TXN003965,CUST00958,2026-09-12 08:44:00,1097.92,Net Banking,0.6,2,0,Failed,Insufficient Funds,1
TXN003966,CUST00003,2026-03-08 08:26:00,232.7,Card,0.44,0,0,Failed,Authentication Failed,1
TXN003967,CUST02318,2026-01-04 20:24:00,3462.46,Net Banking,0.7,2,0,Success,None,0
TXN003968,CUST01711,2026-04-27 07:53:00,1051.13,Card,0.75,0,0,Success,None,0
TXN003969,CUST01382,2026-11-27 01:10:00,683.2,UPI,0.78,1,0,Failed,Network Error,0
TXN003970,CUST01803,2026-01-12 15:32:00,5267.46,Net Banking,0.84,4,0,Failed,Authentication Failed,0
TXN003971,CUST00180,2026-10-06 12:32:00,1938.88,Net Banking,0.3,3,0,Success,None,0
TXN003972,CUST02885,2026-06-18 19:50:00,1745.71,Wallet,0.79,1,0,Failed,Expired Card,0
TXN003973,CUST01450,2026-08-23 10:36:00,6052.68,UPI,0.4,4,0,Failed,Insufficient Funds,1
TXN003974,CUST02730,2026-01-04 12:57:00,837.79,Card,0.47,0,0,Failed,Authentication Failed,1
TXN003975,CUST02776,2026-04-21 16:56:00,585.08,Net Banking,0.84,4,0,Success,None,0
TXN003976,CUST00833,2026-01-02 02:15:00,5214.35,UPI,0.39,4,0,Failed,Network Error,0
TXN003977,CUST00517,2026-06-05 23:29:00,1144.17,Net Banking,0.71,0,0,Success,None,0
TXN003978,CUST02075,2026-01-24 10:49:00,936.36,UPI,0.92,4,0,Success,None,0
TXN003979,CUST02224,2026-03-22 14:27:00,344.61,UPI,0.41,2,0,Failed,Network Error,1
TXN003980,CUST02235,2026-10-04 16:40:00,527.56,Card,0.38,2,0,Failed,Bank Timeout,1
TXN003981,CUST02810,2026-02-23 08:12:00,1174.67,Net Banking,0.99,4,0,Success,None,0
TXN003982,CUST01481,2026-01-13 02:36:00,1643.09,UPI,0.62,3,0,Failed,Insufficient Funds,1
TXN003983,CUST01995,2026-08-23 12:27:00,899.95,Wallet,0.43,4,0,Failed,Insufficient Funds,1
TXN003984,CUST02340,2026-01-27 19:53:00,444.2,Wallet,0.62,3,0,Failed,Expired Card,0
TXN003985,CUST02938,2026-04-06 16:06:00,969.91,Wallet,0.99,3,1,Failed,Insufficient Funds,0
TXN003986,CUST01962,2026-09-10 19:39:00,548.31,Card,0.89,4,0,Success,None,0
TXN003987,CUST02936,2026-07-27 15:08:00,1799.22,Card,0.9,1,0,Failed,Network Error,1
TXN003988,CUST02380,2026-01-08 11:13:00,2697.25,Net Banking,0.99,2,0,Success,None,0
TXN003989,CUST01609,2026-05-18 06:04:00,1486.85,UPI,0.83,3,1,Success,None,0
TXN003990,CUST01369,2026-03-21 08:37:00,1905.62,Card,0.95,2,0,Success,None,0
TXN003991,CUST02593,2026-01-27 12:49:00,1584.0,Card,0.51,2,0,Failed,Authentication Failed,0
TXN003992,CUST01555,2026-02-17 08:01:00,2277.62,Card,0.71,2,0,Failed,Authentication Failed,1
TXN003993,CUST01171,2026-07-15 14:27:00,1450.25,Card,0.87,0,1,Success,None,0
TXN003994,CUST00753,2026-08-17 13:14:00,1441.85,Net Banking,0.56,4,0,Failed,Bank Timeout,1
TXN003995,CUST00897,2026-05-01 12:35:00,1161.78,Card,0.67,1,0,Success,None,0
TXN003996,CUST00286,2026-07-28 00:15:00,6986.86,UPI,0.32,0,0,Success,None,0
TXN003997,CUST02635,2026-05-10 16:15:00,631.42,UPI,0.85,3,0,Success,None,0
TXN003998,CUST00024,2026-07-05 20:15:00,1003.58,Card,0.32,4,1,Failed,Network Error,0
TXN003999,CUST00058,2026-02-02 04:19:00,881.37,Card,0.69,1,0,Success,None,0
TXN004000,CUST01609,2026-10-17 07:07:00,3214.5,Wallet,0.73,3,0,Failed,Bank Timeout,1
TXN004001,CUST01154,2026-05-02 15:15:00,3332.75,UPI,0.73,2,1,Success,None,0
TXN004002,CUST01325,2026-02-01 22:34:00,2016.42,Wallet,0.44,4,0,Success,None,0
TXN004003,CUST02431,2026-04-24 11:32:00,5404.36,Card,0.37,4,1,Failed,Bank Timeout,0
TXN004004,CUST00191,2026-06-02 13:58:00,1564.96,Wallet,0.79,1,0,Failed,Bank Timeout,1
TXN004005,CUST02844,2026-05-15 17:29:00,3178.12,UPI,0.61,1,1,Success,None,0
TXN004006,CUST02133,2026-04-04 03:30:00,539.19,Net Banking,0.54,1,0,Success,None,0
TXN004007,CUST01898,2026-01-01 09:35:00,451.34,Wallet,0.88,0,0,Success,None,0
TXN004008,CUST00470,2026-11-03 12:13:00,907.53,Wallet,0.58,0,0,Success,None,0
TXN004009,CUST00925,2026-03-07 21:00:00,13130.69,Card,0.97,4,0,Success,None,0
TXN004010,CUST01768,2026-08-24 13:52:00,907.41,Card,0.42,1,0,Success,None,0
TXN004011,CUST00277,2026-07-10 03:31:00,1028.2,Card,0.56,2,0,Failed,Expired Card,1
TXN004012,CUST02961,2026-07-25 21:47:00,1391.2,Wallet,0.82,0,0,Success,None,0
TXN004013,CUST01777,2026-07-03 04:26:00,1779.53,UPI,0.71,0,0,Success,None,0
TXN004014,CUST00867,2026-05-01 23:49:00,876.36,Wallet,0.92,4,0,Success,None,0
TXN004015,CUST02992,2026-07-27 03:46:00,1669.26,UPI,0.94,4,0,Success,None,0
TXN004016,CUST02828,2026-09-14 07:27:00,162.26,Wallet,0.48,3,0,Failed,Insufficient Funds,1
TXN004017,CUST02278,2026-09-16 01:50:00,878.23,Wallet,0.59,4,0,Failed,Insufficient Funds,1
TXN004018,CUST00969,2026-01-25 10:55:00,1128.02,Net Banking,0.33,3,0,Success,None,0
TXN004019,CUST02494,2026-11-24 09:27:00,657.74,Wallet,0.91,1,1,Success,None,0
TXN004020,CUST02086,2026-11-18 03:37:00,462.1,Card,0.45,2,0,Failed,Network Error,0
TXN004021,CUST02693,2026-03-03 05:04:00,3295.92,UPI,0.61,0,0,Success,None,0
TXN004022,CUST00666,2026-03-06 16:10:00,697.83,Wallet,0.62,0,0,Success,None,0
TXN004023,CUST02520,2026-08-16 15:42:00,726.07,Card,0.63,2,0,Success,None,0
TXN004024,CUST00555,2026-04-02 17:40:00,1120.22,Card,0.55,1,0,Success,None,0
TXN004025,CUST01137,2026-04-12 11:51:00,1771.12,UPI,0.83,2,1,Failed,Bank Timeout,1
TXN004026,CUST02150,2026-06-03 10:46:00,1266.75,Card,0.58,0,0,Failed,Network Error,1
TXN004027,CUST02872,2026-09-25 20:48:00,1768.6,Card,0.6,0,0,Success,None,0
TXN004028,CUST00523,2026-01-19 11:05:00,1064.23,UPI,0.96,0,0,Success,None,0
TXN004029,CUST02927,2026-11-07 08:10:00,1079.2,Net Banking,0.54,1,0,Success,None,0
TXN004030,CUST00535,2026-05-11 18:31:00,338.42,Card,0.55,3,1,Success,None,0
TXN004031,CUST02849,2026-05-16 18:43:00,3170.56,Card,0.99,0,0,Failed,Bank Timeout,1
TXN004032,CUST00536,2026-06-02 03:54:00,128.45,UPI,0.84,4,0,Failed,Network Error,1
TXN004033,CUST01668,2026-03-13 17:46:00,1672.09,UPI,0.53,2,1,Failed,Insufficient Funds,0
TXN004034,CUST01411,2026-12-07 09:18:00,813.11,UPI,0.43,4,0,Failed,Authentication Failed,0
TXN004035,CUST01883,2026-11-25 19:21:00,1473.56,Wallet,0.72,2,1,Success,None,0
TXN004036,CUST02504,2026-02-18 01:36:00,192.83,UPI,0.76,4,0,Failed,Insufficient Funds,1
TXN004037,CUST02670,2026-06-01 08:32:00,1755.92,UPI,0.48,1,0,Success,None,0
TXN004038,CUST01924,2026-11-12 00:08:00,1556.2,UPI,0.65,2,1,Success,None,0
TXN004039,CUST00652,2026-02-13 10:44:00,845.06,UPI,0.81,4,0,Failed,Insufficient Funds,1
TXN004040,CUST01016,2026-01-25 08:24:00,1200.71,Net Banking,0.88,4,0,Success,None,0
TXN004041,CUST01606,2026-07-26 14:47:00,1351.94,Wallet,0.59,1,0,Success,None,0
TXN004042,CUST00832,2026-06-27 06:08:00,1480.74,UPI,0.96,0,1,Success,None,0
TXN004043,CUST02053,2026-05-28 18:28:00,786.31,UPI,0.53,0,0,Success,None,0
TXN004044,CUST01711,2026-10-02 05:03:00,2303.75,Net Banking,0.67,3,1,Failed,Insufficient Funds,1
TXN004045,CUST00958,2026-01-31 14:59:00,682.5,Wallet,0.62,3,0,Success,None,0
TXN004046,CUST01483,2026-04-21 09:22:00,1076.3,Wallet,0.85,2,0,Success,None,0
TXN004047,CUST01044,2026-06-10 13:18:00,571.89,Net Banking,0.81,2,0,Success,None,0
TXN004048,CUST01604,2026-08-09 03:35:00,1266.96,Wallet,0.87,1,0,Success,None,0
TXN004049,CUST02938,2026-05-06 04:04:00,3011.1,Card,0.96,1,1,Success,None,0
TXN004050,CUST01239,2026-03-02 21:40:00,1047.33,UPI,0.58,4,1,Success,None,0
TXN004051,CUST00778,2026-05-21 07:09:00,749.65,Wallet,0.36,1,0,Failed,Bank Timeout,1
TXN004052,CUST00482,2026-02-23 11:15:00,644.8,Wallet,0.9,0,0,Success,None,0
TXN004053,CUST00887,2026-12-01 19:53:00,1333.76,Net Banking,0.8,3,0,Success,None,0
TXN004054,CUST02682,2026-04-08 01:11:00,6884.8,Net Banking,0.89,4,0,Success,None,0
TXN004055,CUST00416,2026-07-14 08:25:00,1440.85,Card,0.92,4,0,Failed,Authentication Failed,1
TXN004056,CUST02551,2026-08-21 19:46:00,4927.67,UPI,0.84,3,0,Success,None,0
TXN004057,CUST02967,2026-08-28 13:49:00,855.87,Card,0.56,2,0,Success,None,0
TXN004058,CUST01080,2026-07-23 18:46:00,2055.14,Wallet,0.63,1,0,Success,None,0
TXN004059,CUST00981,2026-12-11 21:03:00,412.32,Net Banking,0.76,1,0,Failed,Authentication Failed,0
TXN004060,CUST01498,2026-07-13 13:26:00,527.15,Card,0.85,0,0,Success,None,0
TXN004061,CUST00922,2026-12-12 14:32:00,2162.09,Card,0.43,1,0,Failed,Bank Timeout,1
TXN004062,CUST02825,2026-01-29 15:33:00,3957.15,UPI,0.79,1,0,Success,None,0
TXN004063,CUST02739,2026-05-28 16:46:00,3811.31,Net Banking,0.83,4,1,Success,None,0
TXN004064,CUST01532,2026-11-11 09:57:00,1273.6,UPI,0.85,2,0,Success,None,0
TXN004065,CUST02981,2026-07-01 19:38:00,1366.92,Wallet,0.88,3,0,Success,None,0
TXN004066,CUST01858,2026-09-20 18:42:00,2277.81,Net Banking,0.45,3,0,Success,None,0
TXN004067,CUST00817,2026-06-08 22:56:00,3503.58,Net Banking,0.63,2,0,Success,None,0
TXN004068,CUST02312,2026-05-24 02:19:00,513.87,Net Banking,0.77,3,0,Success,None,0
TXN004069,CUST02983,2026-10-21 18:44:00,1547.06,Wallet,0.53,4,1,Success,None,0
TXN004070,CUST01765,2026-02-16 01:08:00,1647.19,UPI,0.4,1,0,Success,None,0
TXN004071,CUST00726,2026-05-15 16:34:00,1257.59,UPI,0.75,2,0,Success,None,0
TXN004072,CUST02194,2026-12-03 21:20:00,439.5,UPI,0.65,0,0,Success,None,0
TXN004073,CUST02081,2026-03-09 11:44:00,1271.32,Net Banking,0.42,0,0,Failed,Authentication Failed,1
TXN004074,CUST01324,2026-05-25 13:41:00,899.35,Card,0.84,2,1,Failed,Network Error,0
TXN004075,CUST00745,2026-01-05 22:22:00,783.78,Wallet,0.8,0,0,Failed,Authentication Failed,0
TXN004076,CUST00560,2026-10-10 20:49:00,1115.85,Net Banking,0.42,1,0,Success,None,0
TXN004077,CUST01089,2026-02-14 14:46:00,2636.72,UPI,0.43,1,1,Success,None,0
TXN004078,CUST00216,2026-04-01 05:25:00,778.67,Net Banking,0.76,2,0,Failed,Bank Timeout,1
TXN004079,CUST00477,2026-11-19 15:07:00,857.43,Wallet,0.44,2,0,Success,None,0
TXN004080,CUST00875,2026-07-26 06:46:00,505.63,Net Banking,1.0,0,1,Failed,Authentication Failed,1
TXN004081,CUST02695,2026-02-07 22:56:00,2110.29,Card,0.65,3,0,Success,None,0
TXN004082,CUST00123,2026-06-30 11:20:00,1232.03,UPI,0.63,4,0,Failed,Expired Card,1
TXN004083,CUST00685,2026-01-29 21:48:00,683.91,Net Banking,0.69,1,0,Success,None,0
TXN004084,CUST02990,2026-02-03 15:12:00,995.86,Net Banking,0.67,4,1,Failed,Expired Card,0
TXN004085,CUST01304,2026-05-13 01:44:00,2738.94,Net Banking,0.37,1,0,Success,None,0
TXN004086,CUST00722,2026-04-05 13:49:00,310.25,Net Banking,0.48,3,1,Success,None,0
TXN004087,CUST02787,2026-02-10 22:24:00,1341.2,Net Banking,0.66,3,0,Success,None,0
TXN004088,CUST00795,2026-09-09 18:25:00,2667.65,Wallet,0.95,1,0,Success,None,0
TXN004089,CUST01399,2026-11-26 11:27:00,1583.84,Wallet,0.31,1,0,Failed,Authentication Failed,0
TXN004090,CUST01856,2026-05-26 17:55:00,5260.63,Wallet,0.91,1,1,Success,None,0
TXN004091,CUST01666,2026-06-20 09:42:00,1305.03,Net Banking,0.86,1,0,Success,None,0
TXN004092,CUST00457,2026-08-24 02:15:00,2267.16,UPI,0.38,2,0,Failed,Insufficient Funds,1
TXN004093,CUST00625,2026-01-09 22:50:00,513.25,Net Banking,0.99,3,0,Failed,Network Error,1
TXN004094,CUST02659,2026-01-14 05:46:00,1209.62,Net Banking,0.67,4,0,Success,None,0
TXN004095,CUST00623,2026-09-23 14:21:00,3623.31,UPI,0.66,3,0,Success,None,0
TXN004096,CUST00270,2026-04-27 10:21:00,841.74,Card,0.81,2,0,Failed,Authentication Failed,0
TXN004097,CUST00492,2026-08-08 23:42:00,1948.62,Card,0.55,3,0,Success,None,0
TXN004098,CUST00929,2026-10-08 01:42:00,964.99,Net Banking,0.99,4,0,Failed,Bank Timeout,1
TXN004099,CUST02168,2026-03-01 21:14:00,3668.8,Wallet,0.89,0,1,Success,None,0
TXN004100,CUST00813,2026-05-18 15:44:00,102.17,UPI,0.49,0,0,Failed,Expired Card,0
TXN004101,CUST01438,2026-03-06 02:00:00,342.16,Net Banking,0.84,1,1,Success,None,0
TXN004102,CUST02462,2026-10-13 11:30:00,5901.78,UPI,0.68,1,1,Failed,Bank Timeout,0
TXN004103,CUST00524,2026-10-29 04:35:00,200.49,Net Banking,0.74,2,0,Success,None,0
TXN004104,CUST00962,2026-02-24 21:30:00,631.43,Card,0.45,1,0,Success,None,0
TXN004105,CUST00930,2026-11-22 08:35:00,541.61,Wallet,0.58,4,0,Success,None,0
TXN004106,CUST00006,2026-11-07 12:26:00,683.36,Card,0.98,2,0,Success,None,0
TXN004107,CUST02832,2026-03-24 02:27:00,1189.32,Wallet,0.5,1,0,Success,None,0
TXN004108,CUST00929,2026-02-01 17:09:00,600.06,Card,0.77,3,1,Success,None,0
TXN004109,CUST00143,2026-02-03 08:44:00,1014.27,Net Banking,0.65,3,1,Failed,Insufficient Funds,0
TXN004110,CUST00187,2026-05-22 15:55:00,285.23,Wallet,0.61,4,0,Success,None,0
TXN004111,CUST00495,2026-10-30 02:35:00,207.65,Wallet,0.3,4,0,Failed,Bank Timeout,1
TXN004112,CUST00159,2026-06-28 21:51:00,1370.84,Wallet,0.58,0,0,Failed,Insufficient Funds,1
TXN004113,CUST01624,2026-08-23 18:24:00,2403.92,Card,0.86,0,0,Success,None,0
TXN004114,CUST02287,2026-09-15 01:52:00,3498.8,Card,0.66,4,0,Success,None,0
TXN004115,CUST02020,2026-07-14 11:19:00,4388.59,UPI,0.6,3,0,Success,None,0
TXN004116,CUST01649,2026-04-29 01:52:00,666.92,Net Banking,0.83,3,0,Failed,Authentication Failed,1
TXN004117,CUST00537,2026-03-20 21:28:00,662.7,Net Banking,0.46,1,0,Success,None,0
TXN004118,CUST00581,2026-08-20 02:26:00,409.09,Card,0.86,1,0,Success,None,0
TXN004119,CUST02489,2026-02-26 01:23:00,290.34,UPI,0.88,2,0,Success,None,0
TXN004120,CUST02295,2026-09-19 04:20:00,3788.99,Net Banking,0.82,4,0,Failed,Bank Timeout,1
TXN004121,CUST01449,2026-05-18 06:30:00,1107.82,Card,0.78,3,0,Success,None,0
TXN004122,CUST02532,2026-05-16 07:00:00,2723.85,Card,0.89,2,0,Failed,Insufficient Funds,1
TXN004123,CUST00993,2026-01-25 06:33:00,1475.63,Wallet,0.81,3,0,Failed,Insufficient Funds,0
TXN004124,CUST01113,2026-04-11 09:47:00,609.12,UPI,0.59,3,1,Failed,Insufficient Funds,1
TXN004125,CUST00026,2026-03-25 10:02:00,822.78,Card,0.57,3,0,Success,None,0
TXN004126,CUST00500,2026-02-24 01:35:00,387.47,Net Banking,0.84,4,0,Success,None,0
TXN004127,CUST02704,2026-10-10 02:01:00,735.01,UPI,0.71,0,0,Success,None,0
TXN004128,CUST00715,2026-07-05 05:14:00,1678.44,Wallet,0.59,3,0,Success,None,0
TXN004129,CUST02720,2026-07-27 20:41:00,590.95,Net Banking,0.96,3,0,Success,None,0
TXN004130,CUST02691,2026-01-24 00:45:00,1001.05,Wallet,0.78,2,1,Success,None,0
TXN004131,CUST02993,2026-01-17 09:30:00,411.4,Net Banking,0.31,2,1,Failed,Network Error,1
TXN004132,CUST01030,2026-10-19 00:14:00,1221.51,Net Banking,0.41,4,0,Failed,Bank Timeout,1
TXN004133,CUST01509,2026-09-20 06:46:00,2204.93,UPI,0.62,0,1,Success,None,0
TXN004134,CUST00295,2026-05-01 03:07:00,1785.02,Net Banking,0.32,0,0,Failed,Authentication Failed,1
TXN004135,CUST00070,2026-07-29 19:11:00,4166.3,Net Banking,0.72,4,0,Success,None,0
TXN004136,CUST02427,2026-06-14 03:40:00,1400.53,Wallet,0.38,1,0,Success,None,0
TXN004137,CUST01466,2026-06-23 17:29:00,3227.79,Wallet,0.66,1,0,Success,None,0
TXN004138,CUST00562,2026-03-03 10:21:00,588.19,UPI,0.94,0,0,Success,None,0
TXN004139,CUST00649,2026-08-15 17:40:00,2451.48,Wallet,0.49,0,0,Success,None,0
TXN004140,CUST00394,2026-02-24 11:50:00,12759.12,Wallet,0.62,1,0,Failed,Network Error,1
TXN004141,CUST00827,2026-10-01 18:10:00,1103.1,UPI,0.69,4,0,Success,None,0
TXN004142,CUST02541,2026-07-13 16:30:00,461.15,Wallet,0.35,3,1,Success,None,0
TXN004143,CUST01663,2026-03-20 12:06:00,1742.8,Wallet,0.56,0,1,Success,None,0
TXN004144,CUST00676,2026-11-22 04:52:00,1593.48,UPI,0.64,3,1,Failed,Authentication Failed,1
TXN004145,CUST00328,2026-02-18 00:08:00,535.16,Card,1.0,4,0,Failed,Authentication Failed,1
TXN004146,CUST02765,2026-05-04 11:15:00,806.98,Wallet,0.62,0,1,Success,None,0
TXN004147,CUST02658,2026-05-09 07:27:00,441.82,Wallet,0.85,4,1,Failed,Bank Timeout,1
TXN004148,CUST02585,2026-03-15 21:58:00,1319.91,Card,0.8,4,0,Success,None,0
TXN004149,CUST02469,2026-04-30 17:14:00,1465.59,UPI,0.57,0,1,Success,None,0
TXN004150,CUST00772,2026-03-08 03:37:00,2694.91,Net Banking,0.84,0,0,Success,None,0
TXN004151,CUST00511,2026-02-27 17:20:00,901.72,Card,0.84,1,0,Success,None,0
TXN004152,CUST02401,2026-11-03 14:56:00,559.24,UPI,0.53,0,0,Success,None,0
TXN004153,CUST01430,2026-04-10 03:17:00,338.79,UPI,0.41,3,1,Failed,Network Error,1
TXN004154,CUST01164,2026-09-16 20:31:00,1066.1,Wallet,0.68,3,0,Failed,Insufficient Funds,0
TXN004155,CUST00575,2026-05-25 01:10:00,544.53,UPI,0.54,3,1,Success,None,0
TXN004156,CUST01267,2026-06-30 17:42:00,2209.83,Net Banking,0.56,4,1,Success,None,0
TXN004157,CUST01220,2026-08-04 22:27:00,3427.41,Wallet,0.84,4,1,Success,None,0
TXN004158,CUST01268,2026-10-25 04:12:00,912.65,Wallet,0.9,0,1,Success,None,0
TXN004159,CUST01580,2026-09-09 10:47:00,335.15,Card,0.58,2,1,Success,None,0
TXN004160,CUST01053,2026-01-09 09:26:00,1573.65,UPI,0.76,2,0,Failed,Authentication Failed,1
TXN004161,CUST01446,2026-06-21 05:11:00,448.28,Card,0.65,2,0,Success,None,0
TXN004162,CUST00155,2026-04-10 04:15:00,2116.54,Card,0.69,4,1,Failed,Expired Card,0
TXN004163,CUST02526,2026-06-10 16:49:00,619.1,Wallet,0.7,1,1,Success,None,0
TXN004164,CUST00451,2026-02-20 00:12:00,565.25,UPI,0.44,4,0,Failed,Expired Card,0
TXN004165,CUST00913,2026-01-19 00:56:00,1077.24,Wallet,0.91,2,0,Success,None,0
TXN004166,CUST02432,2026-03-07 06:16:00,1443.53,Net Banking,0.66,3,0,Success,None,0
TXN004167,CUST01433,2026-07-12 14:36:00,1769.65,Net Banking,0.49,0,0,Success,None,0
TXN004168,CUST01896,2026-06-05 07:23:00,502.49,Card,0.36,3,0,Success,None,0
TXN004169,CUST00962,2026-08-12 13:55:00,2505.84,Net Banking,0.64,0,0,Success,None,0
TXN004170,CUST02149,2026-08-11 17:19:00,384.53,Net Banking,0.75,4,0,Success,None,0
TXN004171,CUST01429,2026-08-28 08:57:00,2938.82,Wallet,0.57,2,1,Success,None,0
TXN004172,CUST01016,2026-10-02 10:05:00,1556.04,Wallet,0.91,2,0,Success,None,0
TXN004173,CUST01197,2026-09-16 03:39:00,801.4,Net Banking,0.41,1,0,Success,None,0
TXN004174,CUST00299,2026-05-25 00:07:00,1121.76,Net Banking,0.8,2,0,Success,None,0
TXN004175,CUST02489,2026-04-11 09:52:00,955.04,Card,0.55,1,0,Success,None,0
TXN004176,CUST01168,2026-11-16 07:59:00,444.41,Wallet,0.91,1,0,Success,None,0
TXN004177,CUST01081,2026-02-23 04:40:00,4190.22,Wallet,0.4,0,0,Success,None,0
TXN004178,CUST00196,2026-07-02 05:28:00,938.99,Card,0.47,4,0,Failed,Authentication Failed,1
TXN004179,CUST02480,2026-07-29 13:50:00,820.79,Card,0.78,3,0,Failed,Expired Card,0
TXN004180,CUST00409,2026-02-07 17:22:00,908.21,Net Banking,0.4,1,0,Success,None,0
TXN004181,CUST02339,2026-01-23 06:48:00,841.18,UPI,0.95,3,0,Success,None,0
TXN004182,CUST00472,2026-06-24 08:57:00,1169.45,Card,0.33,3,0,Failed,Network Error,1
TXN004183,CUST02125,2026-04-15 12:24:00,3995.33,Net Banking,0.63,2,0,Success,None,0
TXN004184,CUST01518,2026-10-19 09:35:00,485.64,Wallet,0.38,2,1,Failed,Expired Card,1
TXN004185,CUST00515,2026-01-04 16:47:00,841.35,Card,0.72,0,0,Success,None,0
TXN004186,CUST01237,2026-11-05 20:10:00,1371.13,UPI,0.46,2,1,Success,None,0
TXN004187,CUST01563,2026-09-21 10:20:00,178.53,Net Banking,0.71,0,0,Success,None,0
TXN004188,CUST02321,2026-02-21 11:52:00,501.87,Card,0.51,0,0,Success,None,0
TXN004189,CUST00437,2026-03-16 06:55:00,631.61,Net Banking,0.43,1,0,Success,None,0
TXN004190,CUST01366,2026-07-12 12:25:00,1050.93,Wallet,0.91,3,0,Success,None,0
TXN004191,CUST00780,2026-08-17 15:35:00,984.38,Wallet,0.71,2,0,Failed,Authentication Failed,0
TXN004192,CUST02275,2026-12-02 22:39:00,617.63,UPI,0.82,3,0,Success,None,0
TXN004193,CUST00282,2026-07-21 04:15:00,1648.68,Card,0.93,2,0,Failed,Network Error,1
TXN004194,CUST01063,2026-05-22 05:24:00,2397.22,Card,0.7,2,1,Failed,Bank Timeout,1
TXN004195,CUST00297,2026-01-18 11:56:00,411.31,UPI,0.49,1,0,Success,None,0
TXN004196,CUST01215,2026-10-29 18:17:00,1552.95,Card,0.63,1,0,Success,None,0
TXN004197,CUST00646,2026-11-09 09:06:00,401.56,Wallet,0.99,1,0,Success,None,0
TXN004198,CUST00799,2026-04-17 14:07:00,556.33,Card,0.32,2,1,Success,None,0
TXN004199,CUST01086,2026-08-27 20:25:00,515.64,Card,0.87,3,0,Success,None,0
TXN004200,CUST00077,2026-08-30 11:52:00,523.03,UPI,0.99,2,0,Success,None,0
TXN004201,CUST02926,2026-07-03 15:49:00,4269.78,Wallet,1.0,4,1,Success,None,0
TXN004202,CUST02213,2026-07-21 00:55:00,627.3,Wallet,0.83,0,0,Success,None,0
TXN004203,CUST02912,2026-05-19 20:58:00,1442.83,Net Banking,0.9,1,0,Success,None,0
TXN004204,CUST00627,2026-06-09 12:38:00,653.52,UPI,0.45,0,1,Success,None,0
TXN004205,CUST00264,2026-03-10 13:35:00,446.5,Net Banking,0.72,3,0,Failed,Insufficient Funds,1
TXN004206,CUST00852,2026-02-26 11:51:00,2084.84,Net Banking,0.61,2,0,Success,None,0
TXN004207,CUST02198,2026-03-01 11:32:00,794.85,Card,0.51,2,0,Failed,Bank Timeout,1
TXN004208,CUST01730,2026-03-07 23:07:00,99.99,Net Banking,0.44,3,0,Success,None,0
TXN004209,CUST01380,2026-03-15 04:43:00,704.28,Wallet,0.38,1,0,Success,None,0
TXN004210,CUST02132,2026-01-04 09:25:00,1608.5,Card,0.51,1,0,Success,None,0
TXN004211,CUST00067,2026-05-27 02:22:00,504.55,Card,0.5,1,0,Success,None,0
TXN004212,CUST00883,2026-03-25 15:20:00,2865.2,UPI,0.36,1,0,Failed,Insufficient Funds,1
TXN004213,CUST00809,2026-06-20 13:20:00,1167.14,Card,0.31,2,1,Success,None,0
TXN004214,CUST00278,2026-10-13 04:41:00,3771.67,Wallet,0.6,0,1,Success,None,0
TXN004215,CUST01496,2026-11-08 14:59:00,1353.05,Wallet,0.99,0,1,Failed,Authentication Failed,1
TXN004216,CUST01960,2026-10-01 09:29:00,343.77,Card,0.47,4,0,Failed,Network Error,1
TXN004217,CUST00233,2026-08-22 15:44:00,1290.5,Card,0.75,1,0,Success,None,0
TXN004218,CUST00863,2026-12-09 19:29:00,354.73,Net Banking,0.6,0,0,Success,None,0
TXN004219,CUST00946,2026-10-25 02:52:00,145.65,Card,0.86,4,0,Success,None,0
TXN004220,CUST00699,2026-03-20 22:17:00,862.0,Wallet,0.39,1,0,Failed,Network Error,0
TXN004221,CUST00192,2026-06-16 22:01:00,2736.03,Card,0.34,1,0,Success,None,0
TXN004222,CUST02382,2026-06-15 09:01:00,1200.79,UPI,0.68,0,0,Success,None,0
TXN004223,CUST00670,2026-01-19 23:25:00,915.66,Card,0.58,1,0,Success,None,0
TXN004224,CUST00240,2026-11-30 14:40:00,829.14,Net Banking,0.96,3,1,Success,None,0
TXN004225,CUST02706,2026-09-23 15:45:00,2498.68,Net Banking,0.92,4,1,Failed,Insufficient Funds,0
TXN004226,CUST02631,2026-10-28 07:33:00,752.0,Wallet,0.94,3,0,Success,None,0
TXN004227,CUST01696,2026-12-04 00:32:00,1011.76,Net Banking,0.56,0,0,Success,None,0
TXN004228,CUST00205,2026-08-21 22:49:00,514.37,Net Banking,0.61,3,0,Failed,Expired Card,0
TXN004229,CUST02199,2026-10-15 03:03:00,313.3,Card,0.97,3,0,Failed,Authentication Failed,1
TXN004230,CUST01391,2026-03-07 11:48:00,8678.75,Card,0.87,4,0,Failed,Bank Timeout,0
TXN004231,CUST02453,2026-05-21 06:36:00,355.09,Net Banking,0.83,0,0,Success,None,0
TXN004232,CUST02187,2026-11-30 02:09:00,1168.24,Wallet,0.95,2,0,Success,None,0
TXN004233,CUST01014,2026-08-17 08:33:00,1633.02,Card,0.75,3,0,Success,None,0
TXN004234,CUST01849,2026-10-17 05:49:00,718.04,Card,0.88,4,0,Success,None,0
TXN004235,CUST00409,2026-02-01 07:03:00,6297.12,Card,0.51,1,0,Success,None,0
TXN004236,CUST00489,2026-07-06 23:08:00,709.91,UPI,0.73,4,1,Failed,Insufficient Funds,1
TXN004237,CUST02855,2026-10-21 22:39:00,3116.5,Card,0.56,2,1,Success,None,0
TXN004238,CUST02743,2026-11-08 07:36:00,619.77,UPI,0.58,0,1,Success,None,0
TXN004239,CUST01986,2026-10-18 12:29:00,1424.43,UPI,0.96,2,0,Success,None,0
TXN004240,CUST02451,2026-02-07 16:59:00,1011.18,Card,0.94,1,0,Success,None,0
TXN004241,CUST02845,2026-08-06 18:57:00,4175.59,Net Banking,0.79,2,0,Success,None,0
TXN004242,CUST00449,2026-03-04 20:45:00,1341.03,Net Banking,0.8,3,0,Success,None,0
TXN004243,CUST00583,2026-09-30 11:57:00,2475.07,Card,0.79,3,1,Success,None,0
TXN004244,CUST01024,2026-03-08 04:29:00,757.23,Net Banking,0.53,1,1,Success,None,0
TXN004245,CUST00088,2026-02-24 11:41:00,958.46,Card,0.74,2,0,Success,None,0
TXN004246,CUST00463,2026-05-18 05:15:00,1328.19,Card,0.99,3,0,Success,None,0
TXN004247,CUST02807,2026-11-06 11:23:00,691.18,Net Banking,0.76,2,1,Failed,Bank Timeout,1
TXN004248,CUST00007,2026-03-15 16:13:00,379.36,Card,0.95,4,0,Success,None,0
TXN004249,CUST01206,2026-11-16 09:10:00,555.14,Net Banking,0.31,2,1,Failed,Insufficient Funds,0
TXN004250,CUST02058,2026-07-05 03:59:00,1636.96,Net Banking,0.32,4,1,Failed,Expired Card,0
TXN004251,CUST00049,2026-01-08 13:50:00,3326.91,Net Banking,0.82,2,1,Failed,Bank Timeout,0
TXN004252,CUST01533,2026-10-06 21:01:00,1537.64,UPI,0.46,4,1,Success,None,0
TXN004253,CUST00293,2026-03-10 23:35:00,475.45,Net Banking,0.98,4,0,Success,None,0
TXN004254,CUST02036,2026-05-25 15:19:00,1577.98,Wallet,0.34,2,0,Success,None,0
TXN004255,CUST02600,2026-12-12 00:30:00,4192.86,Wallet,0.67,1,0,Success,None,0
TXN004256,CUST01697,2026-03-09 08:26:00,1960.25,Net Banking,0.32,1,0,Failed,Authentication Failed,0
TXN004257,CUST01943,2026-02-28 06:15:00,1301.96,Wallet,0.58,2,0,Failed,Network Error,1
TXN004258,CUST00072,2026-11-19 12:25:00,770.55,Card,0.8,3,0,Success,None,0
TXN004259,CUST01431,2026-02-21 14:43:00,2947.62,Wallet,0.46,4,0,Success,None,0
TXN004260,CUST00114,2026-02-24 22:39:00,217.88,Card,0.31,2,0,Success,None,0
TXN004261,CUST00480,2026-12-03 10:33:00,1861.97,Net Banking,0.57,0,0,Success,None,0
TXN004262,CUST00895,2026-08-04 07:50:00,1316.26,Wallet,0.72,0,0,Success,None,0
TXN004263,CUST01294,2026-03-26 16:24:00,296.42,Net Banking,0.92,4,1,Failed,Authentication Failed,1
TXN004264,CUST01898,2026-03-04 18:06:00,525.9,Card,0.36,1,1,Success,None,0
TXN004265,CUST02721,2026-06-07 02:11:00,1001.06,Net Banking,0.58,1,0,Success,None,0
TXN004266,CUST00312,2026-08-16 00:14:00,1086.85,Wallet,0.74,2,0,Success,None,0
TXN004267,CUST02648,2026-02-05 08:26:00,689.56,UPI,0.76,4,0,Success,None,0
TXN004268,CUST00839,2026-08-27 08:52:00,1082.91,Card,0.8,0,0,Success,None,0
TXN004269,CUST00179,2026-09-14 10:54:00,1302.88,UPI,0.53,2,0,Failed,Bank Timeout,0
TXN004270,CUST02632,2026-11-06 15:48:00,960.34,UPI,0.96,0,0,Success,None,0
TXN004271,CUST00387,2026-05-16 11:34:00,597.44,Card,0.63,1,0,Success,None,0
TXN004272,CUST02095,2026-07-15 23:58:00,568.48,Net Banking,0.4,0,0,Success,None,0
TXN004273,CUST01784,2026-07-15 01:45:00,2250.67,Card,0.94,4,1,Success,None,0
TXN004274,CUST01645,2026-02-07 20:36:00,674.35,Wallet,0.56,2,0,Success,None,0
TXN004275,CUST02175,2026-07-22 12:46:00,5259.27,UPI,0.74,2,0,Failed,Expired Card,0
TXN004276,CUST01596,2026-10-01 02:16:00,1408.94,UPI,0.44,2,0,Success,None,0
TXN004277,CUST02760,2026-10-17 07:25:00,2153.06,Card,0.5,0,0,Success,None,0
TXN004278,CUST00728,2026-06-11 00:23:00,534.06,Wallet,0.52,4,1,Success,None,0
TXN004279,CUST01002,2026-10-10 12:15:00,2441.78,Wallet,0.52,2,0,Success,None,0
TXN004280,CUST02613,2026-12-11 07:55:00,1234.92,Wallet,0.83,3,0,Failed,Authentication Failed,1
TXN004281,CUST00487,2026-09-21 16:20:00,187.53,Net Banking,0.53,4,1,Success,None,0
TXN004282,CUST00892,2026-02-10 16:51:00,888.67,Card,0.45,2,0,Success,None,0
TXN004283,CUST02929,2026-03-07 04:31:00,1193.75,Card,0.73,3,0,Failed,Insufficient Funds,0
TXN004284,CUST00750,2026-09-09 06:51:00,1931.85,Card,0.5,0,0,Success,None,0
TXN004285,CUST00187,2026-08-11 17:24:00,1150.13,UPI,0.81,2,0,Success,None,0
TXN004286,CUST02179,2026-04-13 10:57:00,1392.64,Net Banking,0.34,1,0,Success,None,0
TXN004287,CUST02094,2026-02-02 18:50:00,1142.49,Wallet,0.72,4,0,Success,None,0
TXN004288,CUST02520,2026-10-28 12:18:00,410.48,Wallet,0.54,3,0,Success,None,0
TXN004289,CUST02409,2026-07-29 11:38:00,678.93,Wallet,0.55,4,0,Success,None,0
TXN004290,CUST02670,2026-02-10 09:00:00,254.35,UPI,0.47,1,0,Success,None,0
TXN004291,CUST00234,2026-06-03 17:39:00,357.18,UPI,0.63,1,1,Success,None,0
TXN004292,CUST00086,2026-01-23 17:09:00,1100.14,Wallet,0.32,1,0,Success,None,0
TXN004293,CUST01425,2026-07-16 07:57:00,400.97,UPI,0.87,1,0,Success,None,0
TXN004294,CUST00793,2026-03-10 15:35:00,1269.08,Net Banking,0.51,4,1,Success,None,0
TXN004295,CUST00016,2026-04-29 22:12:00,2046.36,UPI,0.74,2,0,Success,None,0
TXN004296,CUST01107,2026-07-20 04:31:00,1362.37,Card,0.89,1,0,Failed,Insufficient Funds,0
TXN004297,CUST02266,2026-11-03 17:27:00,647.57,Net Banking,0.66,1,1,Failed,Expired Card,0
TXN004298,CUST02704,2026-01-22 17:09:00,1260.34,Card,0.68,4,0,Success,None,0
TXN004299,CUST01631,2026-03-01 17:10:00,1513.76,Wallet,0.45,4,1,Success,None,0
TXN004300,CUST01787,2026-03-06 13:21:00,418.51,Wallet,0.81,1,0,Success,None,0
TXN004301,CUST02055,2026-09-03 02:17:00,1448.62,Card,0.35,4,1,Failed,Bank Timeout,0
TXN004302,CUST01982,2026-07-04 02:30:00,1405.39,Card,0.65,3,0,Failed,Network Error,1
TXN004303,CUST02586,2026-03-06 10:56:00,279.59,UPI,0.87,4,1,Failed,Authentication Failed,1
TXN004304,CUST00430,2026-07-21 00:45:00,347.07,Wallet,0.34,1,1,Success,None,0
TXN004305,CUST00446,2026-03-11 03:07:00,1143.23,Net Banking,0.56,0,0,Success,None,0
TXN004306,CUST02720,2026-03-15 05:27:00,1214.08,Card,0.76,4,0,Success,None,0
TXN004307,CUST02937,2026-02-06 02:22:00,674.81,Card,0.64,4,0,Failed,Expired Card,0
TXN004308,CUST01431,2026-09-26 09:31:00,3191.0,Card,0.84,1,1,Success,None,0
TXN004309,CUST02165,2026-09-15 20:45:00,881.92,UPI,0.36,3,0,Failed,Insufficient Funds,1
TXN004310,CUST01976,2026-02-04 13:52:00,4466.77,Wallet,0.62,3,1,Success,None,0
TXN004311,CUST01731,2026-01-03 06:49:00,2450.25,UPI,0.67,2,0,Failed,Expired Card,0
TXN004312,CUST02680,2026-10-08 11:11:00,800.92,UPI,0.8,2,0,Success,None,0
TXN004313,CUST02545,2026-08-09 21:24:00,544.52,UPI,0.76,1,1,Success,None,0
TXN004314,CUST01679,2026-12-01 07:32:00,1124.06,Wallet,0.37,0,1,Failed,Expired Card,0
TXN004315,CUST01444,2026-07-31 00:13:00,2300.25,UPI,0.67,4,1,Success,None,0
TXN004316,CUST02217,2026-08-29 13:38:00,388.49,Card,0.59,2,0,Failed,Authentication Failed,1
TXN004317,CUST02768,2026-09-13 09:45:00,2179.8,Card,0.77,0,0,Success,None,0
TXN004318,CUST01544,2026-07-14 08:59:00,2168.79,Wallet,0.47,2,1,Failed,Authentication Failed,0
TXN004319,CUST02506,2026-02-20 09:03:00,230.93,Card,0.37,2,0,Failed,Network Error,1
TXN004320,CUST00837,2026-05-06 00:55:00,1020.99,Wallet,0.86,2,0,Success,None,0
TXN004321,CUST00916,2026-09-02 08:42:00,1150.42,Net Banking,0.45,4,0,Success,None,0
TXN004322,CUST02574,2026-09-26 18:15:00,2246.52,Wallet,0.45,0,1,Failed,Network Error,1
TXN004323,CUST02373,2026-06-12 00:55:00,217.72,Card,0.41,4,0,Success,None,0
TXN004324,CUST02570,2026-10-06 11:12:00,1256.34,Net Banking,0.91,3,0,Success,None,0
TXN004325,CUST01733,2026-01-23 21:52:00,922.92,Wallet,0.42,4,0,Success,None,0
TXN004326,CUST02352,2026-06-26 09:01:00,1359.04,Wallet,0.62,4,1,Success,None,0
TXN004327,CUST02304,2026-04-22 18:33:00,1853.61,UPI,0.96,0,1,Success,None,0
TXN004328,CUST01045,2026-09-07 14:43:00,2029.15,Wallet,0.44,4,0,Success,None,0
TXN004329,CUST01662,2026-12-14 04:45:00,840.66,Net Banking,0.45,2,0,Failed,Expired Card,1
TXN004330,CUST02492,2026-02-10 23:25:00,671.8,Card,0.32,4,0,Success,None,0
TXN004331,CUST01893,2026-11-02 10:22:00,3738.07,Wallet,0.76,1,0,Failed,Authentication Failed,1
TXN004332,CUST00845,2026-05-19 15:39:00,2098.31,Net Banking,0.39,3,0,Success,None,0
TXN004333,CUST02394,2026-04-07 13:32:00,588.24,Net Banking,0.54,4,0,Success,None,0
TXN004334,CUST01295,2026-08-30 08:20:00,1835.83,Net Banking,0.72,0,0,Success,None,0
TXN004335,CUST00041,2026-02-13 01:26:00,560.64,Wallet,0.85,2,0,Success,None,0
TXN004336,CUST00672,2026-06-17 00:00:00,636.05,UPI,0.78,3,0,Success,None,0
TXN004337,CUST01625,2026-07-21 07:06:00,4056.22,UPI,0.49,3,0,Failed,Expired Card,0
TXN004338,CUST00075,2026-04-09 12:11:00,1560.6,UPI,0.52,4,0,Success,None,0
TXN004339,CUST01469,2026-10-08 09:52:00,238.82,Net Banking,0.89,4,0,Success,None,0
TXN004340,CUST00003,2026-11-15 13:17:00,278.19,Card,0.81,4,0,Success,None,0
TXN004341,CUST01352,2026-08-31 18:12:00,2415.5,UPI,0.91,3,0,Success,None,0
TXN004342,CUST02535,2026-04-06 08:37:00,305.32,Card,0.38,4,1,Failed,Insufficient Funds,0
TXN004343,CUST01704,2026-02-24 09:16:00,818.42,Net Banking,0.7,1,0,Failed,Authentication Failed,0
TXN004344,CUST00053,2026-03-19 11:56:00,1035.6,Net Banking,0.83,0,0,Success,None,0
TXN004345,CUST02784,2026-10-04 14:59:00,2273.37,UPI,0.5,2,1,Failed,Authentication Failed,0
TXN004346,CUST02426,2026-08-23 20:31:00,963.06,UPI,0.87,4,0,Success,None,0
TXN004347,CUST00071,2026-04-17 14:23:00,806.95,Card,0.32,2,1,Failed,Insufficient Funds,0
TXN004348,CUST02316,2026-07-17 02:29:00,843.78,Net Banking,0.47,1,1,Success,None,0
TXN004349,CUST01770,2026-07-03 00:15:00,672.22,Net Banking,0.99,3,0,Failed,Authentication Failed,1
TXN004350,CUST02678,2026-02-28 23:32:00,343.91,UPI,0.51,0,1,Failed,Authentication Failed,1
TXN004351,CUST00128,2026-06-05 17:32:00,3635.37,UPI,0.87,0,0,Success,None,0
TXN004352,CUST02818,2026-03-26 01:51:00,520.09,Net Banking,0.32,0,0,Success,None,0
TXN004353,CUST01211,2026-02-17 21:17:00,1233.49,Net Banking,0.78,2,0,Failed,Expired Card,0
TXN004354,CUST01612,2026-08-31 05:10:00,699.67,UPI,0.94,3,0,Success,None,0
TXN004355,CUST01729,2026-10-26 00:09:00,1998.1,Net Banking,0.94,4,1,Failed,Network Error,0
TXN004356,CUST01233,2026-02-21 14:44:00,284.43,Card,0.31,0,1,Failed,Bank Timeout,1
TXN004357,CUST01326,2026-11-14 13:46:00,1982.94,UPI,0.95,2,1,Failed,Authentication Failed,1
TXN004358,CUST01292,2026-03-09 01:53:00,1874.14,Card,0.93,3,0,Failed,Bank Timeout,1
TXN004359,CUST02495,2026-03-27 21:25:00,557.94,UPI,0.5,0,0,Success,None,0
TXN004360,CUST02602,2026-10-16 18:27:00,1152.15,Card,0.9,2,1,Success,None,0
TXN004361,CUST01060,2026-06-24 21:48:00,1030.88,UPI,0.51,3,0,Failed,Authentication Failed,0
TXN004362,CUST02217,2026-05-16 13:46:00,7328.84,Net Banking,0.32,2,0,Failed,Expired Card,0
TXN004363,CUST02461,2026-03-04 03:47:00,708.22,Card,0.71,3,0,Success,None,0
TXN004364,CUST00950,2026-04-24 19:00:00,1014.25,UPI,0.35,4,0,Success,None,0
TXN004365,CUST02004,2026-04-15 15:56:00,3191.92,UPI,0.58,0,0,Failed,Network Error,1
TXN004366,CUST00894,2026-09-13 09:56:00,589.75,Net Banking,0.35,0,0,Success,None,0
TXN004367,CUST00014,2026-02-16 12:05:00,1070.61,UPI,0.81,1,1,Success,None,0
TXN004368,CUST00375,2026-03-28 05:26:00,650.98,Card,0.45,0,1,Success,None,0
TXN004369,CUST02595,2026-02-27 04:20:00,1206.24,Card,0.55,3,1,Failed,Authentication Failed,0
TXN004370,CUST02196,2026-08-13 19:40:00,166.18,Net Banking,0.54,4,0,Success,None,0
TXN004371,CUST02277,2026-07-21 18:10:00,3912.44,Net Banking,0.94,2,0,Success,None,0
TXN004372,CUST00701,2026-03-04 00:12:00,616.39,Net Banking,0.63,1,0,Success,None,0
TXN004373,CUST00574,2026-05-28 20:22:00,712.27,Net Banking,0.37,2,0,Failed,Insufficient Funds,1
TXN004374,CUST02004,2026-06-13 08:09:00,1259.48,Net Banking,0.88,2,0,Failed,Insufficient Funds,1
TXN004375,CUST01377,2026-05-13 06:19:00,412.8,UPI,0.38,0,0,Failed,Network Error,1
TXN004376,CUST01059,2026-04-22 20:50:00,2189.69,UPI,0.5,3,1,Success,None,0
TXN004377,CUST01932,2026-08-21 12:25:00,1591.57,Net Banking,0.73,1,0,Success,None,0
TXN004378,CUST01461,2026-06-09 14:27:00,445.84,Card,0.48,1,0,Success,None,0
TXN004379,CUST00460,2026-05-10 18:19:00,949.63,Net Banking,0.93,3,0,Success,None,0
TXN004380,CUST02877,2026-03-14 14:43:00,886.95,Net Banking,0.75,4,1,Success,None,0
TXN004381,CUST01186,2026-01-14 08:13:00,865.18,Net Banking,1.0,4,0,Failed,Network Error,1
TXN004382,CUST02001,2026-03-22 22:00:00,1179.08,Card,0.48,4,0,Failed,Bank Timeout,1
TXN004383,CUST02171,2026-01-31 06:32:00,310.01,UPI,0.53,1,1,Success,None,0
TXN004384,CUST02820,2026-10-28 13:18:00,794.99,UPI,0.97,1,0,Success,None,0
TXN004385,CUST01750,2026-07-04 05:44:00,357.23,Card,0.87,0,1,Failed,Expired Card,1
TXN004386,CUST02281,2026-10-17 05:36:00,939.28,Card,0.56,0,0,Success,None,0
TXN004387,CUST01966,2026-03-13 11:17:00,261.25,Card,0.7,4,1,Success,None,0
TXN004388,CUST01169,2026-03-08 23:25:00,1055.05,UPI,0.6,4,1,Failed,Network Error,1
TXN004389,CUST01284,2026-06-12 01:57:00,784.73,UPI,0.34,1,0,Success,None,0
TXN004390,CUST01674,2026-12-04 08:35:00,871.57,Net Banking,0.8,2,0,Success,None,0
TXN004391,CUST02986,2026-10-23 16:49:00,2793.66,Net Banking,0.95,1,1,Failed,Expired Card,1
TXN004392,CUST00416,2026-05-10 16:52:00,2413.81,UPI,0.35,4,0,Success,None,0
TXN004393,CUST02809,2026-04-17 12:13:00,1452.26,Wallet,0.36,3,0,Failed,Network Error,1
TXN004394,CUST02034,2026-06-11 04:18:00,3297.72,Wallet,0.69,0,1,Failed,Authentication Failed,1
TXN004395,CUST02427,2026-04-24 00:14:00,525.17,Card,0.62,3,0,Failed,Bank Timeout,0
TXN004396,CUST01623,2026-11-20 13:13:00,2554.59,Card,0.7,1,0,Success,None,0
TXN004397,CUST02577,2026-11-26 21:03:00,1928.75,Wallet,0.92,3,0,Success,None,0
TXN004398,CUST00216,2026-09-09 00:53:00,1090.3,Net Banking,0.95,4,0,Failed,Insufficient Funds,1
TXN004399,CUST00198,2026-06-24 15:36:00,1194.17,UPI,0.81,4,0,Success,None,0
TXN004400,CUST02366,2026-10-31 03:53:00,710.41,Card,0.4,0,0,Success,None,0
TXN004401,CUST00671,2026-07-16 17:14:00,1650.1,Net Banking,0.41,0,0,Success,None,0
TXN004402,CUST02718,2026-11-26 08:32:00,485.72,Wallet,0.46,4,0,Failed,Network Error,0
TXN004403,CUST02665,2026-04-11 19:53:00,780.87,Card,0.65,2,1,Failed,Expired Card,0
TXN004404,CUST02537,2026-08-01 04:55:00,1064.62,Net Banking,0.71,4,1,Failed,Network Error,1
TXN004405,CUST00700,2026-10-27 23:13:00,392.25,Wallet,0.32,4,0,Success,None,0
TXN004406,CUST01346,2026-10-02 14:35:00,431.06,Wallet,0.67,4,0,Success,None,0
TXN004407,CUST02124,2026-03-07 05:26:00,223.37,Card,0.43,0,0,Success,None,0
TXN004408,CUST00293,2026-09-24 04:41:00,1123.65,Card,0.44,3,1,Success,None,0
TXN004409,CUST00564,2026-08-21 18:16:00,1257.5,UPI,0.95,2,0,Failed,Expired Card,0
TXN004410,CUST00336,2026-12-04 05:31:00,191.63,Wallet,0.9,3,0,Success,None,0
TXN004411,CUST02379,2026-11-30 11:17:00,624.83,Net Banking,0.78,4,0,Success,None,0
TXN004412,CUST01347,2026-10-17 09:06:00,321.59,Net Banking,0.33,0,0,Failed,Bank Timeout,1
TXN004413,CUST02034,2026-07-10 13:16:00,592.19,Wallet,0.45,1,1,Failed,Insufficient Funds,1
TXN004414,CUST00747,2026-03-18 10:18:00,544.33,UPI,0.95,1,0,Failed,Expired Card,1
TXN004415,CUST01780,2026-10-10 07:12:00,2016.13,Net Banking,0.37,4,0,Success,None,0
TXN004416,CUST02368,2026-10-31 18:09:00,1877.13,UPI,0.59,1,1,Success,None,0
TXN004417,CUST01127,2026-11-20 03:09:00,2982.29,UPI,0.85,2,0,Success,None,0
TXN004418,CUST02529,2026-10-31 10:18:00,1387.45,UPI,0.95,4,0,Failed,Insufficient Funds,1
TXN004419,CUST01917,2026-05-15 20:39:00,1103.73,Wallet,0.53,4,0,Success,None,0
TXN004420,CUST00606,2026-12-03 15:22:00,1089.89,Net Banking,0.33,4,1,Failed,Authentication Failed,0
TXN004421,CUST00906,2026-08-17 15:35:00,1036.31,Card,0.32,2,0,Failed,Network Error,1
TXN004422,CUST02957,2026-10-07 21:53:00,823.4,UPI,0.48,3,0,Success,None,0
TXN004423,CUST00800,2026-01-08 06:32:00,287.84,Net Banking,0.71,1,1,Failed,Insufficient Funds,1
TXN004424,CUST02358,2026-01-04 19:11:00,751.33,UPI,0.68,1,0,Success,None,0
TXN004425,CUST02182,2026-04-22 21:52:00,1015.49,Card,0.84,1,1,Success,None,0
TXN004426,CUST02648,2026-02-14 03:36:00,5532.27,Card,0.38,2,0,Failed,Bank Timeout,1
TXN004427,CUST00174,2026-09-09 06:02:00,1448.78,Wallet,0.83,4,0,Success,None,0
TXN004428,CUST02192,2026-01-16 13:15:00,801.88,Net Banking,0.68,0,0,Failed,Network Error,1
TXN004429,CUST00250,2026-03-19 06:02:00,1451.57,Net Banking,0.49,1,0,Success,None,0
TXN004430,CUST00847,2026-11-26 18:47:00,3316.04,Wallet,0.55,3,0,Success,None,0
TXN004431,CUST02856,2026-03-16 20:55:00,163.38,Net Banking,0.8,4,1,Success,None,0
TXN004432,CUST01647,2026-01-29 17:08:00,898.53,Wallet,0.3,1,1,Success,None,0
TXN004433,CUST02828,2026-07-26 22:19:00,5037.33,Card,0.9,2,1,Success,None,0
TXN004434,CUST00857,2026-10-18 17:13:00,1196.87,Card,0.88,2,0,Failed,Expired Card,1
TXN004435,CUST02885,2026-07-18 06:22:00,2179.17,UPI,0.92,0,0,Success,None,0
TXN004436,CUST01763,2026-08-19 10:05:00,1468.72,Net Banking,0.67,0,0,Success,None,0
TXN004437,CUST01845,2026-08-25 21:34:00,1306.17,Net Banking,0.73,1,0,Success,None,0
TXN004438,CUST01581,2026-08-01 21:54:00,4167.4,Net Banking,0.98,3,0,Success,None,0
TXN004439,CUST02327,2026-05-07 05:39:00,4191.17,Wallet,0.82,1,0,Success,None,0
TXN004440,CUST00415,2026-03-31 14:26:00,1717.47,UPI,0.3,3,0,Failed,Authentication Failed,0
TXN004441,CUST02704,2026-06-21 16:21:00,973.1,UPI,0.34,1,0,Success,None,0
TXN004442,CUST00745,2026-11-08 09:22:00,325.32,Wallet,0.57,3,0,Failed,Bank Timeout,1
TXN004443,CUST02664,2026-01-02 16:56:00,1307.41,Wallet,0.99,3,1,Success,None,0
TXN004444,CUST01022,2026-07-09 18:39:00,348.33,Net Banking,1.0,2,0,Success,None,0
TXN004445,CUST01548,2026-01-26 00:12:00,5132.85,UPI,0.38,2,0,Failed,Authentication Failed,0
TXN004446,CUST00144,2026-12-12 10:39:00,1010.08,UPI,0.65,0,1,Success,None,0
TXN004447,CUST02600,2026-07-14 22:30:00,554.52,Net Banking,0.91,1,0,Success,None,0
TXN004448,CUST01678,2026-05-16 21:59:00,2164.07,Net Banking,0.45,2,0,Success,None,0
TXN004449,CUST00154,2026-02-19 06:52:00,3702.68,UPI,0.68,1,0,Success,None,0
TXN004450,CUST00877,2026-02-21 23:01:00,735.47,Wallet,0.87,0,0,Success,None,0
TXN004451,CUST01720,2026-02-18 21:42:00,541.67,Wallet,0.93,1,1,Failed,Expired Card,0
TXN004452,CUST01079,2026-06-15 00:53:00,899.9,UPI,0.55,2,0,Success,None,0
TXN004453,CUST02167,2026-08-04 12:46:00,3667.96,UPI,0.83,4,0,Success,None,0
TXN004454,CUST00866,2026-07-29 09:35:00,1488.75,Net Banking,0.74,0,1,Success,None,0
TXN004455,CUST01714,2026-04-05 17:01:00,1601.3,UPI,0.55,3,1,Success,None,0
TXN004456,CUST02334,2026-07-04 02:29:00,1795.64,UPI,0.6,1,0,Failed,Expired Card,0
TXN004457,CUST02514,2026-10-06 14:57:00,984.52,Net Banking,0.78,4,1,Failed,Network Error,1
TXN004458,CUST01437,2026-10-30 14:46:00,1040.28,Net Banking,0.37,0,0,Failed,Network Error,1
TXN004459,CUST00557,2026-06-15 02:51:00,1622.72,Wallet,0.91,3,0,Success,None,0
TXN004460,CUST00806,2026-10-21 11:19:00,1165.18,Net Banking,0.42,0,1,Failed,Expired Card,1
TXN004461,CUST00433,2026-10-10 09:49:00,308.53,UPI,0.47,3,0,Success,None,0
TXN004462,CUST00832,2026-08-04 01:09:00,1458.53,UPI,0.83,2,0,Success,None,0
TXN004463,CUST02078,2026-07-19 15:47:00,2517.4,UPI,0.75,3,0,Success,None,0
TXN004464,CUST01816,2026-09-24 14:55:00,1288.49,Wallet,0.5,2,0,Success,None,0
TXN004465,CUST00879,2026-10-05 01:33:00,536.54,Card,0.92,3,0,Success,None,0
TXN004466,CUST01842,2026-02-04 07:56:00,3903.07,Wallet,0.65,0,0,Success,None,0
TXN004467,CUST02939,2026-08-15 17:08:00,2801.25,Card,0.75,0,0,Failed,Insufficient Funds,1
TXN004468,CUST00791,2026-01-09 10:39:00,1017.79,Net Banking,0.31,4,1,Success,None,0
TXN004469,CUST02233,2026-02-18 12:16:00,841.72,Card,0.86,1,1,Failed,Network Error,1
TXN004470,CUST00684,2026-01-25 16:37:00,216.45,Net Banking,0.58,0,0,Success,None,0
TXN004471,CUST00953,2026-09-21 15:49:00,946.54,Card,0.51,0,0,Success,None,0
TXN004472,CUST01845,2026-01-03 15:59:00,1643.25,Net Banking,0.88,3,0,Success,None,0
TXN004473,CUST01145,2026-01-21 14:33:00,666.96,Net Banking,0.65,0,0,Success,None,0
TXN004474,CUST02825,2026-02-06 07:14:00,377.45,Wallet,0.92,4,0,Success,None,0
TXN004475,CUST00654,2026-10-12 06:35:00,992.71,Card,0.82,2,0,Success,None,0
TXN004476,CUST02257,2026-08-15 05:44:00,2194.54,Card,0.94,0,0,Failed,Authentication Failed,1
TXN004477,CUST00405,2026-10-01 07:18:00,133.13,Net Banking,0.75,1,0,Success,None,0
TXN004478,CUST02229,2026-08-02 20:37:00,538.35,Net Banking,0.38,3,0,Success,None,0
TXN004479,CUST00619,2026-11-12 03:17:00,1112.91,Wallet,0.98,3,0,Success,None,0
TXN004480,CUST00839,2026-05-16 21:01:00,1084.09,Wallet,0.37,1,0,Success,None,0
TXN004481,CUST02032,2026-03-09 13:07:00,491.74,UPI,0.92,2,0,Success,None,0
TXN004482,CUST00058,2026-03-04 18:22:00,3255.16,Net Banking,0.69,2,0,Success,None,0
TXN004483,CUST00409,2026-01-13 21:43:00,1918.43,Wallet,0.61,0,0,Success,None,0
TXN004484,CUST01252,2026-02-06 02:58:00,287.13,Card,0.35,3,1,Failed,Authentication Failed,1
TXN004485,CUST00206,2026-02-24 08:41:00,6763.36,Card,0.73,3,0,Success,None,0
TXN004486,CUST01838,2026-12-07 03:36:00,2326.91,Wallet,0.59,1,0,Success,None,0
TXN004487,CUST00144,2026-10-11 18:47:00,1401.58,Card,0.61,0,0,Success,None,0
TXN004488,CUST01602,2026-01-26 12:21:00,1083.6,Card,0.34,3,0,Success,None,0
TXN004489,CUST00806,2026-01-04 15:10:00,348.48,Net Banking,0.69,3,0,Failed,Network Error,0
TXN004490,CUST01949,2026-01-11 22:21:00,6331.61,Wallet,0.94,4,0,Success,None,0
TXN004491,CUST00393,2026-02-19 17:17:00,622.5,UPI,0.78,3,0,Failed,Network Error,0
TXN004492,CUST00107,2026-08-13 00:53:00,775.75,UPI,0.77,3,0,Success,None,0
TXN004493,CUST00367,2026-08-27 05:47:00,685.81,Wallet,0.95,1,0,Success,None,0
TXN004494,CUST00704,2026-02-09 17:49:00,1166.06,Wallet,1.0,1,0,Success,None,0
TXN004495,CUST02215,2026-09-28 14:34:00,902.6,Card,0.74,3,0,Success,None,0
TXN004496,CUST00310,2026-02-21 21:29:00,1202.54,Wallet,0.84,3,1,Success,None,0
TXN004497,CUST00492,2026-04-26 03:06:00,969.67,Card,0.78,0,0,Success,None,0
TXN004498,CUST01670,2026-02-10 09:34:00,1415.25,Net Banking,0.98,0,1,Failed,Expired Card,0
TXN004499,CUST02242,2026-10-31 17:39:00,254.36,Card,0.75,0,1,Failed,Insufficient Funds,0
TXN004500,CUST01052,2026-05-29 04:57:00,599.24,Wallet,0.99,2,0,Success,None,0
TXN004501,CUST00593,2026-04-17 17:27:00,816.44,UPI,0.53,1,0,Success,None,0
TXN004502,CUST00753,2026-02-03 19:16:00,2337.3,Card,0.33,2,0,Success,None,0
TXN004503,CUST00064,2026-03-07 22:20:00,502.13,Wallet,0.8,1,0,Success,None,0
TXN004504,CUST02408,2026-02-21 16:04:00,2392.92,Card,0.38,2,0,Success,None,0
TXN004505,CUST02390,2026-09-28 02:53:00,4213.79,UPI,0.65,2,0,Success,None,0
TXN004506,CUST01944,2026-08-13 15:38:00,833.98,Wallet,0.51,1,1,Failed,Insufficient Funds,1
TXN004507,CUST02763,2026-08-22 13:58:00,209.69,Card,0.77,1,1,Success,None,0
TXN004508,CUST01294,2026-12-03 00:51:00,445.85,Net Banking,0.33,0,0,Success,None,0
TXN004509,CUST01927,2026-08-26 05:17:00,552.87,Card,0.47,3,0,Failed,Authentication Failed,0
TXN004510,CUST02950,2026-09-04 12:49:00,943.96,Net Banking,0.82,4,0,Failed,Bank Timeout,1
TXN004511,CUST01413,2026-02-10 18:12:00,750.45,Net Banking,0.85,2,0,Success,None,0
TXN004512,CUST00152,2026-02-08 16:52:00,4306.81,Wallet,0.72,1,0,Success,None,0
TXN004513,CUST01310,2026-03-04 03:51:00,4472.3,UPI,0.54,4,0,Success,None,0
TXN004514,CUST02214,2026-09-24 16:44:00,2037.88,Wallet,0.81,3,0,Success,None,0
TXN004515,CUST01046,2026-10-16 01:17:00,2939.3,Wallet,0.42,3,1,Failed,Expired Card,0
TXN004516,CUST00520,2026-05-19 02:58:00,1700.64,Wallet,0.42,1,1,Success,None,0
TXN004517,CUST00040,2026-04-24 13:57:00,2324.74,UPI,0.87,4,0,Success,None,0
TXN004518,CUST01061,2026-06-09 14:06:00,641.0,Wallet,0.43,0,0,Success,None,0
TXN004519,CUST02313,2026-06-28 15:45:00,486.9,UPI,0.87,0,0,Success,None,0
TXN004520,CUST02539,2026-02-01 05:19:00,678.96,Net Banking,0.48,4,0,Failed,Authentication Failed,1
TXN004521,CUST00179,2026-07-27 23:55:00,1101.77,Net Banking,0.76,0,1,Success,None,0
TXN004522,CUST01610,2026-10-31 12:09:00,2252.46,Card,0.74,4,0,Success,None,0
TXN004523,CUST01336,2026-07-16 17:29:00,2863.13,Card,0.71,1,0,Success,None,0
TXN004524,CUST02089,2026-06-13 11:50:00,349.3,Net Banking,0.4,3,0,Failed,Insufficient Funds,1
TXN004525,CUST00481,2026-04-26 23:37:00,1948.33,Card,0.33,1,1,Failed,Network Error,1
TXN004526,CUST00768,2026-03-03 05:30:00,1310.83,Wallet,0.65,1,0,Success,None,0
TXN004527,CUST00682,2026-09-07 21:08:00,528.88,UPI,0.72,1,1,Success,None,0
TXN004528,CUST00060,2026-01-01 13:01:00,2097.35,Card,0.94,2,0,Success,None,0
TXN004529,CUST00893,2026-01-08 12:11:00,1332.0,Card,0.46,0,0,Failed,Insufficient Funds,1
TXN004530,CUST01019,2026-06-15 02:11:00,1249.97,Wallet,0.79,2,1,Success,None,0
TXN004531,CUST02432,2026-01-02 05:20:00,1628.83,Card,0.82,0,0,Success,None,0
TXN004532,CUST00497,2026-05-28 21:22:00,443.89,UPI,0.75,2,0,Success,None,0
TXN004533,CUST00095,2026-05-20 23:39:00,396.01,UPI,0.68,4,0,Success,None,0
TXN004534,CUST00963,2026-03-15 09:05:00,382.13,Card,0.3,1,1,Success,None,0
TXN004535,CUST02384,2026-09-27 10:19:00,2126.27,Wallet,0.54,4,1,Success,None,0
TXN004536,CUST01591,2026-04-20 07:12:00,2153.48,UPI,0.55,0,0,Failed,Expired Card,0
TXN004537,CUST02244,2026-04-04 22:33:00,1113.76,UPI,0.99,3,1,Failed,Authentication Failed,0
TXN004538,CUST00167,2026-12-02 10:57:00,1747.92,Card,0.54,0,0,Success,None,0
TXN004539,CUST02803,2026-06-08 05:15:00,378.22,Net Banking,0.9,1,0,Success,None,0
TXN004540,CUST00397,2026-01-31 00:44:00,591.82,UPI,0.31,1,1,Success,None,0
TXN004541,CUST02144,2026-02-03 15:59:00,403.86,UPI,0.6,0,0,Failed,Expired Card,0
TXN004542,CUST02844,2026-07-02 11:58:00,2055.73,Net Banking,0.83,2,0,Success,None,0
TXN004543,CUST02349,2026-01-07 14:46:00,567.54,Card,0.44,2,0,Failed,Bank Timeout,1
TXN004544,CUST02723,2026-05-13 04:06:00,965.25,Net Banking,0.67,0,0,Success,None,0
TXN004545,CUST01327,2026-05-31 07:44:00,1251.76,Card,0.67,1,0,Success,None,0
TXN004546,CUST00123,2026-05-17 13:20:00,623.04,Wallet,0.91,3,0,Failed,Expired Card,1
TXN004547,CUST01161,2026-11-11 07:01:00,429.14,Net Banking,0.31,4,0,Failed,Authentication Failed,1
TXN004548,CUST01809,2026-02-04 18:24:00,3114.49,Wallet,0.73,1,0,Failed,Insufficient Funds,1
TXN004549,CUST01094,2026-09-15 04:05:00,111.32,Card,0.98,0,0,Failed,Expired Card,0
TXN004550,CUST02821,2026-12-02 04:46:00,410.15,UPI,0.71,4,0,Success,None,0
TXN004551,CUST02674,2026-08-06 03:58:00,335.98,Card,0.92,1,1,Success,None,0
TXN004552,CUST00005,2026-02-21 05:47:00,184.24,Net Banking,0.47,1,1,Failed,Insufficient Funds,1
TXN004553,CUST02052,2026-04-06 10:05:00,865.84,Net Banking,0.76,0,1,Success,None,0
TXN004554,CUST00557,2026-10-15 12:13:00,1867.68,Net Banking,0.85,3,0,Success,None,0
TXN004555,CUST02610,2026-04-24 10:34:00,1539.42,Net Banking,0.73,1,1,Success,None,0
TXN004556,CUST00911,2026-01-07 08:00:00,1021.64,Card,0.54,2,1,Success,None,0
TXN004557,CUST01207,2026-08-14 15:30:00,551.03,UPI,0.8,0,0,Success,None,0
TXN004558,CUST02294,2026-02-09 00:34:00,570.25,UPI,0.78,1,0,Success,None,0
TXN004559,CUST02813,2026-08-17 18:32:00,419.03,UPI,0.72,3,0,Failed,Bank Timeout,1
TXN004560,CUST01418,2026-04-15 10:39:00,5967.1,Net Banking,0.86,4,0,Failed,Authentication Failed,1
TXN004561,CUST00130,2026-08-08 00:59:00,3034.86,UPI,0.79,0,1,Success,None,0
TXN004562,CUST00898,2026-06-05 06:33:00,2536.97,Card,0.57,0,0,Success,None,0
TXN004563,CUST00097,2026-02-16 12:37:00,640.94,Wallet,0.78,0,0,Failed,Expired Card,0
TXN004564,CUST02140,2026-02-01 13:17:00,747.17,Card,0.88,1,1,Success,None,0
TXN004565,CUST00368,2026-11-26 03:58:00,944.2,UPI,0.89,1,0,Failed,Bank Timeout,1
TXN004566,CUST00282,2026-02-15 13:04:00,2134.36,Wallet,0.85,2,0,Failed,Insufficient Funds,0
TXN004567,CUST02181,2026-07-01 05:28:00,2744.02,Net Banking,0.47,2,0,Success,None,0
TXN004568,CUST01783,2026-10-24 16:40:00,2064.31,Wallet,0.33,2,0,Success,None,0
TXN004569,CUST01279,2026-11-15 16:39:00,1668.76,Net Banking,0.46,3,0,Failed,Network Error,1
TXN004570,CUST00592,2026-03-21 15:34:00,543.05,Card,0.42,3,1,Success,None,0
TXN004571,CUST01569,2026-08-15 11:27:00,615.94,Net Banking,0.7,0,0,Success,None,0
TXN004572,CUST01364,2026-05-14 05:43:00,419.46,UPI,0.56,1,0,Success,None,0
TXN004573,CUST02946,2026-06-29 01:34:00,578.95,Wallet,0.68,1,0,Success,None,0
TXN004574,CUST01063,2026-07-23 06:47:00,257.28,Card,0.85,1,0,Failed,Authentication Failed,1
TXN004575,CUST02012,2026-03-01 09:54:00,3768.04,UPI,0.98,3,0,Success,None,0
TXN004576,CUST00416,2026-09-01 06:37:00,409.61,Net Banking,0.99,1,1,Success,None,0
TXN004577,CUST01615,2026-07-05 11:05:00,302.23,Card,0.37,3,0,Failed,Authentication Failed,1
TXN004578,CUST02882,2026-12-06 06:54:00,525.36,Wallet,0.39,3,0,Failed,Authentication Failed,0
TXN004579,CUST00533,2026-12-04 08:44:00,2598.63,Card,0.73,2,0,Success,None,0
TXN004580,CUST01675,2026-07-05 22:00:00,493.63,Wallet,0.47,4,1,Failed,Network Error,1
TXN004581,CUST01939,2026-08-30 04:03:00,427.95,Net Banking,0.38,3,0,Success,None,0
TXN004582,CUST02369,2026-05-12 15:45:00,670.09,Card,0.61,0,0,Success,None,0
TXN004583,CUST00150,2026-10-21 13:21:00,2609.87,UPI,0.68,3,0,Success,None,0
TXN004584,CUST02051,2026-04-20 17:07:00,1072.43,Net Banking,0.95,4,1,Success,None,0
TXN004585,CUST00515,2026-11-11 14:34:00,1681.78,Card,0.68,1,0,Success,None,0
TXN004586,CUST00859,2026-04-22 20:41:00,1580.61,Net Banking,0.74,2,0,Success,None,0
TXN004587,CUST01550,2026-12-11 23:09:00,626.34,Wallet,0.97,4,0,Success,None,0
TXN004588,CUST00618,2026-10-15 20:37:00,1419.12,UPI,0.74,0,0,Success,None,0
TXN004589,CUST01036,2026-03-01 13:47:00,857.58,Wallet,0.76,4,0,Success,None,0
TXN004590,CUST01052,2026-01-07 06:13:00,437.21,Net Banking,0.57,4,0,Success,None,0
TXN004591,CUST02704,2026-08-23 01:01:00,3861.59,Wallet,0.68,2,0,Success,None,0
TXN004592,CUST00507,2026-10-09 20:16:00,862.29,UPI,0.66,0,1,Success,None,0
TXN004593,CUST02240,2026-07-13 09:39:00,1084.71,Card,0.36,4,0,Failed,Bank Timeout,1
TXN004594,CUST01021,2026-03-27 00:22:00,636.76,Wallet,0.41,0,1,Success,None,0
TXN004595,CUST00924,2026-07-02 04:56:00,970.23,Net Banking,0.75,2,0,Success,None,0
TXN004596,CUST02966,2026-08-02 14:32:00,1531.29,Card,0.87,0,0,Success,None,0
TXN004597,CUST02199,2026-05-28 12:16:00,1156.18,Wallet,0.93,0,1,Success,None,0
TXN004598,CUST00075,2026-10-25 07:11:00,4198.34,Net Banking,0.67,2,0,Success,None,0
TXN004599,CUST00180,2026-02-28 14:49:00,495.65,UPI,0.93,1,0,Success,None,0
TXN004600,CUST01274,2026-01-30 22:48:00,706.95,Net Banking,0.37,1,0,Success,None,0
TXN004601,CUST01013,2026-09-15 20:38:00,1917.43,Card,0.33,0,0,Success,None,0
TXN004602,CUST00209,2026-01-02 12:37:00,1584.71,Wallet,0.79,2,1,Success,None,0
TXN004603,CUST02035,2026-09-17 18:55:00,2479.82,Card,0.56,1,0,Success,None,0
TXN004604,CUST00217,2026-03-01 09:40:00,1682.04,Wallet,0.41,0,0,Failed,Insufficient Funds,1
TXN004605,CUST00431,2026-07-20 12:36:00,376.49,Card,0.86,4,1,Success,None,0
TXN004606,CUST00329,2026-01-12 19:24:00,328.02,UPI,0.61,0,0,Success,None,0
TXN004607,CUST00860,2026-10-24 02:38:00,3536.86,UPI,0.84,2,1,Failed,Insufficient Funds,0
TXN004608,CUST00439,2026-08-03 16:49:00,3138.68,Card,0.78,3,0,Success,None,0
TXN004609,CUST02672,2026-01-17 14:20:00,1354.4,Wallet,0.72,4,1,Success,None,0
TXN004610,CUST02582,2026-10-04 21:52:00,342.51,UPI,0.44,3,0,Success,None,0
TXN004611,CUST02801,2026-09-20 18:49:00,1460.69,Net Banking,0.46,4,0,Failed,Expired Card,0
TXN004612,CUST00404,2026-11-04 19:13:00,199.75,Net Banking,0.54,4,0,Failed,Authentication Failed,1
TXN004613,CUST01494,2026-01-29 01:11:00,3031.09,Net Banking,0.6,0,0,Success,None,0
TXN004614,CUST01793,2026-05-03 22:50:00,1425.25,Card,0.64,2,0,Success,None,0
TXN004615,CUST02893,2026-06-22 01:11:00,4427.53,Card,0.7,0,0,Success,None,0
TXN004616,CUST02287,2026-07-10 06:25:00,1044.1,Card,0.4,4,1,Success,None,0
TXN004617,CUST01932,2026-08-06 23:54:00,524.38,UPI,0.58,1,1,Success,None,0
TXN004618,CUST02929,2026-02-10 18:14:00,1075.18,UPI,0.88,1,1,Failed,Authentication Failed,1
TXN004619,CUST01748,2026-10-11 16:43:00,1621.43,UPI,0.5,0,0,Success,None,0
TXN004620,CUST00634,2026-09-04 10:22:00,2566.05,Wallet,0.65,1,0,Success,None,0
TXN004621,CUST01030,2026-10-10 03:07:00,514.72,Wallet,0.53,3,1,Failed,Insufficient Funds,1
TXN004622,CUST01988,2026-01-15 16:18:00,814.27,Card,0.58,2,0,Success,None,0
TXN004623,CUST01718,2026-11-24 13:26:00,1126.48,Wallet,0.7,4,0,Failed,Insufficient Funds,1
TXN004624,CUST01175,2026-09-03 07:11:00,2621.51,Card,0.32,4,0,Success,None,0
TXN004625,CUST01442,2026-01-06 08:43:00,407.44,Net Banking,0.41,3,0,Success,None,0
TXN004626,CUST02668,2026-03-12 16:32:00,1852.8,Card,0.93,2,0,Success,None,0
TXN004627,CUST00874,2026-03-01 01:55:00,2488.92,Card,0.52,3,0,Success,None,0
TXN004628,CUST01601,2026-10-15 09:22:00,264.93,UPI,0.82,4,0,Success,None,0
TXN004629,CUST02468,2026-11-05 08:27:00,4964.9,Wallet,0.54,3,0,Failed,Authentication Failed,1
TXN004630,CUST01632,2026-05-22 14:33:00,411.23,Net Banking,0.95,3,0,Success,None,0
TXN004631,CUST02795,2026-06-09 01:57:00,531.91,Wallet,0.51,2,0,Success,None,0
TXN004632,CUST01008,2026-09-11 18:19:00,570.99,UPI,0.68,4,0,Success,None,0
TXN004633,CUST00367,2026-09-25 21:31:00,505.52,Card,0.85,2,0,Failed,Insufficient Funds,0
TXN004634,CUST01222,2026-01-27 11:15:00,2746.94,Wallet,0.76,1,1,Success,None,0
TXN004635,CUST01968,2026-03-13 22:52:00,5771.94,UPI,0.36,0,0,Success,None,0
TXN004636,CUST00191,2026-11-22 01:18:00,912.84,Net Banking,0.34,4,0,Failed,Bank Timeout,1
TXN004637,CUST00868,2026-07-30 09:39:00,872.45,Net Banking,0.94,0,0,Success,None,0
TXN004638,CUST01182,2026-07-03 06:40:00,1247.89,Card,0.72,4,0,Success,None,0
TXN004639,CUST00903,2026-04-20 17:54:00,560.65,UPI,0.65,0,0,Success,None,0
TXN004640,CUST01742,2026-10-24 09:15:00,2817.31,UPI,0.97,4,0,Success,None,0
TXN004641,CUST01296,2026-02-23 15:39:00,548.85,UPI,0.51,1,0,Success,None,0
TXN004642,CUST01509,2026-06-23 09:43:00,593.12,UPI,0.52,0,1,Success,None,0
TXN004643,CUST02926,2026-09-12 05:42:00,3218.59,Net Banking,0.81,4,1,Success,None,0
TXN004644,CUST01656,2026-09-01 02:51:00,1798.61,Net Banking,0.32,1,0,Failed,Expired Card,0
TXN004645,CUST00954,2026-02-04 00:46:00,7803.2,Net Banking,0.34,2,0,Failed,Insufficient Funds,0
TXN004646,CUST00070,2026-11-29 01:54:00,2516.65,Net Banking,0.9,0,0,Success,None,0
TXN004647,CUST01723,2026-06-28 14:47:00,13059.5,Wallet,0.88,2,0,Success,None,0
TXN004648,CUST00501,2026-03-31 20:24:00,1121.98,Wallet,0.66,2,1,Success,None,0
TXN004649,CUST01315,2026-07-18 19:05:00,1216.95,Net Banking,0.89,0,0,Failed,Insufficient Funds,0
TXN004650,CUST02019,2026-02-18 18:47:00,329.21,Wallet,0.43,2,0,Success,None,0
TXN004651,CUST02426,2026-07-04 11:31:00,411.2,Card,0.63,2,1,Success,None,0
TXN004652,CUST01399,2026-02-26 08:21:00,1568.91,UPI,0.74,2,0,Success,None,0
TXN004653,CUST02620,2026-02-28 12:53:00,1137.34,Wallet,0.65,0,1,Failed,Bank Timeout,0
TXN004654,CUST00078,2026-10-14 10:52:00,2334.72,Wallet,0.42,1,0,Success,None,0
TXN004655,CUST01783,2026-06-03 22:55:00,686.06,Net Banking,0.67,2,0,Failed,Authentication Failed,0
TXN004656,CUST00579,2026-01-24 12:59:00,1808.73,Wallet,0.7,0,0,Success,None,0
TXN004657,CUST00417,2026-03-16 02:51:00,1384.34,Wallet,0.81,0,1,Success,None,0
TXN004658,CUST02049,2026-05-12 16:10:00,2034.56,UPI,0.57,3,0,Success,None,0
TXN004659,CUST01080,2026-06-25 04:23:00,956.64,Wallet,0.52,3,0,Success,None,0
TXN004660,CUST00887,2026-04-26 19:09:00,2141.43,UPI,0.6,0,1,Failed,Network Error,1
TXN004661,CUST02172,2026-11-20 13:17:00,8957.48,Card,0.55,0,0,Success,None,0
TXN004662,CUST01215,2026-07-03 05:30:00,958.13,Wallet,0.91,0,0,Success,None,0
TXN004663,CUST02891,2026-05-20 13:31:00,717.61,Net Banking,0.98,3,0,Success,None,0
TXN004664,CUST00664,2026-05-01 23:57:00,1185.02,UPI,0.54,4,0,Failed,Network Error,1
TXN004665,CUST02807,2026-02-23 16:52:00,1181.35,Wallet,0.79,4,1,Success,None,0
TXN004666,CUST00762,2026-01-17 15:16:00,2284.9,Wallet,0.85,4,0,Success,None,0
TXN004667,CUST01707,2026-02-19 13:19:00,1042.75,Wallet,0.97,3,0,Success,None,0
TXN004668,CUST01825,2026-02-22 08:41:00,1613.83,UPI,0.35,3,0,Success,None,0
TXN004669,CUST00277,2026-03-17 19:40:00,1786.07,Wallet,0.56,1,0,Success,None,0
TXN004670,CUST01950,2026-05-11 09:25:00,1372.51,Wallet,0.31,3,0,Failed,Expired Card,0
TXN004671,CUST00893,2026-09-20 21:14:00,3206.91,Card,0.44,4,1,Failed,Expired Card,0
TXN004672,CUST02488,2026-11-23 04:40:00,1180.79,Wallet,0.38,0,1,Success,None,0
TXN004673,CUST01079,2026-08-04 07:02:00,1244.46,UPI,0.32,4,1,Failed,Bank Timeout,1
TXN004674,CUST00236,2026-10-11 01:12:00,596.31,Card,0.71,2,0,Failed,Bank Timeout,1
TXN004675,CUST00025,2026-09-08 05:45:00,1641.29,Net Banking,0.39,2,0,Success,None,0
TXN004676,CUST01943,2026-09-28 05:28:00,2026.33,Card,0.77,1,1,Failed,Insufficient Funds,0
TXN004677,CUST02442,2026-12-13 10:43:00,1699.38,Net Banking,0.74,3,1,Success,None,0
TXN004678,CUST00037,2026-09-06 05:45:00,1959.55,Net Banking,0.86,2,0,Success,None,0
TXN004679,CUST01686,2026-09-26 05:46:00,461.59,Net Banking,0.93,3,0,Failed,Authentication Failed,0
TXN004680,CUST02048,2026-04-03 17:31:00,329.7,Wallet,0.97,2,0,Success,None,0
TXN004681,CUST01788,2026-03-29 19:59:00,772.59,Card,0.52,0,0,Success,None,0
TXN004682,CUST00603,2026-03-18 11:30:00,270.85,Net Banking,0.6,1,1,Success,None,0
TXN004683,CUST00534,2026-03-07 15:09:00,2732.47,Wallet,0.51,3,0,Failed,Insufficient Funds,0
TXN004684,CUST00719,2026-02-07 14:32:00,1617.66,Card,0.77,1,1,Success,None,0
TXN004685,CUST00308,2026-08-26 02:41:00,7089.91,UPI,0.36,3,0,Failed,Authentication Failed,1
TXN004686,CUST02486,2026-02-08 19:33:00,1514.97,Wallet,0.48,0,1,Success,None,0
TXN004687,CUST00674,2026-02-27 09:15:00,1762.51,Wallet,0.71,0,0,Success,None,0
TXN004688,CUST00468,2026-11-01 19:07:00,2014.57,Net Banking,0.6,2,0,Success,None,0
TXN004689,CUST02364,2026-01-12 18:57:00,304.4,Wallet,0.46,4,0,Success,None,0
TXN004690,CUST00720,2026-07-30 15:45:00,1500.51,Net Banking,0.67,0,1,Failed,Insufficient Funds,0
TXN004691,CUST02395,2026-01-11 18:32:00,2447.08,Card,0.35,1,0,Success,None,0
TXN004692,CUST01693,2026-02-04 19:50:00,3018.21,Card,0.95,4,0,Success,None,0
TXN004693,CUST00756,2026-06-30 09:21:00,587.19,Net Banking,0.61,3,0,Success,None,0
TXN004694,CUST00249,2026-11-13 03:46:00,742.02,UPI,0.78,3,0,Success,None,0
TXN004695,CUST01846,2026-12-02 12:59:00,700.45,UPI,0.93,3,0,Failed,Bank Timeout,0
TXN004696,CUST01639,2026-11-19 23:32:00,953.09,UPI,0.77,1,1,Success,None,0
TXN004697,CUST01403,2026-04-17 00:35:00,104.2,UPI,0.53,0,0,Success,None,0
TXN004698,CUST00855,2026-11-01 01:29:00,625.15,Card,0.88,1,1,Success,None,0
TXN004699,CUST00752,2026-05-18 03:57:00,1644.76,Wallet,0.81,2,0,Success,None,0
TXN004700,CUST00464,2026-07-25 01:19:00,612.03,Card,0.95,3,0,Failed,Network Error,1
TXN004701,CUST01775,2026-07-16 13:59:00,328.32,Wallet,0.41,1,0,Failed,Bank Timeout,1
TXN004702,CUST01629,2026-01-23 03:51:00,2424.75,UPI,0.62,2,0,Failed,Bank Timeout,1
TXN004703,CUST02523,2026-02-09 14:03:00,1135.04,Net Banking,0.81,4,0,Failed,Expired Card,0
TXN004704,CUST02477,2026-06-18 05:10:00,2575.95,Card,0.64,1,0,Success,None,0
TXN004705,CUST02021,2026-02-28 06:40:00,1460.76,Card,0.36,1,0,Success,None,0
TXN004706,CUST01588,2026-08-26 11:09:00,997.79,UPI,0.98,1,0,Success,None,0
TXN004707,CUST01223,2026-01-22 15:54:00,405.14,UPI,0.44,4,1,Success,None,0
TXN004708,CUST01764,2026-05-24 20:43:00,1007.3,Card,0.94,3,1,Success,None,0
TXN004709,CUST00704,2026-07-21 07:52:00,2035.03,Net Banking,0.76,3,0,Success,None,0
TXN004710,CUST01458,2026-04-07 09:38:00,2177.42,Net Banking,0.78,1,1,Success,None,0
TXN004711,CUST00096,2026-07-04 02:34:00,2052.67,Net Banking,0.63,3,0,Failed,Expired Card,0
TXN004712,CUST01235,2026-09-30 09:43:00,557.73,Wallet,0.79,0,1,Success,None,0
TXN004713,CUST01489,2026-03-03 18:23:00,1577.29,Wallet,0.47,3,0,Success,None,0
TXN004714,CUST02235,2026-07-25 17:26:00,485.38,UPI,0.37,0,0,Success,None,0
TXN004715,CUST02438,2026-03-09 18:47:00,686.74,Card,0.97,0,0,Success,None,0
TXN004716,CUST01522,2026-08-14 14:59:00,2804.76,UPI,0.51,2,0,Failed,Insufficient Funds,1
TXN004717,CUST01062,2026-08-01 21:53:00,1748.79,Net Banking,0.98,4,0,Failed,Bank Timeout,1
TXN004718,CUST00643,2026-04-01 00:38:00,844.12,Card,0.68,2,0,Failed,Bank Timeout,1
TXN004719,CUST00027,2026-05-11 04:03:00,1491.21,Card,0.76,1,0,Success,None,0
TXN004720,CUST00167,2026-11-26 19:35:00,230.63,UPI,0.4,1,0,Success,None,0
TXN004721,CUST01410,2026-08-14 01:50:00,1945.06,Net Banking,0.61,0,0,Success,None,0
TXN004722,CUST01383,2026-10-17 21:25:00,1426.48,Card,0.91,2,0,Success,None,0
TXN004723,CUST00926,2026-09-11 02:14:00,1820.61,UPI,0.8,3,0,Success,None,0
TXN004724,CUST02556,2026-03-12 04:15:00,954.12,Card,0.86,1,0,Success,None,0
TXN004725,CUST01207,2026-12-01 15:32:00,828.9,Card,0.98,1,1,Success,None,0
TXN004726,CUST02426,2026-01-03 15:17:00,654.82,Card,0.37,3,0,Success,None,0
TXN004727,CUST01421,2026-02-14 13:58:00,529.15,UPI,0.51,4,0,Success,None,0
TXN004728,CUST01104,2026-02-28 20:53:00,2428.04,Card,0.32,2,0,Success,None,0
TXN004729,CUST01820,2026-04-24 23:31:00,2160.15,UPI,0.86,2,1,Success,None,0
TXN004730,CUST00232,2026-03-30 08:58:00,772.38,Card,0.53,0,0,Success,None,0
TXN004731,CUST01645,2026-06-25 04:06:00,227.94,Wallet,0.89,1,0,Success,None,0
TXN004732,CUST01266,2026-04-12 03:56:00,640.39,Wallet,0.88,4,0,Failed,Bank Timeout,1
TXN004733,CUST00061,2026-08-05 17:47:00,1152.8,UPI,0.66,3,0,Success,None,0
TXN004734,CUST02626,2026-11-25 07:03:00,1438.88,Net Banking,0.45,0,0,Success,None,0
TXN004735,CUST01401,2026-08-02 08:10:00,1230.13,Wallet,0.7,4,0,Success,None,0
TXN004736,CUST00741,2026-01-28 16:12:00,572.21,Card,0.67,3,1,Failed,Bank Timeout,1
TXN004737,CUST01973,2026-09-21 01:42:00,1109.27,UPI,0.36,2,0,Success,None,0
TXN004738,CUST00525,2026-06-22 09:05:00,732.1,Wallet,0.95,3,0,Success,None,0
TXN004739,CUST00620,2026-04-02 16:54:00,1926.39,Net Banking,0.32,4,1,Success,None,0
TXN004740,CUST00422,2026-11-21 04:03:00,1405.13,Wallet,0.69,1,0,Success,None,0
TXN004741,CUST00494,2026-01-10 15:07:00,793.44,Wallet,0.69,3,0,Success,None,0
TXN004742,CUST02340,2026-08-29 05:48:00,2382.85,UPI,0.53,4,0,Success,None,0
TXN004743,CUST01292,2026-01-23 05:45:00,701.72,Net Banking,0.56,1,0,Success,None,0
TXN004744,CUST00681,2026-05-09 19:50:00,788.65,Card,0.94,0,0,Success,None,0
TXN004745,CUST01360,2026-04-26 16:56:00,589.6,Card,0.93,2,0,Success,None,0
TXN004746,CUST01110,2026-02-06 13:01:00,1370.97,UPI,0.85,1,0,Success,None,0
TXN004747,CUST01227,2026-07-08 09:19:00,1287.72,UPI,0.97,1,0,Failed,Authentication Failed,0
TXN004748,CUST02422,2026-04-06 00:01:00,286.93,Wallet,0.97,3,0,Failed,Authentication Failed,0
TXN004749,CUST01534,2026-02-25 19:46:00,1133.92,Card,0.46,2,0,Failed,Insufficient Funds,1
TXN004750,CUST02901,2026-09-13 00:17:00,1162.92,Card,0.88,2,0,Success,None,0
TXN004751,CUST02420,2026-04-21 03:22:00,349.51,UPI,0.35,1,0,Success,None,0
TXN004752,CUST02018,2026-06-29 09:21:00,3068.68,Wallet,0.81,0,1,Success,None,0
TXN004753,CUST02354,2026-11-17 15:02:00,2025.66,Wallet,0.82,1,0,Success,None,0
TXN004754,CUST00697,2026-05-09 23:50:00,1686.46,Card,0.6,4,1,Success,None,0
TXN004755,CUST01467,2026-03-02 09:54:00,446.61,UPI,0.36,4,0,Failed,Network Error,1
TXN004756,CUST02935,2026-06-07 18:09:00,4164.03,Wallet,0.49,4,0,Failed,Network Error,1
TXN004757,CUST02129,2026-09-25 16:37:00,1575.96,UPI,0.64,2,0,Success,None,0
TXN004758,CUST02218,2026-09-12 16:04:00,736.16,Card,0.4,1,0,Success,None,0
TXN004759,CUST02911,2026-05-28 06:50:00,3048.18,Wallet,0.84,3,0,Failed,Bank Timeout,1
TXN004760,CUST02081,2026-06-25 14:00:00,813.85,UPI,0.47,2,1,Success,None,0
TXN004761,CUST02698,2026-05-12 22:48:00,1172.47,Card,0.79,4,0,Success,None,0
TXN004762,CUST00888,2026-01-30 04:23:00,1768.5,Net Banking,0.8,2,0,Success,None,0
TXN004763,CUST00692,2026-03-04 20:19:00,1192.6,Wallet,0.75,4,0,Success,None,0
TXN004764,CUST01436,2026-07-14 03:54:00,1634.06,Card,0.77,0,0,Success,None,0
TXN004765,CUST01445,2026-10-03 14:10:00,661.19,Card,0.4,3,0,Success,None,0
TXN004766,CUST01832,2026-03-10 16:54:00,385.75,Net Banking,0.62,1,1,Success,None,0
TXN004767,CUST00739,2026-11-06 20:51:00,3104.88,Net Banking,0.53,0,0,Success,None,0
TXN004768,CUST00666,2026-02-01 17:52:00,1642.62,Card,0.73,1,0,Success,None,0
TXN004769,CUST02334,2026-08-05 06:38:00,1543.72,Net Banking,0.74,4,0,Success,None,0
TXN004770,CUST00056,2026-05-24 14:29:00,258.46,UPI,0.94,4,1,Success,None,0
TXN004771,CUST02842,2026-02-18 22:13:00,1106.58,Card,0.98,3,0,Success,None,0
TXN004772,CUST01633,2026-12-01 10:30:00,1124.84,Wallet,0.49,0,0,Success,None,0
TXN004773,CUST00216,2026-06-06 16:05:00,699.47,Net Banking,0.52,4,0,Success,None,0
TXN004774,CUST00759,2026-11-01 08:40:00,4136.21,Card,0.88,0,1,Success,None,0
TXN004775,CUST02651,2026-09-19 02:47:00,690.41,Net Banking,0.51,0,0,Success,None,0
TXN004776,CUST02518,2026-09-26 10:50:00,6051.53,Card,0.45,0,0,Success,None,0
TXN004777,CUST02355,2026-05-15 23:32:00,713.36,UPI,0.8,1,0,Success,None,0
TXN004778,CUST02207,2026-02-18 23:00:00,722.09,Card,0.62,4,0,Failed,Bank Timeout,1
TXN004779,CUST01900,2026-12-12 18:03:00,1168.37,Net Banking,0.37,0,0,Success,None,0
TXN004780,CUST01566,2026-06-02 20:53:00,512.4,Card,0.7,0,0,Success,None,0
TXN004781,CUST02167,2026-06-26 21:27:00,251.71,UPI,0.37,1,1,Success,None,0
TXN004782,CUST01313,2026-05-26 17:17:00,398.65,UPI,0.66,3,0,Success,None,0
TXN004783,CUST02807,2026-06-22 13:53:00,1951.16,UPI,0.83,3,0,Failed,Authentication Failed,0
TXN004784,CUST01602,2026-09-16 00:48:00,1663.67,Card,0.36,2,0,Success,None,0
TXN004785,CUST00043,2026-03-25 02:38:00,505.36,Net Banking,0.9,0,0,Success,None,0
TXN004786,CUST00711,2026-06-04 05:59:00,854.83,Wallet,0.55,1,0,Failed,Insufficient Funds,1
TXN004787,CUST01744,2026-09-03 03:21:00,1253.38,Wallet,0.98,1,0,Failed,Insufficient Funds,1
TXN004788,CUST00812,2026-01-05 12:37:00,1971.75,Card,0.86,3,0,Success,None,0
TXN004789,CUST01160,2026-04-20 02:33:00,1255.38,Net Banking,0.73,0,1,Success,None,0
TXN004790,CUST00820,2026-05-08 01:18:00,562.84,Card,0.83,0,1,Success,None,0
TXN004791,CUST01179,2026-06-17 09:30:00,445.37,Net Banking,0.58,0,0,Success,None,0
TXN004792,CUST01901,2026-07-10 13:10:00,1841.33,Card,0.97,3,1,Failed,Network Error,1
TXN004793,CUST01722,2026-11-09 15:01:00,471.53,Wallet,0.65,0,1,Success,None,0
TXN004794,CUST01029,2026-03-07 13:23:00,616.33,Card,0.31,4,0,Success,None,0
TXN004795,CUST01137,2026-06-22 08:28:00,1464.88,UPI,0.6,3,0,Success,None,0
TXN004796,CUST01394,2026-01-08 04:46:00,412.45,Net Banking,0.7,0,1,Success,None,0
TXN004797,CUST02026,2026-03-04 18:45:00,1770.25,UPI,0.83,4,0,Success,None,0
TXN004798,CUST02857,2026-11-18 04:49:00,1980.0,Net Banking,0.83,1,0,Success,None,0
TXN004799,CUST01176,2026-06-12 03:03:00,1562.19,Card,0.52,4,0,Success,None,0
TXN004800,CUST01093,2026-10-07 19:58:00,262.11,Net Banking,0.64,2,0,Success,None,0
TXN004801,CUST00690,2026-05-06 17:43:00,184.44,Wallet,0.47,1,0,Success,None,0
TXN004802,CUST01374,2026-07-28 11:27:00,1481.18,Wallet,0.66,1,1,Success,None,0
TXN004803,CUST01838,2026-03-02 06:13:00,867.19,Net Banking,0.57,4,0,Success,None,0
TXN004804,CUST01202,2026-09-29 09:01:00,796.69,Net Banking,0.57,4,0,Success,None,0
TXN004805,CUST01551,2026-07-23 16:12:00,1116.17,Card,0.74,1,1,Failed,Expired Card,0
TXN004806,CUST01151,2026-03-14 00:55:00,213.69,UPI,0.68,3,0,Success,None,0
TXN004807,CUST02893,2026-08-26 16:34:00,681.24,Wallet,0.92,2,0,Success,None,0
TXN004808,CUST00014,2026-03-24 16:44:00,1948.8,UPI,0.73,4,0,Success,None,0
TXN004809,CUST02564,2026-09-28 02:58:00,1495.51,Net Banking,0.83,2,1,Success,None,0
TXN004810,CUST00715,2026-09-22 08:52:00,2893.05,Net Banking,0.68,0,1,Failed,Network Error,1
TXN004811,CUST01316,2026-11-01 02:20:00,1586.02,Card,0.3,4,0,Failed,Insufficient Funds,0
TXN004812,CUST01954,2026-04-06 08:04:00,726.07,Card,0.72,4,0,Success,None,0
TXN004813,CUST00205,2026-11-05 04:13:00,15379.3,Wallet,0.81,2,1,Success,None,0
TXN004814,CUST00385,2026-06-15 21:11:00,5793.86,Wallet,0.73,2,0,Success,None,0
TXN004815,CUST01130,2026-01-19 15:38:00,290.76,Net Banking,0.3,1,1,Success,None,0
TXN004816,CUST02981,2026-07-17 10:05:00,351.14,Wallet,0.32,3,0,Success,None,0
TXN004817,CUST02670,2026-04-04 08:31:00,1313.11,Wallet,0.49,2,1,Success,None,0
TXN004818,CUST01915,2026-10-02 21:27:00,3287.54,Wallet,0.49,1,1,Success,None,0
TXN004819,CUST01656,2026-05-14 21:23:00,439.75,Card,0.93,4,0,Failed,Network Error,0
TXN004820,CUST02128,2026-12-08 15:42:00,1488.18,UPI,0.31,2,0,Failed,Insufficient Funds,1
TXN004821,CUST01855,2026-07-30 00:43:00,2428.86,Card,0.48,3,0,Failed,Insufficient Funds,0
TXN004822,CUST02118,2026-01-15 22:20:00,1855.87,UPI,0.61,2,0,Success,None,0
TXN004823,CUST02662,2026-01-08 10:33:00,554.7,Wallet,0.85,4,1,Success,None,0
TXN004824,CUST00968,2026-10-02 02:55:00,1389.86,Net Banking,0.76,2,1,Failed,Authentication Failed,1
TXN004825,CUST01383,2026-09-15 00:08:00,324.73,UPI,0.46,0,0,Success,None,0
TXN004826,CUST01820,2026-08-04 14:11:00,607.44,Card,0.75,2,1,Success,None,0
TXN004827,CUST00866,2026-06-25 20:55:00,1118.63,Card,0.43,0,1,Success,None,0
TXN004828,CUST02728,2026-10-25 14:45:00,1082.45,Wallet,0.98,1,0,Success,None,0
TXN004829,CUST01930,2026-03-08 15:23:00,653.37,Wallet,0.53,0,0,Failed,Bank Timeout,1
TXN004830,CUST01681,2026-10-10 13:40:00,669.14,Wallet,0.49,3,0,Success,None,0
TXN004831,CUST02517,2026-07-04 23:42:00,851.7,UPI,0.98,0,1,Failed,Expired Card,0
TXN004832,CUST01348,2026-09-04 05:11:00,185.68,Wallet,0.83,1,0,Success,None,0
TXN004833,CUST01587,2026-07-28 11:48:00,189.32,UPI,0.84,3,0,Success,None,0
TXN004834,CUST00838,2026-09-11 13:01:00,1109.53,Wallet,0.63,2,0,Success,None,0
TXN004835,CUST01638,2026-10-18 20:11:00,2030.86,Wallet,0.91,0,0,Success,None,0
TXN004836,CUST00090,2026-02-20 14:35:00,576.24,Net Banking,0.85,2,0,Success,None,0
TXN004837,CUST02845,2026-04-06 12:33:00,1062.18,UPI,0.75,3,0,Failed,Expired Card,0
TXN004838,CUST02868,2026-09-06 14:20:00,1246.06,Wallet,0.79,0,1,Success,None,0
TXN004839,CUST00122,2026-03-16 23:28:00,1917.39,Wallet,0.5,3,1,Success,None,0
TXN004840,CUST00251,2026-10-05 19:14:00,2680.03,Card,0.38,0,1,Success,None,0
TXN004841,CUST02367,2026-03-11 18:43:00,610.64,Card,0.41,0,1,Failed,Expired Card,1
TXN004842,CUST02085,2026-09-02 23:55:00,405.88,Card,0.94,4,0,Success,None,0
TXN004843,CUST02010,2026-06-02 10:28:00,2067.97,Card,0.74,0,0,Success,None,0
TXN004844,CUST00836,2026-02-02 22:15:00,169.04,Net Banking,0.43,1,1,Failed,Authentication Failed,0
TXN004845,CUST02187,2026-08-11 08:46:00,932.31,UPI,0.4,3,0,Failed,Network Error,0
TXN004846,CUST01660,2026-02-27 10:18:00,1049.64,Card,0.5,4,0,Success,None,0
TXN004847,CUST00845,2026-11-18 22:55:00,145.56,UPI,0.72,4,0,Success,None,0
TXN004848,CUST02764,2026-04-21 03:10:00,737.86,UPI,0.95,1,0,Success,None,0
TXN004849,CUST00463,2026-10-10 04:49:00,1822.75,UPI,0.4,2,0,Failed,Expired Card,1
TXN004850,CUST01842,2026-08-07 00:31:00,1405.66,Wallet,0.4,0,1,Success,None,0
TXN004851,CUST00261,2026-10-26 09:07:00,593.78,Card,0.99,4,0,Failed,Expired Card,0
TXN004852,CUST00778,2026-04-05 02:29:00,262.97,Wallet,0.37,0,0,Success,None,0
TXN004853,CUST01113,2026-08-28 19:42:00,1866.84,Card,0.57,1,0,Failed,Bank Timeout,1
TXN004854,CUST02857,2026-06-19 15:10:00,1133.18,UPI,0.4,1,0,Failed,Expired Card,0
TXN004855,CUST01697,2026-05-21 16:06:00,1044.27,UPI,0.73,3,0,Success,None,0
TXN004856,CUST02626,2026-09-04 18:42:00,601.88,Wallet,0.31,2,0,Success,None,0
TXN004857,CUST01408,2026-02-07 11:38:00,2989.97,UPI,0.53,4,0,Success,None,0
TXN004858,CUST02665,2026-11-25 03:15:00,679.63,Wallet,0.57,2,0,Success,None,0
TXN004859,CUST01346,2026-12-09 01:19:00,1067.56,UPI,0.92,0,0,Success,None,0
TXN004860,CUST00190,2026-01-20 19:20:00,1000.47,Wallet,0.4,0,1,Success,None,0
TXN004861,CUST01689,2026-06-12 11:32:00,1421.15,Card,0.4,2,0,Success,None,0
TXN004862,CUST00834,2026-07-08 10:41:00,1823.08,UPI,0.51,0,0,Success,None,0
TXN004863,CUST01861,2026-02-24 16:39:00,2827.8,UPI,0.95,1,1,Success,None,0
TXN004864,CUST02461,2026-08-26 02:59:00,1176.91,Card,0.31,3,0,Success,None,0
TXN004865,CUST01226,2026-10-01 21:23:00,119.31,Net Banking,0.72,4,0,Success,None,0
TXN004866,CUST02706,2026-02-23 15:10:00,5745.67,UPI,0.95,0,1,Failed,Expired Card,1
TXN004867,CUST02315,2026-08-18 20:47:00,3899.26,Net Banking,0.65,1,1,Success,None,0
TXN004868,CUST00364,2026-07-16 13:10:00,2356.07,Net Banking,0.42,0,1,Success,None,0
TXN004869,CUST01733,2026-09-19 20:44:00,871.6,UPI,0.35,4,0,Success,None,0
TXN004870,CUST00452,2026-05-28 20:56:00,476.51,Wallet,0.77,1,1,Success,None,0
TXN004871,CUST00543,2026-07-13 02:33:00,1380.42,Wallet,0.95,0,0,Success,None,0
TXN004872,CUST00069,2026-06-16 03:07:00,4188.53,Card,0.69,1,0,Success,None,0
TXN004873,CUST02604,2026-03-12 20:36:00,2758.76,UPI,0.43,1,1,Success,None,0
TXN004874,CUST01150,2026-04-29 17:11:00,858.04,Net Banking,0.81,2,0,Success,None,0
TXN004875,CUST02582,2026-05-02 14:36:00,1117.34,Wallet,0.75,1,0,Success,None,0
TXN004876,CUST00025,2026-01-04 23:42:00,2494.28,Wallet,0.63,0,0,Success,None,0
TXN004877,CUST02712,2026-03-01 02:15:00,973.62,Net Banking,0.66,1,0,Success,None,0
TXN004878,CUST00881,2026-08-02 04:45:00,1610.8,Net Banking,0.69,3,0,Success,None,0
TXN004879,CUST00640,2026-05-13 14:42:00,4562.47,UPI,0.85,1,1,Success,None,0
TXN004880,CUST00037,2026-07-27 11:39:00,816.39,Card,0.9,1,0,Success,None,0
TXN004881,CUST01660,2026-08-11 02:39:00,528.99,Wallet,0.58,0,0,Success,None,0
TXN004882,CUST02659,2026-02-18 00:12:00,930.54,Wallet,0.94,3,0,Failed,Network Error,1
TXN004883,CUST01538,2026-11-04 11:01:00,1595.16,Card,0.97,2,0,Success,None,0
TXN004884,CUST00173,2026-03-22 22:32:00,555.63,Net Banking,0.73,2,0,Success,None,0
TXN004885,CUST01048,2026-09-12 19:55:00,1325.79,Wallet,0.72,4,0,Success,None,0
TXN004886,CUST01505,2026-03-30 11:59:00,780.33,Wallet,0.93,2,0,Success,None,0
TXN004887,CUST02875,2026-02-13 06:35:00,1120.5,Wallet,0.38,2,0,Success,None,0
TXN004888,CUST02937,2026-07-01 11:11:00,1248.59,Net Banking,0.85,4,1,Failed,Bank Timeout,1
TXN004889,CUST01133,2026-02-25 10:33:00,1216.29,Net Banking,0.65,3,1,Failed,Bank Timeout,1
TXN004890,CUST00946,2026-05-19 18:37:00,903.24,Card,0.81,3,0,Failed,Authentication Failed,1
TXN004891,CUST02476,2026-04-14 07:02:00,2021.0,Wallet,0.55,4,1,Success,None,0
TXN004892,CUST00530,2026-07-26 10:03:00,5313.57,UPI,0.49,2,0,Success,None,0
TXN004893,CUST02731,2026-09-30 12:26:00,688.27,Wallet,0.85,1,0,Success,None,0
TXN004894,CUST01051,2026-03-09 04:21:00,757.8,UPI,0.43,1,1,Failed,Bank Timeout,0
TXN004895,CUST02309,2026-01-05 00:48:00,630.13,Wallet,0.76,4,0,Failed,Authentication Failed,0
TXN004896,CUST01631,2026-12-12 09:14:00,2662.94,Wallet,0.31,0,1,Success,None,0
TXN004897,CUST00725,2026-05-18 05:53:00,1056.38,Wallet,0.6,1,0,Success,None,0
TXN004898,CUST02409,2026-03-20 09:38:00,578.37,Card,0.33,4,0,Failed,Network Error,0
TXN004899,CUST01638,2026-09-16 13:05:00,3398.84,Wallet,0.56,4,1,Success,None,0
TXN004900,CUST01848,2026-05-16 12:03:00,550.52,Wallet,0.69,4,0,Success,None,0
TXN004901,CUST00051,2026-03-31 22:50:00,1699.4,Wallet,0.99,2,0,Success,None,0
TXN004902,CUST02152,2026-07-10 12:17:00,1218.4,Net Banking,0.63,1,0,Success,None,0
TXN004903,CUST02491,2026-04-30 04:36:00,5672.91,Net Banking,0.91,1,0,Success,None,0
TXN004904,CUST02471,2026-10-06 07:44:00,2168.72,Card,0.65,4,0,Success,None,0
TXN004905,CUST00634,2026-01-04 14:00:00,641.5,UPI,0.62,1,1,Failed,Insufficient Funds,1
TXN004906,CUST00273,2026-01-19 02:01:00,5942.68,UPI,0.64,2,0,Success,None,0
TXN004907,CUST01634,2026-10-16 12:10:00,1269.77,Wallet,0.54,1,0,Failed,Network Error,0
TXN004908,CUST00139,2026-03-21 06:31:00,261.77,Card,0.9,2,0,Failed,Network Error,1
TXN004909,CUST00069,2026-04-28 00:24:00,478.25,UPI,0.7,1,1,Success,None,0
TXN004910,CUST02604,2026-02-18 04:53:00,585.43,Card,0.43,4,1,Success,None,0
TXN004911,CUST02423,2026-08-23 15:05:00,103.23,UPI,0.98,4,1,Success,None,0
TXN004912,CUST02750,2026-02-28 04:04:00,721.63,Net Banking,0.76,3,0,Failed,Bank Timeout,1
TXN004913,CUST00047,2026-01-21 05:56:00,3547.17,Net Banking,0.7,2,0,Failed,Expired Card,0
TXN004914,CUST00957,2026-01-12 06:42:00,11728.43,Card,0.8,2,0,Failed,Expired Card,0
TXN004915,CUST01748,2026-08-15 14:29:00,4696.29,Wallet,0.36,3,0,Success,None,0
TXN004916,CUST02289,2026-02-15 13:09:00,1891.24,Net Banking,0.5,4,1,Success,None,0
TXN004917,CUST02659,2026-07-14 09:42:00,1983.71,UPI,0.38,2,1,Success,None,0
TXN004918,CUST00018,2026-08-28 21:23:00,2410.98,Card,0.98,0,1,Failed,Network Error,1
TXN004919,CUST02573,2026-08-13 03:57:00,2432.72,Card,0.5,0,1,Success,None,0
TXN004920,CUST01676,2026-07-28 05:05:00,1976.3,Wallet,0.93,0,1,Success,None,0
TXN004921,CUST01968,2026-11-06 07:41:00,1234.53,Net Banking,0.39,1,0,Success,None,0
TXN004922,CUST01269,2026-06-28 16:15:00,655.55,UPI,0.75,1,0,Success,None,0
TXN004923,CUST00494,2026-03-24 02:47:00,852.16,Net Banking,0.57,1,0,Success,None,0
TXN004924,CUST02690,2026-08-29 11:19:00,1319.77,UPI,0.59,1,1,Success,None,0
TXN004925,CUST01658,2026-01-19 20:53:00,1543.16,Net Banking,0.91,0,0,Success,None,0
TXN004926,CUST02008,2026-08-22 21:03:00,649.59,Wallet,0.5,3,0,Success,None,0
TXN004927,CUST00301,2026-01-23 14:43:00,390.27,Card,0.47,3,0,Success,None,0
TXN004928,CUST01717,2026-01-17 09:06:00,429.86,Card,0.93,0,0,Success,None,0
TXN004929,CUST02847,2026-08-04 02:22:00,1530.47,Card,0.82,2,0,Success,None,0
TXN004930,CUST02113,2026-03-18 10:43:00,805.57,Card,0.42,3,0,Failed,Authentication Failed,0
TXN004931,CUST00778,2026-10-23 01:04:00,788.38,UPI,0.72,2,0,Failed,Network Error,1
TXN004932,CUST01127,2026-07-20 05:32:00,7367.2,Net Banking,0.76,3,0,Success,None,0
TXN004933,CUST01110,2026-01-10 08:19:00,722.25,UPI,0.53,3,1,Failed,Authentication Failed,0
TXN004934,CUST00528,2026-01-24 21:59:00,5092.0,Wallet,0.32,1,0,Success,None,0
TXN004935,CUST02834,2026-04-28 00:01:00,785.28,UPI,0.33,3,1,Success,None,0
TXN004936,CUST02492,2026-08-18 07:55:00,2423.09,UPI,0.48,0,1,Failed,Insufficient Funds,1
TXN004937,CUST00368,2026-08-28 08:32:00,538.95,Net Banking,0.7,3,0,Success,None,0
TXN004938,CUST02205,2026-01-29 13:34:00,2495.66,Card,0.38,4,0,Failed,Network Error,0
TXN004939,CUST01571,2026-01-14 11:39:00,523.4,Net Banking,0.41,1,0,Success,None,0
TXN004940,CUST02287,2026-05-06 08:39:00,1363.6,UPI,0.87,2,0,Success,None,0
TXN004941,CUST02231,2026-04-27 20:35:00,426.66,Net Banking,0.52,0,0,Failed,Authentication Failed,0
TXN004942,CUST01112,2026-09-01 14:28:00,1441.13,Net Banking,0.58,4,1,Success,None,0
TXN004943,CUST01020,2026-12-02 15:02:00,2156.68,Net Banking,0.5,4,0,Failed,Authentication Failed,0
TXN004944,CUST02649,2026-01-01 23:31:00,1683.59,UPI,0.8,3,1,Success,None,0
TXN004945,CUST01168,2026-11-21 20:41:00,874.73,UPI,0.7,0,0,Success,None,0
TXN004946,CUST02937,2026-11-22 01:18:00,1248.98,UPI,0.31,2,0,Failed,Network Error,1
TXN004947,CUST02211,2026-10-05 02:56:00,1378.87,UPI,0.47,2,0,Failed,Bank Timeout,0
TXN004948,CUST00730,2026-09-05 22:25:00,557.92,Card,0.63,0,0,Success,None,0
TXN004949,CUST02411,2026-10-07 23:08:00,1584.49,Card,0.32,3,1,Failed,Bank Timeout,1
TXN004950,CUST00978,2026-11-30 06:21:00,1340.95,UPI,0.52,4,0,Success,None,0
TXN004951,CUST02804,2026-08-29 07:47:00,546.35,Wallet,0.97,2,0,Success,None,0
TXN004952,CUST02188,2026-02-25 04:16:00,604.38,Wallet,0.45,4,0,Success,None,0
TXN004953,CUST01318,2026-02-02 23:10:00,496.84,Wallet,0.92,1,0,Failed,Authentication Failed,1
TXN004954,CUST02835,2026-11-12 15:32:00,526.73,Net Banking,0.49,3,0,Success,None,0
TXN004955,CUST02959,2026-09-20 10:44:00,1029.06,Card,0.74,1,0,Success,None,0
TXN004956,CUST00542,2026-12-06 12:39:00,471.59,Wallet,0.46,1,0,Success,None,0
TXN004957,CUST02478,2026-04-06 23:47:00,1989.92,Card,0.6,3,0,Failed,Insufficient Funds,0
TXN004958,CUST01770,2026-07-04 01:54:00,448.73,UPI,0.45,3,0,Failed,Expired Card,0
TXN004959,CUST00175,2026-01-15 22:29:00,416.49,Wallet,0.43,4,0,Failed,Insufficient Funds,0
TXN004960,CUST02216,2026-01-29 17:05:00,1915.85,UPI,0.6,2,0,Failed,Insufficient Funds,1
TXN004961,CUST02789,2026-05-18 20:00:00,3368.84,Card,0.8,1,1,Success,None,0
TXN004962,CUST00395,2026-07-21 12:56:00,832.56,UPI,0.31,2,0,Success,None,0
TXN004963,CUST02298,2026-03-01 08:23:00,941.34,Net Banking,0.55,0,0,Success,None,0
TXN004964,CUST00988,2026-02-10 13:45:00,290.87,Wallet,0.89,1,0,Success,None,0
TXN004965,CUST00133,2026-10-18 19:19:00,542.91,Wallet,1.0,2,1,Success,None,0
TXN004966,CUST00602,2026-03-24 05:51:00,1029.66,Card,0.79,0,0,Success,None,0
TXN004967,CUST02778,2026-06-23 19:38:00,1886.16,Wallet,0.42,0,1,Failed,Network Error,1
TXN004968,CUST02913,2026-06-24 20:28:00,1162.66,Net Banking,0.85,2,0,Failed,Insufficient Funds,1
TXN004969,CUST02624,2026-06-11 13:55:00,1220.46,Card,0.58,1,0,Failed,Insufficient Funds,0
TXN004970,CUST01600,2026-09-23 11:48:00,239.98,Net Banking,0.97,0,0,Success,None,0
TXN004971,CUST02362,2026-11-16 02:05:00,1694.13,Card,0.47,2,1,Failed,Authentication Failed,0
TXN004972,CUST01672,2026-03-07 11:08:00,3950.19,Wallet,0.59,1,1,Success,None,0
TXN004973,CUST01339,2026-12-02 23:58:00,1025.57,Card,0.76,4,1,Failed,Insufficient Funds,0
TXN004974,CUST00951,2026-09-30 17:12:00,3332.33,Net Banking,0.52,0,0,Success,None,0
TXN004975,CUST00302,2026-01-06 23:41:00,1910.19,Wallet,0.55,4,0,Success,None,0
TXN004976,CUST01532,2026-01-03 03:53:00,1957.73,Card,0.96,3,1,Success,None,0
TXN004977,CUST01591,2026-01-18 15:05:00,1562.16,Card,0.37,4,1,Success,None,0
TXN004978,CUST00213,2026-01-16 02:53:00,548.81,Net Banking,0.66,3,0,Success,None,0
TXN004979,CUST01622,2026-10-29 21:57:00,970.68,Wallet,0.93,1,1,Failed,Insufficient Funds,1
TXN004980,CUST00181,2026-08-24 13:23:00,696.92,Net Banking,0.95,1,0,Success,None,0
TXN004981,CUST01090,2026-01-04 23:40:00,4763.46,Wallet,0.62,0,0,Failed,Bank Timeout,1
TXN004982,CUST02427,2026-01-22 08:56:00,286.35,UPI,0.73,0,0,Success,None,0
TXN004983,CUST02618,2026-05-13 19:59:00,948.3,Card,0.56,0,0,Success,None,0
TXN004984,CUST00096,2026-05-04 09:56:00,899.72,Card,0.49,4,0,Success,None,0
TXN004985,CUST02821,2026-10-03 14:33:00,5177.75,Card,0.56,1,1,Success,None,0
TXN004986,CUST02329,2026-03-26 04:49:00,1985.91,Net Banking,0.42,3,0,Failed,Insufficient Funds,1
TXN004987,CUST01608,2026-08-15 22:18:00,1550.38,Card,0.66,0,0,Success,None,0
TXN004988,CUST00177,2026-05-08 00:00:00,1772.96,Wallet,0.39,1,1,Success,None,0
TXN004989,CUST01210,2026-10-23 09:25:00,1806.99,Wallet,0.63,2,0,Success,None,0
TXN004990,CUST02582,2026-01-16 23:07:00,2740.53,Net Banking,0.92,4,0,Success,None,0
TXN004991,CUST01171,2026-09-10 11:46:00,3336.28,Net Banking,0.7,4,0,Success,None,0
TXN004992,CUST01350,2026-02-15 06:38:00,327.49,Net Banking,0.51,1,0,Success,None,0
TXN004993,CUST02584,2026-09-19 13:10:00,270.0,UPI,0.48,4,0,Success,None,0
TXN004994,CUST01425,2026-04-14 04:19:00,4635.4,Wallet,0.67,2,0,Failed,Network Error,1
TXN004995,CUST01631,2026-11-12 15:34:00,1406.85,Net Banking,0.53,3,0,Success,None,0
TXN004996,CUST02446,2026-02-14 21:49:00,1596.67,Card,0.35,2,0,Success,None,0
TXN004997,CUST02526,2026-04-25 15:36:00,229.51,Wallet,0.68,3,0,Success,None,0
TXN004998,CUST01557,2026-10-23 12:01:00,526.32,Wallet,0.89,0,0,Success,None,0
TXN004999,CUST00421,2026-04-23 17:17:00,444.04,Wallet,0.33,3,0,Success,None,0
TXN005000,CUST00125,2026-04-18 21:23:00,915.73,Wallet,0.35,3,0,Success,None,0
TXN005001,CUST02623,2026-11-25 08:01:00,358.0,Wallet,0.68,1,1,Failed,Authentication Failed,1
TXN005002,CUST00537,2026-10-19 04:33:00,1267.98,UPI,0.86,1,0,Success,None,0
TXN005003,CUST01500,2026-01-10 21:26:00,1583.5,UPI,0.43,4,0,Success,None,0
TXN005004,CUST01534,2026-01-25 16:53:00,616.08,UPI,0.64,1,0,Success,None,0
TXN005005,CUST00944,2026-06-30 23:17:00,1582.49,Wallet,0.32,0,1,Failed,Insufficient Funds,0
TXN005006,CUST01734,2026-07-11 17:08:00,2034.22,Net Banking,0.31,0,0,Success,None,0
TXN005007,CUST02344,2026-02-16 22:46:00,2024.68,Wallet,0.83,0,0,Success,None,0
TXN005008,CUST01048,2026-03-18 03:55:00,3450.9,Card,0.78,2,0,Success,None,0
TXN005009,CUST02420,2026-06-11 01:12:00,440.79,Card,0.63,2,0,Success,None,0
TXN005010,CUST00232,2026-09-24 11:38:00,4276.02,Net Banking,0.91,3,0,Failed,Network Error,1
TXN005011,CUST00398,2026-08-01 10:54:00,1217.48,Card,0.43,2,1,Success,None,0
TXN005012,CUST01308,2026-07-28 12:03:00,1946.01,UPI,0.99,3,0,Success,None,0
TXN005013,CUST02634,2026-06-08 06:42:00,580.39,UPI,0.91,4,1,Success,None,0
TXN005014,CUST02943,2026-06-06 10:38:00,1873.55,Net Banking,0.92,3,0,Failed,Network Error,1
TXN005015,CUST00505,2026-03-12 22:15:00,271.3,Wallet,0.8,4,0,Success,None,0
TXN005016,CUST02923,2026-04-07 01:29:00,947.86,Net Banking,0.78,4,1,Success,None,0
TXN005017,CUST01622,2026-05-17 06:17:00,3701.64,Wallet,0.89,4,0,Success,None,0
TXN005018,CUST00202,2026-09-29 15:27:00,888.58,Wallet,0.66,1,0,Success,None,0
TXN005019,CUST01942,2026-03-30 23:15:00,475.63,Wallet,0.87,0,0,Success,None,0
TXN005020,CUST02632,2026-03-01 16:33:00,2161.04,UPI,0.63,0,0,Success,None,0
TXN005021,CUST02472,2026-06-27 23:48:00,2149.23,UPI,0.68,2,1,Success,None,0
TXN005022,CUST00889,2026-09-09 07:05:00,2930.66,Card,0.61,1,0,Failed,Expired Card,0
TXN005023,CUST00872,2026-07-25 21:36:00,2237.58,Wallet,0.4,1,0,Failed,Authentication Failed,0
TXN005024,CUST01062,2026-11-13 05:44:00,1564.39,Net Banking,0.4,0,0,Success,None,0
TXN005025,CUST01320,2026-10-24 21:44:00,1710.09,Card,0.39,1,0,Success,None,0
TXN005026,CUST01885,2026-04-05 00:56:00,2182.15,Wallet,0.92,3,0,Success,None,0
TXN005027,CUST01800,2026-08-15 10:40:00,362.7,Card,0.36,3,0,Success,None,0
TXN005028,CUST00917,2026-08-26 06:41:00,205.5,Card,0.91,4,0,Success,None,0
TXN005029,CUST00192,2026-09-07 18:27:00,3664.57,Card,0.44,1,0,Success,None,0
TXN005030,CUST00089,2026-04-02 12:26:00,1650.99,Card,0.75,4,0,Success,None,0
TXN005031,CUST00268,2026-03-24 23:53:00,308.75,UPI,0.34,3,0,Success,None,0
TXN005032,CUST02115,2026-02-20 08:29:00,3426.95,Card,0.53,2,0,Success,None,0
TXN005033,CUST01217,2026-08-09 03:30:00,1762.82,Card,0.88,3,0,Success,None,0
TXN005034,CUST02491,2026-05-01 15:48:00,1352.2,Card,0.57,0,1,Failed,Network Error,1
TXN005035,CUST01345,2026-02-16 04:19:00,480.95,UPI,0.55,2,0,Success,None,0
TXN005036,CUST00236,2026-06-08 21:28:00,1291.67,Wallet,0.67,3,0,Failed,Expired Card,0
TXN005037,CUST00827,2026-02-15 06:17:00,1229.83,UPI,0.4,4,0,Failed,Insufficient Funds,1
TXN005038,CUST02936,2026-03-31 12:18:00,598.59,UPI,0.74,3,0,Failed,Bank Timeout,1
TXN005039,CUST00755,2026-11-29 15:15:00,433.71,Card,0.65,3,0,Failed,Bank Timeout,1
TXN005040,CUST01841,2026-03-21 11:55:00,876.54,Wallet,0.66,3,1,Failed,Bank Timeout,1
TXN005041,CUST01697,2026-05-26 01:29:00,2096.19,UPI,0.81,4,0,Success,None,0
TXN005042,CUST01224,2026-12-03 23:15:00,973.85,Wallet,0.91,3,0,Success,None,0
TXN005043,CUST00015,2026-01-20 01:31:00,1732.33,Wallet,0.56,1,0,Success,None,0
TXN005044,CUST01551,2026-08-12 16:22:00,3328.5,Card,0.78,0,0,Success,None,0
TXN005045,CUST00695,2026-02-19 06:01:00,4494.63,Net Banking,0.65,4,0,Success,None,0
TXN005046,CUST00348,2026-10-16 00:36:00,892.61,Net Banking,0.59,0,1,Success,None,0
TXN005047,CUST02982,2026-11-23 21:09:00,3188.0,Net Banking,0.91,0,0,Success,None,0
TXN005048,CUST01107,2026-06-22 07:15:00,619.57,Wallet,0.46,0,1,Success,None,0
TXN005049,CUST02074,2026-06-15 02:14:00,391.24,Net Banking,0.81,1,1,Success,None,0
TXN005050,CUST00565,2026-11-03 12:15:00,465.72,Wallet,0.34,2,0,Failed,Authentication Failed,0
TXN005051,CUST00057,2026-09-15 06:15:00,2638.93,Card,0.76,0,0,Success,None,0
TXN005052,CUST00782,2026-08-19 22:32:00,339.39,Wallet,0.93,4,0,Success,None,0
TXN005053,CUST01075,2026-04-13 22:29:00,734.54,Wallet,0.6,3,0,Success,None,0
TXN005054,CUST01095,2026-08-24 02:06:00,524.14,Wallet,0.31,2,1,Failed,Expired Card,0
TXN005055,CUST00428,2026-08-02 17:56:00,2854.79,Card,0.87,4,0,Success,None,0
TXN005056,CUST02353,2026-11-03 14:30:00,2220.3,Wallet,0.78,4,0,Success,None,0
TXN005057,CUST01056,2026-01-13 12:25:00,1135.13,UPI,0.44,4,1,Failed,Expired Card,0
TXN005058,CUST01285,2026-08-06 10:32:00,1396.25,Net Banking,0.95,0,0,Failed,Bank Timeout,1
TXN005059,CUST01708,2026-03-20 19:36:00,583.19,Card,0.76,3,0,Failed,Bank Timeout,0
TXN005060,CUST00912,2026-11-22 04:47:00,346.98,Card,0.38,4,0,Failed,Authentication Failed,1
TXN005061,CUST00536,2026-09-19 15:13:00,671.42,UPI,0.35,0,0,Success,None,0
TXN005062,CUST02706,2026-08-13 05:58:00,836.2,UPI,0.41,0,0,Success,None,0
TXN005063,CUST02304,2026-04-02 13:26:00,3499.14,Net Banking,0.46,2,0,Failed,Insufficient Funds,0
TXN005064,CUST02867,2026-09-07 10:06:00,446.88,UPI,0.69,0,0,Success,None,0
TXN005065,CUST01790,2026-11-28 04:22:00,2023.02,Wallet,0.61,1,0,Success,None,0
TXN005066,CUST02424,2026-12-08 21:30:00,2765.31,Card,0.74,4,0,Success,None,0
TXN005067,CUST01230,2026-05-05 03:46:00,1958.88,Wallet,0.81,1,0,Success,None,0
TXN005068,CUST02930,2026-01-24 09:06:00,257.74,Wallet,0.85,3,1,Failed,Expired Card,0
TXN005069,CUST00528,2026-07-11 11:01:00,1190.79,Card,0.78,1,1,Success,None,0
TXN005070,CUST00237,2026-01-25 12:53:00,664.34,Wallet,0.73,2,0,Failed,Authentication Failed,1
TXN005071,CUST01575,2026-09-12 02:24:00,519.08,UPI,0.77,0,0,Success,None,0
TXN005072,CUST02358,2026-04-22 09:24:00,3441.93,Net Banking,0.9,2,1,Failed,Authentication Failed,1
TXN005073,CUST01604,2026-07-07 14:52:00,2200.97,Net Banking,0.85,0,0,Success,None,0
TXN005074,CUST02813,2026-07-26 13:44:00,1987.85,Wallet,0.43,3,0,Success,None,0
TXN005075,CUST00790,2026-01-02 08:23:00,553.83,Wallet,0.37,4,0,Success,None,0
TXN005076,CUST00632,2026-10-20 17:19:00,2726.09,Wallet,0.51,1,1,Failed,Insufficient Funds,1
TXN005077,CUST02225,2026-06-01 21:22:00,2148.95,UPI,0.55,0,0,Failed,Insufficient Funds,1
TXN005078,CUST01642,2026-02-06 00:41:00,286.13,Wallet,0.5,1,0,Success,None,0
TXN005079,CUST01322,2026-09-24 16:17:00,1222.98,Wallet,0.38,2,0,Failed,Authentication Failed,1
TXN005080,CUST01138,2026-08-31 07:18:00,532.83,Wallet,0.35,2,1,Success,None,0
TXN005081,CUST01321,2026-11-20 11:32:00,3021.88,Wallet,0.37,2,0,Failed,Authentication Failed,1
TXN005082,CUST00410,2026-06-21 05:11:00,980.39,Net Banking,0.84,1,0,Success,None,0
TXN005083,CUST01125,2026-01-20 01:01:00,292.46,Wallet,0.36,0,0,Success,None,0
TXN005084,CUST02146,2026-07-09 16:44:00,595.8,Wallet,0.68,3,0,Success,None,0
TXN005085,CUST02175,2026-09-06 18:42:00,1278.62,Wallet,0.36,1,0,Success,None,0
TXN005086,CUST01464,2026-05-20 07:20:00,6037.33,UPI,0.41,0,1,Success,None,0
TXN005087,CUST01046,2026-02-26 00:51:00,2995.15,Net Banking,0.78,2,0,Success,None,0
TXN005088,CUST01052,2026-01-26 00:24:00,1736.54,Card,0.4,2,0,Failed,Expired Card,1
TXN005089,CUST01213,2026-10-19 21:08:00,800.76,Wallet,0.63,0,0,Success,None,0
TXN005090,CUST00826,2026-11-29 02:28:00,916.08,Card,0.69,4,1,Failed,Expired Card,0
TXN005091,CUST00070,2026-11-01 13:25:00,958.61,Wallet,0.95,4,0,Success,None,0
TXN005092,CUST01925,2026-06-14 19:11:00,1236.45,Net Banking,0.56,0,0,Success,None,0
TXN005093,CUST01005,2026-01-17 14:18:00,1598.3,UPI,0.34,3,0,Success,None,0
TXN005094,CUST01097,2026-07-06 15:59:00,2416.96,Net Banking,0.4,1,0,Success,None,0
TXN005095,CUST00249,2026-10-18 07:01:00,442.3,Wallet,0.42,1,0,Success,None,0
TXN005096,CUST02996,2026-01-12 01:36:00,1628.8,Net Banking,0.59,0,0,Success,None,0
TXN005097,CUST00284,2026-09-01 04:50:00,4537.04,Net Banking,0.64,1,0,Success,None,0
TXN005098,CUST02392,2026-10-27 21:21:00,1124.87,UPI,0.55,3,0,Success,None,0
TXN005099,CUST02443,2026-02-19 03:01:00,337.03,Wallet,0.95,3,1,Success,None,0
TXN005100,CUST01379,2026-02-09 20:57:00,961.4,Net Banking,0.34,1,0,Success,None,0
TXN005101,CUST01486,2026-07-11 17:44:00,552.39,Card,0.47,3,0,Success,None,0
TXN005102,CUST01224,2026-06-18 22:49:00,1625.31,UPI,0.85,2,0,Failed,Bank Timeout,1
TXN005103,CUST01547,2026-07-05 11:32:00,2129.06,Net Banking,0.42,3,0,Failed,Insufficient Funds,0
TXN005104,CUST02041,2026-09-04 10:14:00,297.23,Net Banking,0.85,1,0,Success,None,0
TXN005105,CUST01380,2026-02-21 02:26:00,503.08,UPI,0.57,4,0,Success,None,0
TXN005106,CUST00005,2026-04-09 09:36:00,230.12,Wallet,0.84,1,0,Success,None,0
TXN005107,CUST02666,2026-02-02 18:38:00,2146.04,Card,0.73,0,0,Success,None,0
TXN005108,CUST02173,2026-05-01 22:08:00,187.42,Net Banking,0.87,4,0,Success,None,0
TXN005109,CUST02501,2026-03-11 14:49:00,2802.64,Net Banking,0.83,0,1,Success,None,0
TXN005110,CUST00630,2026-02-05 02:05:00,1111.71,Net Banking,0.97,0,0,Success,None,0
TXN005111,CUST02724,2026-04-15 00:30:00,1687.89,Wallet,0.84,3,1,Success,None,0
TXN005112,CUST01886,2026-12-12 09:09:00,847.58,Wallet,0.34,2,0,Success,None,0
TXN005113,CUST02689,2026-07-06 22:54:00,1107.93,UPI,0.41,2,0,Failed,Authentication Failed,1
TXN005114,CUST02813,2026-03-15 08:26:00,430.61,Net Banking,0.74,4,0,Success,None,0
TXN005115,CUST02052,2026-11-02 12:09:00,854.93,UPI,0.42,4,0,Success,None,0
TXN005116,CUST02628,2026-09-11 12:38:00,629.64,Net Banking,0.52,4,1,Failed,Expired Card,0
TXN005117,CUST00435,2026-02-27 22:52:00,3190.98,Net Banking,0.75,4,1,Success,None,0
TXN005118,CUST02649,2026-11-21 14:02:00,2323.64,Card,0.44,1,0,Success,None,0
TXN005119,CUST00128,2026-09-18 20:16:00,1415.58,Wallet,0.76,2,1,Success,None,0
TXN005120,CUST00679,2026-11-02 08:10:00,2834.56,Net Banking,0.34,3,1,Failed,Authentication Failed,0
TXN005121,CUST02115,2026-11-06 05:21:00,180.26,Net Banking,0.83,1,0,Success,None,0
TXN005122,CUST00789,2026-05-27 16:12:00,1826.33,Wallet,0.31,0,1,Success,None,0
TXN005123,CUST02419,2026-05-16 06:28:00,605.05,Card,0.97,1,0,Success,None,0
TXN005124,CUST02170,2026-07-16 22:18:00,1656.42,UPI,0.62,0,1,Failed,Expired Card,0
TXN005125,CUST01208,2026-10-27 18:21:00,332.97,Card,0.88,1,1,Failed,Network Error,1
TXN005126,CUST02307,2026-08-15 18:36:00,398.98,Net Banking,0.7,2,1,Success,None,0
TXN005127,CUST01722,2026-02-18 14:41:00,671.88,UPI,0.34,1,0,Success,None,0
TXN005128,CUST02970,2026-08-27 00:40:00,1210.22,Wallet,0.89,1,0,Success,None,0
TXN005129,CUST00488,2026-02-25 03:51:00,926.44,Wallet,0.98,3,0,Success,None,0
TXN005130,CUST00934,2026-01-14 01:48:00,7423.67,Card,0.99,3,0,Success,None,0
TXN005131,CUST01296,2026-01-21 06:05:00,1030.42,Wallet,0.88,2,1,Success,None,0
TXN005132,CUST01909,2026-09-14 01:14:00,1200.17,Net Banking,0.97,3,0,Success,None,0
TXN005133,CUST00290,2026-06-30 17:36:00,1269.33,Net Banking,0.78,3,1,Failed,Network Error,1
TXN005134,CUST00830,2026-10-26 00:32:00,588.24,Net Banking,0.72,4,0,Success,None,0
TXN005135,CUST01854,2026-07-07 05:02:00,510.78,UPI,0.96,1,1,Success,None,0
TXN005136,CUST01445,2026-04-27 15:44:00,845.21,UPI,0.3,4,0,Success,None,0
TXN005137,CUST02468,2026-05-15 13:33:00,3155.71,Wallet,0.62,0,0,Success,None,0
TXN005138,CUST00687,2026-07-04 01:22:00,301.53,Wallet,0.6,3,0,Failed,Network Error,0
TXN005139,CUST01684,2026-11-10 13:40:00,2094.0,Wallet,0.4,1,0,Success,None,0
TXN005140,CUST00070,2026-01-29 20:42:00,509.55,Card,0.61,3,1,Failed,Bank Timeout,1
TXN005141,CUST02432,2026-03-07 16:25:00,1291.37,Card,0.76,3,0,Failed,Insufficient Funds,0
TXN005142,CUST02589,2026-07-19 05:20:00,424.24,UPI,0.43,2,0,Failed,Expired Card,0
TXN005143,CUST00634,2026-11-05 12:07:00,1041.57,UPI,0.39,4,1,Success,None,0
TXN005144,CUST02093,2026-08-25 05:47:00,76.43,UPI,0.73,1,0,Failed,Authentication Failed,1
TXN005145,CUST01646,2026-11-14 21:03:00,1382.43,UPI,0.38,3,0,Failed,Insufficient Funds,1
TXN005146,CUST01863,2026-03-21 21:32:00,3139.22,UPI,0.66,4,0,Success,None,0
TXN005147,CUST00602,2026-05-22 03:05:00,243.82,Wallet,0.93,4,0,Success,None,0
TXN005148,CUST00918,2026-08-29 18:59:00,260.45,Card,0.7,2,1,Failed,Network Error,1
TXN005149,CUST00190,2026-01-17 02:33:00,243.73,Wallet,0.99,1,0,Success,None,0
TXN005150,CUST02011,2026-07-06 01:28:00,3316.92,Wallet,0.82,2,1,Success,None,0
TXN005151,CUST02125,2026-05-04 04:16:00,375.8,Wallet,0.51,1,0,Success,None,0
TXN005152,CUST02829,2026-10-19 09:42:00,963.96,Net Banking,0.62,3,0,Success,None,0
TXN005153,CUST01812,2026-10-06 20:54:00,1121.53,Wallet,0.75,1,0,Success,None,0
TXN005154,CUST02696,2026-04-28 13:35:00,425.43,Card,0.92,1,0,Success,None,0
TXN005155,CUST01394,2026-06-10 04:35:00,1495.8,Net Banking,0.56,0,0,Success,None,0
TXN005156,CUST01465,2026-07-11 01:45:00,582.09,UPI,0.58,1,0,Success,None,0
TXN005157,CUST02531,2026-07-08 01:55:00,1363.99,Wallet,0.68,4,0,Failed,Network Error,1
TXN005158,CUST01079,2026-05-14 20:31:00,3718.4,Net Banking,0.68,0,0,Success,None,0
TXN005159,CUST00429,2026-01-24 06:17:00,771.44,Card,0.8,0,0,Success,None,0
TXN005160,CUST01980,2026-10-01 23:49:00,2719.03,Net Banking,0.46,0,0,Success,None,0
TXN005161,CUST00930,2026-03-14 06:06:00,928.15,Card,0.62,2,0,Success,None,0
TXN005162,CUST02195,2026-04-29 01:46:00,716.64,Wallet,0.52,3,0,Success,None,0
TXN005163,CUST02187,2026-09-28 18:09:00,644.14,Wallet,0.66,4,0,Success,None,0
TXN005164,CUST02388,2026-08-13 23:22:00,687.56,UPI,0.33,3,1,Failed,Authentication Failed,0
TXN005165,CUST00583,2026-10-20 20:03:00,2917.52,UPI,0.66,1,0,Failed,Network Error,0
TXN005166,CUST01747,2026-04-06 21:39:00,503.85,Net Banking,0.51,4,0,Success,None,0
TXN005167,CUST01938,2026-01-10 00:10:00,7590.74,Wallet,0.53,4,0,Success,None,0
TXN005168,CUST01734,2026-10-24 12:21:00,1069.63,Card,0.62,3,0,Success,None,0
TXN005169,CUST00272,2026-12-08 09:09:00,81.43,UPI,0.55,3,0,Success,None,0
TXN005170,CUST02512,2026-03-21 14:24:00,5941.23,Card,0.38,2,1,Success,None,0
TXN005171,CUST02073,2026-05-10 06:37:00,1575.14,Wallet,0.85,1,0,Success,None,0
TXN005172,CUST01500,2026-08-07 23:17:00,1275.98,Wallet,0.38,3,0,Failed,Bank Timeout,1
TXN005173,CUST00957,2026-07-23 17:30:00,1432.35,Wallet,0.83,0,1,Success,None,0
TXN005174,CUST02911,2026-07-25 16:28:00,1648.89,Card,0.65,0,0,Failed,Insufficient Funds,1
TXN005175,CUST02291,2026-08-22 22:32:00,1532.22,Net Banking,0.41,2,0,Success,None,0
TXN005176,CUST00929,2026-04-20 06:11:00,639.09,Card,0.78,1,0,Success,None,0
TXN005177,CUST01540,2026-07-20 05:53:00,792.77,UPI,0.52,2,0,Success,None,0
TXN005178,CUST02568,2026-08-01 07:00:00,578.78,Net Banking,0.38,2,0,Success,None,0
TXN005179,CUST01594,2026-11-28 11:02:00,629.95,Wallet,0.8,0,1,Success,None,0
TXN005180,CUST01229,2026-11-05 05:20:00,1739.32,Card,0.82,2,1,Failed,Authentication Failed,1
TXN005181,CUST01593,2026-05-06 17:56:00,648.05,Net Banking,0.86,1,0,Success,None,0
TXN005182,CUST02232,2026-12-02 12:52:00,390.15,Net Banking,0.95,2,0,Failed,Authentication Failed,1
TXN005183,CUST02498,2026-01-24 04:06:00,465.63,Net Banking,0.53,0,1,Success,None,0
TXN005184,CUST00013,2026-12-12 06:24:00,2375.29,Wallet,0.37,2,0,Success,None,0
TXN005185,CUST00679,2026-05-28 06:28:00,2637.69,Card,0.88,0,0,Failed,Expired Card,0
TXN005186,CUST02645,2026-03-24 23:39:00,345.05,UPI,0.67,2,0,Success,None,0
TXN005187,CUST01121,2026-09-12 12:23:00,1591.01,Net Banking,0.58,3,1,Success,None,0
TXN005188,CUST02889,2026-10-25 13:39:00,387.55,UPI,0.72,4,0,Success,None,0
TXN005189,CUST02843,2026-04-15 18:50:00,919.65,Card,0.45,3,1,Success,None,0
TXN005190,CUST00527,2026-07-15 03:45:00,1981.33,UPI,0.74,4,0,Success,None,0
TXN005191,CUST01183,2026-10-08 14:02:00,1742.94,Wallet,0.81,1,0,Failed,Insufficient Funds,1
TXN005192,CUST01740,2026-07-29 09:37:00,1081.93,Card,0.98,2,0,Success,None,0
TXN005193,CUST02897,2026-07-23 02:23:00,898.01,Wallet,0.82,1,0,Success,None,0
TXN005194,CUST01703,2026-06-17 08:44:00,1673.77,Card,0.51,3,1,Success,None,0
TXN005195,CUST02457,2026-05-31 16:23:00,834.67,UPI,0.88,3,1,Success,None,0
TXN005196,CUST00320,2026-04-25 02:56:00,6927.62,Wallet,0.9,0,0,Success,None,0
TXN005197,CUST00986,2026-10-23 09:18:00,162.96,Wallet,0.88,2,0,Success,None,0
TXN005198,CUST00551,2026-09-05 14:21:00,905.4,UPI,0.47,1,0,Success,None,0
TXN005199,CUST01101,2026-01-27 08:22:00,1547.0,Card,0.54,4,0,Failed,Bank Timeout,0
TXN005200,CUST01735,2026-11-21 10:34:00,576.48,Wallet,0.84,4,0,Success,None,0
TXN005201,CUST02000,2026-02-04 03:31:00,2585.69,Wallet,0.83,2,0,Success,None,0
TXN005202,CUST01853,2026-04-30 04:50:00,1499.5,Wallet,0.97,4,0,Failed,Bank Timeout,0
TXN005203,CUST01131,2026-04-10 21:17:00,1915.14,Net Banking,0.39,3,0,Success,None,0
TXN005204,CUST00111,2026-03-18 22:16:00,158.38,Net Banking,0.73,4,0,Success,None,0
TXN005205,CUST01436,2026-04-21 16:47:00,2780.32,Card,0.45,0,1,Success,None,0
TXN005206,CUST01477,2026-02-21 00:19:00,974.84,Wallet,0.98,3,0,Success,None,0
TXN005207,CUST00216,2026-03-31 16:29:00,2473.69,Wallet,0.42,0,1,Success,None,0
TXN005208,CUST00526,2026-01-25 04:56:00,1811.41,Wallet,0.73,3,0,Failed,Expired Card,1
TXN005209,CUST02634,2026-05-10 14:54:00,1414.74,Net Banking,0.4,3,0,Success,None,0
TXN005210,CUST02619,2026-09-07 12:19:00,703.09,Card,0.55,1,1,Success,None,0
TXN005211,CUST01539,2026-04-19 17:28:00,2489.22,Wallet,0.66,2,0,Success,None,0
TXN005212,CUST00108,2026-01-01 21:40:00,2741.5,UPI,0.58,1,0,Success,None,0
TXN005213,CUST01371,2026-09-23 06:40:00,422.65,Card,0.82,2,0,Success,None,0
TXN005214,CUST01111,2026-11-15 13:54:00,561.04,Card,0.89,2,0,Failed,Expired Card,0
TXN005215,CUST01971,2026-07-14 05:18:00,993.62,Wallet,0.54,1,0,Success,None,0
TXN005216,CUST02346,2026-06-20 16:37:00,740.9,Card,0.98,0,0,Success,None,0
TXN005217,CUST00957,2026-12-03 20:05:00,1696.3,Card,0.98,0,0,Success,None,0
TXN005218,CUST01131,2026-05-17 02:14:00,2229.57,Net Banking,0.35,3,0,Success,None,0
TXN005219,CUST01198,2026-02-24 04:22:00,829.02,Wallet,0.48,4,0,Success,None,0
TXN005220,CUST00381,2026-09-11 15:42:00,1119.39,Net Banking,0.95,0,0,Success,None,0
TXN005221,CUST02155,2026-08-03 16:24:00,1113.61,Wallet,0.89,4,1,Success,None,0
TXN005222,CUST00876,2026-11-15 12:32:00,325.77,Net Banking,0.73,0,0,Success,None,0
TXN005223,CUST01186,2026-04-14 21:59:00,2444.26,UPI,0.62,0,0,Success,None,0
TXN005224,CUST01806,2026-06-04 17:03:00,1096.77,Card,0.94,3,1,Failed,Insufficient Funds,1
TXN005225,CUST00213,2026-07-02 18:57:00,2849.84,Card,1.0,4,0,Failed,Insufficient Funds,0
TXN005226,CUST00410,2026-03-30 13:11:00,401.94,UPI,0.3,4,1,Failed,Insufficient Funds,1
TXN005227,CUST00845,2026-04-29 04:09:00,261.29,Net Banking,0.39,4,0,Success,None,0
TXN005228,CUST00266,2026-06-07 16:47:00,1594.15,UPI,0.45,2,0,Failed,Authentication Failed,1
TXN005229,CUST00700,2026-06-26 21:43:00,4511.31,Wallet,0.31,0,0,Failed,Expired Card,0
TXN005230,CUST02248,2026-01-17 12:09:00,2365.14,UPI,0.53,3,0,Success,None,0
TXN005231,CUST02585,2026-06-04 02:22:00,1698.33,Wallet,0.54,4,0,Success,None,0
TXN005232,CUST00528,2026-11-02 10:51:00,2979.86,Net Banking,0.89,2,1,Success,None,0
TXN005233,CUST01666,2026-02-21 23:41:00,1914.44,UPI,0.7,4,0,Failed,Authentication Failed,0
TXN005234,CUST01002,2026-12-09 23:53:00,2071.99,Card,0.44,0,0,Success,None,0
TXN005235,CUST00735,2026-05-28 04:20:00,1641.43,Net Banking,0.63,1,0,Success,None,0
TXN005236,CUST00217,2026-01-20 17:52:00,1605.66,UPI,0.37,1,0,Success,None,0
TXN005237,CUST02058,2026-08-24 13:51:00,1410.6,Card,0.4,3,0,Success,None,0
TXN005238,CUST02849,2026-11-30 07:52:00,2089.58,Net Banking,0.99,0,0,Success,None,0
TXN005239,CUST00689,2026-02-04 21:26:00,3316.75,Card,0.82,2,0,Success,None,0
TXN005240,CUST00629,2026-05-29 20:39:00,1601.28,Net Banking,0.38,0,1,Success,None,0
TXN005241,CUST00151,2026-01-28 10:44:00,1875.86,Wallet,0.91,0,0,Success,None,0
TXN005242,CUST01310,2026-01-07 22:50:00,1428.13,Net Banking,0.66,4,0,Success,None,0
TXN005243,CUST01646,2026-03-16 22:21:00,256.46,UPI,0.48,3,0,Success,None,0
TXN005244,CUST00528,2026-04-12 04:06:00,281.44,Card,0.99,1,0,Success,None,0
TXN005245,CUST00130,2026-11-13 09:58:00,1555.29,UPI,0.48,2,0,Failed,Expired Card,0
TXN005246,CUST00755,2026-05-16 14:24:00,1201.57,Card,0.36,1,0,Failed,Authentication Failed,1
TXN005247,CUST02683,2026-08-30 11:36:00,846.48,Card,0.97,0,0,Success,None,0
TXN005248,CUST00310,2026-04-04 05:11:00,914.75,UPI,0.61,0,0,Success,None,0
TXN005249,CUST00857,2026-03-12 01:35:00,2487.32,Net Banking,0.79,1,0,Success,None,0
TXN005250,CUST02629,2026-03-08 02:16:00,3752.9,Card,0.91,1,0,Success,None,0
TXN005251,CUST00479,2026-03-30 13:36:00,1177.9,Wallet,0.49,1,0,Success,None,0
TXN005252,CUST01375,2026-05-02 08:02:00,2410.66,Net Banking,0.68,3,0,Success,None,0
TXN005253,CUST00888,2026-07-02 06:17:00,1007.37,Card,0.96,2,0,Failed,Authentication Failed,0
TXN005254,CUST01221,2026-06-05 21:38:00,749.23,Net Banking,0.97,4,1,Success,None,0
TXN005255,CUST00710,2026-06-06 08:08:00,5252.83,UPI,0.91,2,1,Success,None,0
TXN005256,CUST01097,2026-09-23 16:03:00,2161.95,Card,0.74,1,0,Success,None,0
TXN005257,CUST01014,2026-08-20 19:11:00,193.22,Net Banking,0.85,3,1,Failed,Authentication Failed,0
TXN005258,CUST01134,2026-03-06 13:40:00,527.39,Card,0.52,4,0,Success,None,0
TXN005259,CUST00951,2026-10-31 22:56:00,1731.99,Wallet,0.34,2,1,Failed,Insufficient Funds,0
TXN005260,CUST02820,2026-05-28 04:41:00,299.72,Net Banking,0.43,1,1,Failed,Network Error,0
TXN005261,CUST02305,2026-06-27 15:33:00,985.04,Net Banking,0.32,0,0,Success,None,0
TXN005262,CUST00646,2026-11-14 14:36:00,545.62,Wallet,0.79,2,0,Failed,Expired Card,0
TXN005263,CUST02538,2026-04-20 06:43:00,4450.06,UPI,0.53,3,1,Success,None,0
TXN005264,CUST01092,2026-03-21 19:11:00,408.69,UPI,0.8,3,0,Success,None,0
TXN005265,CUST01657,2026-02-27 23:34:00,1170.75,Card,0.37,4,0,Failed,Network Error,1
TXN005266,CUST01110,2026-09-20 00:39:00,1135.46,Wallet,0.65,3,1,Success,None,0
TXN005267,CUST02732,2026-03-17 20:50:00,2517.4,Net Banking,0.75,1,0,Success,None,0
TXN005268,CUST00522,2026-09-30 07:34:00,407.27,Wallet,0.38,4,0,Success,None,0
TXN005269,CUST00632,2026-11-16 11:05:00,981.38,Card,0.95,2,0,Success,None,0
TXN005270,CUST02023,2026-04-19 10:18:00,184.67,Wallet,0.31,4,0,Failed,Insufficient Funds,0
TXN005271,CUST01945,2026-08-22 08:44:00,1162.25,Net Banking,0.47,0,0,Success,None,0
TXN005272,CUST02642,2026-09-29 05:26:00,3697.88,Wallet,0.69,3,0,Success,None,0
TXN005273,CUST01328,2026-12-09 07:28:00,3277.14,Card,0.64,2,0,Success,None,0
TXN005274,CUST01683,2026-07-02 02:54:00,2471.24,Net Banking,0.87,4,0,Success,None,0
TXN005275,CUST01010,2026-05-31 08:29:00,1084.09,Wallet,0.35,4,0,Success,None,0
TXN005276,CUST01611,2026-04-18 18:47:00,1252.3,UPI,0.33,4,0,Failed,Expired Card,0
TXN005277,CUST02418,2026-06-01 04:46:00,1061.01,Wallet,0.32,1,0,Success,None,0
TXN005278,CUST01452,2026-02-06 22:58:00,4324.68,UPI,0.59,1,0,Success,None,0
TXN005279,CUST02111,2026-02-02 04:18:00,4887.45,Wallet,0.45,1,1,Success,None,0
TXN005280,CUST01003,2026-10-21 14:27:00,1093.21,UPI,0.8,0,1,Success,None,0
TXN005281,CUST01942,2026-01-22 10:56:00,1048.16,Card,0.78,1,1,Failed,Authentication Failed,1
TXN005282,CUST00017,2026-07-15 06:18:00,734.06,Card,0.96,0,0,Success,None,0
TXN005283,CUST01975,2026-07-22 09:48:00,1786.81,Wallet,0.65,4,0,Success,None,0
TXN005284,CUST01584,2026-02-12 21:34:00,4074.9,Card,0.39,2,0,Success,None,0
TXN005285,CUST00502,2026-10-13 08:32:00,457.88,Card,0.93,2,1,Success,None,0
TXN005286,CUST02426,2026-05-25 11:49:00,2193.07,Card,0.87,2,1,Failed,Bank Timeout,0
TXN005287,CUST02632,2026-09-30 13:56:00,508.78,Net Banking,0.75,2,0,Failed,Expired Card,0
TXN005288,CUST01592,2026-10-01 07:18:00,1468.97,Card,0.42,2,0,Failed,Authentication Failed,1
TXN005289,CUST00784,2026-06-17 11:37:00,348.84,Card,0.65,4,0,Failed,Bank Timeout,0
TXN005290,CUST00047,2026-10-26 19:01:00,10502.13,Net Banking,0.79,1,1,Success,None,0
TXN005291,CUST02072,2026-03-08 02:09:00,1416.33,Net Banking,0.8,0,0,Success,None,0
TXN005292,CUST02878,2026-07-26 11:53:00,2158.28,Wallet,0.3,3,0,Success,None,0
TXN005293,CUST00363,2026-06-14 09:14:00,982.43,Wallet,0.56,4,1,Success,None,0
TXN005294,CUST01687,2026-03-21 12:51:00,1204.84,UPI,0.76,4,0,Success,None,0
TXN005295,CUST00904,2026-01-12 23:08:00,924.75,Net Banking,0.37,4,0,Failed,Insufficient Funds,1
TXN005296,CUST00441,2026-10-13 21:46:00,457.0,Wallet,0.93,1,0,Success,None,0
TXN005297,CUST00466,2026-07-26 16:31:00,603.19,UPI,0.57,3,0,Success,None,0
TXN005298,CUST02996,2026-10-05 05:22:00,557.2,Net Banking,0.57,4,0,Failed,Insufficient Funds,1
TXN005299,CUST00928,2026-04-09 23:52:00,1198.88,Card,0.61,1,0,Success,None,0
TXN005300,CUST01951,2026-08-28 03:07:00,949.42,Card,0.78,3,1,Failed,Bank Timeout,1
TXN005301,CUST02186,2026-01-17 14:22:00,2113.24,Net Banking,0.56,0,0,Failed,Expired Card,1
TXN005302,CUST00363,2026-11-11 22:16:00,2337.87,Net Banking,0.5,0,0,Failed,Authentication Failed,1
TXN005303,CUST02460,2026-01-27 21:51:00,496.74,Wallet,0.37,1,0,Success,None,0
TXN005304,CUST02230,2026-05-26 19:14:00,926.68,Net Banking,0.71,0,0,Success,None,0
TXN005305,CUST01159,2026-10-08 22:51:00,3131.24,UPI,0.44,4,0,Success,None,0
TXN005306,CUST00195,2026-11-22 08:40:00,440.04,UPI,0.39,2,0,Failed,Insufficient Funds,0
TXN005307,CUST02170,2026-11-07 15:30:00,2026.64,Card,0.53,4,1,Failed,Authentication Failed,0
TXN005308,CUST01656,2026-09-30 08:02:00,1186.74,UPI,0.79,4,0,Success,None,0
TXN005309,CUST02543,2026-03-31 17:29:00,494.31,UPI,0.43,4,0,Success,None,0
TXN005310,CUST00592,2026-04-04 20:50:00,2915.38,Net Banking,0.65,0,0,Failed,Expired Card,1
TXN005311,CUST01239,2026-11-20 08:49:00,295.71,Net Banking,0.52,4,0,Failed,Bank Timeout,1
TXN005312,CUST00859,2026-01-28 04:37:00,292.97,UPI,0.98,2,0,Success,None,0
TXN005313,CUST00252,2026-06-26 19:47:00,1280.55,Wallet,0.77,3,0,Failed,Expired Card,1
TXN005314,CUST00842,2026-01-22 09:27:00,1091.03,UPI,0.94,4,1,Success,None,0
TXN005315,CUST01327,2026-11-08 08:57:00,671.05,UPI,0.43,3,0,Failed,Insufficient Funds,1
TXN005316,CUST00476,2026-10-12 23:15:00,1036.25,Wallet,0.59,1,0,Failed,Insufficient Funds,1
TXN005317,CUST00067,2026-11-26 22:36:00,226.06,Net Banking,0.63,1,0,Success,None,0
TXN005318,CUST02741,2026-12-06 15:23:00,642.06,Wallet,0.75,0,0,Success,None,0
TXN005319,CUST01186,2026-02-18 05:58:00,1115.57,UPI,0.84,0,0,Success,None,0
TXN005320,CUST02589,2026-02-19 18:39:00,2819.8,Wallet,0.88,2,0,Success,None,0
TXN005321,CUST02856,2026-06-08 19:02:00,574.97,Wallet,0.93,0,0,Success,None,0
TXN005322,CUST02090,2026-05-19 13:25:00,1369.17,Wallet,0.83,2,1,Failed,Network Error,0
TXN005323,CUST00769,2026-03-28 23:02:00,816.75,Wallet,0.7,4,0,Failed,Expired Card,0
TXN005324,CUST00154,2026-08-12 19:02:00,746.74,UPI,0.73,3,0,Failed,Insufficient Funds,0
TXN005325,CUST00501,2026-03-03 15:32:00,282.12,Wallet,0.62,4,0,Failed,Bank Timeout,1
TXN005326,CUST00488,2026-11-16 07:09:00,2523.33,Card,0.32,2,0,Success,None,0
TXN005327,CUST00312,2026-12-01 23:47:00,1108.38,UPI,0.57,1,0,Success,None,0
TXN005328,CUST00893,2026-05-30 15:03:00,7222.12,Net Banking,0.57,2,0,Success,None,0
TXN005329,CUST02712,2026-01-25 04:28:00,269.31,Wallet,0.43,1,1,Success,None,0
TXN005330,CUST02245,2026-05-03 17:55:00,874.82,Wallet,0.89,2,0,Failed,Bank Timeout,1
TXN005331,CUST00719,2026-11-22 06:50:00,1444.55,Net Banking,0.95,3,0,Success,None,0
TXN005332,CUST00009,2026-04-14 00:51:00,2821.37,UPI,0.99,1,0,Success,None,0
TXN005333,CUST02952,2026-08-01 12:52:00,1895.22,Wallet,0.56,0,1,Success,None,0
TXN005334,CUST02133,2026-06-05 01:44:00,391.83,Net Banking,0.51,4,0,Success,None,0
TXN005335,CUST02477,2026-01-22 05:54:00,1774.0,Wallet,0.39,2,0,Failed,Insufficient Funds,1
TXN005336,CUST00435,2026-06-07 12:52:00,4863.59,Net Banking,0.92,4,0,Failed,Authentication Failed,0
TXN005337,CUST02718,2026-05-14 02:50:00,4696.74,Net Banking,0.38,3,0,Failed,Network Error,0
TXN005338,CUST00597,2026-08-21 08:15:00,1278.9,Net Banking,0.49,1,1,Failed,Insufficient Funds,1
TXN005339,CUST00640,2026-02-18 12:31:00,828.37,Wallet,0.75,3,1,Success,None,0
TXN005340,CUST01660,2026-04-05 07:05:00,742.4,Net Banking,0.69,2,0,Failed,Authentication Failed,0
TXN005341,CUST01952,2026-01-31 05:17:00,652.84,UPI,0.85,0,0,Success,None,0
TXN005342,CUST02679,2026-11-02 09:49:00,953.27,Net Banking,0.93,2,0,Failed,Bank Timeout,1
TXN005343,CUST01549,2026-11-10 12:48:00,754.2,UPI,0.67,4,1,Failed,Bank Timeout,0
TXN005344,CUST00166,2026-10-11 06:31:00,438.24,Net Banking,0.68,4,1,Success,None,0
TXN005345,CUST00022,2026-05-29 23:27:00,1609.8,UPI,1.0,0,1,Success,None,0
TXN005346,CUST02754,2026-06-26 21:31:00,882.53,UPI,0.84,2,0,Success,None,0
TXN005347,CUST02197,2026-06-21 17:53:00,385.57,Card,0.77,1,0,Success,None,0
TXN005348,CUST00691,2026-02-14 07:33:00,1406.39,Wallet,0.99,1,0,Success,None,0
TXN005349,CUST02702,2026-03-25 12:15:00,2279.99,Net Banking,0.99,1,0,Failed,Bank Timeout,1
TXN005350,CUST00742,2026-04-14 08:49:00,440.94,Card,0.68,1,0,Failed,Insufficient Funds,1
TXN005351,CUST01930,2026-07-11 12:20:00,2186.12,Net Banking,0.33,2,0,Failed,Bank Timeout,0
TXN005352,CUST02483,2026-01-12 15:10:00,806.09,Net Banking,0.97,4,0,Success,None,0
TXN005353,CUST01118,2026-09-22 10:25:00,1758.5,UPI,0.32,0,0,Success,None,0
TXN005354,CUST01853,2026-03-25 01:48:00,1010.49,Net Banking,0.75,4,0,Failed,Network Error,1
TXN005355,CUST02886,2026-05-07 08:23:00,3116.66,UPI,0.41,0,0,Failed,Insufficient Funds,0
TXN005356,CUST00796,2026-12-04 17:53:00,337.79,Net Banking,0.83,2,1,Success,None,0
TXN005357,CUST00675,2026-12-03 05:58:00,560.13,Card,0.65,4,0,Success,None,0
TXN005358,CUST01789,2026-08-21 20:31:00,728.59,UPI,0.42,2,0,Success,None,0
TXN005359,CUST02005,2026-08-07 00:21:00,445.98,Net Banking,0.53,4,0,Success,None,0
TXN005360,CUST02148,2026-02-16 11:12:00,737.66,Wallet,0.81,1,0,Success,None,0
TXN005361,CUST00299,2026-02-07 06:08:00,442.68,UPI,0.94,0,0,Success,None,0
TXN005362,CUST02918,2026-04-20 16:38:00,1169.47,Net Banking,0.78,2,0,Failed,Insufficient Funds,1
TXN005363,CUST00518,2026-12-05 13:01:00,2970.53,Net Banking,0.59,4,0,Failed,Network Error,1
TXN005364,CUST01924,2026-10-19 05:20:00,1592.59,Net Banking,0.4,4,1,Failed,Authentication Failed,0
TXN005365,CUST02576,2026-03-05 19:40:00,895.61,Net Banking,1.0,1,0,Failed,Insufficient Funds,1
TXN005366,CUST00093,2026-10-03 06:06:00,501.09,Card,0.94,3,0,Success,None,0
TXN005367,CUST02039,2026-09-03 06:46:00,2858.17,Net Banking,0.65,4,0,Success,None,0
TXN005368,CUST01904,2026-09-01 01:52:00,1912.63,Card,0.33,4,0,Failed,Bank Timeout,1
TXN005369,CUST00909,2026-04-02 05:36:00,2087.02,UPI,0.69,4,1,Failed,Bank Timeout,1
TXN005370,CUST02443,2026-04-27 02:54:00,1015.67,Wallet,0.59,4,0,Success,None,0
TXN005371,CUST02264,2026-11-30 03:05:00,4224.24,Net Banking,0.8,2,0,Success,None,0
TXN005372,CUST01525,2026-09-12 02:06:00,2940.05,Wallet,0.74,4,0,Failed,Insufficient Funds,0
TXN005373,CUST00765,2026-10-31 16:36:00,2275.4,Net Banking,1.0,4,0,Success,None,0
TXN005374,CUST02469,2026-09-09 00:41:00,2209.42,Wallet,0.88,3,0,Success,None,0
TXN005375,CUST01472,2026-01-06 09:05:00,1089.8,Net Banking,0.71,1,1,Success,None,0
TXN005376,CUST00274,2026-05-01 17:12:00,419.96,Wallet,0.89,0,1,Success,None,0
TXN005377,CUST01883,2026-06-14 16:40:00,2216.74,Wallet,0.69,1,0,Success,None,0
TXN005378,CUST01521,2026-01-31 05:12:00,534.21,Net Banking,0.41,3,0,Success,None,0
TXN005379,CUST01304,2026-05-31 20:51:00,2858.9,Wallet,0.68,1,1,Failed,Insufficient Funds,1
TXN005380,CUST01714,2026-04-19 19:18:00,1453.15,Card,0.57,4,0,Success,None,0
TXN005381,CUST00574,2026-08-20 04:52:00,1693.06,UPI,0.58,2,0,Failed,Insufficient Funds,1
TXN005382,CUST00797,2026-08-13 06:23:00,1072.85,Net Banking,0.96,3,1,Failed,Expired Card,0
TXN005383,CUST02623,2026-04-18 16:23:00,932.15,Card,0.36,4,1,Success,None,0
TXN005384,CUST01235,2026-11-10 00:00:00,794.03,Net Banking,0.71,3,1,Success,None,0
TXN005385,CUST01324,2026-09-03 20:58:00,6670.18,Card,0.7,0,0,Success,None,0
TXN005386,CUST00985,2026-03-05 09:23:00,1247.08,Card,0.89,1,0,Success,None,0
TXN005387,CUST01235,2026-10-07 04:20:00,1761.08,Card,0.43,4,0,Success,None,0
TXN005388,CUST01122,2026-09-16 07:09:00,1805.17,UPI,0.44,0,1,Success,None,0
TXN005389,CUST01261,2026-05-05 12:30:00,953.85,Card,0.88,0,0,Success,None,0
TXN005390,CUST01632,2026-04-30 06:51:00,613.7,Card,0.82,4,0,Success,None,0
TXN005391,CUST01292,2026-11-04 23:06:00,674.88,Net Banking,0.34,3,0,Success,None,0
TXN005392,CUST01574,2026-07-25 00:26:00,889.98,UPI,0.81,1,1,Success,None,0
TXN005393,CUST00062,2026-03-01 21:47:00,438.16,Wallet,0.97,1,0,Failed,Network Error,1
TXN005394,CUST00252,2026-03-22 16:34:00,322.23,Wallet,0.52,1,0,Failed,Bank Timeout,1
TXN005395,CUST02768,2026-05-11 15:33:00,2898.38,Net Banking,0.8,4,0,Success,None,0
TXN005396,CUST00911,2026-08-22 00:43:00,523.34,Card,0.84,0,0,Success,None,0
TXN005397,CUST02152,2026-01-17 18:44:00,2438.12,Card,0.71,3,0,Failed,Network Error,0
TXN005398,CUST00573,2026-05-23 20:03:00,529.45,UPI,0.68,4,1,Success,None,0
TXN005399,CUST02827,2026-06-11 03:41:00,977.06,Card,0.66,4,0,Success,None,0
TXN005400,CUST00407,2026-12-13 08:23:00,2447.71,Card,0.61,3,0,Success,None,0
TXN005401,CUST02459,2026-01-10 15:03:00,807.77,Card,0.73,1,0,Success,None,0
TXN005402,CUST00357,2026-07-17 04:20:00,1388.35,Net Banking,0.72,3,1,Success,None,0
TXN005403,CUST00489,2026-08-03 22:28:00,638.03,Card,0.56,2,0,Success,None,0
TXN005404,CUST01664,2026-06-22 21:12:00,2903.25,Card,0.65,3,0,Success,None,0
TXN005405,CUST01623,2026-10-26 08:05:00,2341.95,UPI,0.49,1,0,Failed,Network Error,1
TXN005406,CUST00883,2026-08-02 11:46:00,1962.49,UPI,0.66,0,0,Success,None,0
TXN005407,CUST02049,2026-07-13 13:31:00,662.56,Card,0.66,0,0,Success,None,0
TXN005408,CUST00032,2026-01-17 09:56:00,1184.58,Net Banking,0.67,1,0,Success,None,0
TXN005409,CUST00391,2026-02-08 16:21:00,1664.89,Wallet,0.43,4,0,Success,None,0
TXN005410,CUST02634,2026-05-17 01:11:00,877.49,Card,0.95,1,0,Success,None,0
TXN005411,CUST02005,2026-01-31 20:34:00,92.26,Card,0.31,4,1,Failed,Expired Card,0
TXN005412,CUST00009,2026-03-08 22:07:00,766.8,UPI,0.77,0,0,Success,None,0
TXN005413,CUST01763,2026-02-23 05:43:00,895.69,Net Banking,0.61,0,1,Success,None,0
TXN005414,CUST01395,2026-09-12 20:48:00,674.55,Card,0.84,3,0,Success,None,0
TXN005415,CUST00263,2026-05-09 20:24:00,1129.49,Wallet,0.71,4,0,Failed,Expired Card,0
TXN005416,CUST00011,2026-03-24 14:43:00,2482.74,Net Banking,0.46,3,0,Failed,Insufficient Funds,0
TXN005417,CUST01410,2026-09-28 11:33:00,361.97,Net Banking,0.49,1,0,Success,None,0
TXN005418,CUST00340,2026-06-19 11:22:00,1186.1,Card,0.74,3,1,Success,None,0
TXN005419,CUST01167,2026-04-16 10:47:00,2892.59,UPI,0.47,2,1,Failed,Authentication Failed,1
TXN005420,CUST01004,2026-10-12 20:27:00,218.85,Net Banking,0.48,3,0,Failed,Insufficient Funds,1
TXN005421,CUST01445,2026-12-01 23:03:00,1993.51,Net Banking,0.73,1,0,Success,None,0
TXN005422,CUST02745,2026-06-05 19:07:00,2331.24,UPI,0.5,3,1,Success,None,0
TXN005423,CUST02915,2026-01-22 06:25:00,310.71,Wallet,0.58,3,0,Failed,Network Error,0
TXN005424,CUST02699,2026-01-25 08:33:00,304.23,Card,0.4,3,1,Failed,Bank Timeout,1
TXN005425,CUST02358,2026-10-27 01:12:00,810.2,UPI,0.39,1,0,Success,None,0
TXN005426,CUST01953,2026-05-29 02:29:00,2189.2,Net Banking,1.0,4,0,Failed,Insufficient Funds,1
TXN005427,CUST00639,2026-01-26 05:05:00,301.75,UPI,0.95,1,0,Success,None,0
TXN005428,CUST01601,2026-01-09 18:04:00,1159.31,UPI,0.87,3,1,Failed,Authentication Failed,1
TXN005429,CUST02592,2026-05-03 01:53:00,1545.45,Wallet,0.94,3,0,Success,None,0
TXN005430,CUST00555,2026-09-07 00:29:00,874.59,Card,0.76,1,0,Failed,Authentication Failed,1
TXN005431,CUST02209,2026-01-27 01:45:00,372.88,UPI,0.55,2,0,Failed,Bank Timeout,0
TXN005432,CUST02605,2026-08-24 14:38:00,3781.4,Wallet,0.92,4,0,Success,None,0
TXN005433,CUST01697,2026-01-31 12:09:00,1496.48,Net Banking,0.49,1,1,Success,None,0
TXN005434,CUST01172,2026-03-12 02:39:00,4433.9,UPI,0.71,1,0,Success,None,0
TXN005435,CUST00165,2026-06-15 03:13:00,2215.95,UPI,0.31,0,0,Failed,Network Error,1
TXN005436,CUST02334,2026-11-15 02:31:00,1590.25,Card,0.93,4,0,Success,None,0
TXN005437,CUST02880,2026-02-22 03:18:00,260.98,Card,0.82,0,0,Success,None,0
TXN005438,CUST01792,2026-05-19 08:23:00,447.19,Net Banking,0.72,2,1,Failed,Expired Card,0
TXN005439,CUST00520,2026-02-07 14:29:00,3441.92,Card,0.45,3,0,Failed,Authentication Failed,0
TXN005440,CUST02798,2026-05-05 16:47:00,1345.17,Card,0.34,3,1,Failed,Expired Card,0
TXN005441,CUST01397,2026-01-16 00:23:00,561.45,UPI,0.45,1,0,Success,None,0
TXN005442,CUST00403,2026-10-24 13:25:00,2371.21,UPI,0.7,2,0,Failed,Authentication Failed,1
TXN005443,CUST00671,2026-04-17 14:50:00,376.66,Net Banking,0.92,3,1,Success,None,0
TXN005444,CUST01766,2026-11-14 07:19:00,4808.44,Card,0.72,3,0,Failed,Network Error,0
TXN005445,CUST00592,2026-04-12 19:37:00,1981.68,UPI,0.65,3,0,Success,None,0
TXN005446,CUST01415,2026-06-28 01:01:00,1016.52,Net Banking,0.35,1,0,Success,None,0
TXN005447,CUST02756,2026-12-05 17:32:00,411.38,Net Banking,0.38,3,0,Failed,Authentication Failed,1
TXN005448,CUST01683,2026-07-06 03:53:00,376.67,Wallet,0.53,2,1,Success,None,0
TXN005449,CUST02412,2026-03-01 23:03:00,3344.72,Net Banking,0.36,3,0,Success,None,0
TXN005450,CUST02367,2026-10-30 08:40:00,569.76,Net Banking,0.64,2,0,Success,None,0
TXN005451,CUST00089,2026-08-16 17:28:00,968.7,UPI,0.84,2,1,Failed,Bank Timeout,1
TXN005452,CUST00024,2026-07-26 14:44:00,2837.79,Net Banking,0.35,3,0,Failed,Authentication Failed,1
TXN005453,CUST01570,2026-11-09 15:51:00,1026.89,Net Banking,0.83,4,0,Success,None,0
TXN005454,CUST00586,2026-10-06 20:40:00,4683.12,UPI,0.36,0,1,Success,None,0
TXN005455,CUST01833,2026-03-07 06:56:00,3757.41,Card,0.83,3,1,Failed,Expired Card,1
TXN005456,CUST01309,2026-08-01 17:45:00,1555.6,Card,0.35,0,1,Failed,Bank Timeout,1
TXN005457,CUST02806,2026-01-27 13:26:00,2318.74,Net Banking,0.44,2,0,Failed,Bank Timeout,1
TXN005458,CUST01234,2026-11-25 01:21:00,2633.18,UPI,0.79,3,0,Success,None,0
TXN005459,CUST00763,2026-04-17 13:42:00,2050.2,UPI,0.57,1,0,Success,None,0
TXN005460,CUST01891,2026-04-15 10:44:00,877.26,Wallet,0.72,4,0,Failed,Network Error,1
TXN005461,CUST02962,2026-11-09 09:03:00,1058.17,Wallet,0.82,4,1,Failed,Bank Timeout,1
TXN005462,CUST00477,2026-09-12 04:13:00,960.58,Net Banking,0.5,4,0,Success,None,0
TXN005463,CUST01880,2026-03-25 19:19:00,1799.06,UPI,0.67,0,0,Success,None,0
TXN005464,CUST00384,2026-07-22 06:02:00,1874.93,Card,0.87,2,1,Failed,Bank Timeout,1
TXN005465,CUST00791,2026-09-10 11:09:00,1704.5,Card,0.78,3,0,Success,None,0
TXN005466,CUST02325,2026-01-24 07:30:00,492.69,UPI,0.59,2,0,Failed,Authentication Failed,0
TXN005467,CUST01640,2026-05-24 23:16:00,138.98,Wallet,0.71,3,0,Failed,Bank Timeout,1
TXN005468,CUST02582,2026-11-06 00:04:00,1302.01,Wallet,0.58,1,0,Success,None,0
TXN005469,CUST00822,2026-01-25 12:37:00,1544.13,Wallet,0.67,0,0,Success,None,0
TXN005470,CUST00621,2026-11-21 12:39:00,877.48,Card,0.78,0,0,Success,None,0
TXN005471,CUST02062,2026-05-22 03:45:00,455.62,Net Banking,0.51,2,0,Success,None,0
TXN005472,CUST02225,2026-10-02 01:31:00,1350.95,Net Banking,0.78,1,0,Success,None,0
TXN005473,CUST01733,2026-01-09 08:27:00,5193.76,Card,0.61,3,1,Success,None,0
TXN005474,CUST02832,2026-07-01 14:16:00,1471.05,Card,0.91,4,1,Success,None,0
TXN005475,CUST02857,2026-01-04 04:15:00,4147.34,UPI,0.63,1,1,Failed,Network Error,1
TXN005476,CUST02485,2026-11-16 04:47:00,3105.34,Net Banking,0.9,2,1,Success,None,0
TXN005477,CUST00099,2026-11-30 22:51:00,2816.69,Card,0.72,4,0,Failed,Authentication Failed,0
TXN005478,CUST02328,2026-11-12 16:43:00,2977.75,Net Banking,0.79,0,0,Success,None,0
TXN005479,CUST00597,2026-10-06 00:25:00,748.76,Card,0.73,2,0,Success,None,0
TXN005480,CUST02310,2026-01-19 04:11:00,1899.75,UPI,0.37,1,0,Success,None,0
TXN005481,CUST00318,2026-04-17 05:33:00,176.74,UPI,0.88,0,0,Success,None,0
TXN005482,CUST00450,2026-10-14 13:38:00,450.57,Wallet,0.34,3,0,Failed,Expired Card,1
TXN005483,CUST02216,2026-12-13 11:43:00,3936.46,UPI,0.44,0,0,Success,None,0
TXN005484,CUST01171,2026-01-23 07:13:00,644.42,UPI,0.78,2,0,Failed,Network Error,1
TXN005485,CUST01114,2026-05-07 21:51:00,827.71,UPI,0.54,1,0,Success,None,0
TXN005486,CUST01577,2026-01-28 14:46:00,5207.44,Wallet,0.98,4,0,Success,None,0
TXN005487,CUST01353,2026-04-10 22:05:00,596.02,Card,0.35,1,0,Success,None,0
TXN005488,CUST01956,2026-04-27 09:44:00,172.89,Card,0.53,2,1,Failed,Network Error,1
TXN005489,CUST00808,2026-02-07 12:58:00,1280.33,UPI,0.49,0,0,Success,None,0
TXN005490,CUST02115,2026-04-13 14:41:00,346.53,Wallet,0.61,2,1,Failed,Authentication Failed,0
TXN005491,CUST01995,2026-01-14 03:22:00,1945.25,UPI,0.65,3,0,Success,None,0
TXN005492,CUST02492,2026-11-20 12:30:00,2764.42,UPI,0.65,0,0,Success,None,0
TXN005493,CUST02692,2026-11-23 18:06:00,1090.36,Wallet,0.67,0,1,Success,None,0
TXN005494,CUST01982,2026-02-04 00:13:00,150.5,Card,0.8,0,1,Success,None,0
TXN005495,CUST01499,2026-06-04 11:31:00,260.74,UPI,0.68,4,1,Success,None,0
TXN005496,CUST00463,2026-10-28 22:57:00,410.21,Wallet,0.92,0,1,Success,None,0
TXN005497,CUST01797,2026-08-30 18:04:00,1395.21,Wallet,0.98,2,0,Success,None,0
TXN005498,CUST00655,2026-06-23 11:38:00,1735.44,Card,0.97,3,0,Failed,Insufficient Funds,1
TXN005499,CUST00116,2026-05-17 12:08:00,1373.73,Net Banking,0.59,2,0,Failed,Bank Timeout,1
TXN005500,CUST01461,2026-08-03 02:34:00,1137.82,Net Banking,0.75,4,0,Failed,Network Error,0
TXN005501,CUST01341,2026-07-18 14:03:00,492.53,Wallet,0.56,3,0,Success,None,0
TXN005502,CUST01012,2026-04-01 02:22:00,418.73,Net Banking,0.37,2,0,Success,None,0
TXN005503,CUST01157,2026-05-26 16:49:00,2209.22,Card,0.95,1,1,Failed,Bank Timeout,0
TXN005504,CUST01918,2026-07-23 17:29:00,855.5,UPI,0.8,3,0,Success,None,0
TXN005505,CUST00273,2026-12-05 05:59:00,1515.54,UPI,0.53,2,0,Success,None,0
TXN005506,CUST01753,2026-08-09 04:24:00,159.17,Wallet,0.37,4,1,Success,None,0
TXN005507,CUST00018,2026-02-25 04:55:00,6088.57,Card,0.6,1,0,Failed,Expired Card,0
TXN005508,CUST00838,2026-03-07 02:06:00,3469.2,Net Banking,0.73,1,1,Failed,Authentication Failed,1
TXN005509,CUST01762,2026-04-03 20:37:00,617.67,Wallet,0.72,4,0,Success,None,0
TXN005510,CUST00286,2026-03-01 22:21:00,1092.71,Net Banking,0.82,2,0,Failed,Network Error,0
TXN005511,CUST02122,2026-06-05 06:32:00,1559.94,Card,0.35,2,0,Success,None,0
TXN005512,CUST00978,2026-10-25 21:24:00,968.48,UPI,0.72,0,1,Failed,Bank Timeout,1
TXN005513,CUST02193,2026-02-15 12:48:00,1002.44,UPI,0.73,4,1,Success,None,0
TXN005514,CUST02617,2026-07-22 06:38:00,1122.88,UPI,0.44,3,0,Success,None,0
TXN005515,CUST01982,2026-06-15 23:32:00,858.1,Card,0.68,3,1,Failed,Insufficient Funds,0
TXN005516,CUST02054,2026-04-27 03:48:00,1753.7,UPI,0.95,2,0,Success,None,0
TXN005517,CUST02840,2026-03-14 05:48:00,1090.24,Card,0.58,3,1,Success,None,0
TXN005518,CUST02469,2026-06-11 03:22:00,3370.07,UPI,0.66,0,0,Success,None,0
TXN005519,CUST00600,2026-10-29 04:53:00,426.82,UPI,0.53,0,0,Success,None,0
TXN005520,CUST02935,2026-03-12 10:29:00,2167.85,Card,0.77,2,0,Success,None,0
TXN005521,CUST02766,2026-03-20 20:44:00,1426.09,Net Banking,0.98,2,1,Failed,Insufficient Funds,1
TXN005522,CUST02698,2026-06-20 23:52:00,277.81,Net Banking,0.66,3,1,Failed,Insufficient Funds,1
TXN005523,CUST00493,2026-02-09 10:39:00,3535.94,Wallet,0.9,4,1,Success,None,0
TXN005524,CUST01495,2026-05-08 09:11:00,1468.96,Wallet,0.33,4,1,Failed,Authentication Failed,1
TXN005525,CUST01865,2026-01-15 19:34:00,356.58,Wallet,0.35,3,0,Success,None,0
TXN005526,CUST02147,2026-04-15 16:50:00,687.47,Wallet,0.49,1,0,Success,None,0
TXN005527,CUST00066,2026-02-25 11:09:00,1303.81,Net Banking,0.45,0,0,Success,None,0
TXN005528,CUST01154,2026-09-06 08:43:00,1203.82,Card,0.84,1,1,Success,None,0
TXN005529,CUST00804,2026-09-10 21:08:00,1910.7,Net Banking,0.76,3,0,Success,None,0
TXN005530,CUST00521,2026-10-04 19:04:00,203.4,Card,0.79,0,0,Failed,Network Error,1
TXN005531,CUST02555,2026-01-08 17:41:00,301.73,Card,0.42,0,1,Failed,Network Error,1
TXN005532,CUST01959,2026-01-19 05:30:00,768.31,Net Banking,0.65,1,1,Failed,Insufficient Funds,0
TXN005533,CUST02019,2026-01-31 01:54:00,2045.14,Net Banking,0.42,4,0,Success,None,0
TXN005534,CUST00153,2026-01-26 05:03:00,2244.12,Net Banking,0.67,0,0,Success,None,0
TXN005535,CUST02904,2026-01-04 05:53:00,1602.93,Wallet,0.9,1,1,Failed,Insufficient Funds,1
TXN005536,CUST00552,2026-07-24 01:56:00,3792.95,UPI,0.78,3,0,Failed,Expired Card,1
TXN005537,CUST02742,2026-11-28 05:23:00,549.23,Card,0.74,2,1,Success,None,0
TXN005538,CUST02449,2026-03-22 08:07:00,2292.37,Net Banking,0.52,3,0,Failed,Network Error,1
TXN005539,CUST02080,2026-05-11 09:37:00,982.18,Net Banking,0.52,4,0,Success,None,0
TXN005540,CUST00366,2026-02-09 05:56:00,562.01,Wallet,0.91,4,0,Success,None,0
TXN005541,CUST02337,2026-07-27 13:54:00,513.42,Net Banking,0.8,3,1,Failed,Insufficient Funds,1
TXN005542,CUST01575,2026-08-19 16:13:00,1162.68,Net Banking,0.89,1,1,Success,None,0
TXN005543,CUST01162,2026-01-09 08:30:00,1536.34,Wallet,0.93,1,0,Success,None,0
TXN005544,CUST00376,2026-10-25 13:33:00,849.17,Card,0.55,3,0,Success,None,0
TXN005545,CUST01734,2026-10-11 12:12:00,956.26,Wallet,0.72,2,0,Success,None,0
TXN005546,CUST01272,2026-04-07 01:43:00,1179.91,Card,0.48,3,0,Success,None,0
TXN005547,CUST02952,2026-04-16 14:55:00,575.54,Card,0.82,3,0,Success,None,0
TXN005548,CUST00162,2026-01-08 13:40:00,2053.61,UPI,0.47,0,0,Success,None,0
TXN005549,CUST02721,2026-04-21 18:05:00,730.74,Wallet,0.42,0,0,Failed,Authentication Failed,0
TXN005550,CUST01310,2026-07-23 16:47:00,2686.23,UPI,0.98,0,0,Success,None,0
TXN005551,CUST01147,2026-06-30 09:48:00,3283.84,Net Banking,0.5,1,0,Failed,Insufficient Funds,1
TXN005552,CUST02670,2026-11-17 01:45:00,160.52,Wallet,0.62,1,0,Success,None,0
TXN005553,CUST00961,2026-11-04 15:51:00,1208.34,Card,0.72,2,1,Failed,Bank Timeout,0
TXN005554,CUST02451,2026-02-02 13:16:00,1673.66,Wallet,0.84,1,0,Success,None,0
TXN005555,CUST00233,2026-07-11 15:05:00,1156.03,UPI,0.67,0,0,Success,None,0
TXN005556,CUST00271,2026-07-09 16:55:00,131.1,Card,0.78,4,1,Success,None,0
TXN005557,CUST02979,2026-11-07 18:56:00,537.02,UPI,0.74,0,0,Success,None,0
TXN005558,CUST00711,2026-05-03 07:20:00,2321.4,UPI,0.53,4,0,Success,None,0
TXN005559,CUST00265,2026-08-16 13:16:00,2593.46,Net Banking,0.83,2,0,Success,None,0
TXN005560,CUST02547,2026-12-03 05:20:00,1232.26,UPI,0.31,1,0,Failed,Network Error,1
TXN005561,CUST02595,2026-06-04 15:03:00,2372.11,Card,0.63,3,1,Success,None,0
TXN005562,CUST00994,2026-03-04 00:55:00,977.9,UPI,0.53,3,1,Failed,Expired Card,0
TXN005563,CUST02097,2026-02-19 22:02:00,3331.04,UPI,0.47,0,0,Success,None,0
TXN005564,CUST02130,2026-11-07 14:03:00,825.15,Wallet,0.7,0,0,Success,None,0
TXN005565,CUST01880,2026-11-05 07:29:00,1082.8,Net Banking,0.93,2,1,Success,None,0
TXN005566,CUST01424,2026-10-29 12:59:00,539.02,UPI,0.33,1,0,Success,None,0
TXN005567,CUST00149,2026-09-03 12:30:00,400.76,UPI,0.81,2,0,Failed,Bank Timeout,1
TXN005568,CUST02511,2026-12-05 13:18:00,921.41,UPI,0.76,3,1,Success,None,0
TXN005569,CUST02477,2026-02-20 19:02:00,1453.36,Card,0.46,3,0,Failed,Insufficient Funds,1
TXN005570,CUST01264,2026-08-09 18:50:00,655.04,UPI,0.4,1,1,Failed,Bank Timeout,1
TXN005571,CUST01672,2026-10-03 18:51:00,1361.4,Wallet,0.98,2,0,Success,None,0
TXN005572,CUST01662,2026-06-24 09:00:00,1567.71,UPI,0.47,3,1,Failed,Insufficient Funds,1
TXN005573,CUST01961,2026-08-28 15:27:00,2847.18,Wallet,0.67,3,0,Success,None,0
TXN005574,CUST01676,2026-07-18 08:04:00,421.12,Card,0.4,1,1,Failed,Expired Card,0
TXN005575,CUST00101,2026-11-17 01:40:00,1289.89,Net Banking,0.38,0,1,Success,None,0
TXN005576,CUST01884,2026-08-04 14:03:00,877.25,Card,0.57,3,0,Failed,Bank Timeout,0
TXN005577,CUST01742,2026-06-11 14:26:00,336.64,Card,0.93,3,1,Failed,Expired Card,0
TXN005578,CUST02335,2026-08-23 07:41:00,1565.41,UPI,0.83,1,1,Success,None,0
TXN005579,CUST00351,2026-03-03 12:48:00,860.34,Wallet,0.9,3,0,Failed,Bank Timeout,1
TXN005580,CUST01900,2026-10-22 08:06:00,975.78,UPI,0.66,2,0,Success,None,0
TXN005581,CUST02317,2026-02-19 08:42:00,260.42,Net Banking,0.82,4,0,Success,None,0
TXN005582,CUST01399,2026-06-24 20:40:00,4436.62,Net Banking,0.46,4,1,Failed,Authentication Failed,0
TXN005583,CUST01777,2026-05-19 10:04:00,628.11,Card,0.7,2,1,Success,None,0
TXN005584,CUST00103,2026-11-29 02:21:00,5005.51,Net Banking,0.84,4,0,Success,None,0
TXN005585,CUST02180,2026-01-11 16:15:00,278.73,Net Banking,0.75,0,0,Success,None,0
TXN005586,CUST02911,2026-10-09 12:22:00,675.16,UPI,0.72,2,0,Success,None,0
TXN005587,CUST00448,2026-06-25 19:10:00,1007.86,Wallet,0.78,3,0,Success,None,0
TXN005588,CUST02342,2026-08-03 21:31:00,420.67,Card,0.65,0,0,Failed,Network Error,1
TXN005589,CUST01438,2026-01-30 05:29:00,785.41,Wallet,0.79,0,1,Success,None,0
TXN005590,CUST01264,2026-01-15 08:05:00,3283.4,UPI,0.47,4,1,Success,None,0
TXN005591,CUST02669,2026-01-02 14:07:00,1142.37,UPI,0.45,2,0,Failed,Expired Card,0
TXN005592,CUST01073,2026-07-10 08:45:00,554.14,Card,0.65,2,0,Success,None,0
TXN005593,CUST02299,2026-08-21 19:37:00,2189.64,Wallet,0.59,3,0,Success,None,0
TXN005594,CUST00204,2026-10-09 18:48:00,2305.32,Wallet,0.7,1,0,Success,None,0
TXN005595,CUST02416,2026-02-14 23:04:00,1745.68,Card,0.44,1,0,Success,None,0
TXN005596,CUST02995,2026-08-19 16:39:00,1213.24,UPI,0.34,1,0,Success,None,0
TXN005597,CUST00262,2026-11-01 05:41:00,2184.04,UPI,0.39,4,1,Success,None,0
TXN005598,CUST02021,2026-07-28 02:53:00,345.5,UPI,0.88,2,0,Success,None,0
TXN005599,CUST01645,2026-02-24 08:02:00,1987.44,UPI,0.88,4,0,Success,None,0
TXN005600,CUST00664,2026-05-29 13:48:00,1035.76,Card,0.79,1,0,Success,None,0
TXN005601,CUST00488,2026-05-20 23:18:00,272.01,Card,0.62,4,0,Failed,Bank Timeout,1
TXN005602,CUST00056,2026-01-08 05:07:00,2265.1,UPI,0.79,3,0,Success,None,0
TXN005603,CUST01072,2026-08-26 02:20:00,1153.34,Card,0.72,1,1,Failed,Authentication Failed,0
TXN005604,CUST01064,2026-05-13 08:08:00,1667.28,Card,0.35,4,1,Failed,Bank Timeout,0
TXN005605,CUST02602,2026-09-11 20:58:00,875.65,Wallet,0.88,2,0,Failed,Network Error,1
TXN005606,CUST02828,2026-04-22 01:47:00,997.42,Wallet,0.35,0,0,Failed,Authentication Failed,1
TXN005607,CUST01672,2026-01-19 02:16:00,621.46,Net Banking,0.86,3,0,Failed,Authentication Failed,0
TXN005608,CUST00854,2026-04-03 04:04:00,2627.12,Wallet,0.78,2,0,Success,None,0
TXN005609,CUST00897,2026-09-21 19:14:00,1944.38,Net Banking,0.46,2,0,Success,None,0
TXN005610,CUST01150,2026-11-23 08:11:00,1256.81,UPI,0.92,3,1,Failed,Expired Card,1
TXN005611,CUST01450,2026-08-31 13:50:00,1832.96,Wallet,0.48,4,0,Failed,Network Error,1
TXN005612,CUST01216,2026-08-29 18:58:00,391.54,Card,0.73,4,0,Failed,Network Error,1
TXN005613,CUST02581,2026-10-30 23:13:00,1716.17,Wallet,0.77,1,1,Success,None,0
TXN005614,CUST00885,2026-10-30 03:31:00,1229.17,Wallet,0.56,3,1,Failed,Network Error,1
TXN005615,CUST00985,2026-11-10 08:42:00,938.5,Net Banking,0.89,1,0,Success,None,0
TXN005616,CUST01937,2026-01-02 15:58:00,3275.99,Wallet,0.35,2,1,Failed,Expired Card,0
TXN005617,CUST00999,2026-10-08 21:03:00,505.67,Net Banking,0.91,1,1,Failed,Expired Card,0
TXN005618,CUST02691,2026-03-30 18:50:00,860.39,Card,0.43,2,0,Success,None,0
TXN005619,CUST02446,2026-05-10 15:02:00,1812.69,Wallet,0.98,2,0,Success,None,0
TXN005620,CUST02966,2026-10-19 03:58:00,1348.46,UPI,0.46,2,0,Failed,Insufficient Funds,1
TXN005621,CUST02953,2026-07-13 16:47:00,1219.44,Net Banking,0.75,0,0,Success,None,0
TXN005622,CUST01643,2026-09-24 19:26:00,706.02,Net Banking,0.56,3,0,Success,None,0
TXN005623,CUST00210,2026-04-13 01:51:00,507.76,UPI,0.86,3,0,Success,None,0
TXN005624,CUST02472,2026-09-11 17:58:00,1171.01,Card,0.34,1,0,Success,None,0
TXN005625,CUST01831,2026-11-27 05:21:00,428.12,Wallet,0.91,1,1,Success,None,0
TXN005626,CUST02418,2026-08-20 04:09:00,1060.81,Card,0.85,2,0,Success,None,0
TXN005627,CUST02732,2026-07-24 16:49:00,400.44,Net Banking,0.45,0,0,Failed,Insufficient Funds,1
TXN005628,CUST01728,2026-07-23 13:26:00,1511.48,UPI,0.54,1,0,Success,None,0
TXN005629,CUST00451,2026-09-04 08:04:00,3145.72,Net Banking,0.61,2,0,Success,None,0
TXN005630,CUST02823,2026-05-06 01:31:00,630.83,Card,0.98,0,0,Success,None,0
TXN005631,CUST02695,2026-04-24 11:15:00,1428.24,UPI,0.87,1,0,Success,None,0
TXN005632,CUST01407,2026-02-20 16:57:00,2406.2,Card,0.6,1,0,Success,None,0
TXN005633,CUST02444,2026-10-28 03:24:00,1153.54,Wallet,0.99,2,0,Success,None,0
TXN005634,CUST02014,2026-03-10 11:33:00,594.42,Card,0.53,4,0,Success,None,0
TXN005635,CUST02956,2026-02-21 18:52:00,595.39,UPI,0.31,0,0,Failed,Bank Timeout,0
TXN005636,CUST02360,2026-11-13 08:53:00,2327.07,Net Banking,0.89,0,0,Success,None,0
TXN005637,CUST01643,2026-11-19 04:32:00,2274.35,Card,0.96,2,0,Success,None,0
TXN005638,CUST01083,2026-11-03 00:20:00,642.25,Wallet,0.72,1,1,Failed,Authentication Failed,1
TXN005639,CUST02736,2026-09-09 21:55:00,1896.85,Card,0.57,2,0,Success,None,0
TXN005640,CUST02145,2026-03-23 08:29:00,682.61,UPI,0.57,2,1,Success,None,0
TXN005641,CUST02270,2026-04-17 12:23:00,632.08,Card,0.73,2,0,Failed,Network Error,0
TXN005642,CUST01064,2026-10-18 14:39:00,236.5,UPI,0.7,3,0,Success,None,0
TXN005643,CUST02395,2026-02-04 03:20:00,1156.64,UPI,0.67,1,0,Success,None,0
TXN005644,CUST01953,2026-10-29 18:08:00,1152.2,UPI,0.35,2,0,Failed,Network Error,1
TXN005645,CUST02803,2026-09-12 07:54:00,722.19,Net Banking,0.53,1,1,Success,None,0
TXN005646,CUST01712,2026-03-09 21:27:00,199.55,UPI,0.88,1,1,Success,None,0
TXN005647,CUST01703,2026-04-01 02:15:00,516.63,UPI,0.54,3,0,Success,None,0
TXN005648,CUST01025,2026-11-04 02:06:00,532.24,Wallet,0.32,3,0,Failed,Bank Timeout,0
TXN005649,CUST02736,2026-05-17 08:53:00,405.48,UPI,0.45,2,1,Success,None,0
TXN005650,CUST02946,2026-04-04 16:34:00,1825.41,Wallet,0.93,1,1,Failed,Insufficient Funds,1
TXN005651,CUST01738,2026-07-11 09:48:00,1618.64,Card,0.87,0,0,Success,None,0
TXN005652,CUST02094,2026-02-28 04:12:00,1773.47,UPI,0.94,3,1,Failed,Insufficient Funds,1
TXN005653,CUST01737,2026-01-31 12:34:00,1442.72,UPI,0.9,4,0,Failed,Expired Card,0
TXN005654,CUST00986,2026-12-03 00:50:00,4697.43,Wallet,0.51,0,0,Success,None,0
TXN005655,CUST00303,2026-12-09 14:48:00,1197.27,Net Banking,0.8,3,1,Failed,Insufficient Funds,1
TXN005656,CUST01375,2026-09-20 13:05:00,758.64,Net Banking,0.68,0,0,Success,None,0
TXN005657,CUST00513,2026-03-24 20:29:00,437.43,Card,0.5,3,1,Success,None,0
TXN005658,CUST00710,2026-10-12 14:06:00,569.55,UPI,0.55,1,0,Failed,Bank Timeout,1
TXN005659,CUST01264,2026-11-06 13:14:00,612.4,UPI,0.99,4,0,Success,None,0
TXN005660,CUST02694,2026-01-21 19:41:00,1499.04,UPI,0.65,2,0,Success,None,0
TXN005661,CUST01513,2026-05-26 21:42:00,897.35,Card,0.5,4,0,Failed,Network Error,0
TXN005662,CUST00190,2026-10-13 23:13:00,1498.59,Net Banking,0.72,1,0,Success,None,0
TXN005663,CUST00439,2026-02-18 05:55:00,1819.75,Card,0.84,1,0,Success,None,0
TXN005664,CUST01482,2026-05-18 20:13:00,427.01,Wallet,0.86,2,1,Failed,Authentication Failed,0
TXN005665,CUST02484,2026-02-10 02:56:00,1146.08,Card,0.98,4,0,Success,None,0
TXN005666,CUST01200,2026-09-30 12:22:00,733.69,Net Banking,0.5,4,0,Success,None,0
TXN005667,CUST02576,2026-11-22 23:15:00,226.46,Net Banking,0.38,2,0,Success,None,0
TXN005668,CUST02136,2026-04-01 13:26:00,2811.37,UPI,0.67,1,0,Success,None,0
TXN005669,CUST02520,2026-11-30 06:27:00,387.91,Wallet,0.72,2,0,Success,None,0
TXN005670,CUST00157,2026-06-26 02:08:00,556.22,UPI,0.9,1,1,Success,None,0
TXN005671,CUST02778,2026-01-06 18:03:00,869.8,UPI,0.48,0,0,Success,None,0
TXN005672,CUST00603,2026-12-12 10:04:00,2933.59,Wallet,0.51,4,0,Failed,Authentication Failed,0
TXN005673,CUST01597,2026-11-28 05:05:00,1485.19,Card,0.96,2,0,Success,None,0
TXN005674,CUST00876,2026-11-03 12:13:00,716.11,Wallet,0.3,1,0,Success,None,0
TXN005675,CUST00579,2026-09-28 18:01:00,932.85,Wallet,0.85,4,0,Success,None,0
TXN005676,CUST02995,2026-03-25 05:25:00,518.2,UPI,0.6,4,1,Success,None,0
TXN005677,CUST00642,2026-05-25 13:39:00,2624.96,Card,0.52,0,0,Success,None,0
TXN005678,CUST01320,2026-09-05 08:39:00,1339.59,UPI,0.7,3,0,Failed,Authentication Failed,1
TXN005679,CUST01983,2026-05-11 16:51:00,3151.06,Wallet,0.46,0,0,Success,None,0
TXN005680,CUST02314,2026-06-27 10:18:00,332.09,Card,0.7,4,1,Success,None,0
TXN005681,CUST01811,2026-11-06 15:16:00,986.7,UPI,0.32,2,0,Failed,Expired Card,0
TXN005682,CUST01529,2026-04-03 14:04:00,808.81,UPI,0.33,1,0,Success,None,0
TXN005683,CUST01302,2026-10-22 11:57:00,926.8,Net Banking,0.89,0,0,Success,None,0
TXN005684,CUST00025,2026-09-28 07:12:00,505.83,Card,0.82,1,1,Success,None,0
TXN005685,CUST02296,2026-11-19 23:11:00,1200.89,Card,0.6,3,0,Success,None,0
TXN005686,CUST01269,2026-03-03 22:21:00,1329.91,Card,0.94,2,0,Success,None,0
TXN005687,CUST02061,2026-10-05 03:45:00,640.91,Net Banking,0.46,3,1,Success,None,0
TXN005688,CUST00194,2026-04-10 02:31:00,4171.68,Wallet,0.73,1,0,Success,None,0
TXN005689,CUST02477,2026-05-29 13:55:00,405.84,UPI,0.86,1,0,Success,None,0
TXN005690,CUST02783,2026-08-16 17:07:00,1673.41,Wallet,0.92,2,0,Failed,Insufficient Funds,1
TXN005691,CUST00984,2026-01-17 06:11:00,1498.17,Card,0.68,3,0,Success,None,0
TXN005692,CUST00998,2026-06-12 12:45:00,3015.76,UPI,0.68,4,0,Success,None,0
TXN005693,CUST00294,2026-02-06 10:56:00,563.77,Card,0.89,0,0,Success,None,0
TXN005694,CUST01002,2026-01-22 21:13:00,157.77,Card,0.73,2,1,Failed,Insufficient Funds,0
TXN005695,CUST00655,2026-02-05 21:03:00,672.19,Net Banking,0.5,1,0,Success,None,0
TXN005696,CUST02194,2026-05-12 16:15:00,572.55,Card,0.45,4,0,Success,None,0
TXN005697,CUST00712,2026-09-07 10:51:00,2119.29,Card,0.9,0,0,Success,None,0
TXN005698,CUST02753,2026-09-21 11:28:00,1111.84,UPI,0.76,3,0,Success,None,0
TXN005699,CUST00911,2026-03-28 11:49:00,3456.64,Wallet,0.4,3,0,Success,None,0
TXN005700,CUST02657,2026-09-26 19:11:00,3528.59,UPI,0.57,3,0,Success,None,0
TXN005701,CUST02459,2026-09-30 17:36:00,460.85,Wallet,0.55,0,1,Failed,Expired Card,0
TXN005702,CUST02655,2026-06-25 13:01:00,1158.71,Net Banking,0.38,3,1,Failed,Bank Timeout,0
TXN005703,CUST00176,2026-02-17 02:43:00,446.99,UPI,0.57,0,0,Failed,Insufficient Funds,1
TXN005704,CUST02863,2026-06-22 12:54:00,1050.91,Net Banking,0.34,0,0,Success,None,0
TXN005705,CUST01871,2026-03-29 21:46:00,1465.72,UPI,0.72,0,1,Failed,Network Error,1
TXN005706,CUST00113,2026-02-07 22:30:00,3086.34,Net Banking,0.89,4,0,Failed,Bank Timeout,0
TXN005707,CUST01880,2026-01-30 11:09:00,2986.21,Card,0.52,0,0,Success,None,0
TXN005708,CUST02393,2026-10-18 17:48:00,1044.76,UPI,0.83,0,0,Success,None,0
TXN005709,CUST01482,2026-06-03 00:46:00,3833.11,Net Banking,0.97,2,0,Success,None,0
TXN005710,CUST00581,2026-05-06 06:56:00,1875.4,Wallet,0.32,4,1,Success,None,0
TXN005711,CUST01596,2026-06-15 02:54:00,706.63,Net Banking,0.64,0,0,Failed,Authentication Failed,1
TXN005712,CUST00321,2026-06-12 10:29:00,276.33,Wallet,0.6,1,1,Success,None,0
TXN005713,CUST02819,2026-10-01 02:19:00,455.72,UPI,0.44,4,1,Failed,Bank Timeout,1
TXN005714,CUST00986,2026-05-26 22:10:00,1646.4,Wallet,0.76,4,0,Success,None,0
TXN005715,CUST00551,2026-12-03 07:07:00,2735.64,UPI,0.59,3,1,Failed,Authentication Failed,0
TXN005716,CUST00104,2026-06-30 00:17:00,4037.44,Card,0.98,2,0,Success,None,0
TXN005717,CUST01880,2026-07-18 05:39:00,2389.1,Card,0.39,0,0,Success,None,0
TXN005718,CUST01174,2026-09-23 13:55:00,598.97,Wallet,0.87,0,0,Failed,Bank Timeout,0
TXN005719,CUST02816,2026-01-26 01:35:00,293.9,Card,0.71,2,1,Success,None,0
TXN005720,CUST01218,2026-03-06 01:06:00,1074.31,Net Banking,0.44,3,1,Failed,Authentication Failed,0
TXN005721,CUST00839,2026-04-19 01:58:00,928.36,Wallet,0.31,1,0,Success,None,0
TXN005722,CUST00294,2026-10-11 16:11:00,714.03,UPI,0.75,3,1,Failed,Insufficient Funds,0
TXN005723,CUST00714,2026-03-09 13:31:00,1153.24,Net Banking,0.84,0,0,Success,None,0
TXN005724,CUST02095,2026-08-07 19:18:00,839.61,Net Banking,0.32,1,0,Success,None,0
TXN005725,CUST02179,2026-11-20 00:15:00,1205.95,Wallet,0.64,3,0,Failed,Authentication Failed,0
TXN005726,CUST01963,2026-05-22 09:00:00,2095.82,Net Banking,0.59,0,0,Success,None,0
TXN005727,CUST01545,2026-08-04 23:04:00,4147.79,Net Banking,0.37,4,1,Failed,Expired Card,0
TXN005728,CUST00090,2026-07-20 16:30:00,546.47,Wallet,0.33,1,1,Success,None,0
TXN005729,CUST00013,2026-07-17 01:48:00,1609.51,Card,0.7,0,0,Success,None,0
TXN005730,CUST01993,2026-05-27 04:55:00,3045.92,Card,0.54,4,0,Success,None,0
TXN005731,CUST02827,2026-07-29 22:52:00,2727.52,Card,0.41,0,0,Failed,Bank Timeout,1
TXN005732,CUST02896,2026-08-29 18:42:00,493.82,Card,0.96,4,0,Success,None,0
TXN005733,CUST01977,2026-05-01 02:06:00,1871.69,Card,0.65,0,1,Success,None,0
TXN005734,CUST01148,2026-11-27 12:51:00,2631.56,Card,0.88,0,0,Success,None,0
TXN005735,CUST00205,2026-07-30 19:27:00,439.04,Net Banking,0.62,3,0,Success,None,0
TXN005736,CUST00336,2026-03-04 00:26:00,637.17,UPI,0.54,4,1,Failed,Bank Timeout,0
TXN005737,CUST01151,2026-07-08 19:32:00,11484.8,Card,0.9,3,0,Success,None,0
TXN005738,CUST00084,2026-06-12 12:15:00,3037.14,Card,0.78,0,0,Failed,Expired Card,1
TXN005739,CUST02671,2026-05-02 20:21:00,981.56,Wallet,0.98,0,1,Success,None,0
TXN005740,CUST02154,2026-10-31 03:38:00,140.62,Wallet,0.9,4,0,Failed,Expired Card,0
TXN005741,CUST01167,2026-08-16 07:03:00,534.6,Wallet,0.79,4,1,Failed,Expired Card,0
TXN005742,CUST01294,2026-02-08 18:13:00,3907.57,UPI,0.88,1,0,Success,None,0
TXN005743,CUST00509,2026-07-18 21:30:00,1106.51,Wallet,0.93,0,0,Success,None,0
TXN005744,CUST01376,2026-07-08 03:43:00,176.51,Wallet,0.58,3,0,Failed,Insufficient Funds,1
TXN005745,CUST00039,2026-06-29 07:40:00,1054.37,UPI,0.63,3,0,Success,None,0
TXN005746,CUST02589,2026-11-10 16:31:00,1480.46,Card,0.92,2,1,Success,None,0
TXN005747,CUST00388,2026-10-29 20:42:00,537.62,Card,0.32,3,0,Success,None,0
TXN005748,CUST00689,2026-05-14 10:43:00,3821.67,UPI,0.96,4,1,Success,None,0
TXN005749,CUST01838,2026-02-07 15:08:00,2208.12,Net Banking,0.72,1,1,Failed,Authentication Failed,1
TXN005750,CUST02494,2026-06-27 16:14:00,1595.62,Net Banking,0.98,3,0,Success,None,0
TXN005751,CUST00364,2026-07-11 08:22:00,419.38,UPI,0.34,4,0,Failed,Expired Card,0
TXN005752,CUST01606,2026-09-12 00:35:00,376.39,UPI,0.89,4,0,Failed,Insufficient Funds,1
TXN005753,CUST00849,2026-01-28 23:36:00,3701.45,UPI,0.56,0,1,Failed,Authentication Failed,0
TXN005754,CUST01426,2026-02-11 20:10:00,3009.14,Wallet,0.87,1,0,Failed,Authentication Failed,1
TXN005755,CUST02831,2026-12-02 07:08:00,635.22,Card,0.81,1,1,Success,None,0
TXN005756,CUST00992,2026-08-12 12:31:00,725.3,UPI,0.45,0,1,Failed,Expired Card,0
TXN005757,CUST01097,2026-10-02 15:17:00,6416.32,Net Banking,0.56,4,0,Failed,Insufficient Funds,1
TXN005758,CUST02824,2026-03-30 08:30:00,619.81,Net Banking,0.72,4,0,Failed,Authentication Failed,0
TXN005759,CUST02464,2026-05-16 06:50:00,806.13,Card,0.39,2,0,Failed,Expired Card,1
TXN005760,CUST02063,2026-09-10 23:38:00,488.76,Net Banking,0.49,1,0,Success,None,0
TXN005761,CUST00961,2026-02-25 18:13:00,9728.35,Wallet,0.49,4,0,Success,None,0
TXN005762,CUST01141,2026-02-22 23:23:00,368.44,Wallet,0.66,1,0,Success,None,0
TXN005763,CUST01401,2026-10-22 10:43:00,1260.79,Net Banking,0.53,0,1,Success,None,0
TXN005764,CUST00286,2026-04-28 11:32:00,3008.51,Net Banking,0.89,4,0,Success,None,0
TXN005765,CUST02578,2026-11-12 21:36:00,513.02,UPI,0.5,2,1,Success,None,0
TXN005766,CUST00736,2026-09-15 06:57:00,3638.07,Wallet,0.99,0,0,Success,None,0
TXN005767,CUST01663,2026-09-11 11:36:00,831.7,Card,0.58,0,0,Success,None,0
TXN005768,CUST00956,2026-05-11 08:19:00,2033.43,Wallet,0.83,4,0,Success,None,0
TXN005769,CUST00401,2026-04-26 21:41:00,875.95,Net Banking,0.67,1,0,Success,None,0
TXN005770,CUST00385,2026-03-21 05:39:00,3637.92,Card,0.69,2,1,Failed,Insufficient Funds,1
TXN005771,CUST00036,2026-07-09 19:19:00,523.31,Card,0.82,3,1,Failed,Network Error,1
TXN005772,CUST02665,2026-09-11 07:40:00,1129.95,UPI,0.86,4,1,Success,None,0
TXN005773,CUST01485,2026-02-19 08:59:00,767.3,Net Banking,0.97,4,1,Failed,Network Error,1
TXN005774,CUST02304,2026-09-13 19:34:00,2374.3,UPI,0.91,4,0,Success,None,0
TXN005775,CUST01888,2026-04-30 15:32:00,1832.52,UPI,0.65,3,0,Success,None,0
TXN005776,CUST01715,2026-01-25 05:27:00,1099.48,UPI,0.61,3,0,Success,None,0
TXN005777,CUST00884,2026-03-11 22:40:00,161.9,Card,0.33,4,1,Failed,Authentication Failed,1
TXN005778,CUST00118,2026-02-14 01:31:00,4267.75,Wallet,0.91,3,0,Success,None,0
TXN005779,CUST02691,2026-01-05 01:54:00,509.4,Wallet,0.58,1,0,Success,None,0
TXN005780,CUST01252,2026-08-24 07:47:00,692.25,Card,0.93,1,0,Success,None,0
TXN005781,CUST01108,2026-10-23 04:30:00,2473.31,Card,0.65,0,0,Failed,Insufficient Funds,1
TXN005782,CUST02760,2026-09-25 01:35:00,546.42,Wallet,0.94,1,0,Success,None,0
TXN005783,CUST01778,2026-11-25 07:56:00,261.88,Card,0.36,2,0,Success,None,0
TXN005784,CUST00386,2026-08-25 05:25:00,3015.24,UPI,0.83,4,0,Success,None,0
TXN005785,CUST01189,2026-04-18 23:07:00,1599.5,Net Banking,0.4,2,0,Failed,Expired Card,1
TXN005786,CUST00637,2026-09-10 08:38:00,2637.91,Net Banking,0.73,0,0,Failed,Network Error,1
TXN005787,CUST01507,2026-06-09 21:56:00,4579.12,Card,0.96,0,0,Success,None,0
TXN005788,CUST01438,2026-09-01 07:45:00,802.04,Wallet,0.34,0,0,Failed,Expired Card,0
TXN005789,CUST02693,2026-06-01 15:40:00,587.79,Wallet,0.65,0,0,Success,None,0
TXN005790,CUST00034,2026-02-07 12:27:00,1511.98,Net Banking,0.45,4,0,Success,None,0
TXN005791,CUST02028,2026-08-15 02:21:00,318.97,Net Banking,0.8,2,0,Success,None,0
TXN005792,CUST00789,2026-04-27 11:29:00,2377.83,UPI,0.95,3,0,Success,None,0
TXN005793,CUST02607,2026-11-02 09:17:00,2241.74,Net Banking,0.67,1,0,Success,None,0
TXN005794,CUST00383,2026-07-05 03:57:00,4008.32,Net Banking,0.3,4,0,Failed,Bank Timeout,1
TXN005795,CUST00312,2026-08-23 02:39:00,844.95,Wallet,0.87,0,0,Success,None,0
TXN005796,CUST01304,2026-08-13 11:05:00,6247.08,Card,0.69,3,0,Failed,Network Error,1
TXN005797,CUST02368,2026-01-13 19:52:00,1533.75,Card,0.64,4,0,Failed,Bank Timeout,1
TXN005798,CUST01968,2026-06-07 13:42:00,578.93,Card,0.45,3,1,Success,None,0
TXN005799,CUST02458,2026-07-27 11:24:00,7373.04,Wallet,0.51,1,0,Success,None,0
TXN005800,CUST00958,2026-02-03 23:00:00,1315.5,Net Banking,0.5,1,1,Success,None,0
TXN005801,CUST00381,2026-08-10 16:02:00,1347.78,Net Banking,0.79,0,0,Success,None,0
TXN005802,CUST02545,2026-02-16 04:08:00,1113.52,UPI,0.58,1,0,Success,None,0
TXN005803,CUST02678,2026-01-01 19:13:00,2891.59,Net Banking,0.71,1,0,Failed,Authentication Failed,0
TXN005804,CUST02759,2026-04-09 08:41:00,613.59,Wallet,0.51,1,0,Success,None,0
TXN005805,CUST00784,2026-09-03 14:16:00,697.87,Wallet,0.67,1,0,Success,None,0
TXN005806,CUST00976,2026-06-22 01:59:00,1814.03,Card,0.48,2,0,Success,None,0
TXN005807,CUST00420,2026-06-08 19:23:00,931.59,Net Banking,0.66,4,1,Success,None,0
TXN005808,CUST02997,2026-10-10 13:11:00,1944.45,Net Banking,0.92,0,1,Success,None,0
TXN005809,CUST01180,2026-04-01 16:34:00,788.26,Net Banking,0.6,1,0,Success,None,0
TXN005810,CUST01572,2026-07-21 21:09:00,276.39,Card,0.42,4,0,Failed,Network Error,0
TXN005811,CUST00086,2026-03-16 08:20:00,6022.9,Net Banking,0.69,3,0,Failed,Network Error,1
TXN005812,CUST02366,2026-10-04 09:16:00,1232.8,UPI,0.31,2,0,Failed,Expired Card,0
TXN005813,CUST02494,2026-11-04 02:51:00,1456.44,Net Banking,0.48,2,1,Failed,Insufficient Funds,0
TXN005814,CUST02332,2026-04-14 04:12:00,966.4,Card,0.83,3,1,Success,None,0
TXN005815,CUST00859,2026-11-02 15:43:00,904.91,Net Banking,0.88,2,0,Success,None,0
TXN005816,CUST01659,2026-04-05 03:48:00,2309.55,Wallet,0.42,2,0,Success,None,0
TXN005817,CUST00511,2026-01-02 15:35:00,573.75,Wallet,0.87,4,0,Failed,Insufficient Funds,1
TXN005818,CUST01123,2026-03-19 06:48:00,575.75,Net Banking,0.65,1,1,Success,None,0
TXN005819,CUST01167,2026-08-31 20:00:00,1242.77,Net Banking,0.8,4,1,Success,None,0
TXN005820,CUST02115,2026-06-13 19:55:00,434.78,Wallet,0.95,3,1,Success,None,0
TXN005821,CUST01872,2026-09-13 03:39:00,562.17,Net Banking,0.38,0,1,Success,None,0
TXN005822,CUST01875,2026-08-01 17:11:00,5107.14,UPI,0.99,0,1,Success,None,0
TXN005823,CUST00349,2026-11-27 15:50:00,1094.13,UPI,0.73,2,1,Success,None,0
TXN005824,CUST00331,2026-10-18 16:42:00,816.59,UPI,0.8,0,0,Success,None,0
TXN005825,CUST02933,2026-05-03 14:19:00,477.91,Net Banking,0.53,3,0,Success,None,0
TXN005826,CUST01968,2026-06-07 08:03:00,2040.03,Wallet,0.92,2,1,Failed,Network Error,1
TXN005827,CUST02674,2026-07-17 15:13:00,2829.87,UPI,0.74,2,0,Success,None,0
TXN005828,CUST00082,2026-06-28 21:52:00,4693.1,Wallet,0.31,0,1,Failed,Network Error,1
TXN005829,CUST02306,2026-04-14 10:23:00,2666.06,Net Banking,0.83,1,0,Success,None,0
TXN005830,CUST01508,2026-07-29 12:39:00,1631.28,Card,0.77,4,1,Success,None,0
TXN005831,CUST00077,2026-10-04 12:20:00,715.44,Net Banking,0.5,2,0,Success,None,0
TXN005832,CUST02645,2026-05-29 17:46:00,682.68,UPI,0.99,2,1,Success,None,0
TXN005833,CUST01985,2026-01-17 14:07:00,1457.91,Card,0.98,2,0,Success,None,0
TXN005834,CUST02917,2026-10-17 14:21:00,6848.58,Card,0.96,2,0,Failed,Expired Card,0
TXN005835,CUST00296,2026-11-24 12:01:00,1029.61,Wallet,0.96,3,0,Success,None,0
TXN005836,CUST01826,2026-01-13 02:54:00,1168.98,Net Banking,0.95,0,0,Success,None,0
TXN005837,CUST01354,2026-07-16 05:07:00,976.85,Card,0.74,0,0,Success,None,0
TXN005838,CUST02891,2026-09-29 02:08:00,4715.86,Net Banking,0.98,3,1,Success,None,0
TXN005839,CUST01542,2026-08-18 01:54:00,1453.32,Card,0.51,2,0,Success,None,0
TXN005840,CUST01022,2026-07-28 14:41:00,924.32,Wallet,0.37,4,0,Success,None,0
TXN005841,CUST01668,2026-09-02 08:48:00,496.13,Card,0.94,4,0,Success,None,0
TXN005842,CUST00803,2026-03-22 08:48:00,542.57,Wallet,0.4,2,0,Success,None,0
TXN005843,CUST02950,2026-10-08 06:26:00,1273.52,UPI,0.77,0,0,Success,None,0
TXN005844,CUST00579,2026-08-07 20:20:00,3058.2,UPI,0.79,3,1,Failed,Network Error,0
TXN005845,CUST02501,2026-10-04 09:02:00,1054.97,UPI,0.41,1,0,Success,None,0
TXN005846,CUST02633,2026-02-23 16:15:00,731.91,Net Banking,0.52,4,0,Success,None,0
TXN005847,CUST01883,2026-10-04 08:07:00,3542.81,Wallet,0.64,2,1,Success,None,0
TXN005848,CUST00200,2026-04-30 06:09:00,807.05,Wallet,0.35,1,1,Failed,Authentication Failed,0
TXN005849,CUST00212,2026-03-20 12:13:00,420.85,Card,0.88,1,1,Failed,Network Error,1
TXN005850,CUST02786,2026-08-17 23:07:00,4181.36,Net Banking,0.51,2,0,Success,None,0
TXN005851,CUST01651,2026-09-30 01:12:00,599.68,Net Banking,0.96,4,1,Failed,Bank Timeout,1
TXN005852,CUST00430,2026-09-03 11:49:00,1476.49,Card,0.67,4,0,Failed,Bank Timeout,0
TXN005853,CUST00911,2026-09-05 10:40:00,800.64,Card,0.71,2,1,Failed,Authentication Failed,0
TXN005854,CUST01953,2026-11-18 09:58:00,2873.55,UPI,0.52,0,1,Success,None,0
TXN005855,CUST00509,2026-04-12 22:09:00,571.82,Card,0.66,3,0,Failed,Network Error,0
TXN005856,CUST01891,2026-09-03 20:00:00,673.22,Wallet,0.47,3,0,Success,None,0
TXN005857,CUST00557,2026-12-10 09:48:00,1330.96,Wallet,1.0,3,0,Success,None,0
TXN005858,CUST01821,2026-09-11 15:09:00,1131.45,Wallet,0.83,4,0,Success,None,0
TXN005859,CUST02087,2026-10-24 06:22:00,1126.46,UPI,0.45,4,1,Success,None,0
TXN005860,CUST01086,2026-08-12 06:53:00,782.64,Wallet,0.63,3,0,Success,None,0
TXN005861,CUST02803,2026-12-09 14:08:00,1705.19,Net Banking,0.69,2,0,Success,None,0
TXN005862,CUST02058,2026-08-02 21:04:00,1151.58,Net Banking,0.52,2,0,Success,None,0
TXN005863,CUST00780,2026-10-14 14:45:00,263.99,Net Banking,0.57,3,1,Success,None,0
TXN005864,CUST00113,2026-05-22 17:41:00,906.49,Net Banking,0.71,1,1,Success,None,0
TXN005865,CUST01720,2026-04-13 10:50:00,372.79,Wallet,0.73,4,1,Failed,Insufficient Funds,1
TXN005866,CUST00616,2026-06-03 08:56:00,460.29,Net Banking,0.33,0,1,Failed,Authentication Failed,1
TXN005867,CUST00330,2026-05-08 16:44:00,732.38,Net Banking,0.61,2,1,Success,None,0
TXN005868,CUST01221,2026-04-26 10:46:00,1264.65,Card,0.85,0,0,Success,None,0
TXN005869,CUST00851,2026-08-15 11:02:00,918.66,Wallet,0.35,1,0,Success,None,0
TXN005870,CUST00133,2026-09-26 20:53:00,1705.44,UPI,0.91,0,0,Success,None,0
TXN005871,CUST01676,2026-05-11 00:06:00,2941.26,UPI,0.44,2,1,Failed,Expired Card,0
TXN005872,CUST00992,2026-05-06 00:43:00,2860.18,Card,0.94,2,0,Failed,Bank Timeout,1
TXN005873,CUST02682,2026-03-31 13:35:00,1067.03,Net Banking,0.75,3,0,Success,None,0
TXN005874,CUST00739,2026-12-09 18:50:00,628.96,Net Banking,0.34,1,0,Success,None,0
TXN005875,CUST01761,2026-11-10 17:39:00,631.61,Wallet,0.39,0,0,Success,None,0
TXN005876,CUST01066,2026-11-08 11:11:00,1219.98,UPI,0.67,3,0,Failed,Expired Card,0
TXN005877,CUST00288,2026-10-24 16:59:00,668.66,UPI,0.3,0,0,Failed,Network Error,1
TXN005878,CUST01727,2026-08-07 10:56:00,1294.02,Net Banking,0.86,0,0,Success,None,0
TXN005879,CUST01288,2026-07-19 09:09:00,402.39,Wallet,0.46,0,0,Success,None,0
TXN005880,CUST02797,2026-09-30 15:46:00,4528.65,UPI,0.86,2,0,Success,None,0
TXN005881,CUST01134,2026-01-28 20:28:00,772.71,Wallet,0.86,3,1,Failed,Network Error,0
TXN005882,CUST01927,2026-12-03 04:03:00,2324.92,Net Banking,0.96,3,1,Failed,Insufficient Funds,1
TXN005883,CUST02094,2026-04-13 04:28:00,3211.19,Wallet,0.42,3,0,Success,None,0
TXN005884,CUST02391,2026-09-02 09:09:00,2408.69,Wallet,0.73,3,1,Failed,Authentication Failed,1
TXN005885,CUST02901,2026-09-27 13:29:00,1315.34,Card,0.72,4,0,Success,None,0
TXN005886,CUST02917,2026-05-28 03:13:00,458.37,Net Banking,0.58,1,0,Success,None,0
TXN005887,CUST02460,2026-01-07 02:35:00,1530.3,Net Banking,0.78,4,0,Success,None,0
TXN005888,CUST01132,2026-09-09 19:46:00,1284.2,UPI,0.46,1,0,Success,None,0
TXN005889,CUST00015,2026-06-30 17:25:00,4553.86,Card,1.0,1,0,Failed,Authentication Failed,1
TXN005890,CUST00072,2026-11-02 04:05:00,1710.93,Net Banking,0.35,2,0,Success,None,0
TXN005891,CUST02787,2026-03-05 14:51:00,1426.12,Wallet,0.53,1,1,Success,None,0
TXN005892,CUST00275,2026-05-10 02:08:00,502.62,Card,0.45,2,0,Success,None,0
TXN005893,CUST00886,2026-05-17 22:22:00,1798.02,UPI,0.7,0,1,Failed,Insufficient Funds,1
TXN005894,CUST01985,2026-11-12 21:20:00,1206.91,Net Banking,0.99,2,1,Success,None,0
TXN005895,CUST00874,2026-04-03 05:38:00,1174.25,Card,0.59,4,0,Failed,Authentication Failed,1
TXN005896,CUST00687,2026-04-19 22:43:00,942.71,Net Banking,0.89,2,1,Failed,Network Error,1
TXN005897,CUST00011,2026-08-09 12:45:00,549.56,Card,0.66,1,0,Failed,Network Error,1
TXN005898,CUST00423,2026-11-30 14:57:00,739.16,Net Banking,0.95,0,0,Success,None,0
TXN005899,CUST02067,2026-11-02 05:12:00,781.4,Card,0.69,3,0,Success,None,0
TXN005900,CUST00337,2026-05-31 14:15:00,188.23,Net Banking,0.43,4,1,Success,None,0
TXN005901,CUST02036,2026-02-04 18:35:00,2097.95,Net Banking,0.36,3,0,Failed,Bank Timeout,1
TXN005902,CUST00834,2026-07-04 00:58:00,2322.49,UPI,0.9,2,0,Success,None,0
TXN005903,CUST00036,2026-07-07 04:25:00,1077.33,Card,0.79,1,0,Success,None,0
TXN005904,CUST00802,2026-10-09 05:44:00,1083.08,Net Banking,0.42,2,1,Failed,Network Error,1
TXN005905,CUST01431,2026-08-21 04:16:00,4179.41,UPI,0.87,1,0,Success,None,0
TXN005906,CUST02842,2026-07-20 09:16:00,1876.63,Card,0.38,0,1,Success,None,0
TXN005907,CUST01408,2026-10-22 11:48:00,802.98,Net Banking,0.83,4,0,Success,None,0
TXN005908,CUST02892,2026-07-21 16:55:00,1969.54,Net Banking,0.77,0,0,Success,None,0
TXN005909,CUST01353,2026-05-18 04:26:00,1041.05,Wallet,0.39,2,0,Failed,Authentication Failed,0
TXN005910,CUST02543,2026-07-15 21:26:00,1772.16,Net Banking,0.61,1,0,Failed,Bank Timeout,1
TXN005911,CUST02407,2026-07-13 20:59:00,1838.95,UPI,0.44,1,0,Success,None,0
TXN005912,CUST02244,2026-03-13 09:21:00,2178.62,UPI,0.31,0,0,Success,None,0
TXN005913,CUST01058,2026-04-05 08:11:00,2735.68,UPI,0.57,3,0,Failed,Bank Timeout,1
TXN005914,CUST01277,2026-09-08 21:46:00,832.23,Card,0.65,1,0,Success,None,0
TXN005915,CUST02353,2026-10-05 20:19:00,785.75,Net Banking,0.85,3,0,Failed,Insufficient Funds,1
TXN005916,CUST00711,2026-02-26 08:07:00,802.87,UPI,0.68,0,0,Success,None,0
TXN005917,CUST00792,2026-02-01 17:34:00,897.54,Wallet,0.49,2,0,Success,None,0
TXN005918,CUST02965,2026-03-13 14:16:00,612.26,Net Banking,0.99,3,0,Failed,Bank Timeout,1
TXN005919,CUST01362,2026-03-13 06:43:00,3871.82,UPI,0.36,2,0,Success,None,0
TXN005920,CUST00258,2026-01-15 04:42:00,560.94,UPI,0.98,2,0,Success,None,0
TXN005921,CUST00242,2026-01-04 17:40:00,366.43,Card,0.74,2,0,Success,None,0
TXN005922,CUST01807,2026-09-02 13:34:00,1090.84,Wallet,0.76,4,0,Failed,Insufficient Funds,0
TXN005923,CUST02526,2026-08-12 12:26:00,379.52,UPI,0.45,3,0,Failed,Expired Card,0
TXN005924,CUST02719,2026-06-16 05:59:00,1547.55,Net Banking,0.72,2,0,Success,None,0
TXN005925,CUST02900,2026-09-30 19:35:00,1659.34,Wallet,0.82,3,0,Success,None,0
TXN005926,CUST01334,2026-10-13 02:42:00,893.02,Net Banking,0.37,2,0,Failed,Expired Card,0
TXN005927,CUST02448,2026-02-21 11:12:00,456.09,Card,0.43,4,0,Success,None,0
TXN005928,CUST02515,2026-05-05 05:49:00,412.37,Wallet,0.49,4,0,Failed,Bank Timeout,1
TXN005929,CUST01708,2026-12-07 09:35:00,227.31,UPI,0.65,2,0,Success,None,0
TXN005930,CUST00094,2026-12-01 03:08:00,338.22,UPI,0.87,3,0,Success,None,0
TXN005931,CUST02625,2026-01-07 06:54:00,1147.05,Wallet,0.38,3,0,Failed,Insufficient Funds,0
TXN005932,CUST00656,2026-10-19 07:02:00,1032.95,Card,0.87,2,0,Success,None,0
TXN005933,CUST01657,2026-06-01 23:19:00,3737.84,UPI,0.83,4,0,Failed,Expired Card,0
TXN005934,CUST00623,2026-05-10 13:22:00,3647.35,Card,0.83,0,1,Success,None,0
TXN005935,CUST00699,2026-02-23 03:51:00,793.11,Wallet,0.55,3,1,Success,None,0
TXN005936,CUST02168,2026-06-30 19:05:00,578.95,UPI,0.79,1,0,Success,None,0
TXN005937,CUST00016,2026-07-27 01:24:00,2276.64,UPI,0.58,0,0,Success,None,0
TXN005938,CUST00570,2026-02-17 03:38:00,1120.59,Card,0.46,2,1,Success,None,0
TXN005939,CUST02258,2026-09-14 02:55:00,6080.1,Card,0.78,3,0,Failed,Bank Timeout,1
TXN005940,CUST00598,2026-08-23 23:29:00,1109.35,Card,0.67,0,0,Success,None,0
TXN005941,CUST01095,2026-08-13 03:56:00,2115.16,Wallet,0.71,4,0,Failed,Authentication Failed,0
TXN005942,CUST01041,2026-12-08 23:30:00,5815.38,Card,0.88,1,1,Success,None,0
TXN005943,CUST00593,2026-02-02 04:12:00,1292.5,UPI,0.44,4,0,Success,None,0
TXN005944,CUST01371,2026-05-01 13:55:00,2884.97,Net Banking,0.96,1,0,Success,None,0
TXN005945,CUST02894,2026-01-06 19:14:00,651.92,UPI,0.82,1,1,Success,None,0
TXN005946,CUST00180,2026-03-05 04:05:00,763.91,Wallet,0.34,2,0,Success,None,0
TXN005947,CUST01074,2026-10-13 03:29:00,235.85,Card,0.54,0,1,Success,None,0
TXN005948,CUST01231,2026-06-14 06:15:00,1853.32,Net Banking,0.62,3,0,Success,None,0
TXN005949,CUST02837,2026-01-16 04:00:00,3672.34,Wallet,0.77,4,0,Failed,Expired Card,0
TXN005950,CUST01054,2026-06-08 14:46:00,1355.41,UPI,0.89,0,0,Failed,Authentication Failed,1
TXN005951,CUST00837,2026-11-24 21:23:00,5584.77,Net Banking,0.45,0,0,Success,None,0
TXN005952,CUST01349,2026-10-21 04:27:00,2115.93,Wallet,0.75,2,1,Success,None,0
TXN005953,CUST00904,2026-07-13 06:34:00,1662.14,Card,0.36,4,1,Success,None,0
TXN005954,CUST02982,2026-06-04 22:40:00,634.18,Wallet,0.69,3,0,Success,None,0
TXN005955,CUST00304,2026-08-28 22:26:00,329.67,Card,0.82,1,1,Failed,Insufficient Funds,0
TXN005956,CUST02651,2026-11-04 01:16:00,1194.82,Wallet,0.89,1,0,Success,None,0
TXN005957,CUST00362,2026-07-22 10:30:00,1490.7,UPI,0.31,0,0,Success,None,0
TXN005958,CUST00038,2026-10-30 10:50:00,484.0,Wallet,0.81,2,1,Success,None,0
TXN005959,CUST02726,2026-10-02 09:37:00,760.85,Net Banking,0.67,3,0,Failed,Expired Card,0
TXN005960,CUST00878,2026-03-17 11:32:00,1349.91,UPI,0.9,4,0,Success,None,0
TXN005961,CUST00497,2026-09-23 17:32:00,940.26,Net Banking,0.93,2,0,Failed,Bank Timeout,1
TXN005962,CUST02942,2026-04-23 03:41:00,1695.43,Card,0.82,4,0,Failed,Insufficient Funds,1
TXN005963,CUST01064,2026-05-12 16:28:00,1205.05,UPI,0.85,3,0,Failed,Bank Timeout,1
TXN005964,CUST01805,2026-08-03 06:36:00,477.24,Net Banking,0.73,1,0,Failed,Network Error,1
TXN005965,CUST01675,2026-08-21 20:57:00,503.12,UPI,0.69,3,0,Success,None,0
TXN005966,CUST02312,2026-02-15 21:49:00,638.39,UPI,0.94,2,0,Success,None,0
TXN005967,CUST02022,2026-11-11 18:23:00,184.18,Wallet,0.53,0,0,Success,None,0
TXN005968,CUST02568,2026-10-31 21:50:00,887.97,Wallet,0.68,4,1,Success,None,0
TXN005969,CUST01557,2026-05-14 19:47:00,506.58,Net Banking,0.63,1,0,Failed,Expired Card,0
TXN005970,CUST00651,2026-09-19 00:24:00,684.29,Card,0.66,4,0,Success,None,0
TXN005971,CUST00454,2026-02-26 03:57:00,1736.91,UPI,0.36,4,0,Success,None,0
TXN005972,CUST01530,2026-06-09 00:43:00,874.13,Card,0.56,1,0,Success,None,0
TXN005973,CUST01750,2026-09-06 03:06:00,724.51,Net Banking,0.88,4,0,Success,None,0
TXN005974,CUST01987,2026-07-02 21:52:00,1393.48,Wallet,0.32,3,1,Failed,Insufficient Funds,0
TXN005975,CUST01141,2026-06-24 15:04:00,2890.0,Wallet,0.8,2,0,Success,None,0
TXN005976,CUST01150,2026-10-30 12:57:00,2077.26,Net Banking,0.84,4,0,Success,None,0
TXN005977,CUST01372,2026-03-26 02:57:00,1483.43,Wallet,0.31,1,0,Success,None,0
TXN005978,CUST02606,2026-12-08 09:07:00,920.35,Net Banking,0.81,1,0,Success,None,0
TXN005979,CUST01321,2026-08-07 08:15:00,1389.97,Wallet,0.69,2,0,Success,None,0
TXN005980,CUST02061,2026-04-10 22:56:00,1182.98,Card,0.52,4,1,Failed,Expired Card,1
TXN005981,CUST01133,2026-09-14 22:58:00,807.5,Wallet,0.44,0,0,Failed,Network Error,1
TXN005982,CUST02802,2026-06-11 13:39:00,279.92,Wallet,0.93,1,1,Success,None,0
TXN005983,CUST00493,2026-06-04 12:28:00,712.1,Net Banking,0.82,0,1,Failed,Network Error,1
TXN005984,CUST00918,2026-05-10 11:12:00,1228.96,Net Banking,0.85,2,1,Success,None,0
TXN005985,CUST00295,2026-04-24 02:46:00,460.06,Net Banking,0.95,2,1,Failed,Insufficient Funds,0
TXN005986,CUST01805,2026-03-28 12:01:00,2218.11,Wallet,0.52,4,1,Failed,Insufficient Funds,0
TXN005987,CUST02318,2026-09-26 02:44:00,1688.12,UPI,0.78,1,0,Success,None,0
TXN005988,CUST00250,2026-10-13 13:10:00,840.08,Card,0.56,0,1,Failed,Bank Timeout,1
TXN005989,CUST00352,2026-08-26 11:04:00,779.32,UPI,0.72,2,1,Success,None,0
TXN005990,CUST00707,2026-02-15 23:12:00,454.86,Card,0.44,2,0,Failed,Expired Card,1
TXN005991,CUST02218,2026-10-09 04:24:00,1272.51,Net Banking,0.36,1,0,Success,None,0
TXN005992,CUST01965,2026-07-21 10:47:00,516.44,Card,0.9,3,1,Failed,Insufficient Funds,0
TXN005993,CUST01786,2026-10-20 21:31:00,450.82,Net Banking,0.42,0,0,Success,None,0
TXN005994,CUST01125,2026-03-13 13:20:00,832.57,UPI,0.38,0,0,Success,None,0
TXN005995,CUST02268,2026-11-02 06:58:00,705.41,Net Banking,0.63,0,0,Success,None,0
TXN005996,CUST00898,2026-05-17 10:25:00,1144.07,Net Banking,0.81,3,0,Success,None,0
TXN005997,CUST01640,2026-12-05 01:44:00,2210.48,Wallet,0.68,3,0,Success,None,0
TXN005998,CUST01337,2026-06-01 18:18:00,1735.87,Net Banking,0.69,2,0,Success,None,0
TXN005999,CUST01414,2026-11-21 22:45:00,306.86,UPI,0.61,1,0,Success,None,0
TXN006000,CUST00168,2026-06-26 10:06:00,1574.36,Wallet,0.39,4,1,Failed,Network Error,0
TXN006001,CUST02593,2026-02-19 12:40:00,3345.48,Wallet,0.42,1,1,Success,None,0
TXN006002,CUST02577,2026-05-24 20:19:00,642.38,UPI,0.38,2,0,Failed,Network Error,1
TXN006003,CUST00439,2026-09-16 17:17:00,383.99,UPI,0.63,4,0,Success,None,0
TXN006004,CUST01675,2026-10-20 08:53:00,1625.39,Net Banking,0.42,3,0,Failed,Expired Card,0
TXN006005,CUST00175,2026-11-17 05:00:00,659.91,Net Banking,0.6,1,0,Success,None,0
TXN006006,CUST01315,2026-11-10 10:37:00,7191.69,Net Banking,0.36,1,0,Success,None,0
TXN006007,CUST02759,2026-05-04 20:34:00,435.7,UPI,0.69,3,1,Failed,Network Error,1
TXN006008,CUST00366,2026-03-08 09:46:00,1582.84,Card,0.74,1,1,Success,None,0
TXN006009,CUST01065,2026-05-25 18:50:00,400.79,Wallet,0.72,1,0,Failed,Authentication Failed,0
TXN006010,CUST01182,2026-06-12 07:33:00,1431.05,Net Banking,0.69,3,0,Success,None,0
TXN006011,CUST01969,2026-08-31 14:15:00,1513.25,UPI,0.35,2,0,Failed,Expired Card,0
TXN006012,CUST02487,2026-06-16 01:19:00,1843.99,UPI,0.64,4,0,Success,None,0
TXN006013,CUST01535,2026-02-25 18:28:00,539.75,Wallet,0.79,2,0,Success,None,0
TXN006014,CUST01225,2026-08-08 21:57:00,300.14,Net Banking,0.36,0,0,Success,None,0
TXN006015,CUST01389,2026-06-06 08:32:00,654.11,Card,0.55,1,0,Failed,Network Error,1
TXN006016,CUST02130,2026-08-30 09:03:00,2491.93,Card,0.63,1,0,Failed,Expired Card,1
TXN006017,CUST01115,2026-06-08 03:36:00,1324.37,Wallet,0.74,3,1,Failed,Network Error,0
TXN006018,CUST01308,2026-06-25 06:36:00,2755.11,Wallet,0.91,4,0,Success,None,0
TXN006019,CUST01482,2026-09-22 01:37:00,2289.32,UPI,0.37,2,0,Failed,Expired Card,1
TXN006020,CUST02657,2026-03-23 01:35:00,2269.6,Net Banking,0.31,1,0,Failed,Authentication Failed,0
TXN006021,CUST02693,2026-05-03 10:30:00,350.06,Wallet,0.65,3,0,Failed,Authentication Failed,0
TXN006022,CUST00577,2026-10-07 12:06:00,1673.77,Card,0.89,0,0,Failed,Expired Card,0
TXN006023,CUST01995,2026-04-19 15:58:00,783.51,UPI,0.77,3,0,Success,None,0
TXN006024,CUST01417,2026-08-05 04:11:00,1310.25,UPI,0.45,1,0,Success,None,0
TXN006025,CUST01912,2026-08-30 18:02:00,1077.21,Wallet,0.31,0,0,Success,None,0
TXN006026,CUST00450,2026-08-23 06:32:00,545.11,UPI,0.83,0,0,Failed,Network Error,1
TXN006027,CUST01864,2026-08-12 18:07:00,1601.96,Wallet,0.34,1,0,Success,None,0
TXN006028,CUST00985,2026-09-10 18:18:00,676.89,Net Banking,0.96,0,0,Success,None,0
TXN006029,CUST00547,2026-12-10 04:25:00,685.78,Wallet,0.63,1,0,Success,None,0
TXN006030,CUST01919,2026-05-27 02:31:00,418.59,Net Banking,0.77,4,0,Success,None,0
TXN006031,CUST00426,2026-04-09 10:28:00,2063.02,Net Banking,0.36,1,0,Success,None,0
TXN006032,CUST01266,2026-07-14 09:52:00,862.34,Wallet,0.84,0,1,Failed,Network Error,1
TXN006033,CUST01916,2026-02-25 05:07:00,1662.02,Net Banking,0.31,1,0,Failed,Bank Timeout,1
TXN006034,CUST02198,2026-05-08 06:08:00,2506.24,Card,0.46,2,0,Success,None,0
TXN006035,CUST02762,2026-06-26 22:35:00,381.08,UPI,0.95,4,0,Success,None,0
TXN006036,CUST01999,2026-08-26 23:25:00,2414.41,Net Banking,0.5,2,0,Success,None,0
TXN006037,CUST01649,2026-10-14 16:32:00,2368.69,Wallet,0.54,0,0,Success,None,0
TXN006038,CUST02573,2026-05-30 11:23:00,1134.14,Net Banking,0.34,0,0,Success,None,0
TXN006039,CUST00977,2026-06-11 16:04:00,907.37,Card,0.84,1,0,Success,None,0
TXN006040,CUST01232,2026-02-07 01:12:00,1940.38,UPI,0.93,0,1,Success,None,0
TXN006041,CUST01641,2026-08-19 16:28:00,2663.19,Net Banking,0.85,4,1,Failed,Insufficient Funds,0
TXN006042,CUST02989,2026-09-20 06:38:00,1008.46,Net Banking,0.33,3,1,Success,None,0
TXN006043,CUST01192,2026-09-17 19:55:00,643.13,Card,0.65,0,0,Success,None,0
TXN006044,CUST02343,2026-07-08 16:06:00,527.61,Net Banking,0.66,2,0,Success,None,0
TXN006045,CUST02046,2026-09-17 22:01:00,495.84,Card,0.84,2,0,Success,None,0
TXN006046,CUST00152,2026-01-10 05:56:00,726.51,Wallet,0.65,0,1,Success,None,0
TXN006047,CUST02493,2026-01-08 00:36:00,1354.16,Card,0.33,3,0,Success,None,0
TXN006048,CUST01885,2026-08-28 22:53:00,1662.89,UPI,0.99,2,0,Success,None,0
TXN006049,CUST00430,2026-12-09 06:52:00,1139.72,UPI,0.62,3,0,Success,None,0
TXN006050,CUST01885,2026-07-29 05:08:00,1607.4,Wallet,0.76,4,0,Failed,Insufficient Funds,1
TXN006051,CUST02225,2026-12-10 18:11:00,2599.51,Wallet,0.5,3,0,Success,None,0
TXN006052,CUST01286,2026-11-26 02:05:00,194.92,Net Banking,0.5,0,1,Success,None,0
TXN006053,CUST00450,2026-08-30 23:12:00,872.99,Card,0.33,2,0,Success,None,0
TXN006054,CUST01824,2026-05-09 12:02:00,751.45,Wallet,0.83,3,0,Failed,Bank Timeout,1
TXN006055,CUST01994,2026-11-17 02:29:00,1553.05,Wallet,0.57,1,0,Success,None,0
TXN006056,CUST02881,2026-01-17 13:22:00,989.02,Net Banking,0.55,4,1,Success,None,0
TXN006057,CUST00237,2026-02-18 08:46:00,744.47,Wallet,0.65,3,0,Success,None,0
TXN006058,CUST01107,2026-03-25 21:59:00,3334.2,Card,0.99,0,0,Success,None,0
TXN006059,CUST00437,2026-01-28 02:12:00,880.24,Net Banking,0.66,1,0,Success,None,0
TXN006060,CUST00777,2026-11-28 14:28:00,1071.69,Net Banking,0.67,0,1,Failed,Network Error,1
TXN006061,CUST02018,2026-06-07 08:44:00,1857.63,Card,1.0,2,0,Success,None,0
TXN006062,CUST02755,2026-06-24 16:25:00,913.15,Wallet,0.81,1,0,Success,None,0
TXN006063,CUST01809,2026-07-09 09:13:00,2452.84,Wallet,0.79,0,0,Success,None,0
TXN006064,CUST00803,2026-11-29 20:09:00,7131.24,UPI,0.77,0,0,Failed,Authentication Failed,1
TXN006065,CUST01492,2026-07-24 03:38:00,737.51,Card,0.95,3,0,Success,None,0
TXN006066,CUST01597,2026-11-06 09:40:00,1133.47,Card,0.59,0,0,Success,None,0
TXN006067,CUST00744,2026-11-23 13:27:00,418.13,Net Banking,0.92,3,0,Failed,Authentication Failed,1
TXN006068,CUST02899,2026-11-19 17:05:00,155.47,Net Banking,0.3,0,0,Success,None,0
TXN006069,CUST01758,2026-02-02 04:58:00,794.62,Wallet,0.31,4,0,Failed,Bank Timeout,1
TXN006070,CUST00804,2026-04-07 01:35:00,730.97,Card,0.32,1,0,Success,None,0
TXN006071,CUST01321,2026-01-31 01:50:00,540.35,Card,0.72,1,1,Success,None,0
TXN006072,CUST02399,2026-11-03 21:23:00,1237.5,UPI,0.96,3,0,Failed,Network Error,0
TXN006073,CUST01616,2026-04-07 03:47:00,708.69,Net Banking,0.51,2,1,Failed,Network Error,1
TXN006074,CUST01525,2026-05-17 10:55:00,947.22,Wallet,0.76,1,0,Success,None,0
TXN006075,CUST01148,2026-02-09 19:44:00,581.46,Net Banking,0.52,2,0,Success,None,0
TXN006076,CUST02817,2026-02-01 01:36:00,443.84,UPI,1.0,4,0,Success,None,0
TXN006077,CUST01565,2026-07-06 03:00:00,282.2,Card,0.64,3,0,Success,None,0
TXN006078,CUST02815,2026-01-22 02:16:00,345.87,UPI,0.88,2,0,Success,None,0
TXN006079,CUST02264,2026-09-09 05:27:00,2415.51,Card,0.9,4,0,Success,None,0
TXN006080,CUST01821,2026-10-12 02:33:00,609.6,Card,0.77,3,0,Failed,Insufficient Funds,1
TXN006081,CUST02035,2026-05-20 01:58:00,319.34,Net Banking,0.82,0,0,Success,None,0
TXN006082,CUST00680,2026-04-06 00:57:00,2227.03,Card,0.4,0,0,Success,None,0
TXN006083,CUST00813,2026-04-08 04:45:00,490.51,Card,0.76,1,0,Success,None,0
TXN006084,CUST00400,2026-06-11 06:15:00,1130.16,UPI,0.66,0,0,Success,None,0
TXN006085,CUST02219,2026-01-05 03:46:00,1360.8,Card,0.66,1,1,Failed,Bank Timeout,1
TXN006086,CUST02082,2026-12-02 00:15:00,1106.85,UPI,0.43,3,1,Success,None,0
TXN006087,CUST01920,2026-09-24 15:03:00,854.1,Net Banking,0.37,3,0,Success,None,0
TXN006088,CUST01728,2026-02-09 11:16:00,5061.2,UPI,0.36,3,1,Success,None,0
TXN006089,CUST01905,2026-09-27 14:15:00,1196.18,Card,0.7,3,0,Success,None,0
TXN006090,CUST00011,2026-08-27 04:32:00,427.85,Net Banking,0.74,3,1,Failed,Authentication Failed,1
TXN006091,CUST02608,2026-02-04 03:43:00,3116.98,UPI,0.9,3,0,Failed,Authentication Failed,0
TXN006092,CUST00172,2026-07-24 05:20:00,2458.22,Card,0.34,2,1,Success,None,0
TXN006093,CUST02691,2026-07-02 09:50:00,1514.19,UPI,0.81,2,0,Failed,Authentication Failed,1
TXN006094,CUST00184,2026-05-21 22:43:00,2253.43,Card,0.37,1,0,Failed,Network Error,1
TXN006095,CUST01641,2026-06-20 03:03:00,1582.94,Net Banking,0.61,2,1,Success,None,0
TXN006096,CUST00448,2026-05-27 02:25:00,820.61,Net Banking,0.76,4,0,Failed,Insufficient Funds,1
TXN006097,CUST02941,2026-05-21 20:48:00,2673.83,Net Banking,0.71,1,0,Success,None,0
TXN006098,CUST02332,2026-08-23 21:36:00,683.13,Net Banking,0.87,0,1,Failed,Insufficient Funds,1
TXN006099,CUST01223,2026-10-24 11:54:00,4140.96,Card,0.95,1,0,Success,None,0
TXN006100,CUST02889,2026-09-06 13:19:00,772.9,UPI,0.61,4,1,Failed,Insufficient Funds,0
TXN006101,CUST02263,2026-07-23 09:35:00,580.99,UPI,0.8,0,0,Success,None,0
TXN006102,CUST00770,2026-07-31 00:25:00,1034.03,UPI,0.33,3,0,Success,None,0
TXN006103,CUST01903,2026-04-11 22:50:00,258.09,Wallet,0.8,0,1,Success,None,0
TXN006104,CUST00483,2026-01-25 09:19:00,980.82,Card,0.3,2,0,Success,None,0
TXN006105,CUST02612,2026-10-12 08:07:00,617.81,Card,0.64,3,0,Failed,Network Error,0
TXN006106,CUST01645,2026-03-05 10:27:00,1859.77,Card,0.89,0,0,Failed,Insufficient Funds,0
TXN006107,CUST02341,2026-05-14 13:28:00,639.04,Wallet,0.78,0,1,Failed,Network Error,0
TXN006108,CUST00580,2026-03-14 10:46:00,2858.34,UPI,0.69,4,0,Success,None,0
TXN006109,CUST02234,2026-03-11 22:48:00,1941.86,Net Banking,0.9,1,0,Success,None,0
TXN006110,CUST00018,2026-06-13 08:13:00,5080.31,UPI,0.94,3,0,Success,None,0
TXN006111,CUST01337,2026-04-24 09:54:00,2777.44,Card,0.99,0,1,Failed,Network Error,1
TXN006112,CUST01546,2026-10-08 21:22:00,2558.41,Net Banking,0.47,4,0,Success,None,0
TXN006113,CUST00501,2026-09-25 09:19:00,3522.95,Net Banking,0.94,0,0,Success,None,0
TXN006114,CUST01247,2026-02-24 19:27:00,911.29,UPI,0.47,0,0,Success,None,0
TXN006115,CUST00776,2026-05-14 20:30:00,2120.21,Card,0.44,0,0,Failed,Expired Card,0
TXN006116,CUST02320,2026-12-06 05:35:00,1397.62,Wallet,0.39,4,0,Failed,Bank Timeout,1
TXN006117,CUST02470,2026-06-29 09:59:00,4349.49,Net Banking,0.5,3,0,Success,None,0
TXN006118,CUST00334,2026-03-11 23:52:00,3600.84,Wallet,0.94,3,0,Success,None,0
TXN006119,CUST01415,2026-11-27 10:20:00,4475.0,UPI,0.76,3,1,Failed,Insufficient Funds,1
TXN006120,CUST00302,2026-11-28 08:21:00,694.84,Net Banking,0.54,1,0,Success,None,0
TXN006121,CUST00020,2026-05-23 18:44:00,5070.17,Wallet,0.82,2,0,Success,None,0
TXN006122,CUST02216,2026-03-18 00:49:00,777.59,Net Banking,0.56,1,0,Success,None,0
TXN006123,CUST01836,2026-02-11 23:32:00,1087.73,Card,0.86,3,0,Success,None,0
TXN006124,CUST01654,2026-11-12 04:20:00,920.25,Wallet,0.63,3,1,Success,None,0
TXN006125,CUST00249,2026-04-12 21:03:00,1227.95,Wallet,0.86,0,1,Success,None,0
TXN006126,CUST01271,2026-09-04 05:47:00,2193.76,Card,0.79,2,1,Success,None,0
TXN006127,CUST00328,2026-01-17 05:47:00,1005.97,Card,0.7,3,0,Success,None,0
TXN006128,CUST00925,2026-07-31 05:22:00,797.95,Card,0.61,1,0,Success,None,0
TXN006129,CUST02960,2026-11-29 04:45:00,2302.33,Wallet,0.59,3,0,Success,None,0
TXN006130,CUST01082,2026-10-11 19:12:00,548.91,Wallet,0.86,2,0,Failed,Insufficient Funds,1
TXN006131,CUST02224,2026-08-02 14:12:00,9243.65,Net Banking,0.86,2,0,Success,None,0
TXN006132,CUST02871,2026-11-04 04:20:00,4912.51,Net Banking,0.34,3,0,Success,None,0
TXN006133,CUST02218,2026-05-21 21:48:00,1204.27,UPI,0.67,0,0,Failed,Insufficient Funds,1
TXN006134,CUST01186,2026-01-19 17:42:00,1332.83,Net Banking,0.71,1,1,Success,None,0
TXN006135,CUST02435,2026-10-25 16:32:00,3344.4,Wallet,0.6,4,0,Success,None,0
TXN006136,CUST01956,2026-02-08 07:07:00,2219.62,Net Banking,0.4,3,0,Failed,Insufficient Funds,1
TXN006137,CUST01983,2026-05-23 19:08:00,669.25,UPI,0.63,4,1,Success,None,0
TXN006138,CUST01842,2026-09-03 06:06:00,1917.66,Net Banking,0.71,2,0,Failed,Network Error,1
TXN006139,CUST01399,2026-07-06 07:37:00,983.62,Wallet,0.71,3,0,Success,None,0
TXN006140,CUST00622,2026-09-06 17:13:00,2054.19,Wallet,0.56,1,1,Failed,Expired Card,0
TXN006141,CUST01213,2026-04-08 16:59:00,500.31,Card,0.85,4,0,Success,None,0
TXN006142,CUST00833,2026-08-10 16:15:00,2346.82,UPI,0.94,4,0,Failed,Expired Card,0
TXN006143,CUST02807,2026-09-28 00:34:00,848.82,Net Banking,0.3,3,0,Success,None,0
TXN006144,CUST00047,2026-09-21 10:36:00,1489.5,Wallet,0.53,3,1,Success,None,0
TXN006145,CUST02663,2026-03-21 13:08:00,2794.41,Card,0.54,3,0,Success,None,0
TXN006146,CUST01679,2026-01-13 07:05:00,949.43,Card,0.73,4,1,Success,None,0
TXN006147,CUST01806,2026-08-06 01:10:00,439.38,Wallet,0.74,3,1,Success,None,0
TXN006148,CUST01919,2026-07-27 08:23:00,588.55,Net Banking,0.94,0,0,Success,None,0
TXN006149,CUST00592,2026-06-30 22:52:00,132.28,Wallet,0.85,3,0,Success,None,0
TXN006150,CUST02414,2026-01-26 09:33:00,1479.66,Wallet,0.49,1,1,Success,None,0
TXN006151,CUST00226,2026-05-11 04:40:00,3881.03,UPI,0.73,3,0,Success,None,0
TXN006152,CUST00533,2026-03-04 18:22:00,4176.81,UPI,0.52,4,1,Failed,Bank Timeout,0
TXN006153,CUST01667,2026-04-15 15:30:00,1499.71,UPI,0.36,4,0,Failed,Bank Timeout,1
TXN006154,CUST00950,2026-01-19 21:23:00,649.57,Card,0.67,1,0,Success,None,0
TXN006155,CUST00884,2026-04-02 20:01:00,777.51,Card,0.95,4,0,Success,None,0
TXN006156,CUST01553,2026-10-24 12:17:00,454.77,Net Banking,0.86,0,1,Success,None,0
TXN006157,CUST01548,2026-09-15 16:08:00,1223.37,UPI,0.87,4,0,Success,None,0
TXN006158,CUST02786,2026-08-11 19:29:00,1050.3,Card,0.31,0,1,Success,None,0
TXN006159,CUST02681,2026-05-05 03:54:00,1927.98,Net Banking,0.36,1,0,Failed,Authentication Failed,0
TXN006160,CUST01324,2026-02-02 21:26:00,1969.51,Wallet,0.65,1,0,Success,None,0
TXN006161,CUST02072,2026-06-25 15:13:00,254.23,Card,0.54,2,0,Failed,Insufficient Funds,1
TXN006162,CUST01567,2026-07-13 08:29:00,412.91,UPI,0.42,2,0,Success,None,0
TXN006163,CUST01177,2026-10-11 22:37:00,1112.26,Net Banking,0.51,4,1,Failed,Network Error,0
TXN006164,CUST00437,2026-04-04 04:18:00,2143.67,Card,0.98,0,0,Success,None,0
TXN006165,CUST01484,2026-11-26 07:45:00,2021.67,Card,0.84,2,0,Success,None,0
TXN006166,CUST02169,2026-04-01 03:23:00,311.09,Card,0.74,0,0,Success,None,0
TXN006167,CUST01681,2026-05-13 22:50:00,1684.9,Wallet,0.64,2,0,Success,None,0
TXN006168,CUST00123,2026-07-20 11:38:00,4120.41,Net Banking,0.58,3,1,Failed,Expired Card,0
TXN006169,CUST02230,2026-09-05 02:52:00,349.13,Wallet,0.95,3,0,Failed,Bank Timeout,1
TXN006170,CUST00937,2026-03-03 10:51:00,1192.91,UPI,0.41,4,0,Success,None,0
TXN006171,CUST01021,2026-01-13 10:41:00,1005.26,UPI,0.46,0,1,Failed,Insufficient Funds,0
TXN006172,CUST02295,2026-12-02 20:57:00,230.42,Net Banking,0.75,3,1,Failed,Bank Timeout,1
TXN006173,CUST02212,2026-02-28 01:33:00,962.25,Card,0.95,3,1,Success,None,0
TXN006174,CUST00832,2026-10-19 19:04:00,1267.41,Wallet,0.54,0,0,Success,None,0
TXN006175,CUST01269,2026-10-18 06:04:00,856.23,Card,0.59,4,0,Success,None,0
TXN006176,CUST00712,2026-06-22 12:54:00,2255.88,Wallet,0.95,4,0,Success,None,0
TXN006177,CUST01269,2026-06-05 12:08:00,615.33,Wallet,0.46,2,0,Failed,Insufficient Funds,1
TXN006178,CUST00798,2026-06-21 11:43:00,690.27,Card,0.76,1,0,Failed,Insufficient Funds,1
TXN006179,CUST01328,2026-03-07 02:21:00,342.33,UPI,0.35,0,0,Failed,Expired Card,1
TXN006180,CUST01279,2026-02-24 15:16:00,2199.85,Wallet,0.89,2,0,Success,None,0
TXN006181,CUST00603,2026-01-30 22:52:00,965.37,UPI,0.5,1,0,Success,None,0
TXN006182,CUST01479,2026-12-11 20:01:00,658.74,Wallet,0.67,2,0,Success,None,0
TXN006183,CUST00274,2026-07-12 21:42:00,574.61,Net Banking,0.82,3,0,Success,None,0
TXN006184,CUST02538,2026-01-21 05:26:00,787.62,Wallet,0.96,1,0,Failed,Network Error,1
TXN006185,CUST01701,2026-04-27 08:09:00,2163.79,Wallet,0.34,1,1,Success,None,0
TXN006186,CUST00401,2026-05-28 17:31:00,548.19,UPI,0.55,2,0,Success,None,0
TXN006187,CUST01036,2026-10-28 11:01:00,827.58,Wallet,0.67,2,0,Failed,Insufficient Funds,1
TXN006188,CUST02955,2026-06-25 05:30:00,2336.83,Card,0.55,3,0,Failed,Expired Card,0
TXN006189,CUST01198,2026-03-15 10:09:00,1488.77,Net Banking,0.92,4,0,Success,None,0
TXN006190,CUST02347,2026-02-21 14:42:00,496.43,UPI,0.86,2,1,Failed,Bank Timeout,1
TXN006191,CUST01630,2026-06-05 04:34:00,1481.84,Card,0.8,4,0,Success,None,0
TXN006192,CUST00361,2026-06-12 04:15:00,935.2,UPI,0.36,2,0,Success,None,0
TXN006193,CUST00939,2026-06-26 17:43:00,1364.29,Card,0.32,1,1,Success,None,0
TXN006194,CUST01098,2026-07-02 02:31:00,1331.37,UPI,0.33,4,0,Success,None,0
TXN006195,CUST02544,2026-02-04 19:50:00,649.61,UPI,0.33,3,0,Success,None,0
TXN006196,CUST00182,2026-06-30 17:11:00,1419.27,Net Banking,0.57,0,1,Failed,Expired Card,0
TXN006197,CUST02742,2026-08-13 19:08:00,1370.2,Wallet,0.41,1,0,Failed,Bank Timeout,1
TXN006198,CUST00302,2026-01-17 19:52:00,2670.07,Net Banking,0.69,4,0,Success,None,0
TXN006199,CUST02304,2026-02-15 23:52:00,880.36,UPI,0.39,1,0,Success,None,0
TXN006200,CUST00930,2026-11-03 11:33:00,3121.27,Card,0.68,1,1,Success,None,0
TXN006201,CUST01101,2026-10-02 12:07:00,274.45,UPI,1.0,4,0,Success,None,0
TXN006202,CUST02399,2026-08-05 01:07:00,1796.24,Wallet,0.59,2,0,Success,None,0
TXN006203,CUST01408,2026-11-29 22:53:00,2320.86,UPI,0.64,4,0,Success,None,0
TXN006204,CUST00512,2026-11-03 16:17:00,932.16,Net Banking,0.89,0,1,Success,None,0
TXN006205,CUST02476,2026-04-13 19:50:00,1941.64,Card,0.57,3,0,Failed,Expired Card,0
TXN006206,CUST00080,2026-10-30 08:55:00,1568.2,Card,0.65,3,0,Failed,Authentication Failed,1
TXN006207,CUST02851,2026-11-30 01:07:00,1615.6,Net Banking,0.8,0,0,Success,None,0
TXN006208,CUST01225,2026-10-29 00:02:00,648.02,Card,0.89,4,1,Failed,Bank Timeout,0
TXN006209,CUST00650,2026-05-06 21:52:00,4452.08,Wallet,0.57,3,0,Success,None,0
TXN006210,CUST02119,2026-09-10 08:24:00,1024.81,UPI,0.89,4,0,Failed,Insufficient Funds,0
TXN006211,CUST01231,2026-09-22 22:00:00,543.12,Card,0.74,4,1,Failed,Authentication Failed,0
TXN006212,CUST02646,2026-06-24 18:26:00,5126.36,Card,0.99,3,1,Failed,Bank Timeout,1
TXN006213,CUST01217,2026-03-13 22:14:00,5148.46,Net Banking,0.44,1,0,Success,None,0
TXN006214,CUST01247,2026-07-08 22:08:00,567.01,Net Banking,0.99,4,1,Failed,Authentication Failed,0
TXN006215,CUST02473,2026-06-23 12:10:00,4125.98,Card,0.73,3,0,Success,None,0
TXN006216,CUST01383,2026-03-23 02:51:00,5114.71,UPI,0.31,3,0,Success,None,0
TXN006217,CUST00642,2026-10-05 18:18:00,796.94,UPI,0.59,4,0,Success,None,0
TXN006218,CUST01107,2026-08-22 06:35:00,1510.73,Card,0.99,4,0,Success,None,0
TXN006219,CUST00514,2026-07-31 14:26:00,363.13,Net Banking,0.62,2,1,Success,None,0
TXN006220,CUST00208,2026-07-26 15:58:00,302.06,Wallet,0.48,0,0,Failed,Network Error,1
TXN006221,CUST02464,2026-09-12 11:58:00,277.39,UPI,0.84,0,1,Failed,Network Error,0
TXN006222,CUST00935,2026-02-16 09:37:00,751.75,Wallet,0.93,3,1,Success,None,0
TXN006223,CUST00688,2026-09-10 20:49:00,740.25,Net Banking,0.61,3,1,Failed,Bank Timeout,0
TXN006224,CUST01500,2026-12-02 23:55:00,1393.56,Card,0.53,2,0,Success,None,0
TXN006225,CUST00905,2026-01-20 07:34:00,2048.79,UPI,0.63,3,0,Success,None,0
TXN006226,CUST02941,2026-11-29 04:25:00,2738.8,UPI,0.37,2,0,Success,None,0
TXN006227,CUST02781,2026-06-19 22:37:00,700.54,UPI,0.94,2,0,Success,None,0
TXN006228,CUST00446,2026-03-09 02:50:00,1144.43,Card,0.91,0,1,Success,None,0
TXN006229,CUST01623,2026-04-05 03:53:00,1665.65,Card,0.93,2,0,Success,None,0
TXN006230,CUST01345,2026-11-16 23:05:00,827.57,Wallet,0.61,3,0,Failed,Insufficient Funds,0
TXN006231,CUST02137,2026-12-01 09:09:00,675.84,UPI,0.76,2,0,Failed,Expired Card,0
TXN006232,CUST00891,2026-06-13 05:57:00,699.75,Card,0.31,2,0,Failed,Network Error,1
TXN006233,CUST00647,2026-10-31 16:09:00,401.45,Card,0.65,4,0,Success,None,0
TXN006234,CUST02526,2026-11-28 21:37:00,1058.24,Net Banking,0.92,3,1,Failed,Authentication Failed,0
TXN006235,CUST00338,2026-11-11 05:23:00,479.21,Wallet,0.33,2,0,Success,None,0
TXN006236,CUST00692,2026-10-08 00:55:00,1474.07,UPI,0.46,1,1,Failed,Bank Timeout,1
TXN006237,CUST01905,2026-04-29 03:03:00,1947.58,Net Banking,0.35,1,1,Success,None,0
TXN006238,CUST00175,2026-08-09 07:33:00,5493.34,UPI,0.85,1,0,Failed,Expired Card,0
TXN006239,CUST02354,2026-06-07 09:42:00,1755.55,UPI,0.4,0,0,Success,None,0
TXN006240,CUST01857,2026-11-11 19:33:00,1190.07,Net Banking,0.75,3,0,Success,None,0
TXN006241,CUST01234,2026-07-03 05:21:00,772.64,Net Banking,0.96,1,1,Success,None,0
TXN006242,CUST01022,2026-04-05 14:14:00,1109.02,Wallet,0.36,2,0,Failed,Insufficient Funds,1
TXN006243,CUST00722,2026-05-26 20:04:00,3786.26,Net Banking,0.65,1,0,Success,None,0
TXN006244,CUST02453,2026-09-25 11:58:00,3600.86,Wallet,0.67,1,0,Success,None,0
TXN006245,CUST01815,2026-12-11 11:03:00,1925.68,Wallet,0.72,2,0,Success,None,0
TXN006246,CUST02548,2026-03-26 04:14:00,817.06,Card,0.46,1,0,Success,None,0
TXN006247,CUST02407,2026-04-27 07:31:00,932.13,Wallet,0.42,0,0,Success,None,0
TXN006248,CUST02752,2026-10-16 01:28:00,1405.5,Card,0.98,4,0,Success,None,0
TXN006249,CUST00715,2026-07-23 03:19:00,670.92,Net Banking,0.57,4,1,Success,None,0
TXN006250,CUST01370,2026-04-01 08:06:00,292.26,Card,0.84,3,0,Success,None,0
TXN006251,CUST00907,2026-12-07 03:38:00,1307.53,UPI,0.76,1,0,Success,None,0
TXN006252,CUST00953,2026-04-01 11:52:00,1001.87,Wallet,0.71,2,0,Success,None,0
TXN006253,CUST00207,2026-06-04 01:06:00,709.44,Card,0.97,1,0,Failed,Network Error,1
TXN006254,CUST00733,2026-10-04 00:50:00,2535.84,UPI,0.98,1,0,Success,None,0
TXN006255,CUST01039,2026-03-11 11:54:00,2122.46,Wallet,0.83,0,0,Success,None,0
TXN006256,CUST00645,2026-03-25 19:05:00,5280.59,Wallet,0.72,0,0,Success,None,0
TXN006257,CUST00184,2026-05-26 13:09:00,469.54,Net Banking,0.6,2,0,Success,None,0
TXN006258,CUST00515,2026-04-29 22:20:00,609.92,UPI,0.43,1,0,Success,None,0
TXN006259,CUST00117,2026-05-14 02:59:00,3063.87,UPI,0.33,3,0,Success,None,0
TXN006260,CUST01329,2026-01-20 17:04:00,758.9,Net Banking,0.75,4,1,Success,None,0
TXN006261,CUST02598,2026-02-25 07:11:00,2270.99,Net Banking,0.93,0,0,Success,None,0
TXN006262,CUST02653,2026-05-24 04:26:00,1852.36,Card,0.5,2,0,Success,None,0
TXN006263,CUST00292,2026-05-16 04:46:00,750.72,Net Banking,0.8,0,0,Success,None,0
TXN006264,CUST00359,2026-03-26 16:13:00,3795.9,Net Banking,0.98,1,0,Success,None,0
TXN006265,CUST01992,2026-08-02 11:53:00,577.47,UPI,0.38,4,0,Failed,Insufficient Funds,0
TXN006266,CUST01415,2026-09-18 12:06:00,262.28,Card,0.55,0,0,Success,None,0
TXN006267,CUST02987,2026-12-06 04:27:00,2692.48,Card,0.43,2,0,Failed,Insufficient Funds,1
TXN006268,CUST00451,2026-11-09 12:07:00,1861.15,Wallet,0.56,2,1,Success,None,0
TXN006269,CUST01467,2026-11-22 13:05:00,1031.57,Net Banking,0.92,3,0,Success,None,0
TXN006270,CUST01771,2026-07-07 11:32:00,3006.65,Wallet,0.85,1,0,Success,None,0
TXN006271,CUST01138,2026-01-07 08:28:00,902.46,Card,0.38,3,0,Failed,Authentication Failed,0
TXN006272,CUST01682,2026-09-02 10:21:00,3709.66,UPI,0.82,1,0,Failed,Expired Card,0
TXN006273,CUST02934,2026-04-26 00:44:00,2296.81,Net Banking,0.83,3,0,Failed,Bank Timeout,1
TXN006274,CUST00004,2026-12-09 01:53:00,3094.88,UPI,0.96,3,1,Success,None,0
TXN006275,CUST01281,2026-02-26 00:17:00,3519.06,UPI,0.53,0,0,Success,None,0
TXN006276,CUST01288,2026-07-02 09:35:00,1898.9,UPI,0.94,4,1,Failed,Network Error,0
TXN006277,CUST02440,2026-11-16 09:39:00,910.73,Wallet,0.9,3,1,Success,None,0
TXN006278,CUST01254,2026-09-10 05:10:00,335.01,UPI,0.92,1,0,Success,None,0
TXN006279,CUST00099,2026-09-29 07:19:00,5408.83,Wallet,0.57,4,0,Success,None,0
TXN006280,CUST00448,2026-11-30 16:09:00,639.51,UPI,0.6,0,0,Success,None,0
TXN006281,CUST01711,2026-09-24 18:15:00,3265.15,Net Banking,0.82,0,0,Failed,Bank Timeout,1
TXN006282,CUST01989,2026-07-15 20:39:00,1102.14,Card,0.61,4,0,Success,None,0
TXN006283,CUST00157,2026-08-28 00:05:00,1283.08,Card,0.92,2,1,Success,None,0
TXN006284,CUST01581,2026-05-29 09:56:00,3133.92,UPI,0.69,1,0,Success,None,0
TXN006285,CUST02899,2026-02-02 06:09:00,994.14,Wallet,0.46,4,0,Success,None,0
TXN006286,CUST01723,2026-05-08 14:52:00,569.74,Net Banking,0.68,4,0,Success,None,0
TXN006287,CUST02707,2026-05-02 15:09:00,515.49,UPI,0.53,4,1,Success,None,0
TXN006288,CUST02281,2026-05-19 10:10:00,429.69,Wallet,0.63,4,0,Success,None,0
TXN006289,CUST00722,2026-01-05 09:07:00,3422.33,Wallet,0.36,4,0,Success,None,0
TXN006290,CUST00640,2026-10-28 01:17:00,1618.92,Wallet,0.69,3,0,Success,None,0
TXN006291,CUST02966,2026-09-03 02:46:00,532.42,UPI,0.46,4,0,Success,None,0
TXN006292,CUST01833,2026-06-16 18:57:00,277.24,Net Banking,0.65,1,0,Success,None,0
TXN006293,CUST01441,2026-01-07 11:02:00,325.09,Card,0.66,3,0,Failed,Authentication Failed,0
TXN006294,CUST02979,2026-01-19 02:25:00,1049.1,Card,0.87,0,0,Success,None,0
TXN006295,CUST02473,2026-02-07 14:07:00,3210.31,Wallet,1.0,3,0,Failed,Network Error,0
TXN006296,CUST01164,2026-05-30 21:06:00,4806.16,Net Banking,0.71,4,0,Success,None,0
TXN006297,CUST00326,2026-06-25 01:20:00,377.77,Wallet,0.65,2,1,Success,None,0
TXN006298,CUST02312,2026-05-18 23:02:00,1508.07,Net Banking,0.84,0,1,Failed,Expired Card,0
TXN006299,CUST01841,2026-11-13 04:10:00,1607.44,Wallet,0.41,2,0,Success,None,0
TXN006300,CUST02013,2026-06-04 17:35:00,837.1,Net Banking,0.49,0,0,Success,None,0
TXN006301,CUST01452,2026-05-08 19:54:00,6602.79,Net Banking,0.53,3,0,Success,None,0
TXN006302,CUST01648,2026-04-01 15:18:00,1162.66,Net Banking,0.34,1,0,Success,None,0
TXN006303,CUST02064,2026-03-18 06:43:00,948.28,UPI,0.58,0,1,Success,None,0
TXN006304,CUST00067,2026-05-08 05:53:00,1704.79,Card,0.39,0,0,Success,None,0
TXN006305,CUST01756,2026-03-29 11:07:00,995.76,Net Banking,0.69,2,0,Failed,Authentication Failed,1
TXN006306,CUST01975,2026-09-04 11:46:00,484.99,Wallet,0.8,1,0,Failed,Bank Timeout,0
TXN006307,CUST01551,2026-02-09 10:02:00,1875.21,UPI,0.6,3,1,Failed,Expired Card,0
TXN006308,CUST01703,2026-04-14 02:23:00,440.88,Card,0.66,0,0,Success,None,0
TXN006309,CUST02758,2026-11-07 05:53:00,829.94,Wallet,0.45,1,0,Success,None,0
TXN006310,CUST00589,2026-02-20 10:11:00,1279.08,UPI,0.38,2,0,Success,None,0
TXN006311,CUST01189,2026-01-09 15:44:00,1106.05,Net Banking,0.82,2,0,Success,None,0
TXN006312,CUST01402,2026-07-04 16:41:00,1456.11,UPI,0.89,2,0,Failed,Insufficient Funds,0
TXN006313,CUST02327,2026-08-18 18:36:00,1288.14,Card,0.85,3,1,Failed,Authentication Failed,0
TXN006314,CUST02132,2026-02-19 04:33:00,1040.6,Card,0.58,4,1,Success,None,0
TXN006315,CUST01547,2026-03-20 02:48:00,376.48,Net Banking,0.77,0,1,Success,None,0
TXN006316,CUST00829,2026-07-11 13:35:00,543.64,UPI,0.91,2,0,Failed,Bank Timeout,1
TXN006317,CUST00113,2026-04-16 23:13:00,755.79,UPI,0.93,0,0,Success,None,0
TXN006318,CUST01282,2026-08-14 04:11:00,312.28,Card,0.44,1,0,Failed,Bank Timeout,1
TXN006319,CUST02015,2026-06-09 08:31:00,1470.91,UPI,0.82,2,0,Success,None,0
TXN006320,CUST01287,2026-10-02 17:45:00,1371.76,Wallet,0.35,2,1,Success,None,0
TXN006321,CUST00626,2026-09-10 09:09:00,1966.23,Wallet,0.35,4,1,Success,None,0
TXN006322,CUST01472,2026-02-27 01:48:00,950.07,Card,0.81,0,1,Success,None,0
TXN006323,CUST01380,2026-10-11 06:10:00,687.05,Card,0.69,1,1,Success,None,0
TXN006324,CUST02589,2026-01-02 12:30:00,3199.02,Net Banking,0.44,3,0,Failed,Bank Timeout,1
TXN006325,CUST01024,2026-03-23 17:18:00,2234.23,Card,0.94,0,0,Failed,Network Error,1
TXN006326,CUST01525,2026-06-14 10:12:00,1194.56,UPI,0.47,3,1,Failed,Insufficient Funds,1
TXN006327,CUST01473,2026-07-08 20:05:00,3327.82,Card,0.7,0,0,Success,None,0
TXN006328,CUST01075,2026-10-09 03:36:00,267.37,UPI,0.54,0,0,Success,None,0
TXN006329,CUST01380,2026-05-27 13:30:00,743.06,UPI,0.36,0,1,Failed,Authentication Failed,1
TXN006330,CUST02907,2026-11-06 09:40:00,2506.49,UPI,0.63,4,0,Failed,Bank Timeout,1
TXN006331,CUST02373,2026-07-11 22:46:00,1954.67,Card,0.32,1,1,Success,None,0
TXN006332,CUST01129,2026-08-01 12:28:00,558.1,Net Banking,0.42,3,0,Failed,Expired Card,0
TXN006333,CUST00794,2026-04-29 19:59:00,636.81,Wallet,0.76,3,0,Success,None,0
TXN006334,CUST01941,2026-10-29 21:01:00,1383.63,Card,0.63,3,0,Success,None,0
TXN006335,CUST01241,2026-01-06 09:26:00,860.52,Net Banking,0.58,2,0,Failed,Bank Timeout,0
TXN006336,CUST01064,2026-04-02 09:48:00,1584.88,Card,0.94,4,0,Success,None,0
TXN006337,CUST00784,2026-11-13 03:22:00,2547.81,Wallet,0.99,0,0,Failed,Authentication Failed,1
TXN006338,CUST01893,2026-05-14 14:49:00,2125.95,Card,0.82,0,0,Success,None,0
TXN006339,CUST00928,2026-11-29 13:24:00,1146.64,UPI,0.3,0,0,Failed,Expired Card,0
TXN006340,CUST02849,2026-09-05 05:32:00,1866.48,UPI,0.6,1,1,Success,None,0
TXN006341,CUST02586,2026-12-01 23:50:00,2012.36,Wallet,0.55,4,0,Success,None,0
TXN006342,CUST00498,2026-09-01 18:29:00,948.86,Net Banking,0.93,4,0,Success,None,0
TXN006343,CUST00027,2026-01-09 22:08:00,3805.76,Wallet,0.8,3,0,Failed,Network Error,1
TXN006344,CUST00379,2026-10-30 11:48:00,851.55,Wallet,0.49,4,0,Failed,Insufficient Funds,1
TXN006345,CUST01292,2026-11-20 10:52:00,2036.52,Card,0.97,3,0,Success,None,0
TXN006346,CUST02975,2026-07-23 23:05:00,375.94,Net Banking,0.95,3,1,Success,None,0
TXN006347,CUST01186,2026-03-22 06:16:00,679.37,Card,0.53,0,0,Success,None,0
TXN006348,CUST00322,2026-03-14 02:11:00,3903.8,Net Banking,0.93,2,0,Success,None,0
TXN006349,CUST02113,2026-12-10 15:38:00,1169.14,UPI,0.78,0,0,Success,None,0
TXN006350,CUST01279,2026-12-02 13:19:00,3365.27,UPI,0.68,0,0,Success,None,0
TXN006351,CUST02857,2026-04-25 15:18:00,485.52,UPI,0.86,1,0,Success,None,0
TXN006352,CUST01823,2026-04-23 18:21:00,456.89,UPI,0.41,4,0,Failed,Network Error,1
TXN006353,CUST00158,2026-05-31 18:12:00,5866.0,Wallet,0.63,4,0,Failed,Insufficient Funds,0
TXN006354,CUST00196,2026-02-06 10:34:00,747.73,Net Banking,0.93,3,1,Failed,Network Error,1
TXN006355,CUST02157,2026-01-08 22:19:00,3605.27,Wallet,0.41,1,0,Success,None,0
TXN006356,CUST00429,2026-10-05 18:33:00,1718.78,Card,0.73,2,0,Success,None,0
TXN006357,CUST01114,2026-02-15 13:31:00,2121.56,Wallet,0.85,2,1,Failed,Bank Timeout,1
TXN006358,CUST01344,2026-10-15 20:00:00,545.42,Wallet,0.76,3,0,Failed,Insufficient Funds,0
TXN006359,CUST02973,2026-03-23 00:05:00,627.9,Wallet,0.98,2,0,Success,None,0
TXN006360,CUST01843,2026-08-14 02:14:00,1377.29,Card,0.74,2,0,Success,None,0
TXN006361,CUST00016,2026-03-31 21:43:00,849.28,Wallet,0.89,4,0,Failed,Expired Card,0
TXN006362,CUST02901,2026-09-30 06:19:00,1655.55,UPI,0.69,1,1,Success,None,0
TXN006363,CUST00365,2026-04-20 09:27:00,301.94,Net Banking,0.84,1,1,Success,None,0
TXN006364,CUST00018,2026-03-23 14:37:00,2925.78,UPI,0.46,3,0,Failed,Bank Timeout,1
TXN006365,CUST01847,2026-12-09 08:29:00,402.46,Wallet,0.53,2,0,Failed,Insufficient Funds,1
TXN006366,CUST01425,2026-03-29 21:41:00,943.89,UPI,0.68,3,1,Success,None,0
TXN006367,CUST02808,2026-01-10 17:51:00,2941.99,UPI,0.39,0,0,Success,None,0
TXN006368,CUST02638,2026-05-29 04:27:00,1377.8,Wallet,0.73,2,0,Success,None,0
TXN006369,CUST00679,2026-05-25 05:44:00,2605.97,UPI,0.76,2,0,Failed,Insufficient Funds,0
TXN006370,CUST01183,2026-04-13 06:31:00,2298.77,Wallet,0.81,0,0,Success,None,0
TXN006371,CUST01191,2026-06-18 21:26:00,2632.42,Wallet,0.66,4,1,Success,None,0
TXN006372,CUST02300,2026-07-05 05:39:00,2714.26,Net Banking,1.0,3,0,Success,None,0
TXN006373,CUST02117,2026-01-05 09:52:00,618.34,Net Banking,0.81,0,1,Success,None,0
TXN006374,CUST01661,2026-01-20 11:59:00,1278.05,Card,0.84,0,0,Failed,Authentication Failed,0
TXN006375,CUST00017,2026-06-27 01:14:00,2462.1,Wallet,0.47,0,1,Success,None,0
TXN006376,CUST02679,2026-07-29 00:45:00,581.28,Card,0.51,3,0,Failed,Network Error,1
TXN006377,CUST00828,2026-07-12 04:01:00,1418.66,Card,0.95,0,1,Success,None,0
TXN006378,CUST00454,2026-02-08 19:38:00,586.93,UPI,0.47,0,1,Success,None,0
TXN006379,CUST00214,2026-08-13 07:27:00,1997.48,Wallet,0.85,0,0,Failed,Insufficient Funds,1
TXN006380,CUST00381,2026-04-17 22:36:00,880.69,Card,0.54,2,0,Success,None,0
TXN006381,CUST01461,2026-06-13 00:24:00,4263.86,UPI,0.72,2,1,Success,None,0
TXN006382,CUST00932,2026-08-31 07:57:00,566.8,Net Banking,0.96,1,0,Success,None,0
TXN006383,CUST02719,2026-09-13 08:18:00,2062.82,Net Banking,0.93,4,1,Failed,Network Error,1
TXN006384,CUST00663,2026-06-24 18:41:00,1683.74,Net Banking,0.52,1,0,Success,None,0
TXN006385,CUST00865,2026-03-30 18:23:00,1083.77,UPI,0.76,1,0,Success,None,0
TXN006386,CUST00227,2026-05-21 01:47:00,392.11,UPI,0.77,2,0,Failed,Authentication Failed,0
TXN006387,CUST00879,2026-09-27 07:35:00,1246.37,Net Banking,0.92,3,0,Failed,Expired Card,0
TXN006388,CUST02653,2026-02-07 18:43:00,1766.26,Wallet,0.38,3,0,Failed,Authentication Failed,1
TXN006389,CUST02327,2026-09-10 20:22:00,285.59,Card,0.75,2,1,Failed,Bank Timeout,0
TXN006390,CUST02075,2026-12-05 06:33:00,1959.0,Net Banking,0.74,3,0,Failed,Bank Timeout,1
TXN006391,CUST02155,2026-08-29 18:07:00,830.33,Net Banking,0.68,3,0,Success,None,0
TXN006392,CUST02547,2026-08-28 21:08:00,2569.19,Card,0.54,1,1,Success,None,0
TXN006393,CUST02267,2026-04-05 22:40:00,333.4,Wallet,0.5,3,0,Failed,Insufficient Funds,1
TXN006394,CUST01121,2026-10-16 00:08:00,988.97,Card,0.52,4,0,Success,None,0
TXN006395,CUST01973,2026-06-10 07:33:00,3254.49,UPI,0.33,4,1,Failed,Insufficient Funds,0
TXN006396,CUST00025,2026-07-23 14:29:00,1540.16,Wallet,0.74,2,0,Failed,Insufficient Funds,1
TXN006397,CUST00938,2026-08-10 04:38:00,2880.09,Wallet,0.34,2,1,Success,None,0
TXN006398,CUST00486,2026-02-19 14:32:00,1222.52,Card,0.8,0,1,Success,None,0
TXN006399,CUST00101,2026-12-07 05:27:00,669.49,Net Banking,0.8,3,0,Success,None,0
TXN006400,CUST01078,2026-05-26 20:52:00,2158.95,Net Banking,0.81,3,0,Success,None,0
TXN006401,CUST02428,2026-01-06 16:06:00,1218.31,Card,0.48,4,1,Failed,Insufficient Funds,1
TXN006402,CUST02715,2026-06-26 22:42:00,953.08,Net Banking,0.87,2,0,Failed,Insufficient Funds,0
TXN006403,CUST02455,2026-08-29 19:30:00,647.14,Card,0.89,1,0,Success,None,0
TXN006404,CUST01948,2026-05-25 17:41:00,907.85,Card,0.83,0,1,Failed,Expired Card,0
TXN006405,CUST01484,2026-08-09 00:46:00,686.99,Card,0.66,2,0,Success,None,0
TXN006406,CUST01349,2026-05-22 18:53:00,558.21,UPI,0.37,0,0,Failed,Insufficient Funds,0
TXN006407,CUST00197,2026-08-31 22:16:00,1884.67,UPI,0.99,0,0,Success,None,0
TXN006408,CUST00341,2026-01-27 20:52:00,1004.8,UPI,0.5,2,1,Success,None,0
TXN006409,CUST00289,2026-03-12 02:19:00,742.89,Wallet,0.85,4,1,Success,None,0
TXN006410,CUST01034,2026-02-20 17:21:00,642.19,Net Banking,0.44,4,0,Success,None,0
TXN006411,CUST00947,2026-09-02 21:08:00,678.34,UPI,0.49,0,0,Failed,Expired Card,0
TXN006412,CUST02684,2026-08-31 11:40:00,1477.66,Card,0.83,1,0,Success,None,0
TXN006413,CUST02347,2026-10-06 05:20:00,804.56,Wallet,0.49,4,0,Failed,Expired Card,0
TXN006414,CUST01959,2026-09-03 08:13:00,734.69,Wallet,0.35,1,0,Success,None,0
TXN006415,CUST00302,2026-08-31 05:34:00,1463.32,Card,0.36,0,0,Success,None,0
TXN006416,CUST02168,2026-09-04 05:19:00,3352.81,Net Banking,0.98,0,1,Failed,Authentication Failed,0
TXN006417,CUST02573,2026-04-26 10:04:00,1227.99,Card,0.53,3,0,Success,None,0
TXN006418,CUST00288,2026-02-16 00:53:00,2895.51,Wallet,0.66,4,0,Success,None,0
TXN006419,CUST02173,2026-11-16 22:57:00,1194.18,UPI,0.47,4,0,Success,None,0
TXN006420,CUST00086,2026-10-01 07:18:00,1274.35,Card,0.78,3,0,Failed,Insufficient Funds,1
TXN006421,CUST01178,2026-05-20 22:59:00,1231.15,Wallet,0.45,0,1,Failed,Insufficient Funds,1
TXN006422,CUST00120,2026-05-31 12:52:00,2205.12,Card,0.68,1,0,Success,None,0
TXN006423,CUST00477,2026-06-04 05:07:00,669.17,Net Banking,0.4,3,0,Success,None,0
TXN006424,CUST01298,2026-05-31 16:04:00,1273.29,Card,0.34,4,0,Success,None,0
TXN006425,CUST01780,2026-11-01 14:19:00,1531.94,Wallet,0.57,2,0,Success,None,0
TXN006426,CUST00604,2026-09-17 14:26:00,551.24,Card,0.84,1,0,Success,None,0
TXN006427,CUST02698,2026-02-20 22:34:00,1133.22,Card,0.72,1,0,Success,None,0
TXN006428,CUST02602,2026-11-28 20:53:00,4566.61,Card,0.73,3,1,Success,None,0
TXN006429,CUST00717,2026-06-17 21:06:00,2815.67,UPI,0.36,3,0,Failed,Expired Card,0
TXN006430,CUST02479,2026-11-04 21:29:00,242.87,Net Banking,0.88,4,0,Success,None,0
TXN006431,CUST00764,2026-11-27 05:27:00,2299.95,Card,0.46,2,0,Failed,Expired Card,0
TXN006432,CUST01054,2026-09-06 23:05:00,1027.07,Wallet,0.79,2,0,Success,None,0
TXN006433,CUST01018,2026-07-04 16:49:00,5420.86,Net Banking,0.48,3,1,Success,None,0
TXN006434,CUST00476,2026-10-13 03:18:00,752.47,UPI,0.41,0,0,Success,None,0
TXN006435,CUST00905,2026-04-04 18:06:00,2479.64,Card,0.85,0,1,Success,None,0
TXN006436,CUST02479,2026-04-27 16:20:00,1615.85,UPI,0.55,4,0,Failed,Expired Card,0
TXN006437,CUST01962,2026-04-26 12:17:00,5938.97,Wallet,0.8,0,0,Success,None,0
TXN006438,CUST02433,2026-09-12 08:27:00,1666.05,Net Banking,0.84,0,1,Success,None,0
TXN006439,CUST01973,2026-12-05 06:20:00,733.98,Card,0.31,4,1,Failed,Expired Card,0
TXN006440,CUST00704,2026-09-08 12:40:00,709.32,UPI,0.53,2,0,Success,None,0
TXN006441,CUST00065,2026-03-27 16:47:00,687.52,Card,0.44,2,1,Success,None,0
TXN006442,CUST00690,2026-03-07 00:26:00,799.84,Wallet,0.68,0,1,Failed,Authentication Failed,0
TXN006443,CUST02969,2026-02-23 01:37:00,2159.62,Wallet,0.48,0,0,Success,None,0
TXN006444,CUST01328,2026-01-27 09:10:00,917.9,Card,0.65,4,0,Success,None,0
TXN006445,CUST00718,2026-05-06 12:02:00,1298.15,UPI,0.46,4,0,Failed,Expired Card,0
TXN006446,CUST01919,2026-11-30 20:26:00,2531.69,Wallet,0.73,1,1,Success,None,0
TXN006447,CUST02465,2026-11-07 11:08:00,3851.57,Card,0.6,2,1,Success,None,0
TXN006448,CUST01419,2026-04-03 18:57:00,153.28,Net Banking,0.9,0,0,Success,None,0
TXN006449,CUST01104,2026-01-24 10:39:00,201.98,Wallet,0.42,0,0,Success,None,0
TXN006450,CUST02767,2026-12-02 20:12:00,895.46,Wallet,0.52,1,1,Success,None,0
TXN006451,CUST00049,2026-02-24 00:53:00,2277.86,Wallet,0.96,1,1,Success,None,0
TXN006452,CUST01610,2026-02-07 21:24:00,1883.91,Net Banking,0.93,3,1,Failed,Insufficient Funds,0
TXN006453,CUST01495,2026-09-23 21:18:00,601.35,Card,0.82,4,0,Success,None,0
TXN006454,CUST00841,2026-10-17 23:46:00,2244.79,Card,0.88,1,0,Success,None,0
TXN006455,CUST02225,2026-05-25 21:06:00,433.12,UPI,0.82,0,0,Success,None,0
TXN006456,CUST00132,2026-07-30 10:57:00,2596.42,Card,0.72,4,0,Success,None,0
TXN006457,CUST02574,2026-07-06 03:36:00,821.25,Card,0.35,2,0,Success,None,0
TXN006458,CUST00915,2026-01-15 07:32:00,809.5,Wallet,0.89,1,0,Failed,Authentication Failed,1
TXN006459,CUST00341,2026-03-25 13:38:00,4203.2,Card,0.41,1,1,Failed,Authentication Failed,1
TXN006460,CUST01191,2026-02-24 09:00:00,862.3,Net Banking,0.58,4,0,Failed,Bank Timeout,1
TXN006461,CUST01934,2026-01-24 07:42:00,1949.2,UPI,0.36,1,0,Success,None,0
TXN006462,CUST00093,2026-02-20 03:28:00,3583.72,Wallet,0.63,4,0,Success,None,0
TXN006463,CUST01038,2026-09-06 06:20:00,2469.76,Wallet,0.81,0,1,Failed,Bank Timeout,1
TXN006464,CUST02512,2026-08-18 02:18:00,514.74,Wallet,0.64,3,0,Success,None,0
TXN006465,CUST01337,2026-08-16 10:45:00,770.2,Wallet,0.71,0,0,Success,None,0
TXN006466,CUST01448,2026-09-07 04:39:00,654.14,Net Banking,0.65,2,0,Success,None,0
TXN006467,CUST00076,2026-01-12 18:46:00,930.86,UPI,0.3,2,0,Success,None,0
TXN006468,CUST02534,2026-09-16 12:07:00,6581.2,UPI,0.6,2,0,Success,None,0
TXN006469,CUST00528,2026-03-17 17:27:00,983.51,Card,0.46,3,0,Success,None,0
TXN006470,CUST00053,2026-01-04 21:48:00,936.34,UPI,0.6,1,1,Failed,Authentication Failed,1
TXN006471,CUST00529,2026-01-14 22:33:00,1246.51,Card,0.43,1,0,Success,None,0
TXN006472,CUST02680,2026-01-02 00:38:00,597.75,Card,0.56,4,0,Success,None,0
TXN006473,CUST02743,2026-11-16 08:42:00,763.59,Card,0.8,2,0,Success,None,0
TXN006474,CUST00809,2026-10-21 18:36:00,231.15,Net Banking,0.86,3,0,Success,None,0
TXN006475,CUST02353,2026-10-07 10:41:00,1203.86,Card,0.98,0,1,Success,None,0
TXN006476,CUST02295,2026-11-14 04:39:00,134.81,Card,0.93,0,0,Failed,Authentication Failed,1
TXN006477,CUST00906,2026-11-02 22:04:00,883.22,Wallet,0.98,0,1,Failed,Authentication Failed,0
TXN006478,CUST02287,2026-01-04 08:49:00,1805.52,Wallet,0.61,3,0,Failed,Bank Timeout,0
TXN006479,CUST00006,2026-04-12 09:07:00,1490.59,Card,0.98,2,0,Failed,Network Error,1
TXN006480,CUST00078,2026-06-08 16:54:00,543.21,UPI,0.43,3,0,Success,None,0
TXN006481,CUST01081,2026-01-02 13:26:00,851.67,Wallet,0.44,4,1,Success,None,0
TXN006482,CUST02809,2026-04-16 15:22:00,756.62,UPI,0.91,4,0,Success,None,0
TXN006483,CUST02263,2026-04-30 20:34:00,1183.96,Net Banking,0.86,0,0,Failed,Insufficient Funds,1
TXN006484,CUST01668,2026-07-31 05:03:00,642.94,Wallet,0.43,2,0,Success,None,0
TXN006485,CUST02840,2026-08-02 11:35:00,2492.73,Wallet,0.47,1,0,Success,None,0
TXN006486,CUST01212,2026-05-11 14:03:00,7005.72,Card,0.98,0,0,Success,None,0
TXN006487,CUST01302,2026-08-13 00:20:00,1261.98,UPI,0.39,0,1,Success,None,0
TXN006488,CUST00405,2026-05-01 02:40:00,2209.24,Wallet,0.96,1,0,Success,None,0
TXN006489,CUST02902,2026-02-28 04:19:00,791.85,Card,0.7,2,0,Success,None,0
TXN006490,CUST02853,2026-08-29 12:55:00,1782.56,Card,0.94,1,0,Success,None,0
TXN006491,CUST01329,2026-06-16 00:50:00,552.87,UPI,0.37,4,0,Failed,Authentication Failed,1
TXN006492,CUST00963,2026-09-27 11:42:00,510.93,Net Banking,0.98,2,0,Success,None,0
TXN006493,CUST02865,2026-05-28 07:22:00,1311.73,UPI,0.41,2,1,Failed,Bank Timeout,1
TXN006494,CUST02771,2026-01-18 00:16:00,1067.26,Net Banking,0.34,1,0,Success,None,0
TXN006495,CUST00357,2026-10-10 15:21:00,2659.78,UPI,0.69,0,0,Success,None,0
TXN006496,CUST01330,2026-10-31 22:48:00,3116.66,Card,0.73,2,1,Success,None,0
TXN006497,CUST01897,2026-05-27 07:33:00,1559.62,Card,0.39,3,0,Failed,Insufficient Funds,0
TXN006498,CUST00338,2026-07-13 12:31:00,567.55,Card,0.76,3,0,Success,None,0
TXN006499,CUST00975,2026-11-27 18:23:00,257.38,UPI,0.78,0,0,Success,None,0
TXN006500,CUST02186,2026-09-15 07:13:00,349.64,Net Banking,0.66,4,0,Success,None,0
TXN006501,CUST00483,2026-01-25 13:00:00,1009.8,Wallet,0.87,4,1,Success,None,0
TXN006502,CUST00538,2026-05-14 23:25:00,1684.59,Net Banking,0.66,1,0,Failed,Network Error,1
TXN006503,CUST02707,2026-01-17 10:55:00,1258.83,Net Banking,0.85,2,0,Failed,Network Error,1
TXN006504,CUST02309,2026-04-27 22:28:00,1335.74,Net Banking,0.46,3,1,Failed,Authentication Failed,0
TXN006505,CUST02456,2026-02-08 22:45:00,2258.68,Wallet,0.61,4,0,Failed,Bank Timeout,1
TXN006506,CUST02427,2026-01-07 16:05:00,219.29,Wallet,0.92,4,0,Failed,Network Error,1
TXN006507,CUST01916,2026-06-10 23:34:00,1379.52,Net Banking,0.47,3,0,Failed,Network Error,1
TXN006508,CUST02797,2026-05-22 15:36:00,3165.96,Net Banking,0.73,0,0,Failed,Insufficient Funds,0
TXN006509,CUST02174,2026-11-28 21:21:00,1743.53,Net Banking,0.41,4,1,Success,None,0
TXN006510,CUST00447,2026-03-08 02:16:00,546.36,UPI,0.36,2,0,Success,None,0
TXN006511,CUST00841,2026-09-16 06:07:00,576.28,UPI,0.89,1,1,Success,None,0
TXN006512,CUST00249,2026-04-10 03:20:00,1251.42,Wallet,0.95,0,0,Success,None,0
TXN006513,CUST01773,2026-09-02 12:41:00,303.53,Wallet,0.84,0,0,Success,None,0
TXN006514,CUST00029,2026-05-23 03:30:00,1031.9,Card,0.81,3,0,Success,None,0
TXN006515,CUST00479,2026-07-30 04:39:00,624.49,UPI,0.58,1,1,Success,None,0
TXN006516,CUST01911,2026-09-11 09:08:00,2226.92,Card,0.64,0,0,Failed,Authentication Failed,1
TXN006517,CUST00903,2026-09-30 09:35:00,13234.75,UPI,0.87,1,1,Success,None,0
TXN006518,CUST00597,2026-09-25 04:44:00,2557.94,Net Banking,0.46,4,0,Success,None,0
TXN006519,CUST02100,2026-10-10 12:17:00,664.91,Wallet,0.75,0,0,Failed,Bank Timeout,1
TXN006520,CUST01622,2026-09-17 03:29:00,2498.82,Wallet,0.94,1,0,Success,None,0
TXN006521,CUST02643,2026-03-28 08:47:00,4333.21,UPI,0.9,0,1,Success,None,0
TXN006522,CUST02406,2026-10-12 15:46:00,1828.94,Wallet,0.64,2,0,Success,None,0
TXN006523,CUST01281,2026-11-13 14:13:00,614.16,Net Banking,0.6,3,0,Success,None,0
TXN006524,CUST01136,2026-06-14 12:45:00,978.22,Net Banking,0.86,0,0,Success,None,0
TXN006525,CUST02382,2026-02-19 07:28:00,1131.84,Wallet,0.38,1,1,Failed,Authentication Failed,0
TXN006526,CUST01167,2026-10-07 20:03:00,650.72,Net Banking,0.65,1,0,Success,None,0
TXN006527,CUST01453,2026-09-08 23:48:00,988.39,Wallet,0.77,4,0,Failed,Authentication Failed,1
TXN006528,CUST01062,2026-07-31 01:50:00,636.32,UPI,0.35,1,0,Success,None,0
TXN006529,CUST02504,2026-08-17 03:58:00,1328.54,Card,0.66,4,0,Success,None,0
TXN006530,CUST01893,2026-05-13 11:34:00,2651.55,UPI,0.87,4,1,Failed,Expired Card,1
TXN006531,CUST01846,2026-12-02 15:58:00,2899.82,Net Banking,0.87,4,0,Failed,Authentication Failed,0
TXN006532,CUST01707,2026-05-18 18:39:00,471.99,Net Banking,0.86,4,0,Failed,Authentication Failed,1
TXN006533,CUST00894,2026-06-27 23:14:00,683.87,Net Banking,0.35,2,0,Success,None,0
TXN006534,CUST00233,2026-10-21 14:10:00,687.63,Card,0.57,3,0,Success,None,0
TXN006535,CUST01908,2026-11-17 10:58:00,857.95,Wallet,0.75,3,0,Success,None,0
TXN006536,CUST01296,2026-06-29 02:32:00,298.67,Card,0.67,0,0,Success,None,0
TXN006537,CUST01589,2026-02-24 02:35:00,795.57,Card,0.36,4,0,Failed,Bank Timeout,0
TXN006538,CUST02931,2026-04-13 20:42:00,2040.1,Card,0.32,4,0,Success,None,0
TXN006539,CUST00968,2026-07-31 18:28:00,1928.39,UPI,0.5,1,1,Success,None,0
TXN006540,CUST00533,2026-09-06 08:26:00,1241.93,Net Banking,0.61,4,0,Success,None,0
TXN006541,CUST02983,2026-02-01 16:12:00,2069.7,UPI,0.83,1,0,Success,None,0
TXN006542,CUST02800,2026-03-13 04:53:00,3162.15,Card,0.95,3,0,Success,None,0
TXN006543,CUST01879,2026-09-10 19:22:00,1378.87,Card,0.87,1,0,Success,None,0
TXN006544,CUST00487,2026-02-26 18:03:00,4645.06,Net Banking,0.85,2,1,Success,None,0
TXN006545,CUST02434,2026-02-20 20:18:00,2206.78,Net Banking,0.35,0,0,Failed,Bank Timeout,0
TXN006546,CUST01098,2026-01-28 05:55:00,1975.06,Card,0.79,3,1,Success,None,0
TXN006547,CUST01737,2026-11-19 15:59:00,772.43,Net Banking,0.56,4,0,Success,None,0
TXN006548,CUST02397,2026-04-25 07:27:00,989.97,UPI,0.45,1,0,Failed,Network Error,1
TXN006549,CUST02847,2026-11-29 12:04:00,337.44,Net Banking,0.71,3,0,Success,None,0
TXN006550,CUST00151,2026-02-11 08:10:00,1618.57,Card,0.63,0,1,Success,None,0
TXN006551,CUST01031,2026-06-02 05:23:00,1049.97,Wallet,0.71,0,0,Success,None,0
TXN006552,CUST01088,2026-10-19 00:34:00,526.57,Net Banking,0.53,2,0,Success,None,0
TXN006553,CUST01605,2026-02-09 05:44:00,1242.15,Wallet,0.38,0,0,Failed,Expired Card,0
TXN006554,CUST02715,2026-08-20 03:33:00,1012.28,Card,1.0,4,0,Failed,Bank Timeout,1
TXN006555,CUST02773,2026-04-29 07:15:00,1487.74,Wallet,0.55,0,1,Success,None,0
TXN006556,CUST01793,2026-11-26 21:51:00,2110.21,UPI,0.93,3,0,Success,None,0
TXN006557,CUST00692,2026-08-27 22:05:00,1588.83,Card,0.99,1,0,Success,None,0
TXN006558,CUST01494,2026-04-14 03:22:00,1162.29,UPI,0.89,3,0,Failed,Authentication Failed,1
TXN006559,CUST01018,2026-05-16 01:39:00,763.39,Net Banking,0.76,0,0,Success,None,0
TXN006560,CUST01327,2026-01-19 14:07:00,722.35,Net Banking,0.46,2,0,Failed,Bank Timeout,1
TXN006561,CUST00870,2026-01-03 09:49:00,2008.76,Wallet,0.54,2,1,Success,None,0
TXN006562,CUST02042,2026-12-03 00:42:00,930.92,Wallet,0.98,3,0,Success,None,0
TXN006563,CUST00951,2026-05-30 06:07:00,429.92,Card,0.49,1,1,Success,None,0
TXN006564,CUST02362,2026-04-06 16:50:00,2503.41,Card,0.99,4,0,Success,None,0
TXN006565,CUST00145,2026-09-10 18:43:00,684.0,Wallet,0.75,0,0,Success,None,0
TXN006566,CUST01640,2026-09-20 11:04:00,335.66,Card,0.37,4,1,Success,None,0
TXN006567,CUST01738,2026-03-08 21:33:00,804.65,Card,0.73,4,0,Failed,Bank Timeout,1
TXN006568,CUST00255,2026-05-17 08:38:00,3848.32,Card,0.95,4,1,Success,None,0
TXN006569,CUST02772,2026-02-07 22:22:00,1508.01,Net Banking,0.79,0,1,Success,None,0
TXN006570,CUST02481,2026-08-23 05:22:00,210.31,Wallet,0.35,0,1,Success,None,0
TXN006571,CUST00098,2026-09-04 22:20:00,1057.17,Wallet,0.54,0,0,Success,None,0
TXN006572,CUST00708,2026-03-17 10:35:00,1042.49,UPI,0.51,0,0,Success,None,0
TXN006573,CUST01036,2026-06-16 10:09:00,1814.45,Card,0.74,2,0,Success,None,0
TXN006574,CUST02455,2026-11-29 04:21:00,1091.11,Wallet,0.6,3,0,Failed,Insufficient Funds,0
TXN006575,CUST00747,2026-09-07 17:11:00,561.33,Wallet,0.62,0,0,Success,None,0
TXN006576,CUST02811,2026-09-27 15:44:00,1375.79,Card,0.44,1,0,Success,None,0
TXN006577,CUST02368,2026-02-10 22:49:00,3248.25,Card,0.88,3,0,Success,None,0
TXN006578,CUST01382,2026-06-24 21:39:00,957.27,UPI,0.56,1,0,Failed,Insufficient Funds,1
TXN006579,CUST00710,2026-11-12 06:16:00,2798.75,Card,0.98,3,0,Success,None,0
TXN006580,CUST02291,2026-07-06 00:22:00,2517.06,UPI,0.74,1,0,Success,None,0
TXN006581,CUST02673,2026-09-30 13:20:00,987.51,Card,0.68,3,1,Success,None,0
TXN006582,CUST00745,2026-04-25 21:22:00,426.71,Net Banking,0.56,3,0,Success,None,0
TXN006583,CUST02542,2026-06-28 18:23:00,307.03,Net Banking,0.43,4,0,Failed,Expired Card,0
TXN006584,CUST00683,2026-01-23 14:58:00,1351.68,Wallet,0.32,4,0,Failed,Authentication Failed,0
TXN006585,CUST00618,2026-01-29 19:37:00,2762.39,Card,0.38,1,0,Success,None,0
TXN006586,CUST01727,2026-11-25 05:44:00,2008.08,Card,0.5,4,0,Success,None,0
TXN006587,CUST01060,2026-05-14 03:18:00,956.62,Net Banking,0.71,3,1,Success,None,0
TXN006588,CUST00563,2026-05-29 16:13:00,381.86,Net Banking,0.88,2,1,Failed,Insufficient Funds,1
TXN006589,CUST02837,2026-11-19 15:00:00,1226.29,Wallet,0.58,0,1,Failed,Network Error,1
TXN006590,CUST00638,2026-03-06 09:38:00,3507.71,Wallet,0.98,2,0,Success,None,0
TXN006591,CUST01889,2026-07-20 06:57:00,1145.87,Net Banking,0.46,1,1,Failed,Authentication Failed,0
TXN006592,CUST01923,2026-01-06 03:09:00,2773.44,Net Banking,0.65,3,0,Success,None,0
TXN006593,CUST00015,2026-06-01 16:04:00,122.34,Wallet,0.5,4,0,Success,None,0
TXN006594,CUST01961,2026-10-10 07:51:00,1496.03,Net Banking,0.91,3,1,Failed,Insufficient Funds,0
TXN006595,CUST00354,2026-12-14 03:46:00,445.9,Wallet,0.49,1,1,Failed,Bank Timeout,1
TXN006596,CUST00636,2026-10-17 15:45:00,634.37,Net Banking,0.34,3,0,Success,None,0
TXN006597,CUST02100,2026-09-08 03:14:00,419.89,Card,0.68,1,1,Success,None,0
TXN006598,CUST02898,2026-02-13 12:26:00,728.54,UPI,0.79,3,0,Success,None,0
TXN006599,CUST00110,2026-03-13 07:34:00,1968.11,Wallet,0.92,0,0,Success,None,0
TXN006600,CUST00306,2026-01-13 02:45:00,2168.85,Wallet,0.9,4,1,Failed,Network Error,0
TXN006601,CUST02985,2026-10-17 09:55:00,1465.11,Wallet,0.97,3,0,Failed,Bank Timeout,0
TXN006602,CUST02827,2026-04-22 06:29:00,945.22,UPI,0.36,3,1,Failed,Authentication Failed,0
TXN006603,CUST02605,2026-06-19 17:49:00,1092.08,Net Banking,0.69,0,0,Success,None,0
TXN006604,CUST00505,2026-02-18 14:51:00,1312.5,Card,0.98,1,0,Success,None,0
TXN006605,CUST00976,2026-01-31 07:03:00,614.16,Net Banking,0.37,2,0,Success,None,0
TXN006606,CUST00074,2026-08-13 13:43:00,487.0,Wallet,0.43,0,0,Failed,Expired Card,0
TXN006607,CUST02279,2026-01-02 00:08:00,1942.74,Net Banking,0.58,0,1,Failed,Insufficient Funds,1
TXN006608,CUST00005,2026-06-26 21:50:00,248.02,Wallet,0.59,4,1,Success,None,0
TXN006609,CUST01504,2026-06-24 14:16:00,474.62,UPI,0.85,1,0,Success,None,0
TXN006610,CUST02658,2026-06-21 14:14:00,324.58,Wallet,0.86,0,0,Success,None,0
TXN006611,CUST00239,2026-03-23 21:30:00,788.05,Net Banking,0.88,2,0,Success,None,0
TXN006612,CUST02245,2026-09-24 12:23:00,3156.0,Wallet,0.49,4,0,Failed,Authentication Failed,1
TXN006613,CUST01856,2026-05-31 02:35:00,861.8,Wallet,0.34,1,0,Success,None,0
TXN006614,CUST02744,2026-01-25 12:43:00,836.19,UPI,0.95,0,0,Success,None,0
TXN006615,CUST00144,2026-01-19 15:45:00,817.14,UPI,0.93,4,0,Success,None,0
TXN006616,CUST00209,2026-07-22 04:00:00,1505.01,Wallet,0.35,0,1,Failed,Network Error,1
TXN006617,CUST02976,2026-05-16 12:32:00,1028.86,UPI,0.34,1,0,Failed,Insufficient Funds,1
TXN006618,CUST01426,2026-03-01 12:26:00,941.35,Card,1.0,2,1,Failed,Bank Timeout,1
TXN006619,CUST00135,2026-09-03 14:34:00,2104.17,Card,0.57,0,0,Success,None,0
TXN006620,CUST02540,2026-11-26 07:21:00,1538.76,Card,0.54,3,0,Failed,Expired Card,0
TXN006621,CUST01102,2026-08-22 00:26:00,306.17,Wallet,0.77,3,0,Failed,Bank Timeout,1
TXN006622,CUST01317,2026-09-30 09:34:00,3134.36,Wallet,0.54,4,1,Success,None,0
TXN006623,CUST01043,2026-02-25 02:29:00,4832.11,Net Banking,0.47,1,0,Success,None,0
TXN006624,CUST02717,2026-09-01 13:21:00,1736.91,Wallet,0.81,4,0,Failed,Bank Timeout,0
TXN006625,CUST01153,2026-04-14 11:29:00,692.98,UPI,0.41,0,1,Success,None,0
TXN006626,CUST01431,2026-04-17 05:05:00,5377.76,UPI,0.42,1,1,Success,None,0
TXN006627,CUST02786,2026-11-24 20:18:00,3915.71,UPI,0.43,2,0,Success,None,0
TXN006628,CUST00977,2026-11-13 04:10:00,646.6,Card,0.53,3,0,Success,None,0
TXN006629,CUST01736,2026-05-19 02:33:00,1769.65,Wallet,0.52,3,1,Failed,Expired Card,0
TXN006630,CUST02770,2026-11-01 22:02:00,3100.58,UPI,0.72,3,0,Success,None,0
TXN006631,CUST01407,2026-10-22 07:20:00,1733.1,Net Banking,0.4,3,0,Failed,Authentication Failed,1
TXN006632,CUST02453,2026-07-09 16:15:00,4002.32,Net Banking,0.57,0,0,Success,None,0
TXN006633,CUST02521,2026-04-11 03:16:00,4080.34,Net Banking,0.43,3,0,Success,None,0
TXN006634,CUST02410,2026-07-07 16:34:00,1135.6,Net Banking,0.54,4,0,Failed,Insufficient Funds,0
TXN006635,CUST01383,2026-03-04 05:28:00,747.79,Card,0.82,4,1,Success,None,0
TXN006636,CUST00185,2026-04-04 00:31:00,2871.31,Net Banking,0.84,2,1,Failed,Network Error,0
TXN006637,CUST00110,2026-03-18 03:08:00,1912.59,Net Banking,0.83,4,1,Success,None,0
TXN006638,CUST01059,2026-04-26 12:56:00,2702.21,Card,0.6,2,0,Failed,Bank Timeout,1
TXN006639,CUST02422,2026-11-25 04:13:00,1052.26,Wallet,0.71,0,0,Success,None,0
TXN006640,CUST00371,2026-10-19 12:27:00,1001.2,UPI,0.78,0,0,Success,None,0
TXN006641,CUST02189,2026-09-04 15:27:00,2225.56,UPI,0.36,2,1,Success,None,0
TXN006642,CUST02096,2026-08-06 03:53:00,952.67,Wallet,0.88,4,0,Failed,Bank Timeout,1
TXN006643,CUST00313,2026-10-29 00:16:00,2328.56,Card,0.88,1,0,Success,None,0
TXN006644,CUST00483,2026-01-20 01:08:00,684.5,Wallet,0.71,4,0,Failed,Authentication Failed,0
TXN006645,CUST02666,2026-11-16 12:26:00,2173.81,Card,0.42,2,0,Success,None,0
TXN006646,CUST00640,2026-04-07 08:57:00,3187.52,UPI,0.51,1,1,Failed,Bank Timeout,1
TXN006647,CUST02524,2026-01-04 03:36:00,906.64,Net Banking,0.56,3,0,Success,None,0
TXN006648,CUST01360,2026-10-27 12:18:00,789.43,Net Banking,0.85,2,0,Success,None,0
TXN006649,CUST02245,2026-01-24 09:19:00,1646.84,Wallet,0.54,0,0,Success,None,0
TXN006650,CUST01928,2026-06-12 16:41:00,4147.1,Net Banking,0.78,2,0,Success,None,0
TXN006651,CUST01584,2026-03-05 12:50:00,3737.79,Net Banking,0.57,0,0,Success,None,0
TXN006652,CUST01867,2026-09-20 12:42:00,2417.47,Card,0.41,0,1,Success,None,0
TXN006653,CUST02795,2026-01-30 08:19:00,561.21,Net Banking,0.72,3,0,Success,None,0
TXN006654,CUST01761,2026-03-08 16:29:00,827.35,Net Banking,0.87,0,1,Success,None,0
TXN006655,CUST01377,2026-10-22 10:17:00,409.44,Wallet,0.45,4,0,Failed,Network Error,0
TXN006656,CUST00591,2026-06-04 07:25:00,2607.38,Net Banking,0.76,4,0,Success,None,0
TXN006657,CUST01753,2026-08-03 16:42:00,957.66,Wallet,0.4,4,1,Failed,Expired Card,0
TXN006658,CUST01928,2026-04-12 12:01:00,800.74,Wallet,0.7,2,0,Success,None,0
TXN006659,CUST02101,2026-10-04 03:48:00,836.98,Net Banking,0.48,2,1,Failed,Network Error,1
TXN006660,CUST00966,2026-02-12 01:39:00,579.09,UPI,0.69,2,0,Failed,Expired Card,0
TXN006661,CUST02958,2026-06-01 10:36:00,2240.48,Card,0.66,4,0,Success,None,0
TXN006662,CUST02832,2026-03-08 06:17:00,906.06,UPI,0.48,2,1,Failed,Authentication Failed,1
TXN006663,CUST02718,2026-04-02 10:44:00,1049.87,Net Banking,0.85,0,0,Failed,Authentication Failed,1
TXN006664,CUST02114,2026-02-10 08:53:00,1075.0,Card,0.7,4,0,Success,None,0
TXN006665,CUST01142,2026-10-14 18:22:00,499.35,Card,0.86,4,0,Success,None,0
TXN006666,CUST01961,2026-06-03 14:54:00,511.88,Net Banking,0.54,4,0,Failed,Network Error,1
TXN006667,CUST00487,2026-05-30 03:02:00,1412.16,Wallet,0.85,0,0,Success,None,0
TXN006668,CUST00558,2026-11-12 23:03:00,3833.99,Wallet,0.94,1,0,Success,None,0
TXN006669,CUST01907,2026-05-03 01:47:00,990.85,UPI,0.52,0,1,Success,None,0
TXN006670,CUST02124,2026-03-26 11:49:00,3564.59,Net Banking,0.65,0,0,Success,None,0
TXN006671,CUST01552,2026-09-15 05:57:00,1675.42,UPI,0.62,0,0,Success,None,0
TXN006672,CUST01842,2026-04-01 07:43:00,466.43,Card,0.47,2,0,Failed,Insufficient Funds,1
TXN006673,CUST01803,2026-01-25 13:00:00,1066.94,Card,0.46,1,1,Failed,Expired Card,0
TXN006674,CUST02604,2026-04-19 14:09:00,2580.54,Wallet,0.45,1,0,Success,None,0
TXN006675,CUST01443,2026-11-10 16:34:00,255.52,Wallet,0.76,3,0,Failed,Insufficient Funds,0
TXN006676,CUST00533,2026-07-17 22:06:00,1383.87,UPI,0.52,0,0,Success,None,0
TXN006677,CUST02014,2026-07-23 00:23:00,2635.16,UPI,0.35,4,0,Failed,Authentication Failed,0
TXN006678,CUST01619,2026-04-27 03:01:00,1433.17,UPI,0.76,3,0,Failed,Network Error,1
TXN006679,CUST02551,2026-07-06 23:54:00,1910.97,Net Banking,0.54,4,0,Failed,Authentication Failed,1
TXN006680,CUST00949,2026-04-29 17:32:00,344.18,Wallet,0.59,2,1,Failed,Network Error,0
TXN006681,CUST02142,2026-08-17 19:43:00,232.52,UPI,0.46,0,0,Success,None,0
TXN006682,CUST01387,2026-12-08 13:36:00,442.15,Card,0.78,1,0,Success,None,0
TXN006683,CUST02715,2026-06-07 13:47:00,1054.33,Card,0.73,4,1,Success,None,0
TXN006684,CUST01295,2026-05-23 00:51:00,1442.34,UPI,0.53,4,0,Failed,Expired Card,0
TXN006685,CUST00720,2026-09-10 04:43:00,2395.93,Net Banking,0.45,4,0,Failed,Expired Card,0
TXN006686,CUST01840,2026-02-26 02:40:00,1297.93,Net Banking,0.48,0,0,Failed,Insufficient Funds,1
TXN006687,CUST00325,2026-10-24 13:08:00,2367.34,Card,0.73,1,0,Success,None,0
TXN006688,CUST00374,2026-09-29 12:49:00,879.08,Wallet,0.67,1,0,Success,None,0
TXN006689,CUST00069,2026-12-10 22:26:00,925.67,Card,0.97,1,1,Success,None,0
TXN006690,CUST02143,2026-02-16 03:47:00,876.32,Wallet,0.42,3,0,Failed,Authentication Failed,0
TXN006691,CUST02233,2026-06-05 15:20:00,1230.27,Wallet,0.35,3,0,Failed,Expired Card,0
TXN006692,CUST00763,2026-07-12 16:04:00,785.05,Net Banking,0.97,3,0,Success,None,0
TXN006693,CUST01552,2026-02-24 10:43:00,180.34,Wallet,0.57,0,0,Success,None,0
TXN006694,CUST02072,2026-07-24 06:25:00,1741.6,UPI,0.66,3,1,Success,None,0
TXN006695,CUST01101,2026-09-28 15:45:00,606.56,Card,0.52,3,0,Success,None,0
TXN006696,CUST01666,2026-10-27 23:09:00,735.21,UPI,0.34,1,0,Failed,Bank Timeout,0
TXN006697,CUST02613,2026-06-24 21:15:00,616.38,Net Banking,0.79,2,0,Failed,Bank Timeout,1
TXN006698,CUST01742,2026-08-25 19:03:00,1160.44,Net Banking,0.82,1,0,Success,None,0
TXN006699,CUST01856,2026-01-21 08:45:00,789.45,Card,0.81,3,0,Failed,Network Error,1
TXN006700,CUST00873,2026-09-14 22:39:00,1319.78,Net Banking,0.96,2,0,Success,None,0
TXN006701,CUST00895,2026-10-10 12:20:00,613.68,Wallet,0.74,0,0,Failed,Authentication Failed,1
TXN006702,CUST02606,2026-07-20 12:32:00,1064.46,Card,0.48,1,0,Success,None,0
TXN006703,CUST01836,2026-09-16 04:57:00,1359.77,Net Banking,0.39,0,0,Failed,Bank Timeout,1
TXN006704,CUST00172,2026-05-05 14:02:00,890.25,Net Banking,0.99,1,0,Failed,Network Error,1
TXN006705,CUST01682,2026-07-30 18:02:00,569.98,Net Banking,0.8,4,0,Failed,Authentication Failed,0
TXN006706,CUST02660,2026-02-07 23:02:00,2630.76,Wallet,0.49,0,0,Success,None,0
TXN006707,CUST01703,2026-05-11 22:58:00,1992.32,UPI,0.66,3,0,Success,None,0
TXN006708,CUST02612,2026-11-13 13:19:00,2024.75,Wallet,0.48,2,1,Failed,Authentication Failed,0
TXN006709,CUST02162,2026-05-19 09:29:00,743.66,Card,0.73,3,0,Success,None,0
TXN006710,CUST01217,2026-09-29 15:45:00,1216.7,UPI,0.82,2,0,Success,None,0
TXN006711,CUST02046,2026-03-10 05:38:00,3152.65,Wallet,0.47,1,0,Success,None,0
TXN006712,CUST02555,2026-04-14 04:35:00,1955.88,Card,0.98,0,0,Success,None,0
TXN006713,CUST01443,2026-12-01 05:46:00,635.89,Net Banking,0.69,4,1,Success,None,0
TXN006714,CUST00119,2026-11-21 11:08:00,650.81,Wallet,0.73,0,1,Success,None,0
TXN006715,CUST00980,2026-12-09 05:59:00,3176.36,Card,0.72,4,0,Failed,Network Error,1
TXN006716,CUST00654,2026-01-12 13:38:00,3570.39,Net Banking,0.6,3,0,Failed,Authentication Failed,0
TXN006717,CUST00099,2026-03-17 02:55:00,703.89,Wallet,0.49,4,0,Success,None,0
TXN006718,CUST00349,2026-03-24 01:28:00,1432.57,UPI,0.71,1,0,Success,None,0
TXN006719,CUST02359,2026-09-10 14:35:00,3331.11,Card,0.94,4,0,Success,None,0
TXN006720,CUST00989,2026-02-03 04:11:00,4309.45,UPI,0.46,4,1,Failed,Authentication Failed,0
TXN006721,CUST02230,2026-05-10 13:29:00,333.98,Card,0.42,1,0,Success,None,0
TXN006722,CUST02252,2026-04-27 16:17:00,1626.48,Wallet,0.83,4,0,Success,None,0
TXN006723,CUST00157,2026-12-11 15:55:00,543.4,UPI,0.95,4,0,Success,None,0
TXN006724,CUST01500,2026-06-16 09:37:00,1257.2,UPI,1.0,1,0,Success,None,0
TXN006725,CUST00810,2026-06-16 21:25:00,552.87,Net Banking,0.93,2,1,Success,None,0
TXN006726,CUST00530,2026-03-02 07:54:00,1178.58,UPI,0.98,3,1,Success,None,0
TXN006727,CUST00291,2026-05-14 04:32:00,6332.28,Wallet,0.57,2,1,Success,None,0
TXN006728,CUST02704,2026-06-18 10:57:00,8510.35,Wallet,0.74,4,0,Success,None,0
TXN006729,CUST01448,2026-07-26 22:16:00,2562.74,Net Banking,0.9,3,0,Success,None,0
TXN006730,CUST02506,2026-05-14 22:16:00,1377.34,Net Banking,0.54,4,0,Success,None,0
TXN006731,CUST01404,2026-09-08 14:42:00,570.62,UPI,0.56,2,0,Success,None,0
TXN006732,CUST00549,2026-06-11 07:57:00,1007.8,Wallet,0.33,4,0,Success,None,0
TXN006733,CUST01231,2026-11-15 16:45:00,1552.1,UPI,0.7,4,0,Success,None,0
TXN006734,CUST00305,2026-08-16 06:54:00,2433.01,Net Banking,0.6,4,0,Failed,Network Error,0
TXN006735,CUST02825,2026-09-27 02:04:00,4924.4,Card,0.67,2,0,Failed,Network Error,0
TXN006736,CUST00253,2026-10-10 02:40:00,593.0,Card,0.85,3,0,Failed,Insufficient Funds,0
TXN006737,CUST02663,2026-11-15 02:12:00,934.73,Wallet,0.73,2,0,Failed,Insufficient Funds,1
TXN006738,CUST00380,2026-06-28 22:08:00,4303.76,Card,0.35,2,0,Success,None,0
TXN006739,CUST02911,2026-02-24 05:26:00,2533.71,Net Banking,0.81,2,0,Failed,Insufficient Funds,0
TXN006740,CUST00166,2026-08-18 14:55:00,1233.8,Card,0.7,1,1,Success,None,0
TXN006741,CUST02552,2026-03-15 17:18:00,1322.79,Wallet,0.95,2,1,Success,None,0
TXN006742,CUST02101,2026-04-20 07:03:00,921.98,UPI,0.96,4,0,Failed,Insufficient Funds,0
TXN006743,CUST02986,2026-03-04 17:36:00,400.53,Card,0.77,2,0,Success,None,0
TXN006744,CUST00691,2026-01-04 11:56:00,1060.73,UPI,0.5,2,0,Failed,Bank Timeout,1
TXN006745,CUST01788,2026-08-23 11:13:00,434.82,Card,0.44,1,0,Success,None,0
TXN006746,CUST02359,2026-03-06 02:09:00,829.74,UPI,0.97,2,0,Success,None,0
TXN006747,CUST02260,2026-09-19 13:44:00,1405.53,UPI,0.75,0,0,Success,None,0
TXN006748,CUST01449,2026-08-01 06:17:00,993.22,Card,0.63,3,0,Success,None,0
TXN006749,CUST02898,2026-12-03 19:24:00,691.32,UPI,0.67,0,0,Success,None,0
TXN006750,CUST02490,2026-02-19 14:58:00,369.92,Wallet,0.83,2,0,Success,None,0
TXN006751,CUST00631,2026-05-29 01:14:00,1767.34,Card,0.97,2,0,Success,None,0
TXN006752,CUST00354,2026-10-12 14:50:00,4125.29,UPI,0.93,4,0,Success,None,0
TXN006753,CUST00836,2026-04-06 09:16:00,3367.87,UPI,0.36,2,0,Success,None,0
TXN006754,CUST01938,2026-03-20 00:55:00,2979.99,Net Banking,0.37,0,0,Success,None,0
TXN006755,CUST02835,2026-06-05 15:43:00,595.45,Wallet,0.73,1,1,Success,None,0
TXN006756,CUST00358,2026-03-29 02:18:00,249.8,Wallet,0.62,1,1,Success,None,0
TXN006757,CUST00527,2026-02-24 21:09:00,439.36,Net Banking,0.43,0,0,Success,None,0
TXN006758,CUST00678,2026-11-18 10:28:00,1408.24,UPI,0.34,4,0,Success,None,0
TXN006759,CUST02059,2026-01-15 08:34:00,922.94,Card,0.82,0,0,Success,None,0
TXN006760,CUST01188,2026-07-24 01:34:00,442.16,UPI,0.41,4,0,Failed,Insufficient Funds,1
TXN006761,CUST02532,2026-07-22 10:54:00,1225.78,Card,0.73,4,0,Failed,Expired Card,0
TXN006762,CUST02370,2026-04-20 23:04:00,621.28,UPI,0.59,3,1,Failed,Network Error,1
TXN006763,CUST00772,2026-09-04 03:51:00,502.03,Card,0.86,0,0,Failed,Expired Card,0
TXN006764,CUST02102,2026-09-02 04:40:00,259.86,UPI,0.65,1,0,Success,None,0
TXN006765,CUST00788,2026-07-24 11:13:00,1490.21,Card,0.63,2,1,Success,None,0
TXN006766,CUST00386,2026-03-27 00:23:00,4286.3,Card,0.86,3,0,Success,None,0
TXN006767,CUST02565,2026-01-20 14:24:00,2274.9,Wallet,0.3,3,1,Success,None,0
TXN006768,CUST02915,2026-01-31 23:24:00,1411.03,Net Banking,0.45,0,1,Failed,Insufficient Funds,1
TXN006769,CUST02830,2026-08-14 03:29:00,712.78,Card,0.77,4,0,Success,None,0
TXN006770,CUST02074,2026-01-14 00:31:00,3685.42,UPI,0.61,3,0,Failed,Network Error,1
TXN006771,CUST00459,2026-10-12 14:47:00,3104.23,UPI,0.38,1,0,Failed,Bank Timeout,1
TXN006772,CUST01020,2026-08-04 16:45:00,376.49,UPI,0.68,2,0,Success,None,0
TXN006773,CUST01761,2026-01-28 21:27:00,872.52,Net Banking,0.85,0,1,Success,None,0
TXN006774,CUST02127,2026-05-06 14:09:00,448.98,Net Banking,0.79,3,1,Failed,Insufficient Funds,0
TXN006775,CUST01859,2026-05-11 09:10:00,587.16,Wallet,0.44,2,0,Success,None,0
TXN006776,CUST00623,2026-10-28 13:24:00,456.77,Wallet,0.75,1,0,Success,None,0
TXN006777,CUST00856,2026-01-10 12:02:00,434.65,Wallet,0.61,0,1,Success,None,0
TXN006778,CUST02713,2026-02-03 19:05:00,1979.41,Card,0.75,3,0,Success,None,0
TXN006779,CUST01293,2026-03-10 10:26:00,2364.66,UPI,0.61,3,0,Success,None,0
TXN006780,CUST00843,2026-05-26 05:58:00,598.77,Wallet,0.62,0,1,Success,None,0
TXN006781,CUST00094,2026-08-05 04:46:00,1684.67,Wallet,0.7,0,0,Failed,Expired Card,1
TXN006782,CUST01650,2026-05-25 14:54:00,499.33,Net Banking,0.86,4,1,Failed,Expired Card,0
TXN006783,CUST02932,2026-03-21 10:39:00,1695.71,Card,0.67,1,0,Success,None,0
TXN006784,CUST00243,2026-02-09 08:32:00,331.71,Wallet,0.81,0,1,Success,None,0
TXN006785,CUST02142,2026-07-31 04:05:00,1747.6,Net Banking,0.33,0,0,Failed,Authentication Failed,0
TXN006786,CUST01124,2026-03-14 01:16:00,420.41,UPI,0.32,0,1,Success,None,0
TXN006787,CUST00748,2026-03-20 11:00:00,809.34,Card,0.33,1,0,Success,None,0
TXN006788,CUST01664,2026-04-17 17:36:00,2594.97,UPI,0.95,2,1,Success,None,0
TXN006789,CUST02851,2026-08-15 20:18:00,341.78,Net Banking,0.31,4,0,Success,None,0
TXN006790,CUST00997,2026-08-07 08:56:00,1538.81,Card,0.46,3,0,Success,None,0
TXN006791,CUST02367,2026-02-21 18:02:00,5814.0,UPI,0.83,3,0,Success,None,0
TXN006792,CUST02219,2026-07-20 09:33:00,175.67,Net Banking,0.75,1,0,Success,None,0
TXN006793,CUST01124,2026-11-13 20:30:00,1703.68,Net Banking,0.76,2,0,Failed,Insufficient Funds,1
TXN006794,CUST02541,2026-10-12 14:47:00,2196.32,Card,0.3,0,1,Failed,Insufficient Funds,1
TXN006795,CUST01274,2026-10-11 08:45:00,1946.4,Card,0.86,4,0,Success,None,0
TXN006796,CUST01755,2026-07-19 10:47:00,698.2,Card,1.0,3,0,Success,None,0
TXN006797,CUST00801,2026-02-22 22:15:00,330.87,Wallet,0.83,3,0,Failed,Bank Timeout,0
TXN006798,CUST00134,2026-05-30 17:04:00,712.45,UPI,0.67,2,0,Success,None,0
TXN006799,CUST01799,2026-05-31 11:25:00,1154.34,Net Banking,0.69,2,0,Success,None,0
TXN006800,CUST01121,2026-09-26 17:12:00,261.97,Wallet,0.49,4,1,Success,None,0
TXN006801,CUST02916,2026-05-24 01:10:00,1808.33,Wallet,0.85,2,0,Success,None,0
TXN006802,CUST02012,2026-01-15 01:12:00,2122.56,Card,0.47,0,0,Failed,Authentication Failed,0
TXN006803,CUST00433,2026-05-06 16:27:00,540.65,Card,0.73,3,0,Success,None,0
TXN006804,CUST02356,2026-05-26 12:04:00,1910.63,Card,0.41,3,1,Success,None,0
TXN006805,CUST00500,2026-07-06 22:01:00,726.91,UPI,0.63,2,0,Success,None,0
TXN006806,CUST00020,2026-02-10 09:07:00,877.86,Net Banking,0.33,4,0,Failed,Network Error,1
TXN006807,CUST00326,2026-03-06 21:40:00,888.28,Net Banking,0.86,2,1,Success,None,0
TXN006808,CUST02895,2026-09-13 23:19:00,862.78,UPI,0.4,2,0,Failed,Authentication Failed,1
TXN006809,CUST00298,2026-02-13 01:23:00,712.62,UPI,0.41,3,1,Failed,Insufficient Funds,0
TXN006810,CUST01584,2026-11-16 11:16:00,2829.22,Net Banking,0.32,0,0,Success,None,0
TXN006811,CUST00312,2026-05-26 12:21:00,2860.34,Wallet,0.74,0,0,Success,None,0
TXN006812,CUST01364,2026-09-16 05:45:00,2404.07,UPI,0.67,2,0,Success,None,0
TXN006813,CUST01553,2026-03-05 21:06:00,1923.0,Net Banking,0.36,2,0,Success,None,0
TXN006814,CUST02052,2026-07-04 10:21:00,4222.29,Wallet,0.78,1,1,Success,None,0
TXN006815,CUST00949,2026-02-02 14:06:00,4262.83,Net Banking,0.87,3,1,Success,None,0
TXN006816,CUST00112,2026-11-16 09:50:00,766.03,Net Banking,0.58,1,0,Success,None,0
TXN006817,CUST02589,2026-05-04 01:09:00,597.21,Net Banking,0.55,2,0,Success,None,0
TXN006818,CUST02764,2026-01-11 10:27:00,559.46,Net Banking,0.96,3,1,Failed,Insufficient Funds,0
TXN006819,CUST00029,2026-08-07 19:23:00,1736.72,Card,0.46,0,0,Success,None,0
TXN006820,CUST02636,2026-06-30 18:51:00,641.15,Wallet,0.75,1,0,Success,None,0
TXN006821,CUST00904,2026-10-19 05:17:00,1390.56,Card,0.77,4,1,Success,None,0
TXN006822,CUST01094,2026-08-26 06:03:00,924.61,Wallet,0.97,1,0,Failed,Authentication Failed,1
TXN006823,CUST01600,2026-07-14 19:35:00,1445.36,Card,0.71,4,0,Success,None,0
TXN006824,CUST02696,2026-11-02 00:12:00,1378.59,Net Banking,0.76,0,0,Success,None,0
TXN006825,CUST00088,2026-04-05 04:00:00,1034.58,Wallet,0.45,4,0,Success,None,0
TXN006826,CUST02934,2026-05-28 23:04:00,303.27,UPI,0.97,4,0,Success,None,0
TXN006827,CUST00136,2026-01-26 08:27:00,2660.81,Net Banking,0.95,4,0,Success,None,0
TXN006828,CUST01687,2026-03-29 13:56:00,725.9,Card,0.78,2,0,Failed,Network Error,1
TXN006829,CUST02302,2026-11-14 08:12:00,2761.11,Net Banking,0.63,2,0,Success,None,0
TXN006830,CUST01899,2026-09-09 14:17:00,993.67,Wallet,0.32,0,0,Failed,Authentication Failed,1
TXN006831,CUST01995,2026-09-17 10:09:00,456.94,Card,0.84,4,0,Success,None,0
TXN006832,CUST02908,2026-10-23 09:15:00,1553.32,Net Banking,0.87,0,0,Failed,Bank Timeout,1
TXN006833,CUST01045,2026-06-05 17:42:00,2321.06,Net Banking,0.58,2,1,Success,None,0
TXN006834,CUST01203,2026-09-28 02:38:00,648.98,Net Banking,0.95,1,0,Failed,Authentication Failed,1
TXN006835,CUST01783,2026-05-05 19:23:00,1865.94,Net Banking,0.51,1,1,Success,None,0
TXN006836,CUST02051,2026-02-10 20:49:00,2925.8,Card,0.33,0,0,Failed,Authentication Failed,1
TXN006837,CUST02656,2026-04-09 15:10:00,1031.12,UPI,0.71,3,0,Success,None,0
TXN006838,CUST01889,2026-09-11 19:30:00,3016.74,Net Banking,0.52,4,0,Success,None,0
TXN006839,CUST02397,2026-04-24 23:25:00,845.25,Net Banking,0.55,1,0,Success,None,0
TXN006840,CUST01677,2026-10-27 18:12:00,1505.14,UPI,0.99,1,0,Success,None,0
TXN006841,CUST01731,2026-09-19 13:45:00,987.99,Card,0.58,2,1,Success,None,0
TXN006842,CUST02814,2026-02-02 22:46:00,900.13,UPI,0.73,0,0,Success,None,0
TXN006843,CUST00053,2026-02-15 16:11:00,2256.56,Wallet,0.37,3,0,Failed,Expired Card,0
TXN006844,CUST02607,2026-05-28 11:15:00,772.95,Net Banking,0.34,2,1,Failed,Insufficient Funds,0
TXN006845,CUST00168,2026-07-23 16:26:00,2082.72,Card,0.51,2,0,Failed,Network Error,1
TXN006846,CUST02863,2026-08-16 17:49:00,490.27,UPI,0.88,2,0,Success,None,0
TXN006847,CUST01284,2026-10-14 14:26:00,2110.6,Card,0.85,2,0,Failed,Expired Card,0
TXN006848,CUST02622,2026-03-03 12:35:00,1328.73,Card,0.65,1,1,Success,None,0
TXN006849,CUST02921,2026-08-28 17:29:00,459.6,Wallet,0.7,2,1,Success,None,0
TXN006850,CUST02351,2026-08-29 03:11:00,1082.66,Wallet,0.66,4,0,Success,None,0
TXN006851,CUST00198,2026-11-19 07:31:00,1002.72,Card,0.62,1,1,Success,None,0
TXN006852,CUST01550,2026-12-13 02:20:00,2346.89,Net Banking,0.66,2,1,Success,None,0
TXN006853,CUST00393,2026-07-08 11:19:00,384.17,Wallet,0.67,0,0,Success,None,0
TXN006854,CUST02986,2026-01-14 15:50:00,2217.58,Card,0.75,0,1,Success,None,0
TXN006855,CUST00299,2026-09-22 22:55:00,564.42,Net Banking,0.34,0,1,Success,None,0
TXN006856,CUST00476,2026-01-28 16:40:00,248.13,UPI,0.54,3,0,Success,None,0
TXN006857,CUST01644,2026-05-20 00:26:00,365.28,Net Banking,0.96,2,0,Failed,Insufficient Funds,1
TXN006858,CUST02387,2026-01-22 23:21:00,1030.15,UPI,0.95,4,0,Success,None,0
TXN006859,CUST01488,2026-09-24 07:32:00,878.91,Wallet,0.65,2,0,Failed,Network Error,1
TXN006860,CUST00872,2026-09-16 15:59:00,694.46,Wallet,0.89,4,0,Success,None,0
TXN006861,CUST00988,2026-04-17 10:57:00,1857.93,Card,0.55,3,1,Success,None,0
TXN006862,CUST01878,2026-06-20 16:03:00,314.56,Wallet,0.8,0,0,Failed,Expired Card,0
TXN006863,CUST02591,2026-03-30 04:49:00,851.1,UPI,0.42,1,0,Failed,Bank Timeout,1
TXN006864,CUST00389,2026-10-01 10:01:00,734.78,Net Banking,0.69,1,0,Failed,Expired Card,0
TXN006865,CUST02256,2026-05-28 21:14:00,545.76,UPI,0.38,1,0,Success,None,0
TXN006866,CUST02342,2026-08-12 17:37:00,957.79,Wallet,0.99,4,0,Success,None,0
TXN006867,CUST02728,2026-09-23 01:28:00,1030.29,Wallet,0.61,3,1,Success,None,0
TXN006868,CUST00608,2026-05-12 06:50:00,1810.98,UPI,0.79,4,1,Failed,Bank Timeout,0
TXN006869,CUST02340,2026-01-24 00:03:00,1046.9,Card,0.66,2,1,Success,None,0
TXN006870,CUST01260,2026-02-09 11:21:00,763.04,Wallet,0.49,3,0,Failed,Insufficient Funds,1
TXN006871,CUST00774,2026-10-30 21:50:00,2559.36,UPI,0.82,3,0,Success,None,0
TXN006872,CUST01831,2026-06-27 11:07:00,1956.86,UPI,1.0,0,0,Success,None,0
TXN006873,CUST02162,2026-12-01 14:46:00,582.23,UPI,0.52,4,1,Success,None,0
TXN006874,CUST02376,2026-01-14 07:40:00,666.26,Wallet,0.9,1,0,Success,None,0
TXN006875,CUST02894,2026-04-10 09:10:00,759.89,Wallet,0.72,0,0,Success,None,0
TXN006876,CUST02433,2026-06-29 00:36:00,1929.47,Net Banking,0.38,1,1,Success,None,0
TXN006877,CUST02216,2026-12-07 00:16:00,1527.35,Net Banking,0.75,3,1,Success,None,0
TXN006878,CUST02522,2026-01-22 13:52:00,541.71,Card,0.4,3,0,Success,None,0
TXN006879,CUST01174,2026-05-24 19:16:00,2038.86,Wallet,0.6,2,0,Success,None,0
TXN006880,CUST01809,2026-06-21 10:42:00,2872.59,Net Banking,0.81,1,1,Success,None,0
TXN006881,CUST01477,2026-10-09 14:11:00,902.86,Wallet,0.38,2,0,Success,None,0
TXN006882,CUST02057,2026-08-02 08:21:00,3375.65,Card,0.49,0,1,Success,None,0
TXN006883,CUST02042,2026-01-02 06:31:00,1063.03,Net Banking,0.87,3,0,Success,None,0
TXN006884,CUST00794,2026-10-06 10:10:00,964.73,UPI,0.31,2,0,Success,None,0
TXN006885,CUST00611,2026-06-09 06:36:00,934.86,Card,0.58,0,0,Success,None,0
TXN006886,CUST01627,2026-01-22 05:50:00,248.97,Card,0.33,4,0,Success,None,0
TXN006887,CUST00513,2026-05-06 17:23:00,1214.28,Card,0.33,3,0,Success,None,0
TXN006888,CUST01521,2026-03-29 22:27:00,383.98,Card,0.39,3,0,Success,None,0
TXN006889,CUST02506,2026-10-02 08:03:00,1127.71,UPI,0.66,0,1,Success,None,0
TXN006890,CUST00161,2026-05-02 23:22:00,486.89,Net Banking,0.76,3,0,Failed,Insufficient Funds,1
TXN006891,CUST02110,2026-08-24 16:09:00,1465.2,Wallet,0.78,2,0,Success,None,0
TXN006892,CUST01114,2026-09-29 02:41:00,720.6,Card,0.33,3,1,Success,None,0
TXN006893,CUST01508,2026-05-05 17:40:00,1430.95,Wallet,0.71,0,0,Success,None,0
TXN006894,CUST01976,2026-01-23 12:26:00,1189.62,Card,0.57,4,0,Failed,Network Error,0
TXN006895,CUST01637,2026-03-12 16:16:00,523.49,Card,0.41,3,0,Failed,Bank Timeout,0
TXN006896,CUST01780,2026-04-04 21:19:00,1831.95,Wallet,0.46,1,0,Success,None,0
TXN006897,CUST00613,2026-09-11 19:48:00,659.95,Card,0.8,4,0,Success,None,0
TXN006898,CUST00653,2026-06-19 10:19:00,301.72,Wallet,0.43,4,0,Success,None,0
TXN006899,CUST00898,2026-03-09 19:22:00,421.55,Card,0.33,3,0,Success,None,0
TXN006900,CUST02375,2026-01-13 20:50:00,1144.6,Net Banking,0.81,1,0,Success,None,0
TXN006901,CUST00940,2026-01-03 12:20:00,1541.98,Card,0.74,3,0,Success,None,0
TXN006902,CUST00584,2026-12-07 15:26:00,5305.73,Net Banking,0.77,1,0,Success,None,0
TXN006903,CUST00838,2026-04-08 05:56:00,776.34,UPI,0.61,3,0,Success,None,0
TXN006904,CUST00783,2026-09-06 14:23:00,289.83,Card,0.56,1,0,Failed,Insufficient Funds,1
TXN006905,CUST02185,2026-05-26 03:13:00,1919.29,Card,0.63,2,0,Success,None,0
TXN006906,CUST00524,2026-11-21 08:23:00,550.47,UPI,0.59,2,1,Success,None,0
TXN006907,CUST01104,2026-06-10 03:48:00,1118.41,UPI,0.95,3,0,Success,None,0
TXN006908,CUST02427,2026-10-02 01:33:00,2701.79,UPI,0.99,4,0,Success,None,0
TXN006909,CUST01956,2026-07-16 17:40:00,1317.49,UPI,0.48,3,1,Failed,Insufficient Funds,0
TXN006910,CUST01212,2026-04-22 20:01:00,3622.92,Wallet,0.34,2,0,Success,None,0
TXN006911,CUST02982,2026-05-14 20:34:00,364.27,Net Banking,0.92,1,0,Success,None,0
TXN006912,CUST02727,2026-06-18 18:42:00,317.25,Wallet,0.72,4,0,Failed,Expired Card,0
TXN006913,CUST01783,2026-04-28 16:14:00,271.01,Card,0.37,2,0,Success,None,0
TXN006914,CUST02922,2026-03-14 04:03:00,456.81,Card,0.51,1,1,Success,None,0
TXN006915,CUST02140,2026-08-13 13:09:00,629.69,Wallet,0.34,4,0,Success,None,0
TXN006916,CUST01078,2026-08-20 10:28:00,255.42,Card,0.66,1,0,Failed,Expired Card,0
TXN006917,CUST00906,2026-08-12 09:47:00,1442.94,UPI,0.79,4,1,Failed,Expired Card,0
TXN006918,CUST02773,2026-09-04 18:00:00,1592.27,Wallet,0.84,4,0,Success,None,0
TXN006919,CUST00329,2026-03-28 15:52:00,852.39,Card,0.47,2,0,Success,None,0
TXN006920,CUST00388,2026-10-03 19:40:00,1709.1,Card,0.74,4,0,Failed,Expired Card,0
TXN006921,CUST01415,2026-09-05 22:06:00,10185.59,Wallet,0.53,2,0,Failed,Insufficient Funds,0
TXN006922,CUST01359,2026-06-08 17:03:00,2405.37,Card,0.37,0,1,Success,None,0
TXN006923,CUST02660,2026-08-21 06:01:00,578.7,Wallet,0.66,4,1,Success,None,0
TXN006924,CUST01652,2026-04-19 09:01:00,1362.08,UPI,0.82,3,0,Failed,Authentication Failed,1
TXN006925,CUST01930,2026-10-29 18:29:00,1402.15,Wallet,0.45,0,0,Success,None,0
TXN006926,CUST01011,2026-09-21 15:47:00,1136.11,Wallet,0.8,1,0,Success,None,0
TXN006927,CUST02994,2026-07-12 03:26:00,887.51,UPI,0.34,0,0,Success,None,0
TXN006928,CUST00759,2026-11-08 20:21:00,709.78,Net Banking,0.99,2,0,Failed,Authentication Failed,0
TXN006929,CUST00692,2026-04-29 10:06:00,845.47,Wallet,0.54,1,0,Success,None,0
TXN006930,CUST02319,2026-11-27 10:14:00,886.58,Net Banking,0.37,3,0,Failed,Authentication Failed,1
TXN006931,CUST00844,2026-03-24 23:00:00,1171.96,Net Banking,0.8,4,1,Success,None,0
TXN006932,CUST02520,2026-01-03 15:06:00,1537.16,Net Banking,0.4,2,0,Success,None,0
TXN006933,CUST02279,2026-04-27 15:34:00,884.22,Card,0.7,4,0,Success,None,0
TXN006934,CUST01699,2026-10-11 12:20:00,491.05,Net Banking,0.38,2,1,Failed,Network Error,0
TXN006935,CUST00306,2026-07-06 23:26:00,798.87,Card,0.39,3,0,Success,None,0
TXN006936,CUST00890,2026-02-24 11:22:00,1301.35,Wallet,0.84,0,0,Success,None,0
TXN006937,CUST00065,2026-12-09 05:58:00,1025.91,UPI,0.47,1,1,Success,None,0
TXN006938,CUST01558,2026-09-06 15:14:00,285.82,Card,0.38,3,0,Failed,Bank Timeout,1
TXN006939,CUST01600,2026-09-20 01:51:00,1045.56,Net Banking,0.73,3,0,Success,None,0
TXN006940,CUST00697,2026-12-01 06:41:00,5205.43,Card,0.82,1,0,Success,None,0
TXN006941,CUST01098,2026-08-06 20:48:00,1070.67,Wallet,0.38,4,0,Success,None,0
TXN006942,CUST01746,2026-10-18 03:50:00,1429.87,UPI,0.32,3,0,Success,None,0
TXN006943,CUST02377,2026-08-08 14:54:00,1129.13,UPI,0.69,0,0,Success,None,0
TXN006944,CUST01239,2026-05-25 07:11:00,228.25,UPI,0.69,4,1,Success,None,0
TXN006945,CUST01812,2026-05-31 11:54:00,616.28,UPI,0.49,1,0,Success,None,0
TXN006946,CUST01247,2026-08-30 22:15:00,345.75,Net Banking,0.81,3,0,Success,None,0
TXN006947,CUST02106,2026-08-18 09:54:00,1607.83,Wallet,0.55,2,0,Success,None,0
TXN006948,CUST00375,2026-10-17 10:27:00,1126.51,Net Banking,0.33,3,1,Success,None,0
TXN006949,CUST02525,2026-06-30 11:02:00,659.68,UPI,0.64,0,0,Success,None,0
TXN006950,CUST01700,2026-08-21 11:18:00,507.35,UPI,0.77,2,0,Success,None,0
TXN006951,CUST00060,2026-10-01 12:19:00,3697.83,UPI,0.36,2,0,Success,None,0
TXN006952,CUST01012,2026-06-08 11:57:00,1966.61,Wallet,0.62,2,1,Success,None,0
TXN006953,CUST01045,2026-09-08 17:39:00,3865.89,Net Banking,0.46,3,0,Failed,Bank Timeout,1
TXN006954,CUST02250,2026-02-17 14:40:00,500.26,Wallet,0.51,0,0,Success,None,0
TXN006955,CUST02701,2026-06-09 00:19:00,1198.9,UPI,0.64,2,1,Success,None,0
TXN006956,CUST00360,2026-06-11 02:38:00,10944.93,Net Banking,0.5,4,0,Success,None,0
TXN006957,CUST01841,2026-08-05 01:20:00,203.72,Net Banking,0.88,3,0,Success,None,0
TXN006958,CUST01823,2026-10-24 20:05:00,1123.8,Card,0.58,2,0,Success,None,0
TXN006959,CUST01454,2026-07-04 23:56:00,1161.69,Net Banking,0.45,0,1,Success,None,0
TXN006960,CUST02536,2026-05-24 20:11:00,2115.38,Net Banking,0.43,1,0,Failed,Bank Timeout,1
TXN006961,CUST00237,2026-01-17 09:54:00,1455.07,Net Banking,0.75,1,0,Success,None,0
TXN006962,CUST01149,2026-04-07 13:30:00,1276.21,Wallet,0.36,3,0,Failed,Bank Timeout,1
TXN006963,CUST00952,2026-07-12 09:08:00,1099.35,Net Banking,0.34,2,0,Failed,Authentication Failed,1
TXN006964,CUST00725,2026-10-26 15:26:00,1675.36,Net Banking,0.54,0,0,Failed,Insufficient Funds,0
TXN006965,CUST01593,2026-07-03 15:32:00,5696.65,Net Banking,0.35,0,0,Failed,Authentication Failed,0
TXN006966,CUST00021,2026-03-18 07:18:00,1274.14,UPI,0.92,4,0,Success,None,0
TXN006967,CUST01272,2026-05-19 23:52:00,1273.09,Net Banking,0.35,3,0,Failed,Authentication Failed,0
TXN006968,CUST01228,2026-03-19 03:56:00,1314.57,UPI,0.61,4,0,Failed,Authentication Failed,0
TXN006969,CUST01064,2026-06-17 07:39:00,2182.33,Wallet,0.37,3,0,Failed,Authentication Failed,0
TXN006970,CUST02692,2026-01-30 12:20:00,1000.39,UPI,0.79,0,1,Success,None,0
TXN006971,CUST00727,2026-01-17 02:55:00,345.71,Card,0.62,0,0,Success,None,0
TXN006972,CUST02978,2026-09-12 09:47:00,1381.51,Card,0.89,4,1,Success,None,0
TXN006973,CUST01439,2026-09-16 13:28:00,1787.69,Net Banking,0.31,4,1,Failed,Expired Card,0
TXN006974,CUST02616,2026-01-16 10:32:00,7437.74,UPI,0.34,4,0,Failed,Network Error,1
TXN006975,CUST01286,2026-03-20 05:27:00,1722.05,UPI,0.72,4,0,Success,None,0
TXN006976,CUST01528,2026-09-18 04:41:00,6235.11,Card,0.49,1,1,Success,None,0
TXN006977,CUST00006,2026-07-07 17:35:00,1218.73,Wallet,0.38,0,0,Failed,Network Error,1
TXN006978,CUST00002,2026-08-02 09:36:00,227.28,Net Banking,0.82,0,0,Success,None,0
TXN006979,CUST01974,2026-02-08 13:36:00,282.23,Net Banking,0.57,1,0,Success,None,0
TXN006980,CUST00281,2026-10-23 03:32:00,1607.29,UPI,0.9,1,0,Success,None,0
TXN006981,CUST01908,2026-11-28 18:22:00,623.98,Net Banking,0.97,0,0,Success,None,0
TXN006982,CUST02290,2026-09-30 05:16:00,677.68,Net Banking,0.87,0,1,Success,None,0
TXN006983,CUST02449,2026-03-11 01:33:00,3083.54,UPI,0.97,2,0,Success,None,0
TXN006984,CUST02562,2026-11-16 08:06:00,358.99,Wallet,0.8,2,0,Success,None,0
TXN006985,CUST01377,2026-09-02 14:39:00,3800.45,Net Banking,0.9,0,0,Success,None,0
TXN006986,CUST02361,2026-01-30 16:01:00,1492.32,Card,0.73,3,1,Success,None,0
TXN006987,CUST02705,2026-06-25 20:45:00,2361.3,Wallet,0.55,3,0,Failed,Insufficient Funds,1
TXN006988,CUST02630,2026-08-06 12:33:00,1239.96,UPI,0.45,2,0,Success,None,0
TXN006989,CUST02897,2026-01-07 06:55:00,1321.3,Card,0.9,1,0,Failed,Authentication Failed,0
TXN006990,CUST02459,2026-02-25 23:02:00,2080.54,UPI,0.72,3,0,Failed,Expired Card,0
TXN006991,CUST00851,2026-10-05 14:00:00,2077.98,Card,0.31,1,0,Success,None,0
TXN006992,CUST01145,2026-03-01 10:00:00,1244.94,Card,0.63,4,0,Success,None,0
TXN006993,CUST00173,2026-01-16 01:18:00,725.07,Card,0.83,4,0,Failed,Insufficient Funds,1
TXN006994,CUST01958,2026-06-30 14:20:00,1233.94,Card,0.65,0,1,Success,None,0
TXN006995,CUST02139,2026-05-21 07:17:00,2241.23,Net Banking,0.95,4,0,Success,None,0
TXN006996,CUST02935,2026-07-16 22:28:00,723.46,Card,0.67,3,0,Success,None,0
TXN006997,CUST01592,2026-01-25 20:45:00,962.52,UPI,0.5,3,0,Failed,Bank Timeout,1
TXN006998,CUST00538,2026-11-30 19:33:00,2008.0,Wallet,0.96,0,0,Success,None,0
TXN006999,CUST01591,2026-12-10 09:44:00,598.57,UPI,0.4,4,0,Success,None,0
TXN007000,CUST01759,2026-09-03 07:31:00,1425.2,UPI,0.97,2,1,Failed,Insufficient Funds,0
TXN007001,CUST00452,2026-01-18 12:00:00,1374.58,Card,0.72,0,1,Success,None,0
TXN007002,CUST02221,2026-08-31 22:18:00,526.88,UPI,0.3,0,0,Failed,Bank Timeout,1
TXN007003,CUST02784,2026-03-13 05:45:00,1132.65,Card,0.67,4,0,Success,None,0
TXN007004,CUST00746,2026-08-01 12:35:00,710.41,UPI,0.96,2,0,Success,None,0
TXN007005,CUST02379,2026-06-06 06:19:00,1246.22,Wallet,0.49,1,0,Success,None,0
TXN007006,CUST00906,2026-10-25 02:15:00,1399.96,Card,0.77,0,0,Success,None,0
TXN007007,CUST02458,2026-11-04 22:52:00,531.35,Net Banking,0.38,3,0,Success,None,0
TXN007008,CUST02387,2026-07-27 19:01:00,4119.08,UPI,0.88,3,0,Success,None,0
TXN007009,CUST02243,2026-05-11 19:42:00,4335.37,Wallet,0.92,0,0,Success,None,0
TXN007010,CUST01409,2026-01-24 16:52:00,382.79,UPI,0.87,1,0,Success,None,0
TXN007011,CUST00201,2026-01-03 03:25:00,1992.69,Card,0.63,1,1,Success,None,0
TXN007012,CUST01659,2026-12-09 18:17:00,1617.79,UPI,0.64,2,0,Success,None,0
TXN007013,CUST01037,2026-11-02 18:35:00,5482.99,UPI,0.81,2,1,Failed,Insufficient Funds,1
TXN007014,CUST02834,2026-11-27 05:48:00,1392.4,UPI,0.94,4,1,Success,None,0
TXN007015,CUST01052,2026-04-10 11:02:00,645.23,UPI,0.77,0,0,Success,None,0
TXN007016,CUST02310,2026-04-13 02:57:00,684.74,Wallet,0.32,2,0,Failed,Expired Card,0
TXN007017,CUST00123,2026-08-04 00:56:00,1074.27,Net Banking,0.63,3,0,Success,None,0
TXN007018,CUST02055,2026-10-29 08:30:00,3473.07,Net Banking,0.45,0,1,Success,None,0
TXN007019,CUST02836,2026-05-04 23:09:00,1083.98,Card,0.54,3,0,Success,None,0
TXN007020,CUST01771,2026-09-07 03:07:00,869.5,Wallet,0.75,4,0,Success,None,0
TXN007021,CUST02341,2026-04-04 21:29:00,660.83,Net Banking,0.38,0,1,Success,None,0
TXN007022,CUST02492,2026-04-22 01:33:00,1284.27,Card,0.83,2,0,Failed,Bank Timeout,1
TXN007023,CUST01190,2026-06-15 09:44:00,2351.66,UPI,0.72,4,0,Success,None,0
TXN007024,CUST01766,2026-11-05 17:41:00,682.84,Wallet,0.63,1,0,Success,None,0
TXN007025,CUST02763,2026-06-15 08:19:00,1083.45,Card,0.86,4,0,Failed,Authentication Failed,1
TXN007026,CUST02478,2026-03-13 02:07:00,3877.29,Wallet,0.6,0,0,Success,None,0
TXN007027,CUST00393,2026-06-30 08:36:00,6832.45,UPI,0.74,3,0,Failed,Bank Timeout,1
TXN007028,CUST00506,2026-09-02 18:36:00,1107.73,Wallet,0.79,3,0,Success,None,0
TXN007029,CUST02125,2026-02-19 01:28:00,849.81,Wallet,0.37,2,0,Failed,Authentication Failed,1
TXN007030,CUST02494,2026-01-31 21:00:00,426.14,Card,0.68,3,1,Failed,Insufficient Funds,1
TXN007031,CUST01585,2026-06-08 12:27:00,2834.73,Wallet,0.48,1,1,Success,None,0
TXN007032,CUST00777,2026-04-09 07:53:00,449.85,UPI,0.77,2,0,Success,None,0
TXN007033,CUST02247,2026-06-25 21:32:00,1208.33,Wallet,0.67,4,1,Failed,Insufficient Funds,1
TXN007034,CUST01622,2026-02-27 07:23:00,703.64,UPI,0.71,2,1,Success,None,0
TXN007035,CUST02012,2026-02-27 13:49:00,1158.89,Wallet,0.42,2,0,Failed,Insufficient Funds,0
TXN007036,CUST02037,2026-02-01 13:55:00,748.1,Net Banking,0.52,1,0,Success,None,0
TXN007037,CUST01321,2026-03-07 06:50:00,3300.44,Card,0.63,1,0,Success,None,0
TXN007038,CUST01394,2026-10-29 09:27:00,387.65,Card,0.55,1,0,Success,None,0
TXN007039,CUST00139,2026-09-29 07:00:00,1151.71,Wallet,0.69,0,0,Success,None,0
TXN007040,CUST02459,2026-06-14 19:01:00,281.82,Net Banking,0.63,3,0,Failed,Bank Timeout,1
TXN007041,CUST01483,2026-10-09 08:05:00,1910.18,UPI,0.84,0,0,Success,None,0
TXN007042,CUST00034,2026-05-01 07:35:00,498.32,Card,0.59,2,0,Failed,Bank Timeout,1
TXN007043,CUST00772,2026-05-16 05:55:00,1648.46,UPI,0.44,0,0,Failed,Authentication Failed,0
TXN007044,CUST01350,2026-04-15 21:56:00,3209.29,UPI,0.45,4,0,Failed,Bank Timeout,0
TXN007045,CUST00613,2026-01-03 09:55:00,330.75,Card,0.93,1,0,Success,None,0
TXN007046,CUST00602,2026-11-30 15:46:00,7129.5,UPI,0.82,4,0,Failed,Network Error,1
TXN007047,CUST02972,2026-11-27 20:58:00,994.51,Card,0.81,0,0,Success,None,0
TXN007048,CUST01152,2026-07-06 09:52:00,2592.96,UPI,0.4,0,1,Success,None,0
TXN007049,CUST01087,2026-11-15 22:10:00,1229.03,Card,0.43,1,1,Failed,Authentication Failed,1
TXN007050,CUST02823,2026-10-03 08:52:00,2052.1,Card,0.37,2,0,Success,None,0
TXN007051,CUST00396,2026-12-05 19:21:00,442.17,Card,0.7,0,1,Success,None,0
TXN007052,CUST00935,2026-06-29 03:54:00,135.32,Card,0.33,0,0,Failed,Expired Card,1
TXN007053,CUST02058,2026-01-16 12:32:00,714.87,UPI,0.82,0,0,Success,None,0
TXN007054,CUST00617,2026-05-29 16:39:00,1020.68,Wallet,0.96,2,0,Success,None,0
TXN007055,CUST01898,2026-10-23 04:36:00,3554.31,Net Banking,0.8,4,1,Success,None,0
TXN007056,CUST02783,2026-07-03 11:26:00,875.69,Card,0.95,2,0,Success,None,0
TXN007057,CUST01850,2026-11-12 14:34:00,755.8,Wallet,0.89,2,0,Failed,Bank Timeout,1
TXN007058,CUST00874,2026-03-13 03:37:00,2857.69,Wallet,0.77,2,0,Failed,Authentication Failed,1
TXN007059,CUST01289,2026-09-30 06:49:00,2601.77,Card,0.92,2,0,Success,None,0
TXN007060,CUST00526,2026-04-30 00:48:00,428.26,Card,0.88,2,0,Success,None,0
TXN007061,CUST00277,2026-07-21 12:53:00,235.17,UPI,0.45,3,0,Success,None,0
TXN007062,CUST01357,2026-04-02 15:57:00,1783.5,UPI,0.77,0,0,Success,None,0
TXN007063,CUST01498,2026-07-05 23:18:00,1818.52,Net Banking,0.81,1,0,Success,None,0
TXN007064,CUST00651,2026-06-10 16:50:00,2082.92,Wallet,0.51,0,0,Success,None,0
TXN007065,CUST01937,2026-11-30 04:06:00,1334.86,Wallet,0.85,3,1,Success,None,0
TXN007066,CUST02903,2026-07-16 17:31:00,2640.53,Wallet,0.71,0,0,Failed,Expired Card,0
TXN007067,CUST01226,2026-01-29 18:34:00,1449.0,Wallet,0.79,2,1,Failed,Bank Timeout,1
TXN007068,CUST02564,2026-03-17 14:05:00,1375.62,UPI,0.91,3,0,Success,None,0
TXN007069,CUST02802,2026-07-22 05:33:00,1544.43,UPI,0.59,1,1,Success,None,0
TXN007070,CUST02475,2026-05-16 05:29:00,295.59,Net Banking,0.64,1,0,Success,None,0
TXN007071,CUST01623,2026-08-28 02:02:00,832.87,Card,0.53,1,0,Success,None,0
TXN007072,CUST01970,2026-04-04 13:02:00,1509.28,UPI,0.97,2,0,Success,None,0
TXN007073,CUST00901,2026-01-06 13:02:00,3752.64,Net Banking,0.59,0,0,Success,None,0
TXN007074,CUST00335,2026-05-10 10:09:00,422.81,Wallet,0.93,2,0,Success,None,0
TXN007075,CUST02421,2026-12-06 02:28:00,728.41,Card,0.79,4,1,Success,None,0
TXN007076,CUST01444,2026-04-09 17:57:00,1253.91,Net Banking,0.55,3,0,Failed,Bank Timeout,0
TXN007077,CUST00284,2026-02-05 04:50:00,4909.17,Card,0.32,4,1,Failed,Insufficient Funds,0
TXN007078,CUST00929,2026-11-20 00:09:00,536.61,Net Banking,0.57,1,0,Success,None,0
TXN007079,CUST02379,2026-08-15 13:03:00,800.95,Net Banking,0.95,3,0,Success,None,0
TXN007080,CUST02521,2026-02-03 13:57:00,367.93,Wallet,0.93,3,0,Success,None,0
TXN007081,CUST00188,2026-03-24 09:19:00,963.94,UPI,0.73,1,0,Success,None,0
TXN007082,CUST01236,2026-05-13 15:16:00,750.29,Net Banking,0.32,4,1,Failed,Expired Card,0
TXN007083,CUST02260,2026-09-25 02:50:00,571.99,Net Banking,0.45,3,0,Failed,Expired Card,0
TXN007084,CUST01951,2026-01-20 13:07:00,2341.54,UPI,0.72,4,1,Success,None,0
TXN007085,CUST00474,2026-07-01 17:33:00,437.09,Card,0.56,2,0,Success,None,0
TXN007086,CUST00891,2026-12-01 08:19:00,332.38,Net Banking,0.46,3,1,Success,None,0
TXN007087,CUST02110,2026-11-25 18:43:00,547.41,Card,0.69,1,1,Failed,Network Error,1
TXN007088,CUST00863,2026-02-28 07:39:00,4183.8,UPI,0.89,1,0,Success,None,0
TXN007089,CUST00763,2026-04-07 03:12:00,1572.35,Card,0.82,1,0,Failed,Expired Card,0
TXN007090,CUST01799,2026-06-14 00:15:00,717.89,UPI,0.6,0,0,Success,None,0
TXN007091,CUST02809,2026-09-24 10:52:00,3729.38,Card,0.85,0,0,Failed,Expired Card,0
TXN007092,CUST01624,2026-04-23 17:47:00,1472.12,Card,0.9,4,1,Failed,Authentication Failed,1
TXN007093,CUST02962,2026-01-03 07:43:00,781.02,Wallet,0.3,3,0,Failed,Authentication Failed,1
TXN007094,CUST00906,2026-05-30 16:30:00,2092.5,UPI,0.36,3,1,Success,None,0
TXN007095,CUST01648,2026-09-02 17:51:00,108.27,Net Banking,0.6,0,0,Success,None,0
TXN007096,CUST01547,2026-11-08 05:25:00,2847.55,Wallet,0.62,1,0,Failed,Expired Card,0
TXN007097,CUST00493,2026-02-14 00:38:00,599.79,Card,0.67,1,0,Success,None,0
TXN007098,CUST02063,2026-06-25 00:57:00,990.86,Card,0.49,3,0,Success,None,0
TXN007099,CUST01804,2026-04-06 04:23:00,2816.33,Net Banking,0.59,1,1,Success,None,0
TXN007100,CUST02453,2026-11-06 15:40:00,3181.53,Card,0.49,1,0,Success,None,0
TXN007101,CUST01227,2026-07-27 12:02:00,2619.94,UPI,0.33,2,1,Failed,Bank Timeout,0
TXN007102,CUST01648,2026-01-12 19:39:00,555.96,UPI,0.6,3,1,Failed,Network Error,1
TXN007103,CUST00949,2026-03-15 16:27:00,513.96,Net Banking,0.43,0,0,Success,None,0
TXN007104,CUST02677,2026-05-04 19:25:00,1830.04,Net Banking,0.71,2,0,Success,None,0
TXN007105,CUST02369,2026-02-10 22:44:00,1205.13,Net Banking,0.47,4,0,Failed,Expired Card,0
TXN007106,CUST01774,2026-02-26 01:50:00,3395.93,Net Banking,0.9,2,0,Failed,Network Error,1
TXN007107,CUST00485,2026-09-30 20:01:00,406.37,Card,0.72,0,1,Success,None,0
TXN007108,CUST01916,2026-06-22 12:28:00,1718.45,Card,0.37,4,0,Success,None,0
TXN007109,CUST01258,2026-10-15 08:52:00,2741.2,UPI,0.75,4,0,Success,None,0
TXN007110,CUST01034,2026-01-31 06:41:00,2780.06,Wallet,0.66,4,0,Success,None,0
TXN007111,CUST02977,2026-12-04 01:01:00,2571.71,Wallet,0.71,2,0,Failed,Network Error,1
TXN007112,CUST02346,2026-01-27 16:04:00,3124.55,Net Banking,0.48,2,0,Success,None,0
TXN007113,CUST02047,2026-12-02 11:16:00,1414.88,Card,0.48,4,0,Failed,Insufficient Funds,0
TXN007114,CUST01680,2026-05-03 11:58:00,3828.39,Card,0.92,1,1,Failed,Expired Card,0
TXN007115,CUST00727,2026-06-17 22:10:00,237.17,Wallet,0.82,3,1,Success,None,0
TXN007116,CUST02129,2026-06-27 17:13:00,689.45,Wallet,0.85,3,1,Failed,Network Error,1
TXN007117,CUST01479,2026-01-27 04:17:00,437.85,Card,0.65,4,1,Failed,Bank Timeout,1
TXN007118,CUST00366,2026-08-05 20:33:00,413.89,Net Banking,0.56,3,0,Success,None,0
TXN007119,CUST02396,2026-10-09 23:04:00,4114.48,UPI,0.45,2,0,Failed,Expired Card,1
TXN007120,CUST02244,2026-03-07 05:29:00,2672.63,UPI,0.38,4,0,Failed,Authentication Failed,1
TXN007121,CUST00534,2026-08-10 07:05:00,1446.52,Wallet,0.75,1,0,Success,None,0
TXN007122,CUST02784,2026-02-11 20:43:00,589.2,UPI,0.38,3,1,Failed,Network Error,1
TXN007123,CUST00136,2026-01-30 20:30:00,2086.76,UPI,0.85,0,0,Success,None,0
TXN007124,CUST02498,2026-04-23 02:53:00,948.83,Card,0.67,0,0,Success,None,0
TXN007125,CUST01261,2026-09-30 20:12:00,432.34,UPI,0.89,2,0,Failed,Bank Timeout,1
TXN007126,CUST01029,2026-10-04 00:44:00,958.79,Wallet,0.39,3,0,Success,None,0
TXN007127,CUST01072,2026-02-01 16:29:00,339.59,UPI,0.81,4,0,Success,None,0
TXN007128,CUST02975,2026-02-05 09:46:00,1850.92,UPI,0.94,4,1,Success,None,0
TXN007129,CUST01025,2026-04-24 13:07:00,1940.58,Wallet,0.48,3,0,Failed,Expired Card,0
TXN007130,CUST01404,2026-07-13 01:58:00,2059.26,UPI,0.31,3,0,Failed,Insufficient Funds,0
TXN007131,CUST01861,2026-06-18 03:10:00,4347.49,Wallet,0.88,4,1,Success,None,0
TXN007132,CUST01586,2026-01-14 07:32:00,880.74,Card,0.63,3,0,Success,None,0
TXN007133,CUST00485,2026-10-05 07:37:00,804.57,Wallet,0.85,0,0,Success,None,0
TXN007134,CUST01877,2026-04-22 05:57:00,837.94,Card,0.85,1,1,Success,None,0
TXN007135,CUST02764,2026-05-13 11:13:00,1138.76,Card,0.61,1,0,Success,None,0
TXN007136,CUST02325,2026-02-27 14:38:00,357.99,Wallet,0.68,4,1,Success,None,0
TXN007137,CUST01488,2026-02-07 16:54:00,926.92,Net Banking,0.61,4,1,Success,None,0
TXN007138,CUST01483,2026-02-27 03:30:00,816.59,Net Banking,0.65,3,0,Success,None,0
TXN007139,CUST01913,2026-02-12 02:24:00,1044.45,Wallet,0.62,0,0,Success,None,0
TXN007140,CUST01263,2026-10-31 11:33:00,2811.04,Net Banking,0.37,4,0,Success,None,0
TXN007141,CUST02769,2026-08-16 16:23:00,2078.42,Wallet,1.0,3,0,Success,None,0
TXN007142,CUST02991,2026-10-25 12:25:00,1467.2,Card,0.37,3,0,Failed,Expired Card,0
TXN007143,CUST02081,2026-07-05 02:20:00,545.94,Wallet,0.63,2,1,Success,None,0
TXN007144,CUST00258,2026-09-03 05:34:00,1690.36,Wallet,0.64,0,0,Success,None,0
TXN007145,CUST00822,2026-06-24 08:14:00,3551.38,Wallet,0.87,2,1,Failed,Expired Card,1
TXN007146,CUST00871,2026-04-10 16:33:00,1041.35,Net Banking,0.79,1,1,Success,None,0
TXN007147,CUST02033,2026-05-20 07:53:00,294.53,Net Banking,0.41,0,0,Failed,Bank Timeout,1
TXN007148,CUST02008,2026-08-28 12:24:00,819.17,Card,0.6,3,1,Success,None,0
TXN007149,CUST01437,2026-10-22 08:33:00,2437.86,Wallet,0.65,4,1,Success,None,0
TXN007150,CUST01372,2026-08-27 18:39:00,824.96,Net Banking,0.65,4,1,Failed,Authentication Failed,1
TXN007151,CUST02536,2026-06-11 03:39:00,1455.61,Wallet,0.72,2,0,Success,None,0
TXN007152,CUST01429,2026-04-11 03:39:00,4984.67,UPI,0.81,2,0,Failed,Authentication Failed,0
TXN007153,CUST01310,2026-04-03 04:23:00,169.49,Net Banking,0.68,0,0,Success,None,0
TXN007154,CUST01494,2026-06-30 06:43:00,1927.33,UPI,0.4,1,1,Success,None,0
TXN007155,CUST02460,2026-09-05 07:10:00,415.93,Card,0.36,0,0,Failed,Expired Card,1
TXN007156,CUST01290,2026-05-02 03:45:00,377.83,Wallet,0.56,1,0,Success,None,0
TXN007157,CUST00971,2026-04-12 19:41:00,806.17,UPI,0.52,3,0,Success,None,0
TXN007158,CUST01975,2026-05-17 09:16:00,372.66,UPI,0.34,4,0,Failed,Bank Timeout,1
TXN007159,CUST00814,2026-12-03 18:00:00,1112.46,Card,0.4,4,0,Failed,Authentication Failed,1
TXN007160,CUST00765,2026-04-01 04:12:00,1211.76,Card,0.39,4,0,Success,None,0
TXN007161,CUST02462,2026-09-27 13:07:00,6969.42,Wallet,0.53,3,0,Success,None,0
TXN007162,CUST02854,2026-06-22 20:09:00,1032.91,UPI,0.48,2,0,Failed,Bank Timeout,1
TXN007163,CUST00857,2026-02-01 19:22:00,1451.87,Wallet,0.9,0,0,Failed,Network Error,0
TXN007164,CUST02957,2026-03-06 07:50:00,474.85,UPI,0.36,3,0,Failed,Network Error,1
TXN007165,CUST01288,2026-10-20 01:25:00,537.01,UPI,0.86,0,0,Success,None,0
TXN007166,CUST01670,2026-11-13 12:29:00,1218.17,Card,0.43,2,0,Success,None,0
TXN007167,CUST02588,2026-03-16 23:50:00,1937.55,Wallet,0.42,4,1,Success,None,0
TXN007168,CUST01194,2026-04-13 08:34:00,1181.07,Card,0.34,3,1,Success,None,0
TXN007169,CUST01092,2026-09-29 10:51:00,458.11,Wallet,0.43,3,1,Success,None,0
TXN007170,CUST01015,2026-11-25 22:16:00,3539.32,UPI,0.72,1,0,Success,None,0
TXN007171,CUST00806,2026-04-07 06:51:00,3015.39,Wallet,0.54,4,1,Failed,Insufficient Funds,0
TXN007172,CUST02436,2026-09-16 00:49:00,921.52,Net Banking,0.57,1,0,Success,None,0
TXN007173,CUST00286,2026-01-08 16:47:00,1242.32,Net Banking,0.45,0,0,Success,None,0
TXN007174,CUST02574,2026-01-17 08:31:00,999.47,Card,0.92,3,1,Failed,Authentication Failed,0
TXN007175,CUST02794,2026-02-11 20:45:00,4454.56,UPI,0.56,4,0,Success,None,0
TXN007176,CUST01225,2026-08-04 12:05:00,496.09,Wallet,0.48,4,0,Failed,Authentication Failed,0
TXN007177,CUST02318,2026-07-08 17:34:00,813.73,Wallet,0.88,3,0,Failed,Bank Timeout,0
TXN007178,CUST00089,2026-04-06 23:14:00,438.81,Card,0.65,3,0,Success,None,0
TXN007179,CUST00881,2026-11-10 22:06:00,406.17,Net Banking,0.54,2,1,Success,None,0
TXN007180,CUST01105,2026-11-08 07:13:00,3032.65,Net Banking,0.52,3,0,Failed,Network Error,0
TXN007181,CUST01409,2026-01-12 13:02:00,1086.94,UPI,0.67,1,1,Success,None,0
TXN007182,CUST01915,2026-11-10 09:03:00,3372.62,Card,0.66,0,1,Success,None,0
TXN007183,CUST01369,2026-01-23 00:19:00,2316.47,Wallet,0.78,3,1,Success,None,0
TXN007184,CUST00349,2026-12-09 18:25:00,1312.52,Wallet,0.54,4,0,Failed,Bank Timeout,0
TXN007185,CUST00980,2026-11-11 02:20:00,3794.71,Card,0.4,3,0,Success,None,0
TXN007186,CUST02335,2026-03-10 07:18:00,585.89,Card,0.68,0,0,Success,None,0
TXN007187,CUST01892,2026-08-06 19:20:00,5133.09,Wallet,0.31,2,0,Success,None,0
TXN007188,CUST02754,2026-11-28 00:56:00,1050.4,Net Banking,0.68,0,0,Success,None,0
TXN007189,CUST02041,2026-01-04 06:28:00,569.67,Card,0.49,3,1,Failed,Network Error,0
TXN007190,CUST02005,2026-10-04 03:49:00,2547.92,UPI,0.95,4,0,Failed,Insufficient Funds,1
TXN007191,CUST02627,2026-11-19 17:53:00,4588.51,Wallet,0.53,2,0,Success,None,0
TXN007192,CUST01751,2026-06-30 13:44:00,763.93,UPI,0.67,2,0,Success,None,0
TXN007193,CUST01864,2026-10-05 04:47:00,1121.49,UPI,0.84,4,0,Success,None,0
TXN007194,CUST01808,2026-07-06 12:27:00,566.13,Net Banking,0.32,4,0,Success,None,0
TXN007195,CUST00044,2026-07-08 10:22:00,479.38,Card,0.64,1,0,Success,None,0
TXN007196,CUST01895,2026-12-05 11:48:00,563.5,Net Banking,0.84,1,1,Success,None,0
TXN007197,CUST02704,2026-11-13 00:29:00,3398.4,Net Banking,0.58,2,0,Success,None,0
TXN007198,CUST01075,2026-06-24 11:23:00,157.2,Net Banking,0.9,4,0,Success,None,0
TXN007199,CUST02106,2026-03-10 20:44:00,830.03,Card,0.41,0,0,Failed,Insufficient Funds,0
TXN007200,CUST02270,2026-10-16 07:23:00,728.1,Wallet,0.71,4,0,Success,None,0
TXN007201,CUST01050,2026-06-05 20:07:00,1025.25,Wallet,0.98,1,0,Success,None,0
TXN007202,CUST02127,2026-12-12 05:11:00,311.62,Wallet,0.81,2,0,Failed,Network Error,0
TXN007203,CUST00171,2026-09-28 07:29:00,1540.22,Net Banking,0.73,4,0,Success,None,0
TXN007204,CUST00099,2026-08-16 18:43:00,201.21,Card,0.81,1,0,Success,None,0
TXN007205,CUST01889,2026-01-02 20:22:00,1033.46,UPI,0.76,2,1,Failed,Network Error,1
TXN007206,CUST01734,2026-02-15 05:15:00,601.61,Card,0.39,4,0,Failed,Network Error,0
TXN007207,CUST00847,2026-08-10 00:29:00,1355.35,Card,0.82,0,0,Failed,Expired Card,0
TXN007208,CUST01561,2026-01-08 18:23:00,258.14,Wallet,0.57,1,0,Success,None,0
TXN007209,CUST01008,2026-05-09 09:16:00,440.47,Card,0.89,2,1,Failed,Network Error,1
TXN007210,CUST01003,2026-08-06 10:46:00,384.71,UPI,0.39,0,1,Success,None,0
TXN007211,CUST01447,2026-10-20 20:10:00,1096.25,UPI,0.45,2,0,Success,None,0
TXN007212,CUST02797,2026-12-03 13:27:00,3728.23,Card,0.41,3,0,Failed,Bank Timeout,1
TXN007213,CUST00482,2026-03-20 06:42:00,2378.97,UPI,1.0,1,0,Success,None,0
TXN007214,CUST02288,2026-01-09 00:09:00,7122.82,UPI,0.59,2,0,Success,None,0
TXN007215,CUST00525,2026-08-30 20:45:00,851.3,Net Banking,0.74,1,0,Failed,Expired Card,0
TXN007216,CUST02867,2026-12-06 19:07:00,927.74,Card,0.6,0,1,Success,None,0
TXN007217,CUST00228,2026-10-12 15:08:00,511.5,Card,0.73,2,0,Success,None,0
TXN007218,CUST02321,2026-11-28 03:42:00,847.55,UPI,0.64,1,0,Success,None,0
TXN007219,CUST01218,2026-09-16 01:44:00,1952.89,Net Banking,0.42,4,0,Failed,Authentication Failed,0
TXN007220,CUST02115,2026-10-03 10:17:00,6512.79,Card,0.99,2,1,Success,None,0
TXN007221,CUST02458,2026-08-02 16:31:00,1678.91,Wallet,0.81,3,0,Success,None,0
TXN007222,CUST01110,2026-03-28 04:20:00,1417.64,Card,0.34,2,0,Success,None,0
TXN007223,CUST01535,2026-06-26 22:54:00,1657.24,UPI,0.42,0,0,Success,None,0
TXN007224,CUST02780,2026-06-08 22:59:00,3729.04,Card,0.52,1,0,Success,None,0
TXN007225,CUST00539,2026-11-13 01:20:00,1289.59,Net Banking,0.9,4,0,Success,None,0
TXN007226,CUST02067,2026-11-14 01:21:00,198.01,UPI,0.88,2,0,Success,None,0
TXN007227,CUST01496,2026-10-09 19:21:00,260.22,Net Banking,0.34,3,1,Success,None,0
TXN007228,CUST01379,2026-03-30 17:17:00,501.02,UPI,0.35,2,0,Success,None,0
TXN007229,CUST02103,2026-09-23 00:45:00,1661.89,UPI,0.59,0,1,Success,None,0
TXN007230,CUST01243,2026-05-22 03:36:00,979.55,Net Banking,0.5,2,1,Failed,Insufficient Funds,0
TXN007231,CUST00062,2026-08-02 01:35:00,1100.26,Net Banking,0.96,2,0,Success,None,0
TXN007232,CUST02921,2026-07-05 20:07:00,1204.14,UPI,0.86,2,0,Success,None,0
TXN007233,CUST02681,2026-05-29 06:21:00,414.14,Card,0.97,2,0,Success,None,0
TXN007234,CUST00169,2026-01-10 17:51:00,766.15,Net Banking,0.82,1,0,Success,None,0
TXN007235,CUST01692,2026-05-07 05:14:00,481.6,Wallet,0.88,4,0,Failed,Network Error,1
TXN007236,CUST01509,2026-11-09 16:20:00,253.14,Card,0.97,2,0,Success,None,0
TXN007237,CUST02080,2026-06-12 14:46:00,2090.55,UPI,0.34,1,0,Failed,Authentication Failed,0
TXN007238,CUST01229,2026-08-17 11:55:00,2077.15,Net Banking,0.56,3,1,Success,None,0
TXN007239,CUST02020,2026-07-29 03:23:00,981.8,Wallet,0.89,2,0,Failed,Bank Timeout,1
TXN007240,CUST01163,2026-03-20 22:38:00,647.45,Net Banking,0.77,0,0,Success,None,0
TXN007241,CUST00608,2026-06-25 16:23:00,2220.43,Wallet,0.66,2,0,Failed,Expired Card,0
TXN007242,CUST02522,2026-06-29 15:55:00,1120.07,Wallet,0.71,0,0,Failed,Insufficient Funds,1
TXN007243,CUST01356,2026-07-19 07:25:00,851.19,Net Banking,0.56,2,0,Success,None,0
TXN007244,CUST02332,2026-11-23 08:45:00,290.65,Net Banking,0.73,3,1,Success,None,0
TXN007245,CUST02948,2026-06-05 05:41:00,540.91,Net Banking,0.62,0,1,Success,None,0
TXN007246,CUST00809,2026-10-14 22:27:00,1148.94,Card,0.44,4,0,Failed,Authentication Failed,1
TXN007247,CUST00481,2026-05-13 12:48:00,315.44,Wallet,0.39,1,0,Failed,Expired Card,0
TXN007248,CUST01408,2026-10-10 17:21:00,536.71,Card,0.57,0,0,Success,None,0
TXN007249,CUST01766,2026-08-16 05:09:00,7081.13,Wallet,0.47,3,0,Success,None,0
TXN007250,CUST01539,2026-10-12 19:18:00,4360.82,UPI,0.32,2,0,Failed,Bank Timeout,1
TXN007251,CUST02011,2026-05-25 15:40:00,693.55,Card,0.45,1,1,Failed,Network Error,1
TXN007252,CUST00258,2026-12-12 07:33:00,602.75,Card,0.99,2,0,Success,None,0
TXN007253,CUST02841,2026-02-07 13:56:00,5782.12,UPI,0.75,1,0,Success,None,0
TXN007254,CUST02610,2026-05-04 10:05:00,714.39,Wallet,0.9,0,0,Success,None,0
TXN007255,CUST01494,2026-10-15 17:47:00,2219.62,Net Banking,0.74,2,0,Success,None,0
TXN007256,CUST01447,2026-11-20 05:06:00,1357.17,Net Banking,0.37,2,0,Failed,Network Error,0
TXN007257,CUST00768,2026-07-23 06:00:00,3389.59,Wallet,0.32,0,1,Success,None,0
TXN007258,CUST00834,2026-09-12 15:03:00,621.84,Card,0.95,2,1,Failed,Authentication Failed,1
TXN007259,CUST02085,2026-10-04 04:59:00,704.21,Wallet,0.34,0,0,Success,None,0
TXN007260,CUST01236,2026-01-11 21:52:00,1408.92,UPI,0.87,4,0,Failed,Expired Card,0
TXN007261,CUST02940,2026-03-15 03:41:00,1223.79,Wallet,0.97,0,0,Success,None,0
TXN007262,CUST01941,2026-11-28 13:58:00,3673.69,UPI,0.77,0,0,Success,None,0
TXN007263,CUST02788,2026-10-06 21:02:00,982.07,Net Banking,0.46,3,0,Failed,Bank Timeout,0
TXN007264,CUST02564,2026-08-01 06:57:00,1776.27,UPI,0.65,4,1,Failed,Bank Timeout,1
TXN007265,CUST01602,2026-11-20 00:10:00,1970.98,Card,0.8,4,1,Success,None,0
TXN007266,CUST02524,2026-09-01 07:04:00,322.12,UPI,0.95,1,0,Success,None,0
TXN007267,CUST00148,2026-08-24 06:50:00,887.75,Wallet,0.34,4,0,Failed,Insufficient Funds,0
TXN007268,CUST00137,2026-10-15 15:36:00,1235.82,UPI,0.45,2,0,Failed,Expired Card,0
TXN007269,CUST02447,2026-02-09 07:57:00,2110.96,Card,0.59,0,0,Failed,Network Error,1
TXN007270,CUST00710,2026-05-28 18:47:00,218.12,Card,0.47,0,0,Failed,Network Error,1
TXN007271,CUST00136,2026-09-07 18:07:00,678.57,UPI,0.57,4,0,Success,None,0
TXN007272,CUST02899,2026-03-30 11:18:00,2659.06,Card,0.46,1,1,Failed,Authentication Failed,0
TXN007273,CUST00758,2026-07-17 19:48:00,2747.82,UPI,0.8,0,0,Failed,Expired Card,0
TXN007274,CUST02125,2026-07-23 17:50:00,4219.65,Wallet,0.47,1,0,Success,None,0
TXN007275,CUST02164,2026-12-13 19:52:00,804.96,Card,0.37,2,0,Failed,Authentication Failed,1
TXN007276,CUST01689,2026-05-28 03:47:00,1857.66,UPI,0.53,3,1,Success,None,0
TXN007277,CUST01119,2026-07-17 22:43:00,1033.31,Card,0.45,1,0,Failed,Bank Timeout,1
TXN007278,CUST02100,2026-04-18 00:32:00,1450.96,Net Banking,0.43,0,0,Success,None,0
TXN007279,CUST01658,2026-06-25 00:43:00,9538.58,Card,0.55,3,0,Success,None,0
TXN007280,CUST00610,2026-04-11 01:21:00,3322.41,Net Banking,0.63,3,0,Failed,Insufficient Funds,1
TXN007281,CUST01897,2026-10-07 01:44:00,932.32,Net Banking,0.61,4,0,Success,None,0
TXN007282,CUST02028,2026-05-28 23:44:00,1526.27,Card,0.36,4,1,Failed,Bank Timeout,1
TXN007283,CUST02433,2026-09-06 17:00:00,579.04,Wallet,0.85,2,0,Success,None,0
TXN007284,CUST01818,2026-08-10 20:52:00,4121.15,Wallet,0.43,2,0,Success,None,0
TXN007285,CUST01275,2026-08-30 15:56:00,1979.79,Card,0.72,3,1,Success,None,0
TXN007286,CUST01254,2026-10-24 21:29:00,3224.64,UPI,0.34,2,1,Success,None,0
TXN007287,CUST02331,2026-04-01 18:36:00,1660.76,Card,0.47,4,0,Success,None,0
TXN007288,CUST01340,2026-05-27 20:44:00,295.06,UPI,0.64,2,1,Success,None,0
TXN007289,CUST02678,2026-08-12 22:23:00,1281.3,Net Banking,0.81,1,0,Failed,Network Error,0
TXN007290,CUST00626,2026-11-05 08:14:00,1231.24,UPI,0.73,3,0,Success,None,0
TXN007291,CUST01099,2026-05-23 04:00:00,979.14,Wallet,0.47,4,1,Failed,Authentication Failed,0
TXN007292,CUST00499,2026-11-02 18:07:00,1326.25,UPI,0.61,4,0,Success,None,0
TXN007293,CUST02362,2026-08-31 02:45:00,6342.63,Card,0.88,1,0,Success,None,0
TXN007294,CUST01091,2026-02-20 00:21:00,515.53,Card,0.79,3,1,Success,None,0
TXN007295,CUST00215,2026-03-17 15:41:00,237.34,Card,0.31,1,1,Success,None,0
TXN007296,CUST01991,2026-01-20 09:09:00,693.73,Card,0.53,4,0,Success,None,0
TXN007297,CUST02767,2026-07-07 09:21:00,1082.48,Wallet,0.79,0,0,Success,None,0
TXN007298,CUST02015,2026-06-30 12:07:00,202.5,Wallet,0.57,2,0,Success,None,0
TXN007299,CUST00211,2026-04-30 08:52:00,505.43,Card,0.37,2,0,Success,None,0
TXN007300,CUST02812,2026-08-30 05:49:00,2544.61,Wallet,0.77,2,1,Success,None,0
TXN007301,CUST02670,2026-07-02 22:10:00,2760.95,Wallet,0.98,2,1,Success,None,0
TXN007302,CUST02301,2026-11-19 20:02:00,1306.77,Wallet,0.9,0,0,Failed,Network Error,0
TXN007303,CUST00275,2026-08-20 23:57:00,2005.35,Net Banking,0.33,1,1,Success,None,0
TXN007304,CUST02670,2026-08-21 16:57:00,328.51,Wallet,0.38,3,0,Failed,Network Error,0
TXN007305,CUST00880,2026-03-02 07:06:00,734.28,Net Banking,0.77,3,0,Success,None,0
TXN007306,CUST00150,2026-02-09 02:13:00,1007.36,Wallet,0.76,2,1,Failed,Network Error,1
TXN007307,CUST01455,2026-10-19 03:19:00,212.7,Wallet,0.84,1,0,Success,None,0
TXN007308,CUST00728,2026-04-17 06:07:00,3022.22,Net Banking,0.54,0,0,Success,None,0
TXN007309,CUST00360,2026-06-11 07:39:00,273.55,Card,0.49,4,1,Success,None,0
TXN007310,CUST01868,2026-02-19 23:38:00,1491.27,Net Banking,0.41,0,0,Success,None,0
TXN007311,CUST01023,2026-08-18 22:45:00,574.98,UPI,0.63,2,0,Success,None,0
TXN007312,CUST02342,2026-09-02 04:24:00,839.88,UPI,0.81,4,0,Success,None,0
TXN007313,CUST01394,2026-08-17 09:51:00,624.26,UPI,0.95,3,0,Success,None,0
TXN007314,CUST00965,2026-11-17 01:54:00,1712.45,UPI,0.63,1,0,Success,None,0
TXN007315,CUST00204,2026-08-16 21:16:00,1710.94,Net Banking,0.53,4,0,Success,None,0
TXN007316,CUST00769,2026-09-16 08:20:00,856.55,Net Banking,0.47,1,0,Success,None,0
TXN007317,CUST01734,2026-03-09 18:45:00,608.53,Wallet,0.78,3,0,Success,None,0
TXN007318,CUST02751,2026-10-11 18:38:00,2423.18,Wallet,0.69,4,0,Success,None,0
TXN007319,CUST00528,2026-07-19 12:12:00,580.36,Net Banking,0.77,1,0,Success,None,0
TXN007320,CUST00007,2026-12-01 23:53:00,1228.21,UPI,0.61,3,0,Success,None,0
TXN007321,CUST02012,2026-05-13 09:27:00,2213.49,UPI,0.38,0,0,Success,None,0
TXN007322,CUST00520,2026-07-12 12:14:00,409.22,Card,0.99,4,0,Failed,Network Error,0
TXN007323,CUST01881,2026-05-12 17:53:00,2635.4,Net Banking,0.89,2,1,Failed,Expired Card,0
TXN007324,CUST01368,2026-01-07 21:32:00,418.62,UPI,0.52,1,1,Success,None,0
TXN007325,CUST01440,2026-02-04 20:05:00,909.65,Card,0.54,4,1,Success,None,0
TXN007326,CUST01188,2026-11-25 23:28:00,2593.97,UPI,0.45,1,0,Failed,Expired Card,0
TXN007327,CUST00184,2026-08-17 11:16:00,295.78,Card,0.34,2,0,Success,None,0
TXN007328,CUST01963,2026-03-22 09:36:00,614.07,Wallet,0.87,2,0,Success,None,0
TXN007329,CUST01754,2026-08-05 18:08:00,1678.81,UPI,0.9,0,0,Success,None,0
TXN007330,CUST00574,2026-07-20 03:52:00,354.01,Card,0.95,0,1,Success,None,0
TXN007331,CUST01178,2026-10-27 16:24:00,640.67,Wallet,0.43,2,0,Failed,Authentication Failed,0
TXN007332,CUST01158,2026-10-31 18:51:00,572.01,UPI,0.95,3,0,Failed,Bank Timeout,1
TXN007333,CUST01161,2026-08-10 22:40:00,217.93,UPI,0.74,1,0,Success,None,0
TXN007334,CUST01817,2026-10-19 05:11:00,2830.62,Card,0.42,2,0,Failed,Insufficient Funds,1
TXN007335,CUST01695,2026-05-08 22:29:00,352.17,Card,0.6,3,1,Success,None,0
TXN007336,CUST00178,2026-03-15 06:31:00,423.03,Wallet,0.83,1,0,Success,None,0
TXN007337,CUST00355,2026-05-04 16:48:00,2406.55,Wallet,0.89,3,0,Failed,Expired Card,0
TXN007338,CUST01715,2026-06-15 04:23:00,729.77,UPI,0.88,1,0,Failed,Network Error,1
TXN007339,CUST01386,2026-06-16 08:28:00,378.01,Net Banking,0.43,1,1,Success,None,0
TXN007340,CUST00222,2026-08-18 00:46:00,919.84,Card,0.83,1,1,Success,None,0
TXN007341,CUST00236,2026-09-21 14:36:00,1913.28,Wallet,0.68,1,1,Success,None,0
TXN007342,CUST00462,2026-11-20 18:28:00,593.21,Net Banking,0.44,0,0,Failed,Network Error,1
TXN007343,CUST02253,2026-06-05 04:46:00,889.63,Wallet,0.82,3,0,Success,None,0
TXN007344,CUST01308,2026-10-09 07:05:00,2781.41,UPI,0.45,3,0,Failed,Insufficient Funds,0
TXN007345,CUST00341,2026-11-06 06:06:00,1862.88,Card,0.63,4,0,Success,None,0
TXN007346,CUST01859,2026-10-22 23:34:00,6019.59,Wallet,0.65,4,0,Success,None,0
TXN007347,CUST00987,2026-07-29 02:44:00,2421.9,Card,0.74,2,0,Success,None,0
TXN007348,CUST02852,2026-08-18 05:54:00,1193.21,Card,0.72,1,0,Success,None,0
TXN007349,CUST01117,2026-09-25 06:27:00,794.45,Net Banking,1.0,4,0,Failed,Expired Card,0
TXN007350,CUST00336,2026-06-22 05:50:00,1156.76,Net Banking,0.37,3,0,Failed,Insufficient Funds,0
TXN007351,CUST02383,2026-02-22 21:28:00,3209.28,Wallet,0.49,2,0,Failed,Insufficient Funds,1
TXN007352,CUST00132,2026-03-06 07:28:00,842.07,Card,0.73,1,0,Success,None,0
TXN007353,CUST02800,2026-10-01 00:31:00,194.86,Wallet,0.98,2,1,Failed,Expired Card,0
TXN007354,CUST02573,2026-07-28 19:38:00,553.88,Net Banking,0.59,2,0,Failed,Insufficient Funds,1
TXN007355,CUST02953,2026-01-26 01:23:00,2878.99,Card,0.67,0,0,Success,None,0
TXN007356,CUST01323,2026-10-11 15:30:00,1526.06,UPI,0.79,2,0,Success,None,0
TXN007357,CUST00404,2026-03-11 07:24:00,884.29,Net Banking,0.8,0,0,Success,None,0
TXN007358,CUST01603,2026-03-23 15:42:00,652.15,Net Banking,0.99,2,0,Success,None,0
TXN007359,CUST00832,2026-04-25 22:42:00,908.7,Wallet,0.96,1,0,Success,None,0
TXN007360,CUST02903,2026-03-12 10:53:00,942.69,Wallet,0.44,2,0,Success,None,0
TXN007361,CUST02870,2026-07-30 07:29:00,1394.18,Wallet,0.74,0,0,Failed,Expired Card,0
TXN007362,CUST00490,2026-03-26 22:29:00,725.21,Net Banking,0.4,3,0,Success,None,0
TXN007363,CUST01839,2026-02-04 21:55:00,954.68,Wallet,0.98,0,0,Success,None,0
TXN007364,CUST00044,2026-01-23 09:17:00,1089.64,Wallet,0.48,2,1,Failed,Insufficient Funds,1
TXN007365,CUST01397,2026-07-20 21:41:00,2440.23,Card,0.75,4,0,Success,None,0
TXN007366,CUST00870,2026-02-03 16:34:00,894.7,Card,0.93,4,1,Success,None,0
TXN007367,CUST02630,2026-05-19 14:27:00,1845.8,Wallet,0.95,4,0,Success,None,0
TXN007368,CUST01860,2026-05-17 12:35:00,409.27,UPI,0.81,3,1,Success,None,0
TXN007369,CUST01453,2026-06-29 16:58:00,657.07,UPI,0.47,4,0,Success,None,0
TXN007370,CUST02824,2026-01-12 02:44:00,1401.54,Card,0.49,4,0,Success,None,0
TXN007371,CUST00235,2026-11-21 22:36:00,480.12,UPI,0.79,2,0,Success,None,0
TXN007372,CUST01551,2026-04-01 01:21:00,176.3,UPI,0.57,4,0,Failed,Insufficient Funds,0
TXN007373,CUST02412,2026-04-15 16:24:00,1506.9,Wallet,0.57,1,1,Failed,Authentication Failed,0
TXN007374,CUST02127,2026-09-21 02:53:00,2056.74,UPI,0.96,4,0,Success,None,0
TXN007375,CUST00177,2026-09-14 09:27:00,671.35,Net Banking,0.65,3,0,Success,None,0
TXN007376,CUST01454,2026-07-27 20:53:00,3855.66,Net Banking,0.36,1,0,Success,None,0
TXN007377,CUST01510,2026-08-30 17:39:00,658.61,Card,0.75,3,0,Failed,Authentication Failed,0
TXN007378,CUST01511,2026-05-23 16:58:00,442.16,Wallet,0.5,0,0,Success,None,0
TXN007379,CUST00051,2026-06-04 21:00:00,1546.98,Card,0.75,3,0,Success,None,0
TXN007380,CUST02673,2026-02-10 06:57:00,650.05,Card,0.94,1,1,Success,None,0
TXN007381,CUST01683,2026-12-06 10:45:00,1135.61,Card,0.72,0,0,Failed,Authentication Failed,1
TXN007382,CUST00497,2026-07-06 14:34:00,986.1,UPI,0.71,4,1,Success,None,0
TXN007383,CUST00482,2026-06-08 17:52:00,751.34,UPI,0.63,0,0,Success,None,0
TXN007384,CUST02407,2026-11-04 09:45:00,996.7,UPI,0.85,0,0,Success,None,0
TXN007385,CUST02277,2026-01-18 19:48:00,909.91,UPI,0.95,0,1,Failed,Insufficient Funds,1
TXN007386,CUST00557,2026-08-31 18:20:00,580.65,Card,0.82,3,1,Success,None,0
TXN007387,CUST02161,2026-12-05 06:18:00,928.57,Card,0.66,0,0,Success,None,0
TXN007388,CUST01905,2026-10-13 18:30:00,2024.16,Wallet,0.95,3,1,Success,None,0
TXN007389,CUST00347,2026-02-18 20:03:00,967.24,UPI,0.85,2,1,Success,None,0
TXN007390,CUST02075,2026-02-08 07:05:00,1228.34,Wallet,0.32,1,0,Failed,Expired Card,0
TXN007391,CUST01749,2026-04-22 09:04:00,2331.69,Net Banking,0.81,4,1,Failed,Authentication Failed,0
TXN007392,CUST02011,2026-08-20 11:10:00,843.64,UPI,0.43,3,0,Failed,Network Error,1
TXN007393,CUST01599,2026-08-04 20:20:00,992.02,Net Banking,0.87,4,0,Success,None,0
TXN007394,CUST00612,2026-11-12 01:17:00,2568.61,Card,0.59,0,0,Success,None,0
TXN007395,CUST00839,2026-03-29 10:32:00,1347.87,UPI,0.47,2,1,Success,None,0
TXN007396,CUST01157,2026-05-09 01:15:00,1478.5,Wallet,0.43,4,0,Success,None,0
TXN007397,CUST00200,2026-02-08 12:50:00,2699.09,UPI,0.62,3,0,Success,None,0
TXN007398,CUST01913,2026-08-21 15:20:00,601.38,Wallet,0.41,2,1,Failed,Authentication Failed,1
TXN007399,CUST01488,2026-07-20 14:40:00,788.68,Card,0.79,4,0,Success,None,0
TXN007400,CUST02994,2026-09-22 16:05:00,1980.07,Card,0.93,0,1,Failed,Authentication Failed,0
TXN007401,CUST02088,2026-07-01 17:25:00,1818.09,Net Banking,0.81,3,0,Failed,Authentication Failed,1
TXN007402,CUST01532,2026-08-27 08:01:00,574.76,Card,0.64,4,0,Success,None,0
TXN007403,CUST00886,2026-05-16 17:57:00,916.53,Net Banking,0.96,4,0,Success,None,0
TXN007404,CUST02476,2026-10-01 16:40:00,1873.2,Wallet,0.98,4,1,Success,None,0
TXN007405,CUST00727,2026-10-09 10:45:00,462.7,UPI,0.51,2,0,Success,None,0
TXN007406,CUST00329,2026-01-23 10:06:00,1350.25,UPI,0.81,4,0,Failed,Authentication Failed,0
TXN007407,CUST01745,2026-02-24 03:23:00,583.0,Net Banking,0.65,4,0,Success,None,0
TXN007408,CUST02011,2026-07-27 00:28:00,1209.52,Wallet,0.34,0,0,Success,None,0
TXN007409,CUST02398,2026-03-18 18:09:00,2868.48,Wallet,0.45,4,0,Success,None,0
TXN007410,CUST00979,2026-08-17 07:48:00,1367.21,Net Banking,0.37,0,0,Success,None,0
TXN007411,CUST01005,2026-07-22 17:29:00,1399.22,UPI,0.79,4,1,Failed,Bank Timeout,1
TXN007412,CUST01315,2026-07-07 17:22:00,902.58,UPI,0.5,3,0,Failed,Authentication Failed,0
TXN007413,CUST00951,2026-11-03 23:08:00,1579.06,Net Banking,0.97,1,0,Success,None,0
TXN007414,CUST00729,2026-01-20 09:25:00,1255.29,Net Banking,0.3,3,0,Failed,Bank Timeout,1
TXN007415,CUST02249,2026-06-24 18:46:00,8175.57,Net Banking,0.97,3,0,Success,None,0
TXN007416,CUST00466,2026-05-27 19:29:00,1079.29,UPI,0.38,1,0,Failed,Expired Card,0
TXN007417,CUST01190,2026-06-14 14:08:00,703.81,Card,0.81,2,0,Success,None,0
TXN007418,CUST02338,2026-02-20 01:00:00,2080.36,Card,0.63,1,0,Success,None,0
TXN007419,CUST00339,2026-07-05 22:25:00,1427.54,Card,0.42,3,1,Success,None,0
TXN007420,CUST01375,2026-07-26 16:16:00,1951.3,Wallet,0.82,0,0,Success,None,0
TXN007421,CUST02809,2026-11-01 13:25:00,1414.9,Net Banking,0.76,3,0,Success,None,0
TXN007422,CUST01296,2026-09-10 05:06:00,456.16,UPI,0.63,2,1,Success,None,0
TXN007423,CUST02969,2026-06-17 00:00:00,1057.11,Wallet,0.39,3,0,Failed,Network Error,1
TXN007424,CUST00304,2026-03-19 01:42:00,6491.61,Card,0.97,1,0,Success,None,0
TXN007425,CUST02625,2026-05-08 08:05:00,888.06,Net Banking,0.85,2,0,Success,None,0
TXN007426,CUST02060,2026-09-09 04:44:00,1192.05,Card,0.37,0,0,Success,None,0
TXN007427,CUST02028,2026-11-09 01:00:00,2284.65,Net Banking,0.76,2,0,Success,None,0
TXN007428,CUST01882,2026-08-14 08:02:00,398.88,Card,0.99,1,0,Success,None,0
TXN007429,CUST02112,2026-05-19 13:09:00,3333.64,Net Banking,0.7,0,0,Failed,Expired Card,0
TXN007430,CUST01847,2026-03-09 21:15:00,966.23,Net Banking,0.34,2,1,Failed,Expired Card,1
TXN007431,CUST00808,2026-05-29 03:52:00,1025.0,Net Banking,0.48,1,0,Failed,Expired Card,0
TXN007432,CUST01887,2026-04-29 03:38:00,650.55,Wallet,0.46,0,0,Failed,Insufficient Funds,1
TXN007433,CUST02346,2026-10-09 19:24:00,451.11,Wallet,0.61,2,0,Success,None,0
TXN007434,CUST01090,2026-10-14 02:51:00,433.42,Net Banking,0.73,0,0,Success,None,0
TXN007435,CUST00065,2026-11-09 10:15:00,119.09,UPI,0.45,2,0,Success,None,0
TXN007436,CUST02429,2026-08-15 13:09:00,4600.69,Wallet,0.4,3,0,Success,None,0
TXN007437,CUST01429,2026-02-11 18:32:00,4726.67,Card,0.94,2,0,Success,None,0
TXN007438,CUST00438,2026-07-03 20:08:00,530.53,UPI,0.42,4,0,Failed,Expired Card,0
TXN007439,CUST02504,2026-03-19 23:04:00,114.59,Wallet,0.8,4,0,Success,None,0
TXN007440,CUST02571,2026-05-15 14:35:00,2641.51,Card,0.98,4,0,Success,None,0
TXN007441,CUST01315,2026-10-18 00:34:00,7068.46,Wallet,0.87,1,0,Success,None,0
TXN007442,CUST00413,2026-09-18 22:05:00,249.43,UPI,0.75,0,0,Success,None,0
TXN007443,CUST00154,2026-06-16 18:33:00,334.67,Wallet,0.78,1,0,Success,None,0
TXN007444,CUST01621,2026-11-13 23:51:00,3546.72,Net Banking,0.31,0,0,Success,None,0
TXN007445,CUST01173,2026-03-10 05:19:00,1090.77,Wallet,0.85,1,1,Success,None,0
TXN007446,CUST01370,2026-06-01 13:02:00,4270.38,Net Banking,0.99,2,0,Failed,Bank Timeout,1
TXN007447,CUST00729,2026-05-05 09:40:00,3305.32,UPI,0.54,0,0,Success,None,0
TXN007448,CUST01595,2026-02-22 11:02:00,172.2,Net Banking,0.77,4,0,Success,None,0
TXN007449,CUST02334,2026-06-28 11:21:00,2999.32,Card,0.83,2,0,Success,None,0
TXN007450,CUST01822,2026-03-25 09:40:00,1760.98,UPI,0.7,1,0,Success,None,0
TXN007451,CUST01577,2026-12-01 08:27:00,634.16,Net Banking,0.42,3,0,Failed,Expired Card,0
TXN007452,CUST01062,2026-09-20 09:56:00,889.24,Net Banking,0.76,3,0,Success,None,0
TXN007453,CUST01709,2026-12-04 06:27:00,1603.58,UPI,0.76,0,0,Failed,Expired Card,0
TXN007454,CUST00211,2026-02-09 10:49:00,1268.26,UPI,0.68,3,0,Success,None,0
TXN007455,CUST00778,2026-01-28 03:30:00,510.83,Wallet,0.72,2,0,Success,None,0
TXN007456,CUST02591,2026-01-01 03:58:00,248.59,Net Banking,0.8,0,0,Failed,Bank Timeout,1
TXN007457,CUST01193,2026-05-04 01:05:00,819.66,Card,0.76,0,1,Failed,Authentication Failed,1
TXN007458,CUST01569,2026-11-26 15:54:00,604.25,UPI,0.79,4,0,Success,None,0
TXN007459,CUST01787,2026-07-12 12:33:00,1245.42,Net Banking,0.4,2,0,Failed,Network Error,1
TXN007460,CUST00500,2026-09-03 10:28:00,559.26,Net Banking,0.38,1,0,Success,None,0
TXN007461,CUST01781,2026-09-24 01:59:00,1599.27,Card,0.88,3,0,Success,None,0
TXN007462,CUST00576,2026-12-09 09:06:00,700.07,UPI,0.6,4,0,Success,None,0
TXN007463,CUST01347,2026-07-20 22:47:00,620.76,UPI,0.73,3,0,Success,None,0
TXN007464,CUST01800,2026-08-31 20:11:00,1067.85,UPI,0.44,4,0,Success,None,0
TXN007465,CUST02978,2026-07-26 00:12:00,1125.62,Net Banking,0.36,3,0,Failed,Insufficient Funds,0
TXN007466,CUST00728,2026-03-03 23:05:00,1013.6,Net Banking,0.5,2,0,Success,None,0
TXN007467,CUST02396,2026-08-25 19:22:00,3736.96,UPI,0.85,0,0,Success,None,0
TXN007468,CUST00656,2026-07-03 10:04:00,369.72,Net Banking,0.41,4,0,Failed,Insufficient Funds,0
TXN007469,CUST00452,2026-10-01 11:02:00,629.76,Net Banking,0.42,2,0,Success,None,0
TXN007470,CUST00887,2026-09-10 10:44:00,1954.57,UPI,0.33,4,0,Success,None,0
TXN007471,CUST02365,2026-07-31 08:22:00,876.4,Wallet,0.35,4,0,Success,None,0
TXN007472,CUST01166,2026-04-28 00:51:00,1717.5,UPI,0.51,1,1,Success,None,0
TXN007473,CUST00024,2026-10-26 20:10:00,452.98,Card,0.55,0,0,Success,None,0
TXN007474,CUST00443,2026-11-21 01:11:00,1812.94,UPI,0.75,3,0,Failed,Insufficient Funds,0
TXN007475,CUST00212,2026-09-13 12:46:00,1635.71,Card,0.47,4,0,Failed,Network Error,0
TXN007476,CUST02533,2026-05-27 19:36:00,3453.0,Wallet,0.88,4,1,Success,None,0
TXN007477,CUST02557,2026-09-09 14:19:00,1237.43,Net Banking,0.87,2,0,Success,None,0
TXN007478,CUST01898,2026-04-01 00:52:00,601.76,Card,0.44,1,0,Success,None,0
TXN007479,CUST01873,2026-11-29 11:08:00,4294.86,Wallet,0.72,2,0,Success,None,0
TXN007480,CUST01279,2026-11-27 21:43:00,2764.01,Wallet,0.74,2,0,Failed,Network Error,1
TXN007481,CUST00613,2026-11-21 22:10:00,967.7,Card,0.74,0,0,Success,None,0
TXN007482,CUST00403,2026-07-08 08:57:00,1131.0,UPI,0.47,1,0,Success,None,0
TXN007483,CUST00563,2026-05-11 19:38:00,284.17,Net Banking,0.62,1,0,Success,None,0
TXN007484,CUST02186,2026-04-16 12:29:00,1329.25,Wallet,0.6,1,0,Success,None,0
TXN007485,CUST02225,2026-09-22 18:56:00,417.1,Card,0.82,2,0,Failed,Bank Timeout,1
TXN007486,CUST02976,2026-03-05 09:47:00,644.56,Card,0.6,2,1,Failed,Authentication Failed,0
TXN007487,CUST00335,2026-01-04 15:37:00,465.46,Wallet,0.9,1,0,Success,None,0
TXN007488,CUST01283,2026-02-27 20:42:00,299.42,Card,0.88,1,0,Success,None,0
TXN007489,CUST02200,2026-10-19 05:07:00,5080.49,Card,0.69,3,1,Success,None,0
TXN007490,CUST01836,2026-01-11 18:58:00,2278.02,UPI,0.69,3,1,Failed,Network Error,0
TXN007491,CUST02536,2026-08-21 22:35:00,1887.38,Card,0.43,1,1,Failed,Authentication Failed,1
TXN007492,CUST01925,2026-07-16 06:33:00,1705.69,Wallet,0.66,2,0,Failed,Authentication Failed,1
TXN007493,CUST00550,2026-06-13 09:51:00,691.54,Wallet,0.79,0,0,Success,None,0
TXN007494,CUST00732,2026-01-08 10:49:00,588.17,Net Banking,0.32,2,0,Success,None,0
TXN007495,CUST00896,2026-11-08 02:30:00,2509.3,Card,0.87,0,0,Success,None,0
TXN007496,CUST00077,2026-11-30 22:50:00,2254.13,UPI,0.9,4,1,Failed,Bank Timeout,1
TXN007497,CUST01893,2026-04-11 16:10:00,1401.95,Net Banking,0.46,1,0,Failed,Bank Timeout,1
TXN007498,CUST01419,2026-06-09 01:24:00,811.01,Wallet,0.35,2,0,Failed,Expired Card,1
TXN007499,CUST02432,2026-11-04 07:00:00,354.23,Card,0.46,1,1,Success,None,0
TXN007500,CUST02966,2026-09-12 14:43:00,1397.46,Wallet,0.65,1,0,Success,None,0
TXN007501,CUST00900,2026-10-21 01:39:00,314.48,Card,0.98,4,0,Success,None,0
TXN007502,CUST02095,2026-11-27 12:47:00,875.68,Card,0.39,4,0,Failed,Authentication Failed,0
TXN007503,CUST02747,2026-07-19 23:41:00,924.52,Card,0.55,1,1,Success,None,0
TXN007504,CUST02114,2026-11-19 02:05:00,1361.25,Wallet,0.45,0,1,Success,None,0
TXN007505,CUST01124,2026-05-09 06:17:00,2459.92,UPI,0.79,1,0,Success,None,0
TXN007506,CUST02665,2026-07-09 17:07:00,3128.49,Wallet,0.98,1,0,Success,None,0
TXN007507,CUST02371,2026-10-26 18:40:00,1014.77,Net Banking,0.76,1,0,Failed,Insufficient Funds,0
TXN007508,CUST02793,2026-09-03 13:32:00,1057.43,Wallet,0.75,4,0,Failed,Insufficient Funds,0
TXN007509,CUST01306,2026-09-15 10:48:00,1500.71,Card,0.32,1,0,Success,None,0
TXN007510,CUST02949,2026-01-03 11:44:00,2219.11,Wallet,0.81,0,0,Success,None,0
TXN007511,CUST02685,2026-06-24 13:48:00,904.15,Wallet,0.91,0,1,Failed,Network Error,1
TXN007512,CUST02963,2026-07-26 04:46:00,212.94,UPI,0.91,4,0,Failed,Network Error,0
TXN007513,CUST00811,2026-05-18 14:00:00,1171.18,Wallet,0.39,2,1,Success,None,0
TXN007514,CUST02886,2026-10-07 20:58:00,231.92,Wallet,0.82,3,0,Success,None,0
TXN007515,CUST00974,2026-10-23 14:11:00,504.14,UPI,0.52,4,0,Success,None,0
TXN007516,CUST02371,2026-08-11 10:00:00,1722.64,Net Banking,0.73,2,0,Success,None,0
TXN007517,CUST02263,2026-04-12 04:21:00,3680.66,Net Banking,0.97,2,0,Failed,Bank Timeout,0
TXN007518,CUST01519,2026-05-03 13:39:00,548.97,Card,0.59,4,0,Success,None,0
TXN007519,CUST00804,2026-09-28 08:01:00,493.22,UPI,0.32,1,0,Success,None,0
TXN007520,CUST02509,2026-04-18 02:16:00,405.97,Net Banking,0.87,0,0,Failed,Insufficient Funds,0
TXN007521,CUST00853,2026-12-02 05:21:00,2554.12,Wallet,0.35,2,0,Failed,Insufficient Funds,0
TXN007522,CUST02444,2026-04-23 08:47:00,1409.55,UPI,0.37,3,1,Failed,Network Error,1
TXN007523,CUST02755,2026-03-25 12:20:00,628.94,UPI,0.98,1,1,Success,None,0
TXN007524,CUST01457,2026-12-10 06:09:00,497.49,Wallet,0.45,4,0,Success,None,0
TXN007525,CUST00125,2026-06-28 20:29:00,2870.66,Net Banking,0.83,2,0,Failed,Bank Timeout,1
TXN007526,CUST00584,2026-04-05 23:02:00,2277.57,Wallet,0.84,1,0,Success,None,0
TXN007527,CUST01720,2026-11-13 03:58:00,695.73,Card,0.58,3,1,Failed,Insufficient Funds,0
TXN007528,CUST02779,2026-08-19 13:52:00,1216.68,Card,0.34,1,0,Failed,Expired Card,0
TXN007529,CUST00574,2026-06-10 16:33:00,167.18,UPI,0.62,4,0,Success,None,0
TXN007530,CUST02156,2026-05-09 15:13:00,517.37,UPI,0.56,4,0,Success,None,0
TXN007531,CUST02764,2026-11-16 10:11:00,489.49,Net Banking,0.73,3,0,Success,None,0
TXN007532,CUST00492,2026-06-10 15:34:00,371.08,Card,0.81,0,0,Success,None,0
TXN007533,CUST02382,2026-10-03 18:26:00,894.67,Net Banking,0.64,3,0,Success,None,0
TXN007534,CUST00891,2026-04-22 08:14:00,3267.88,Wallet,0.45,0,0,Success,None,0
TXN007535,CUST00978,2026-07-14 19:14:00,856.41,Card,0.61,0,0,Success,None,0
TXN007536,CUST00664,2026-10-25 05:54:00,1170.89,Wallet,0.98,1,0,Success,None,0
TXN007537,CUST02999,2026-09-03 03:39:00,1150.24,Wallet,0.34,2,0,Failed,Insufficient Funds,0
TXN007538,CUST00963,2026-07-05 11:28:00,256.87,UPI,0.39,4,0,Failed,Insufficient Funds,0
TXN007539,CUST02888,2026-07-19 04:59:00,1652.54,Card,0.91,3,0,Success,None,0
TXN007540,CUST02930,2026-12-01 02:56:00,1756.75,Net Banking,0.38,0,0,Success,None,0
TXN007541,CUST00529,2026-04-21 21:12:00,249.3,UPI,0.88,0,0,Success,None,0
TXN007542,CUST02894,2026-07-18 01:18:00,708.15,UPI,0.34,2,0,Failed,Insufficient Funds,1
TXN007543,CUST00187,2026-06-03 21:13:00,1402.88,Wallet,0.69,1,0,Success,None,0
TXN007544,CUST01740,2026-07-14 01:03:00,2094.87,UPI,0.76,4,1,Success,None,0
TXN007545,CUST02628,2026-10-04 12:30:00,1918.6,Wallet,0.98,1,0,Success,None,0
TXN007546,CUST01154,2026-11-10 19:12:00,1175.45,UPI,0.77,4,1,Success,None,0
TXN007547,CUST00859,2026-04-12 23:35:00,2541.91,UPI,0.94,1,0,Success,None,0
TXN007548,CUST02639,2026-04-04 03:19:00,877.16,Card,0.88,2,1,Failed,Bank Timeout,1
TXN007549,CUST01257,2026-02-08 00:54:00,2765.26,Card,0.46,2,0,Success,None,0
TXN007550,CUST01685,2026-11-14 01:04:00,617.35,UPI,0.7,2,0,Success,None,0
TXN007551,CUST00086,2026-01-01 16:59:00,1274.72,UPI,0.85,2,1,Success,None,0
TXN007552,CUST00050,2026-03-14 13:18:00,1645.85,UPI,0.88,2,0,Failed,Insufficient Funds,1
TXN007553,CUST01378,2026-09-29 07:38:00,1299.3,Card,0.77,2,0,Success,None,0
TXN007554,CUST02340,2026-01-18 05:31:00,1593.47,Wallet,0.56,2,0,Success,None,0
TXN007555,CUST00602,2026-08-06 06:52:00,993.94,Wallet,0.62,1,0,Success,None,0
TXN007556,CUST01734,2026-08-28 04:23:00,481.17,Net Banking,0.74,3,0,Success,None,0
TXN007557,CUST02004,2026-09-16 18:49:00,2103.01,UPI,0.69,3,0,Success,None,0
TXN007558,CUST02930,2026-06-28 19:21:00,1419.71,Wallet,0.35,4,1,Failed,Authentication Failed,0
TXN007559,CUST01794,2026-03-21 06:37:00,3046.01,Wallet,0.68,2,0,Success,None,0
TXN007560,CUST01904,2026-10-15 13:40:00,767.75,Wallet,0.98,0,0,Failed,Bank Timeout,1
TXN007561,CUST02184,2026-08-12 19:32:00,402.98,UPI,0.49,4,0,Success,None,0
TXN007562,CUST02635,2026-04-12 02:53:00,2563.47,Wallet,0.99,1,0,Success,None,0
TXN007563,CUST00921,2026-05-12 12:36:00,129.53,Wallet,0.68,0,0,Success,None,0
TXN007564,CUST02405,2026-05-05 08:47:00,2643.18,UPI,0.65,2,0,Failed,Expired Card,0
TXN007565,CUST02089,2026-10-29 13:47:00,2071.49,Wallet,0.96,0,1,Success,None,0
TXN007566,CUST01150,2026-07-01 13:06:00,2682.58,Card,0.36,0,0,Success,None,0
TXN007567,CUST01277,2026-08-17 01:22:00,1163.18,Wallet,0.49,0,0,Success,None,0
TXN007568,CUST01425,2026-07-05 16:26:00,585.49,UPI,0.62,3,0,Success,None,0
TXN007569,CUST02539,2026-10-07 08:10:00,550.7,Net Banking,0.96,1,0,Success,None,0
TXN007570,CUST00977,2026-01-13 00:04:00,320.96,Net Banking,0.7,3,0,Success,None,0
TXN007571,CUST01143,2026-10-07 07:57:00,760.34,Net Banking,0.61,2,0,Success,None,0
TXN007572,CUST02391,2026-01-30 13:06:00,1437.79,Card,0.58,1,1,Failed,Expired Card,0
TXN007573,CUST01031,2026-03-24 23:27:00,861.02,Net Banking,0.73,0,1,Success,None,0
TXN007574,CUST01723,2026-02-21 01:43:00,1098.37,Net Banking,0.38,3,0,Success,None,0
TXN007575,CUST01918,2026-03-13 19:19:00,866.93,UPI,0.32,0,0,Success,None,0
TXN007576,CUST02290,2026-01-21 02:04:00,1242.92,Wallet,0.85,2,0,Failed,Network Error,0
TXN007577,CUST02796,2026-10-03 03:56:00,390.61,Net Banking,0.66,2,0,Success,None,0
TXN007578,CUST02760,2026-04-13 19:47:00,2872.96,Card,0.45,2,0,Success,None,0
TXN007579,CUST01844,2026-06-16 00:52:00,501.71,UPI,0.33,4,1,Failed,Authentication Failed,0
TXN007580,CUST02640,2026-10-05 12:57:00,1435.0,Card,0.35,1,0,Success,None,0
TXN007581,CUST00159,2026-09-05 06:23:00,789.96,UPI,0.39,3,0,Failed,Insufficient Funds,1
TXN007582,CUST00089,2026-06-30 00:55:00,1046.78,Net Banking,0.96,4,0,Success,None,0
TXN007583,CUST00512,2026-05-27 13:22:00,294.45,UPI,0.3,1,0,Success,None,0
TXN007584,CUST02819,2026-09-01 10:53:00,1075.74,UPI,0.36,3,0,Success,None,0
TXN007585,CUST02202,2026-02-04 12:11:00,1373.22,Wallet,1.0,0,0,Failed,Insufficient Funds,1
TXN007586,CUST02261,2026-06-26 00:40:00,496.87,Net Banking,0.85,3,1,Failed,Insufficient Funds,0
TXN007587,CUST01054,2026-06-07 19:08:00,1011.3,Wallet,0.41,2,0,Success,None,0
TXN007588,CUST01198,2026-01-22 14:07:00,963.9,Card,0.43,2,1,Failed,Network Error,1
TXN007589,CUST01926,2026-10-21 03:59:00,471.42,Wallet,0.38,0,0,Success,None,0
TXN007590,CUST00482,2026-06-19 17:43:00,276.66,UPI,0.72,4,1,Failed,Insufficient Funds,1
TXN007591,CUST00993,2026-06-18 15:53:00,3314.08,Card,0.52,1,0,Failed,Insufficient Funds,1
TXN007592,CUST02702,2026-10-14 02:41:00,1589.18,Net Banking,0.78,2,0,Success,None,0
TXN007593,CUST01899,2026-04-23 02:58:00,953.04,UPI,0.58,1,0,Success,None,0
TXN007594,CUST02701,2026-08-28 07:18:00,784.7,Wallet,0.36,3,1,Success,None,0
TXN007595,CUST02461,2026-08-21 16:25:00,2932.87,Net Banking,0.66,0,0,Failed,Insufficient Funds,0
TXN007596,CUST00933,2026-10-20 06:57:00,788.27,Net Banking,0.36,4,0,Success,None,0
TXN007597,CUST01812,2026-04-06 01:43:00,3047.56,Wallet,0.99,4,0,Success,None,0
TXN007598,CUST02350,2026-06-20 01:43:00,1299.66,Wallet,0.49,1,0,Success,None,0
TXN007599,CUST01158,2026-02-08 07:58:00,2517.46,UPI,0.9,4,0,Failed,Bank Timeout,1
TXN007600,CUST00382,2026-10-07 13:10:00,2578.88,UPI,0.75,4,1,Success,None,0
TXN007601,CUST01004,2026-01-31 11:42:00,1719.27,Net Banking,0.96,1,0,Success,None,0
TXN007602,CUST01464,2026-02-05 06:42:00,1060.66,Net Banking,0.94,3,0,Success,None,0
TXN007603,CUST00681,2026-08-05 12:22:00,1715.43,UPI,0.32,3,0,Failed,Insufficient Funds,1
TXN007604,CUST00233,2026-04-09 18:01:00,2284.83,Wallet,0.32,0,0,Failed,Bank Timeout,0
TXN007605,CUST01110,2026-05-09 22:10:00,400.93,Wallet,0.86,1,0,Success,None,0
TXN007606,CUST02797,2026-01-11 07:35:00,2636.09,Wallet,0.4,3,0,Success,None,0
TXN007607,CUST00861,2026-04-25 18:16:00,3030.17,Net Banking,0.5,3,0,Success,None,0
TXN007608,CUST02660,2026-02-14 22:54:00,480.77,UPI,0.87,1,0,Failed,Insufficient Funds,0
TXN007609,CUST01057,2026-02-11 08:09:00,1151.23,Net Banking,0.94,0,0,Success,None,0
TXN007610,CUST02622,2026-05-19 01:19:00,593.46,UPI,0.46,1,0,Failed,Insufficient Funds,0
TXN007611,CUST00420,2026-08-25 12:25:00,1080.07,Wallet,0.86,1,1,Success,None,0
TXN007612,CUST00217,2026-11-14 04:09:00,683.94,Card,0.43,0,0,Success,None,0
TXN007613,CUST00724,2026-04-07 09:40:00,1283.08,Card,0.81,0,0,Success,None,0
TXN007614,CUST02650,2026-08-27 02:36:00,1928.21,Card,0.43,3,1,Failed,Bank Timeout,1
TXN007615,CUST00820,2026-09-01 20:34:00,1435.24,Net Banking,0.8,4,0,Success,None,0
TXN007616,CUST01295,2026-02-15 00:51:00,267.93,Card,0.42,3,0,Success,None,0
TXN007617,CUST00446,2026-04-09 08:28:00,1256.6,Wallet,0.57,2,0,Failed,Bank Timeout,1
TXN007618,CUST02875,2026-11-06 20:18:00,727.27,Wallet,0.41,0,0,Success,None,0
TXN007619,CUST01289,2026-10-05 20:50:00,1300.83,Net Banking,0.96,1,1,Success,None,0
TXN007620,CUST02193,2026-07-12 22:55:00,4458.45,Net Banking,0.81,1,1,Success,None,0
TXN007621,CUST02949,2026-01-22 20:31:00,463.34,Card,0.58,4,0,Failed,Expired Card,0
TXN007622,CUST01105,2026-01-12 10:22:00,1359.7,UPI,0.35,4,0,Failed,Bank Timeout,0
TXN007623,CUST00548,2026-07-22 03:03:00,2655.9,Card,0.76,1,0,Success,None,0
TXN007624,CUST02430,2026-07-06 02:43:00,791.9,Net Banking,0.47,1,0,Success,None,0
TXN007625,CUST02842,2026-11-15 21:41:00,1226.55,UPI,0.73,1,0,Success,None,0
TXN007626,CUST02081,2026-05-03 08:33:00,842.02,Card,0.47,4,0,Failed,Insufficient Funds,0
TXN007627,CUST01295,2026-09-18 17:07:00,529.36,Wallet,0.31,0,1,Success,None,0
TXN007628,CUST02400,2026-05-12 07:57:00,317.35,UPI,0.53,3,0,Success,None,0
TXN007629,CUST01208,2026-03-07 20:09:00,1149.14,Net Banking,0.7,1,0,Failed,Network Error,1
TXN007630,CUST02017,2026-04-03 03:43:00,2246.32,Wallet,0.94,3,1,Success,None,0
TXN007631,CUST01121,2026-04-07 07:36:00,2115.91,Net Banking,0.33,4,1,Success,None,0
TXN007632,CUST00139,2026-04-13 18:52:00,249.1,Card,0.67,2,1,Success,None,0
TXN007633,CUST00200,2026-05-21 17:34:00,176.38,UPI,0.98,3,0,Failed,Expired Card,0
TXN007634,CUST01599,2026-02-15 20:10:00,1472.42,Card,0.52,2,1,Success,None,0
TXN007635,CUST01492,2026-06-30 21:26:00,549.97,Wallet,0.76,2,0,Success,None,0
TXN007636,CUST02432,2026-11-25 20:23:00,1197.36,Wallet,0.84,1,0,Failed,Network Error,1
TXN007637,CUST00085,2026-02-20 20:50:00,530.92,Wallet,0.77,4,0,Failed,Insufficient Funds,1
TXN007638,CUST01042,2026-02-27 05:17:00,1479.93,UPI,0.89,0,1,Success,None,0
TXN007639,CUST01038,2026-08-08 13:33:00,2236.94,Net Banking,0.8,2,0,Success,None,0
TXN007640,CUST00179,2026-01-23 00:11:00,1448.9,Wallet,0.99,0,1,Success,None,0
TXN007641,CUST00579,2026-01-12 07:35:00,323.93,Card,0.93,2,1,Failed,Authentication Failed,1
TXN007642,CUST01627,2026-09-01 08:49:00,4257.71,Card,0.44,1,0,Failed,Insufficient Funds,1
TXN007643,CUST01216,2026-09-07 15:11:00,1615.92,Wallet,0.42,1,0,Success,None,0
TXN007644,CUST00233,2026-05-16 08:15:00,2524.26,Wallet,0.65,1,0,Success,None,0
TXN007645,CUST02659,2026-03-31 18:10:00,2313.86,UPI,0.52,1,0,Failed,Expired Card,0
TXN007646,CUST01096,2026-07-22 17:29:00,826.85,Net Banking,0.8,1,1,Success,None,0
TXN007647,CUST00637,2026-02-03 01:28:00,1014.2,Net Banking,0.76,1,1,Success,None,0
TXN007648,CUST02423,2026-09-22 07:05:00,1029.88,Wallet,0.56,2,1,Success,None,0
TXN007649,CUST01377,2026-09-16 23:02:00,647.57,Net Banking,0.44,2,0,Success,None,0
TXN007650,CUST01870,2026-03-05 02:19:00,4061.53,Net Banking,0.87,4,0,Failed,Authentication Failed,1
TXN007651,CUST02973,2026-09-16 08:50:00,2711.73,Card,0.86,0,1,Success,None,0
TXN007652,CUST02790,2026-09-23 13:08:00,332.86,Net Banking,0.71,1,1,Success,None,0
TXN007653,CUST02168,2026-11-06 11:28:00,7175.41,UPI,0.66,1,0,Success,None,0
TXN007654,CUST02797,2026-02-28 18:20:00,1785.45,Card,0.46,2,0,Failed,Bank Timeout,1
TXN007655,CUST01615,2026-05-22 01:42:00,834.54,Card,0.54,1,1,Success,None,0
TXN007656,CUST01891,2026-09-16 16:22:00,2948.32,UPI,0.95,3,0,Success,None,0
TXN007657,CUST02730,2026-04-12 06:38:00,1295.21,UPI,0.38,2,0,Success,None,0
TXN007658,CUST01378,2026-01-30 09:46:00,153.37,Wallet,0.87,2,0,Success,None,0
TXN007659,CUST02263,2026-07-03 17:37:00,374.37,Card,0.95,3,0,Failed,Insufficient Funds,1
TXN007660,CUST00066,2026-12-08 09:57:00,410.54,UPI,0.49,2,0,Success,None,0
TXN007661,CUST02898,2026-01-14 18:50:00,944.55,Card,0.58,1,0,Success,None,0
TXN007662,CUST02662,2026-08-02 23:04:00,555.03,Wallet,0.45,2,0,Success,None,0
TXN007663,CUST00696,2026-06-11 01:20:00,4390.1,Net Banking,0.6,4,0,Success,None,0
TXN007664,CUST02009,2026-03-08 11:14:00,3046.96,Wallet,0.45,3,0,Success,None,0
TXN007665,CUST02560,2026-09-12 13:48:00,987.05,Card,0.92,1,0,Failed,Network Error,0
TXN007666,CUST00939,2026-09-24 07:08:00,1542.72,Card,0.55,3,0,Success,None,0
TXN007667,CUST02931,2026-08-10 08:00:00,4553.67,Card,0.8,3,0,Success,None,0
TXN007668,CUST02370,2026-10-28 07:50:00,860.58,Wallet,0.67,1,0,Failed,Network Error,1
TXN007669,CUST00169,2026-05-19 02:51:00,1999.53,UPI,0.69,0,0,Success,None,0
TXN007670,CUST02006,2026-01-25 15:40:00,227.02,UPI,0.8,3,0,Failed,Network Error,0
TXN007671,CUST02573,2026-11-16 09:09:00,1383.79,Card,0.67,2,1,Success,None,0
TXN007672,CUST01407,2026-01-25 20:40:00,732.88,Wallet,0.78,1,1,Failed,Network Error,1
TXN007673,CUST01952,2026-01-10 14:12:00,2556.73,Net Banking,0.57,1,0,Success,None,0
TXN007674,CUST00744,2026-01-24 20:17:00,1456.62,Net Banking,0.66,0,0,Success,None,0
TXN007675,CUST00910,2026-01-19 20:06:00,2440.17,Wallet,0.67,0,0,Failed,Authentication Failed,1
TXN007676,CUST00955,2026-11-06 11:20:00,925.53,Card,0.62,3,1,Success,None,0
TXN007677,CUST00432,2026-03-12 04:27:00,1453.37,Card,0.31,1,1,Success,None,0
TXN007678,CUST00351,2026-01-19 19:30:00,227.4,Net Banking,0.85,2,0,Failed,Bank Timeout,0
TXN007679,CUST02744,2026-07-11 07:45:00,2744.25,Wallet,0.87,2,0,Success,None,0
TXN007680,CUST01688,2026-01-01 02:15:00,455.34,Card,0.94,4,0,Success,None,0
TXN007681,CUST01934,2026-01-11 00:27:00,2413.13,UPI,0.81,1,0,Success,None,0
TXN007682,CUST00350,2026-07-10 05:12:00,354.13,Wallet,0.35,1,0,Success,None,0
TXN007683,CUST01423,2026-08-06 01:45:00,1013.03,Net Banking,0.46,1,0,Failed,Network Error,1
TXN007684,CUST00155,2026-03-18 08:25:00,1614.52,Wallet,0.79,1,0,Success,None,0
TXN007685,CUST01343,2026-12-11 10:56:00,1203.05,UPI,0.79,4,1,Failed,Network Error,1
TXN007686,CUST01886,2026-10-15 11:16:00,540.83,UPI,0.8,2,1,Success,None,0
TXN007687,CUST00810,2026-01-06 00:14:00,4021.27,UPI,0.51,1,0,Success,None,0
TXN007688,CUST01778,2026-12-08 20:44:00,854.9,UPI,0.43,0,0,Success,None,0
TXN007689,CUST01905,2026-03-03 15:21:00,3078.29,UPI,0.35,2,0,Failed,Network Error,1
TXN007690,CUST00906,2026-06-11 13:07:00,3172.13,UPI,0.52,0,0,Success,None,0
TXN007691,CUST02022,2026-04-29 03:53:00,626.68,Wallet,0.39,2,1,Success,None,0
TXN007692,CUST02797,2026-12-12 16:47:00,772.89,Net Banking,0.56,4,0,Success,None,0
TXN007693,CUST02408,2026-04-21 13:25:00,1849.4,UPI,0.9,2,0,Success,None,0
TXN007694,CUST00177,2026-03-06 01:41:00,729.61,Net Banking,0.56,2,1,Success,None,0
TXN007695,CUST01601,2026-09-04 13:04:00,645.82,Card,0.48,3,0,Failed,Authentication Failed,1
TXN007696,CUST01825,2026-05-04 11:14:00,826.02,Card,0.64,1,1,Success,None,0
TXN007697,CUST02213,2026-10-07 07:39:00,584.62,UPI,0.61,0,0,Success,None,0
TXN007698,CUST00162,2026-08-26 03:09:00,1119.01,Card,0.34,2,0,Failed,Expired Card,0
TXN007699,CUST02713,2026-09-06 07:13:00,291.37,Net Banking,0.79,2,0,Success,None,0
TXN007700,CUST01644,2026-06-27 07:25:00,1820.62,Net Banking,0.39,1,0,Failed,Authentication Failed,0
TXN007701,CUST02714,2026-08-09 04:35:00,674.61,Net Banking,0.78,1,0,Success,None,0
TXN007702,CUST02352,2026-06-05 00:12:00,682.53,Card,0.8,2,0,Success,None,0
TXN007703,CUST01840,2026-06-10 18:55:00,858.75,Wallet,0.56,2,0,Success,None,0
TXN007704,CUST02309,2026-07-14 00:32:00,424.14,Wallet,0.44,4,0,Failed,Network Error,1
TXN007705,CUST01109,2026-10-01 14:10:00,955.14,Wallet,0.33,4,0,Success,None,0
TXN007706,CUST00224,2026-06-16 15:42:00,1895.74,UPI,0.5,3,1,Failed,Bank Timeout,1
TXN007707,CUST01187,2026-08-16 11:42:00,2109.71,Wallet,0.71,0,1,Success,None,0
TXN007708,CUST02676,2026-07-15 20:53:00,1735.99,Card,0.52,4,1,Failed,Expired Card,0
TXN007709,CUST00888,2026-01-20 01:44:00,911.25,Net Banking,0.76,3,1,Success,None,0
TXN007710,CUST00656,2026-11-16 23:11:00,1157.57,UPI,0.98,2,0,Success,None,0
TXN007711,CUST01767,2026-09-04 01:07:00,1687.33,UPI,0.64,2,0,Failed,Expired Card,0
TXN007712,CUST01060,2026-07-19 00:06:00,576.25,Card,0.68,1,1,Failed,Insufficient Funds,0
TXN007713,CUST01804,2026-01-15 07:12:00,502.07,Net Banking,0.54,0,0,Success,None,0
TXN007714,CUST02574,2026-05-22 14:56:00,1474.84,Wallet,0.4,4,0,Success,None,0
TXN007715,CUST00280,2026-05-16 21:40:00,1164.16,Net Banking,0.73,4,1,Failed,Authentication Failed,1
TXN007716,CUST01770,2026-10-03 13:28:00,484.87,Card,0.87,4,0,Failed,Insufficient Funds,1
TXN007717,CUST02738,2026-12-13 21:56:00,445.63,Card,0.49,1,1,Success,None,0
TXN007718,CUST01403,2026-02-21 07:55:00,711.49,Card,0.41,3,0,Success,None,0
TXN007719,CUST01595,2026-01-27 08:20:00,425.23,Net Banking,0.68,3,0,Success,None,0
TXN007720,CUST01021,2026-07-21 04:24:00,2851.29,Card,0.39,0,0,Success,None,0
TXN007721,CUST01876,2026-10-14 18:46:00,2436.59,Net Banking,0.88,4,0,Failed,Expired Card,0
TXN007722,CUST01505,2026-09-14 21:58:00,1269.24,UPI,0.4,1,0,Success,None,0
TXN007723,CUST00744,2026-05-19 14:14:00,1175.57,Net Banking,0.37,2,1,Failed,Insufficient Funds,0
TXN007724,CUST02378,2026-11-15 17:54:00,2699.08,UPI,0.95,4,0,Failed,Network Error,1
TXN007725,CUST02203,2026-08-26 21:10:00,1025.43,Wallet,0.88,1,1,Success,None,0
TXN007726,CUST02859,2026-03-15 14:42:00,1070.45,UPI,0.75,1,0,Success,None,0
TXN007727,CUST00300,2026-05-04 04:47:00,427.9,Net Banking,0.84,1,1,Success,None,0
TXN007728,CUST00513,2026-06-07 21:34:00,649.77,Card,0.55,4,0,Failed,Expired Card,1
TXN007729,CUST02526,2026-11-12 04:58:00,1256.18,Net Banking,0.66,4,1,Success,None,0
TXN007730,CUST00114,2026-06-05 04:06:00,677.92,Wallet,0.88,3,0,Success,None,0
TXN007731,CUST00102,2026-12-08 17:58:00,456.83,UPI,0.87,3,0,Success,None,0
TXN007732,CUST00407,2026-04-01 02:52:00,813.55,Wallet,0.36,2,0,Success,None,0
TXN007733,CUST00129,2026-09-24 23:17:00,3097.07,Wallet,0.94,0,0,Success,None,0
TXN007734,CUST02989,2026-11-21 16:07:00,854.21,UPI,0.81,3,0,Failed,Network Error,1
TXN007735,CUST01588,2026-01-31 00:26:00,1078.55,Card,0.72,4,1,Success,None,0
TXN007736,CUST00977,2026-06-08 23:37:00,4070.16,Wallet,0.44,4,1,Failed,Bank Timeout,0
TXN007737,CUST01466,2026-10-19 06:25:00,1419.52,UPI,0.75,3,1,Success,None,0
TXN007738,CUST00026,2026-05-17 09:47:00,1390.92,Net Banking,0.79,2,0,Failed,Expired Card,0
TXN007739,CUST01758,2026-04-16 18:09:00,707.31,Wallet,0.58,0,0,Success,None,0
TXN007740,CUST01260,2026-03-04 00:27:00,643.0,Wallet,0.53,0,0,Failed,Authentication Failed,1
TXN007741,CUST00958,2026-02-09 14:56:00,1077.41,Net Banking,0.84,0,0,Success,None,0
TXN007742,CUST00710,2026-09-16 01:36:00,801.45,Wallet,0.87,3,0,Success,None,0
TXN007743,CUST02811,2026-01-30 21:54:00,522.62,Net Banking,0.34,4,0,Success,None,0
TXN007744,CUST00559,2026-07-29 19:16:00,2453.22,Card,0.75,1,0,Success,None,0
TXN007745,CUST00503,2026-01-06 04:56:00,463.83,Card,0.9,2,0,Success,None,0
TXN007746,CUST02862,2026-11-10 12:58:00,1467.31,Wallet,0.87,0,0,Success,None,0
TXN007747,CUST02711,2026-09-19 13:15:00,770.39,Card,0.42,0,0,Failed,Network Error,1
TXN007748,CUST01439,2026-12-03 07:04:00,927.26,Net Banking,0.62,3,1,Success,None,0
TXN007749,CUST00292,2026-02-10 05:14:00,1496.92,Wallet,0.32,2,0,Failed,Authentication Failed,0
TXN007750,CUST01600,2026-04-25 22:11:00,1862.27,Wallet,0.39,0,0,Success,None,0
TXN007751,CUST02245,2026-07-29 23:32:00,906.19,Wallet,0.79,4,0,Failed,Insufficient Funds,0
TXN007752,CUST01647,2026-06-10 06:16:00,1885.66,UPI,0.32,2,0,Failed,Authentication Failed,0
TXN007753,CUST02734,2026-12-06 09:48:00,2273.17,Wallet,0.63,3,1,Success,None,0
TXN007754,CUST01941,2026-05-26 22:51:00,3274.58,Net Banking,0.84,3,1,Success,None,0
TXN007755,CUST01969,2026-07-24 16:02:00,1277.8,Net Banking,0.79,3,0,Success,None,0
TXN007756,CUST00515,2026-11-06 10:15:00,1341.78,Net Banking,0.38,0,0,Failed,Bank Timeout,1
TXN007757,CUST01274,2026-12-04 08:31:00,1590.55,Wallet,0.61,2,0,Failed,Bank Timeout,1
TXN007758,CUST02012,2026-04-15 16:22:00,2937.62,UPI,0.59,2,0,Success,None,0
TXN007759,CUST02168,2026-02-22 06:43:00,177.58,Wallet,0.99,1,1,Success,None,0
TXN007760,CUST01477,2026-02-21 14:34:00,1422.34,Wallet,0.61,2,0,Success,None,0
TXN007761,CUST00021,2026-09-08 02:33:00,396.04,Card,0.69,3,0,Failed,Expired Card,0
TXN007762,CUST02836,2026-11-21 04:31:00,1144.85,Net Banking,0.96,0,1,Success,None,0
TXN007763,CUST02437,2026-10-13 07:31:00,517.14,Card,0.35,4,1,Failed,Bank Timeout,1
TXN007764,CUST02809,2026-01-23 11:10:00,473.73,Wallet,0.65,2,0,Success,None,0
TXN007765,CUST01962,2026-06-01 01:19:00,397.14,Wallet,0.37,1,0,Success,None,0
TXN007766,CUST00829,2026-03-31 11:25:00,509.08,Wallet,0.51,4,0,Success,None,0
TXN007767,CUST00360,2026-01-21 05:55:00,997.0,Card,0.82,2,0,Failed,Bank Timeout,0
TXN007768,CUST02229,2026-03-30 01:00:00,2461.46,UPI,0.41,1,0,Failed,Insufficient Funds,1
TXN007769,CUST00445,2026-09-01 10:10:00,1651.62,UPI,0.99,0,0,Success,None,0
TXN007770,CUST01641,2026-07-02 16:30:00,247.87,UPI,0.57,2,0,Success,None,0
TXN007771,CUST01406,2026-04-27 10:18:00,2720.94,Net Banking,0.82,4,1,Success,None,0
TXN007772,CUST00547,2026-02-25 21:07:00,1551.86,Net Banking,0.77,2,0,Success,None,0
TXN007773,CUST00428,2026-04-11 15:55:00,866.43,Wallet,0.78,2,0,Success,None,0
TXN007774,CUST01688,2026-12-07 22:24:00,821.74,Card,0.59,4,1,Success,None,0
TXN007775,CUST01420,2026-04-26 13:19:00,791.36,Net Banking,0.56,3,0,Success,None,0
TXN007776,CUST01856,2026-08-25 17:14:00,360.68,UPI,0.5,4,0,Success,None,0
TXN007777,CUST02919,2026-04-30 11:40:00,1181.05,Wallet,0.9,0,0,Success,None,0
TXN007778,CUST01628,2026-11-16 05:18:00,368.45,Net Banking,0.87,3,1,Success,None,0
TXN007779,CUST02692,2026-09-16 17:14:00,1153.58,Card,0.48,1,0,Failed,Expired Card,0
TXN007780,CUST02721,2026-06-18 22:16:00,1007.97,Wallet,0.79,2,0,Success,None,0
TXN007781,CUST01340,2026-09-10 03:09:00,523.41,Card,0.65,3,0,Failed,Insufficient Funds,1
TXN007782,CUST01771,2026-11-10 09:00:00,2315.69,UPI,0.67,1,0,Success,None,0
TXN007783,CUST02469,2026-06-03 05:55:00,1833.04,Wallet,0.51,2,1,Success,None,0
TXN007784,CUST02425,2026-10-19 21:25:00,637.97,Card,0.49,1,1,Success,None,0
TXN007785,CUST00563,2026-11-01 13:32:00,1703.5,Net Banking,0.6,3,0,Failed,Insufficient Funds,1
TXN007786,CUST02417,2026-06-08 01:17:00,416.32,Wallet,0.63,3,0,Failed,Authentication Failed,0
TXN007787,CUST00371,2026-08-27 11:17:00,4409.09,UPI,0.97,0,0,Success,None,0
TXN007788,CUST00316,2026-09-05 11:05:00,479.5,Wallet,0.85,4,0,Success,None,0
TXN007789,CUST02951,2026-03-10 09:39:00,306.67,Net Banking,0.97,1,0,Success,None,0
TXN007790,CUST00651,2026-02-15 05:16:00,526.41,Wallet,0.57,0,0,Success,None,0
TXN007791,CUST02609,2026-08-19 19:12:00,531.66,Net Banking,0.68,0,0,Success,None,0
TXN007792,CUST01442,2026-10-28 19:58:00,708.07,Net Banking,0.88,3,0,Success,None,0
TXN007793,CUST02962,2026-09-08 17:19:00,693.68,Net Banking,0.7,2,1,Failed,Bank Timeout,1
TXN007794,CUST00147,2026-05-03 13:05:00,2353.4,Card,0.9,0,1,Failed,Authentication Failed,0
TXN007795,CUST00890,2026-09-04 21:26:00,1398.05,Wallet,0.48,1,0,Success,None,0
TXN007796,CUST00150,2026-04-15 20:08:00,746.03,Net Banking,0.79,4,0,Success,None,0
TXN007797,CUST02998,2026-02-16 16:27:00,153.3,Card,0.96,1,1,Success,None,0
TXN007798,CUST00986,2026-04-11 16:13:00,656.68,Net Banking,0.43,4,0,Failed,Insufficient Funds,0
TXN007799,CUST00220,2026-04-25 02:15:00,1595.03,Card,0.92,3,0,Failed,Expired Card,0
TXN007800,CUST00269,2026-01-23 07:32:00,1305.53,Net Banking,0.82,2,0,Success,None,0
TXN007801,CUST01160,2026-03-11 00:58:00,643.13,Card,0.93,4,0,Success,None,0
TXN007802,CUST00202,2026-05-15 09:00:00,229.51,Net Banking,0.64,3,0,Success,None,0
TXN007803,CUST02459,2026-12-09 20:21:00,665.95,UPI,0.53,1,0,Success,None,0
TXN007804,CUST02112,2026-01-09 21:35:00,1973.51,Card,0.94,0,1,Success,None,0
TXN007805,CUST01086,2026-04-21 01:21:00,1021.71,Card,0.31,2,0,Success,None,0
TXN007806,CUST00353,2026-06-20 09:56:00,3778.78,Card,0.57,0,0,Success,None,0
TXN007807,CUST00395,2026-03-27 18:47:00,772.93,Wallet,0.96,4,0,Failed,Network Error,0
TXN007808,CUST00530,2026-08-18 05:31:00,7685.7,Card,0.59,3,1,Success,None,0
TXN007809,CUST02006,2026-05-05 22:28:00,546.23,Card,0.42,3,0,Success,None,0
TXN007810,CUST01806,2026-06-09 07:33:00,677.76,Net Banking,0.47,3,0,Success,None,0
TXN007811,CUST01818,2026-12-11 19:07:00,1611.43,Card,0.8,2,1,Failed,Bank Timeout,1
TXN007812,CUST01313,2026-04-15 21:27:00,325.81,Net Banking,0.88,2,0,Failed,Authentication Failed,0
TXN007813,CUST00737,2026-06-05 19:50:00,590.92,UPI,0.68,3,1,Failed,Insufficient Funds,0
TXN007814,CUST02799,2026-10-18 18:35:00,820.74,Net Banking,0.33,1,0,Failed,Expired Card,0
TXN007815,CUST02488,2026-06-18 10:53:00,3846.6,Card,0.48,2,0,Success,None,0
TXN007816,CUST00569,2026-01-22 10:24:00,1782.07,UPI,0.97,0,0,Success,None,0
TXN007817,CUST00851,2026-08-20 18:35:00,1239.21,UPI,0.35,2,0,Failed,Bank Timeout,1
TXN007818,CUST01789,2026-08-14 06:32:00,3950.2,UPI,0.99,1,1,Failed,Expired Card,0
TXN007819,CUST02066,2026-10-23 18:28:00,2297.18,Net Banking,0.45,1,0,Success,None,0
TXN007820,CUST01939,2026-09-14 15:07:00,387.39,Wallet,0.38,1,0,Success,None,0
TXN007821,CUST00540,2026-03-22 11:32:00,1605.62,UPI,0.35,4,0,Failed,Authentication Failed,0
TXN007822,CUST02821,2026-02-23 21:34:00,2266.23,UPI,0.39,4,0,Failed,Authentication Failed,0
TXN007823,CUST02456,2026-04-25 17:01:00,535.17,Net Banking,0.7,1,0,Success,None,0
TXN007824,CUST02736,2026-10-20 00:20:00,612.21,Wallet,0.4,0,0,Success,None,0
TXN007825,CUST00346,2026-12-09 09:26:00,3514.1,Card,0.37,0,1,Success,None,0
TXN007826,CUST00727,2026-11-08 19:07:00,625.74,Card,0.61,0,1,Success,None,0
TXN007827,CUST02450,2026-01-02 09:41:00,766.02,Net Banking,0.78,0,0,Success,None,0
TXN007828,CUST01030,2026-04-02 10:53:00,2249.89,Net Banking,0.7,1,1,Success,None,0
TXN007829,CUST01607,2026-04-02 09:05:00,1311.52,Card,0.78,2,0,Success,None,0
TXN007830,CUST00657,2026-08-03 04:06:00,996.72,Card,0.6,4,1,Success,None,0
TXN007831,CUST01036,2026-09-09 05:28:00,491.38,UPI,0.72,1,0,Success,None,0
TXN007832,CUST02587,2026-08-18 02:28:00,2419.07,UPI,0.3,0,1,Success,None,0
TXN007833,CUST00677,2026-09-19 08:15:00,1121.47,Card,0.54,3,1,Failed,Expired Card,0
TXN007834,CUST01308,2026-07-05 04:19:00,469.32,Card,1.0,1,1,Success,None,0
TXN007835,CUST02570,2026-12-02 14:17:00,1537.54,UPI,0.47,4,1,Failed,Expired Card,0
TXN007836,CUST02739,2026-01-21 12:38:00,426.26,Net Banking,0.32,3,0,Failed,Expired Card,0
TXN007837,CUST00772,2026-03-21 09:19:00,1696.46,Card,0.39,4,0,Success,None,0
TXN007838,CUST00059,2026-11-24 12:03:00,676.51,UPI,0.71,0,0,Failed,Insufficient Funds,0
TXN007839,CUST00868,2026-07-07 07:35:00,744.22,Wallet,0.5,1,0,Success,None,0
TXN007840,CUST02644,2026-11-19 02:42:00,247.56,Wallet,0.64,3,1,Failed,Network Error,1
TXN007841,CUST01649,2026-02-13 21:46:00,525.19,Net Banking,0.4,2,1,Failed,Authentication Failed,0
TXN007842,CUST02265,2026-08-27 04:41:00,2061.32,Card,0.5,2,1,Failed,Insufficient Funds,0
TXN007843,CUST01185,2026-08-21 04:30:00,1443.72,Card,0.97,2,1,Success,None,0
TXN007844,CUST00903,2026-10-26 13:39:00,478.37,Card,0.34,1,0,Success,None,0
TXN007845,CUST01449,2026-12-08 14:46:00,2310.97,Wallet,0.46,3,0,Failed,Insufficient Funds,1
TXN007846,CUST01216,2026-05-02 04:53:00,1588.07,Net Banking,0.59,3,0,Success,None,0
TXN007847,CUST01907,2026-03-16 06:41:00,789.21,UPI,0.85,2,1,Success,None,0
TXN007848,CUST00279,2026-02-09 09:41:00,380.81,Net Banking,0.66,4,0,Success,None,0
TXN007849,CUST01622,2026-05-11 16:46:00,1052.89,Wallet,0.99,4,1,Failed,Expired Card,0
TXN007850,CUST02376,2026-10-15 06:59:00,525.4,Net Banking,0.51,3,0,Success,None,0
TXN007851,CUST00052,2026-09-14 19:20:00,4620.55,Wallet,0.9,0,0,Success,None,0
TXN007852,CUST01834,2026-03-08 09:17:00,4317.5,Card,0.66,2,0,Failed,Expired Card,0
TXN007853,CUST01115,2026-08-21 01:55:00,2018.3,Wallet,0.49,4,0,Failed,Bank Timeout,1
TXN007854,CUST00036,2026-03-08 23:55:00,689.89,UPI,0.99,4,0,Failed,Bank Timeout,1
TXN007855,CUST00380,2026-05-09 13:40:00,824.19,Net Banking,0.33,2,0,Success,None,0
TXN007856,CUST02408,2026-06-14 23:45:00,617.63,Wallet,0.45,2,0,Success,None,0
TXN007857,CUST00942,2026-05-31 10:42:00,924.04,Card,0.72,3,1,Failed,Insufficient Funds,1
TXN007858,CUST00288,2026-12-07 16:23:00,456.21,Net Banking,0.51,2,0,Failed,Authentication Failed,0
TXN007859,CUST00877,2026-08-14 07:23:00,4547.32,Net Banking,0.41,0,0,Failed,Authentication Failed,1
TXN007860,CUST02233,2026-10-15 15:46:00,2874.19,UPI,0.68,0,0,Success,None,0
TXN007861,CUST00636,2026-02-14 08:49:00,2640.32,Wallet,0.37,1,0,Success,None,0
TXN007862,CUST02540,2026-08-21 10:11:00,651.09,UPI,0.38,1,0,Success,None,0
TXN007863,CUST01276,2026-03-02 12:14:00,2337.32,Card,0.35,1,0,Success,None,0
TXN007864,CUST00135,2026-07-26 17:12:00,834.64,Net Banking,0.53,0,0,Success,None,0
TXN007865,CUST00546,2026-01-10 07:29:00,1777.77,Wallet,0.41,4,0,Failed,Authentication Failed,0
TXN007866,CUST02773,2026-03-14 03:20:00,6421.86,Wallet,0.62,4,0,Failed,Expired Card,0
TXN007867,CUST02236,2026-08-29 00:26:00,1171.48,UPI,0.53,3,0,Success,None,0
TXN007868,CUST02044,2026-09-08 03:25:00,270.2,Net Banking,0.42,3,1,Failed,Expired Card,1
TXN007869,CUST00207,2026-04-24 02:58:00,972.88,UPI,0.83,3,0,Success,None,0
TXN007870,CUST01636,2026-05-18 08:46:00,1280.37,Net Banking,0.63,3,1,Failed,Expired Card,0
TXN007871,CUST02818,2026-06-07 01:53:00,745.36,Net Banking,0.47,4,0,Success,None,0
TXN007872,CUST02786,2026-03-18 14:10:00,2043.62,UPI,0.44,4,0,Success,None,0
TXN007873,CUST02071,2026-11-26 15:41:00,1320.61,Wallet,0.66,1,0,Failed,Insufficient Funds,0
TXN007874,CUST01374,2026-05-02 16:15:00,585.57,Net Banking,0.61,4,0,Failed,Authentication Failed,1
TXN007875,CUST02339,2026-05-18 06:18:00,534.28,Card,0.97,3,0,Success,None,0
TXN007876,CUST02317,2026-10-21 21:22:00,1081.49,Wallet,0.37,1,0,Success,None,0
TXN007877,CUST01342,2026-06-27 14:49:00,2273.8,Card,0.49,3,0,Success,None,0
TXN007878,CUST02589,2026-12-02 14:54:00,288.09,Card,0.81,2,1,Success,None,0
TXN007879,CUST01940,2026-06-20 05:17:00,579.05,Card,0.57,0,0,Failed,Bank Timeout,1
TXN007880,CUST02753,2026-08-21 07:13:00,560.18,Card,0.78,1,0,Success,None,0
TXN007881,CUST01764,2026-02-08 08:36:00,436.18,Net Banking,0.88,3,1,Success,None,0
TXN007882,CUST01448,2026-08-07 06:28:00,614.39,UPI,0.59,0,0,Failed,Authentication Failed,0
TXN007883,CUST02240,2026-11-13 18:57:00,3887.07,UPI,0.57,0,1,Success,None,0
TXN007884,CUST00692,2026-10-03 21:19:00,4276.16,Wallet,0.6,4,1,Success,None,0
TXN007885,CUST02524,2026-04-02 05:36:00,292.68,Wallet,0.72,1,0,Success,None,0
TXN007886,CUST00078,2026-01-31 08:37:00,1199.77,Net Banking,0.98,1,0,Success,None,0
TXN007887,CUST02547,2026-10-19 06:31:00,1678.58,Wallet,0.37,2,1,Failed,Insufficient Funds,1
TXN007888,CUST02733,2026-01-18 03:07:00,1234.05,Card,0.88,2,0,Success,None,0
TXN007889,CUST02849,2026-07-18 05:35:00,367.4,Card,0.39,1,0,Success,None,0
TXN007890,CUST02231,2026-05-24 19:55:00,1101.66,Card,0.65,0,0,Success,None,0
TXN007891,CUST01098,2026-08-02 05:11:00,570.55,Card,0.31,3,1,Success,None,0
TXN007892,CUST00554,2026-06-29 19:11:00,297.78,UPI,0.6,1,1,Success,None,0
TXN007893,CUST02588,2026-02-03 03:41:00,422.01,Card,0.48,4,0,Success,None,0
TXN007894,CUST00656,2026-05-21 09:02:00,4173.77,Card,0.31,0,0,Success,None,0
TXN007895,CUST00393,2026-03-07 16:11:00,1251.02,Card,0.67,4,0,Failed,Insufficient Funds,0
TXN007896,CUST02569,2026-07-31 03:35:00,1602.36,UPI,0.44,1,0,Failed,Insufficient Funds,1
TXN007897,CUST00623,2026-12-04 22:33:00,4147.65,Net Banking,0.97,1,0,Success,None,0
TXN007898,CUST00993,2026-09-05 04:13:00,2935.78,Card,0.3,3,0,Success,None,0
TXN007899,CUST01193,2026-01-29 23:06:00,78.54,UPI,0.34,0,0,Success,None,0
TXN007900,CUST01987,2026-03-30 23:39:00,2766.7,Card,0.5,0,0,Success,None,0
TXN007901,CUST02250,2026-06-26 04:26:00,636.54,UPI,0.55,4,1,Failed,Bank Timeout,0
TXN007902,CUST00461,2026-08-09 01:17:00,445.1,UPI,0.95,1,0,Success,None,0
TXN007903,CUST01004,2026-06-26 22:21:00,591.57,UPI,0.97,0,1,Success,None,0
TXN007904,CUST01634,2026-01-03 20:10:00,216.54,Net Banking,0.45,4,0,Success,None,0
TXN007905,CUST02828,2026-12-13 07:51:00,675.38,UPI,0.46,0,0,Failed,Authentication Failed,1
TXN007906,CUST01404,2026-12-08 21:12:00,451.29,Wallet,0.92,1,0,Success,None,0
TXN007907,CUST01266,2026-04-04 15:15:00,1262.44,Net Banking,0.4,4,0,Failed,Bank Timeout,1
TXN007908,CUST00466,2026-04-24 19:40:00,1114.32,Wallet,0.69,2,0,Failed,Network Error,1
TXN007909,CUST01248,2026-02-11 08:21:00,266.0,Wallet,0.94,3,0,Failed,Authentication Failed,1
TXN007910,CUST02931,2026-01-04 22:19:00,616.7,UPI,0.87,4,1,Success,None,0
TXN007911,CUST01977,2026-11-26 21:44:00,456.92,Card,0.62,1,0,Success,None,0
TXN007912,CUST01043,2026-08-15 21:59:00,2308.58,UPI,0.41,0,0,Failed,Bank Timeout,1
TXN007913,CUST02234,2026-08-17 07:40:00,762.04,UPI,0.54,1,0,Success,None,0
TXN007914,CUST00733,2026-02-11 05:38:00,2616.14,UPI,0.75,1,0,Success,None,0
TXN007915,CUST02729,2026-05-17 09:48:00,2198.47,Wallet,0.57,0,0,Success,None,0
TXN007916,CUST00729,2026-07-18 22:22:00,271.77,Card,0.42,2,0,Failed,Bank Timeout,1
TXN007917,CUST02799,2026-09-17 00:17:00,1264.93,Card,0.98,2,0,Failed,Authentication Failed,1
TXN007918,CUST00657,2026-08-27 16:12:00,2340.77,Wallet,0.59,2,0,Success,None,0
TXN007919,CUST00672,2026-02-10 16:04:00,1525.08,UPI,0.77,0,0,Success,None,0
TXN007920,CUST01789,2026-09-22 03:55:00,1482.26,UPI,0.96,3,0,Success,None,0
TXN007921,CUST00679,2026-03-02 23:20:00,4500.3,Net Banking,0.56,4,0,Failed,Authentication Failed,0
TXN007922,CUST02784,2026-09-30 19:28:00,1040.92,Wallet,0.44,0,0,Success,None,0
TXN007923,CUST01643,2026-02-11 02:52:00,1174.64,UPI,0.53,3,0,Success,None,0
TXN007924,CUST01919,2026-09-26 06:44:00,809.94,Wallet,0.58,4,1,Failed,Bank Timeout,1
TXN007925,CUST00736,2026-05-02 06:36:00,950.82,UPI,0.6,2,0,Success,None,0
TXN007926,CUST02078,2026-10-02 12:39:00,1341.35,Card,0.88,3,0,Failed,Bank Timeout,1
TXN007927,CUST01813,2026-03-04 03:00:00,2292.76,Wallet,0.83,1,0,Success,None,0
TXN007928,CUST00168,2026-01-31 11:06:00,2579.38,Card,0.42,4,0,Success,None,0
TXN007929,CUST02809,2026-08-22 06:39:00,2830.42,Wallet,0.35,2,0,Failed,Insufficient Funds,0
TXN007930,CUST02760,2026-10-16 08:05:00,3988.98,Net Banking,0.41,0,0,Failed,Bank Timeout,1
TXN007931,CUST02492,2026-10-11 17:40:00,408.18,UPI,0.63,4,0,Success,None,0
TXN007932,CUST00249,2026-06-12 21:04:00,828.62,UPI,0.62,2,0,Success,None,0
TXN007933,CUST01310,2026-07-02 16:48:00,2333.96,Net Banking,0.38,0,0,Success,None,0
TXN007934,CUST00671,2026-05-31 07:37:00,400.22,Net Banking,0.82,4,0,Failed,Authentication Failed,0
TXN007935,CUST00256,2026-07-03 13:50:00,5531.93,Wallet,0.38,1,1,Success,None,0
TXN007936,CUST01787,2026-01-19 00:38:00,1359.44,Net Banking,0.46,3,1,Failed,Insufficient Funds,1
TXN007937,CUST00098,2026-04-10 06:01:00,1077.88,Card,0.57,3,1,Success,None,0
TXN007938,CUST00166,2026-04-28 05:04:00,3468.1,Net Banking,0.56,2,0,Failed,Network Error,1
TXN007939,CUST00345,2026-06-10 21:05:00,1089.83,UPI,0.5,3,0,Success,None,0
TXN007940,CUST01862,2026-03-30 05:54:00,301.9,Card,0.77,4,1,Success,None,0
TXN007941,CUST02247,2026-02-12 21:23:00,522.72,Card,0.38,1,0,Success,None,0
TXN007942,CUST00535,2026-02-09 07:11:00,1861.08,Card,0.44,0,0,Failed,Insufficient Funds,1
TXN007943,CUST00259,2026-01-11 01:56:00,2748.57,Card,0.52,1,0,Success,None,0
TXN007944,CUST00801,2026-01-27 13:50:00,589.16,Wallet,0.83,3,0,Failed,Expired Card,0
TXN007945,CUST01491,2026-04-21 06:20:00,4620.56,UPI,0.65,0,0,Success,None,0
TXN007946,CUST01644,2026-01-25 01:58:00,1739.16,UPI,0.56,2,0,Failed,Authentication Failed,0
TXN007947,CUST01945,2026-06-17 19:18:00,775.23,Net Banking,0.42,0,0,Success,None,0
TXN007948,CUST02738,2026-07-16 21:18:00,948.7,UPI,0.71,3,0,Success,None,0
TXN007949,CUST01802,2026-11-29 04:18:00,1615.16,Net Banking,0.69,4,1,Failed,Expired Card,0
TXN007950,CUST00800,2026-11-22 13:56:00,1587.44,Wallet,0.7,0,0,Success,None,0
TXN007951,CUST00230,2026-04-23 02:31:00,1031.18,Net Banking,0.72,3,0,Failed,Network Error,1
TXN007952,CUST01010,2026-07-30 06:42:00,11463.06,UPI,0.81,4,0,Failed,Insufficient Funds,0
TXN007953,CUST00409,2026-09-12 09:20:00,1460.94,UPI,0.88,2,0,Success,None,0
TXN007954,CUST02048,2026-06-09 19:50:00,1127.47,Wallet,0.73,3,1,Failed,Authentication Failed,1
TXN007955,CUST02394,2026-04-08 13:35:00,1985.69,UPI,0.64,2,0,Failed,Expired Card,0
TXN007956,CUST00119,2026-01-15 04:52:00,3401.61,Wallet,0.49,0,1,Success,None,0
TXN007957,CUST00388,2026-04-22 13:34:00,313.58,Card,0.33,3,1,Failed,Network Error,0
TXN007958,CUST01980,2026-02-16 22:39:00,3287.53,UPI,0.87,3,0,Success,None,0
TXN007959,CUST02726,2026-04-02 14:21:00,6044.34,Card,0.63,1,0,Success,None,0
TXN007960,CUST00943,2026-07-03 19:01:00,741.99,Net Banking,0.52,2,1,Success,None,0
TXN007961,CUST01804,2026-04-28 10:52:00,481.22,Card,0.88,3,0,Success,None,0
TXN007962,CUST02985,2026-08-13 17:46:00,2916.62,Card,0.42,1,0,Failed,Network Error,1
TXN007963,CUST02180,2026-10-13 09:18:00,1369.28,Card,0.76,2,1,Failed,Bank Timeout,1
TXN007964,CUST02904,2026-03-05 14:07:00,1427.53,Net Banking,0.54,4,1,Success,None,0
TXN007965,CUST00703,2026-03-20 06:21:00,1538.17,Wallet,0.32,4,0,Success,None,0
TXN007966,CUST02870,2026-03-01 11:53:00,3642.74,Net Banking,0.86,3,0,Failed,Network Error,0
TXN007967,CUST02509,2026-08-31 11:24:00,1029.89,UPI,0.41,1,1,Success,None,0
TXN007968,CUST00801,2026-10-06 19:34:00,1054.58,Wallet,0.59,4,0,Success,None,0
TXN007969,CUST01173,2026-04-08 01:17:00,279.84,Wallet,0.86,4,0,Success,None,0
TXN007970,CUST02775,2026-08-02 04:29:00,9840.26,Card,0.86,3,0,Failed,Expired Card,0
TXN007971,CUST01308,2026-02-17 15:33:00,1763.13,Card,0.46,3,0,Success,None,0
TXN007972,CUST02470,2026-08-29 20:23:00,1395.54,Card,0.6,0,1,Success,None,0
TXN007973,CUST01660,2026-06-22 07:56:00,1634.83,Wallet,0.57,1,0,Success,None,0
TXN007974,CUST01366,2026-11-08 23:35:00,1879.5,Card,0.36,1,0,Success,None,0
TXN007975,CUST00013,2026-01-21 13:53:00,3274.49,Net Banking,0.6,3,0,Success,None,0
TXN007976,CUST01684,2026-03-31 12:12:00,621.74,UPI,0.67,3,0,Success,None,0
TXN007977,CUST00243,2026-09-09 15:25:00,1247.47,Net Banking,0.69,0,0,Success,None,0
TXN007978,CUST00377,2026-09-09 02:48:00,599.88,Card,0.79,2,1,Success,None,0
TXN007979,CUST01047,2026-11-15 02:12:00,646.4,Card,0.88,2,0,Failed,Authentication Failed,0
TXN007980,CUST01644,2026-03-08 05:52:00,1879.23,Card,0.92,1,1,Failed,Bank Timeout,1
TXN007981,CUST01493,2026-04-14 03:37:00,1112.67,Card,0.52,3,0,Success,None,0
TXN007982,CUST01091,2026-10-18 23:37:00,3458.25,Net Banking,0.98,2,0,Failed,Insufficient Funds,1
TXN007983,CUST00834,2026-12-07 01:33:00,589.52,Net Banking,0.99,2,0,Success,None,0
TXN007984,CUST00345,2026-06-20 02:21:00,2509.78,Card,0.66,0,0,Failed,Network Error,0
TXN007985,CUST02359,2026-07-26 16:01:00,1238.21,Net Banking,0.58,2,0,Success,None,0
TXN007986,CUST01959,2026-10-06 15:22:00,390.84,Net Banking,0.75,2,0,Success,None,0
TXN007987,CUST02588,2026-03-07 09:38:00,1095.36,UPI,0.85,4,0,Success,None,0
TXN007988,CUST01551,2026-11-24 09:36:00,414.91,Net Banking,0.42,1,0,Success,None,0
TXN007989,CUST00306,2026-02-14 18:56:00,808.52,Net Banking,0.56,1,0,Success,None,0
TXN007990,CUST01119,2026-11-25 10:27:00,867.58,Wallet,0.35,3,0,Success,None,0
TXN007991,CUST02706,2026-03-06 19:40:00,714.49,Net Banking,0.32,3,0,Success,None,0
TXN007992,CUST00711,2026-09-23 05:12:00,2005.34,Wallet,0.34,2,1,Failed,Bank Timeout,1
TXN007993,CUST00879,2026-05-17 09:48:00,1505.84,Net Banking,0.84,4,1,Success,None,0
TXN007994,CUST01476,2026-01-23 06:22:00,807.91,UPI,0.87,1,0,Success,None,0
TXN007995,CUST01295,2026-05-15 04:44:00,561.4,Wallet,0.77,0,0,Failed,Insufficient Funds,0
TXN007996,CUST01139,2026-12-01 00:22:00,3162.16,Card,0.98,3,0,Failed,Bank Timeout,1
TXN007997,CUST01392,2026-04-05 16:34:00,943.8,UPI,0.5,3,0,Success,None,0
TXN007998,CUST00806,2026-09-21 16:18:00,486.13,Net Banking,0.63,0,0,Success,None,0
TXN007999,CUST00575,2026-04-20 04:13:00,544.55,UPI,0.55,2,1,Success,None,0
TXN008000,CUST01960,2026-12-09 03:50:00,3296.86,Card,0.85,4,1,Failed,Bank Timeout,1
TXN008001,CUST00843,2026-12-02 07:05:00,674.59,Net Banking,0.5,0,0,Success,None,0
TXN008002,CUST02589,2026-06-05 00:28:00,428.64,Net Banking,0.88,3,0,Failed,Authentication Failed,0
TXN008003,CUST00468,2026-10-22 13:10:00,1188.64,Wallet,0.73,0,1,Success,None,0
TXN008004,CUST00993,2026-08-10 01:14:00,173.63,Wallet,0.43,3,0,Failed,Insufficient Funds,0
TXN008005,CUST00262,2026-08-06 14:58:00,446.1,Card,0.38,4,1,Success,None,0
TXN008006,CUST01581,2026-06-04 15:26:00,826.76,UPI,0.51,2,0,Success,None,0
TXN008007,CUST01091,2026-05-08 10:18:00,373.42,UPI,0.74,3,0,Failed,Expired Card,0
TXN008008,CUST00420,2026-04-26 22:24:00,770.98,UPI,0.64,0,0,Success,None,0
TXN008009,CUST00569,2026-06-01 05:04:00,669.61,UPI,0.93,1,0,Success,None,0
TXN008010,CUST00007,2026-03-10 04:11:00,1836.11,UPI,0.53,2,0,Failed,Authentication Failed,1
TXN008011,CUST02286,2026-10-15 08:09:00,1854.57,Card,0.33,4,1,Success,None,0
TXN008012,CUST02617,2026-12-03 23:10:00,234.04,Card,0.37,1,0,Failed,Bank Timeout,1
TXN008013,CUST02270,2026-04-07 05:15:00,1912.05,UPI,0.73,3,0,Failed,Expired Card,0
TXN008014,CUST00578,2026-11-06 15:29:00,734.65,Net Banking,0.86,2,0,Success,None,0
TXN008015,CUST02534,2026-08-13 23:10:00,1463.73,Wallet,0.65,3,1,Failed,Expired Card,0
TXN008016,CUST02070,2026-01-12 19:17:00,2537.46,Wallet,0.69,2,0,Success,None,0
TXN008017,CUST02652,2026-01-31 20:47:00,2010.9,UPI,0.55,0,0,Success,None,0
TXN008018,CUST01105,2026-05-23 19:35:00,1256.15,Net Banking,0.75,1,0,Success,None,0
TXN008019,CUST02629,2026-11-03 15:09:00,416.45,UPI,0.4,3,0,Success,None,0
TXN008020,CUST00695,2026-01-25 15:49:00,1816.26,Wallet,0.33,1,1,Success,None,0
TXN008021,CUST02371,2026-07-08 21:30:00,242.04,Net Banking,0.85,2,0,Success,None,0
TXN008022,CUST02454,2026-06-16 08:57:00,488.5,Net Banking,0.93,4,0,Success,None,0
TXN008023,CUST02703,2026-03-19 16:11:00,2336.03,Net Banking,1.0,3,1,Success,None,0
TXN008024,CUST02877,2026-08-04 22:00:00,1241.05,Wallet,0.8,4,0,Failed,Bank Timeout,1
TXN008025,CUST01393,2026-06-23 23:36:00,1454.04,UPI,0.82,2,1,Failed,Expired Card,0
TXN008026,CUST02704,2026-05-22 23:27:00,1435.25,Wallet,0.52,4,0,Success,None,0
TXN008027,CUST01780,2026-04-24 13:16:00,1993.4,Wallet,0.46,0,1,Success,None,0
TXN008028,CUST00166,2026-08-09 08:42:00,925.33,UPI,0.55,2,0,Success,None,0
TXN008029,CUST02990,2026-04-26 05:15:00,2037.85,Net Banking,0.37,4,0,Failed,Insufficient Funds,0
TXN008030,CUST00942,2026-03-28 01:32:00,1205.15,Net Banking,0.56,4,0,Failed,Network Error,1
TXN008031,CUST00105,2026-10-07 10:30:00,806.6,Wallet,0.5,1,0,Success,None,0
TXN008032,CUST02536,2026-09-18 22:30:00,1215.21,Wallet,0.66,3,1,Failed,Insufficient Funds,1
TXN008033,CUST00867,2026-09-04 07:27:00,431.98,Wallet,0.88,2,0,Success,None,0
TXN008034,CUST01609,2026-04-29 22:20:00,1687.78,Wallet,0.63,0,1,Success,None,0
TXN008035,CUST00703,2026-02-02 06:13:00,362.68,UPI,0.76,0,0,Success,None,0
TXN008036,CUST00531,2026-08-30 11:52:00,697.91,Net Banking,0.53,3,0,Success,None,0
TXN008037,CUST01556,2026-11-30 02:18:00,311.34,Card,0.8,2,0,Success,None,0
TXN008038,CUST02157,2026-11-08 03:39:00,593.69,UPI,0.61,0,0,Success,None,0
TXN008039,CUST01415,2026-01-23 04:01:00,360.04,Net Banking,0.36,4,0,Failed,Expired Card,0
TXN008040,CUST02485,2026-05-28 13:23:00,547.77,Net Banking,0.68,1,0,Success,None,0
TXN008041,CUST00985,2026-10-19 16:08:00,1751.34,Net Banking,0.88,2,0,Success,None,0
TXN008042,CUST02626,2026-10-09 09:33:00,982.62,Net Banking,0.91,1,1,Success,None,0
TXN008043,CUST02990,2026-01-14 20:38:00,494.21,Wallet,0.81,4,0,Success,None,0
TXN008044,CUST02961,2026-10-09 14:25:00,1355.42,Wallet,0.65,3,0,Success,None,0
TXN008045,CUST01880,2026-11-15 18:05:00,2726.87,Net Banking,0.58,1,1,Success,None,0
TXN008046,CUST02295,2026-05-01 05:50:00,129.52,Net Banking,0.91,2,0,Success,None,0
TXN008047,CUST00699,2026-12-08 14:12:00,904.26,UPI,0.92,1,0,Success,None,0
TXN008048,CUST01718,2026-01-30 23:04:00,1560.69,Net Banking,0.61,3,0,Success,None,0
TXN008049,CUST01330,2026-11-07 04:10:00,459.65,Wallet,0.78,1,0,Success,None,0
TXN008050,CUST02413,2026-07-24 20:08:00,4678.68,Wallet,0.49,1,0,Success,None,0
TXN008051,CUST01343,2026-10-14 08:52:00,1837.77,Wallet,0.3,1,0,Success,None,0
TXN008052,CUST02034,2026-02-21 18:38:00,499.12,Wallet,0.58,2,0,Failed,Insufficient Funds,1
TXN008053,CUST02723,2026-04-09 00:20:00,1398.65,Card,0.88,4,0,Success,None,0
TXN008054,CUST01793,2026-07-23 23:43:00,1183.19,UPI,0.64,0,0,Success,None,0
TXN008055,CUST00368,2026-12-09 17:35:00,1021.24,Net Banking,0.89,2,0,Success,None,0
TXN008056,CUST01159,2026-07-25 10:20:00,865.84,Card,0.62,1,1,Success,None,0
TXN008057,CUST01925,2026-11-01 19:11:00,925.37,Net Banking,0.73,2,0,Success,None,0
TXN008058,CUST00284,2026-05-17 13:48:00,1004.72,Net Banking,0.72,1,1,Success,None,0
TXN008059,CUST01367,2026-06-01 21:48:00,1830.27,Card,0.84,1,0,Success,None,0
TXN008060,CUST01280,2026-09-30 06:42:00,2017.92,UPI,0.55,1,1,Success,None,0
TXN008061,CUST00090,2026-07-06 02:15:00,4804.26,Card,0.31,2,0,Success,None,0
TXN008062,CUST00577,2026-10-15 20:23:00,386.74,Net Banking,0.69,0,1,Success,None,0
TXN008063,CUST00838,2026-01-28 18:06:00,1875.37,Card,0.41,2,1,Failed,Insufficient Funds,1
TXN008064,CUST02153,2026-06-13 09:52:00,133.42,Wallet,0.8,3,0,Success,None,0
TXN008065,CUST02136,2026-11-25 09:13:00,9219.3,Card,0.69,1,1,Success,None,0
TXN008066,CUST02471,2026-09-09 18:47:00,606.86,Net Banking,0.37,1,0,Success,None,0
TXN008067,CUST01175,2026-06-25 02:43:00,3977.42,UPI,0.62,0,0,Success,None,0
TXN008068,CUST01576,2026-03-15 16:00:00,2102.65,UPI,0.71,0,0,Failed,Bank Timeout,1
TXN008069,CUST02067,2026-04-13 10:39:00,587.58,UPI,0.36,2,0,Success,None,0
TXN008070,CUST02168,2026-06-02 18:51:00,784.38,UPI,0.79,2,0,Success,None,0
TXN008071,CUST00223,2026-08-18 13:03:00,905.74,Wallet,0.69,1,0,Success,None,0
TXN008072,CUST00358,2026-11-28 12:53:00,1856.37,Card,0.99,1,1,Success,None,0
TXN008073,CUST02995,2026-01-12 10:30:00,1847.52,UPI,0.87,1,0,Failed,Expired Card,1
TXN008074,CUST01702,2026-07-01 13:27:00,3091.01,Card,0.35,3,1,Success,None,0
TXN008075,CUST01900,2026-11-07 16:21:00,2105.38,Wallet,0.63,3,0,Failed,Authentication Failed,1
TXN008076,CUST01869,2026-05-11 00:13:00,1293.79,Net Banking,0.31,3,0,Success,None,0
TXN008077,CUST01224,2026-03-17 17:46:00,863.98,Net Banking,0.46,2,0,Success,None,0
TXN008078,CUST02066,2026-10-21 10:15:00,1049.89,Net Banking,0.97,0,0,Failed,Network Error,1
TXN008079,CUST01468,2026-11-25 07:32:00,2491.54,Card,0.48,0,0,Success,None,0
TXN008080,CUST00573,2026-07-29 01:25:00,2952.0,UPI,0.39,3,0,Success,None,0
TXN008081,CUST01522,2026-10-27 11:51:00,470.38,Net Banking,0.67,1,0,Success,None,0
TXN008082,CUST02202,2026-03-11 22:57:00,709.7,UPI,0.64,4,0,Success,None,0
TXN008083,CUST00773,2026-05-13 23:22:00,891.54,Card,0.98,0,0,Success,None,0
TXN008084,CUST01276,2026-05-03 11:10:00,1033.55,UPI,0.35,4,0,Failed,Insufficient Funds,0
TXN008085,CUST00094,2026-04-02 04:01:00,1425.23,Wallet,0.67,1,1,Failed,Insufficient Funds,1
TXN008086,CUST00568,2026-05-21 08:36:00,387.69,Wallet,0.83,3,0,Failed,Authentication Failed,1
TXN008087,CUST02939,2026-08-19 04:36:00,2236.96,Net Banking,0.49,0,0,Success,None,0
TXN008088,CUST01217,2026-06-09 02:23:00,2249.22,UPI,0.78,2,1,Failed,Bank Timeout,1
TXN008089,CUST01721,2026-09-25 12:26:00,544.59,UPI,0.63,2,0,Success,None,0
TXN008090,CUST02708,2026-09-11 20:46:00,1901.15,Net Banking,0.68,1,1,Success,None,0
TXN008091,CUST01021,2026-08-01 07:29:00,359.81,Wallet,0.59,0,0,Success,None,0
TXN008092,CUST00220,2026-10-28 09:25:00,1301.44,Net Banking,0.85,3,0,Success,None,0
TXN008093,CUST00692,2026-08-31 17:40:00,1508.84,Wallet,0.38,2,0,Failed,Insufficient Funds,1
TXN008094,CUST00938,2026-06-15 06:40:00,1043.8,Card,0.46,2,0,Success,None,0
TXN008095,CUST00458,2026-07-18 20:45:00,2484.63,Wallet,0.91,1,0,Success,None,0
TXN008096,CUST02200,2026-08-04 10:42:00,436.22,Card,0.43,2,0,Success,None,0
TXN008097,CUST02472,2026-05-20 20:15:00,938.59,Net Banking,0.4,2,0,Failed,Network Error,1
TXN008098,CUST02896,2026-04-25 03:59:00,3290.75,UPI,0.58,4,0,Success,None,0
TXN008099,CUST02691,2026-06-07 11:45:00,1676.57,Wallet,0.69,2,0,Success,None,0
TXN008100,CUST01317,2026-10-28 06:02:00,947.52,Net Banking,0.83,1,0,Success,None,0
TXN008101,CUST00124,2026-05-15 20:36:00,986.96,UPI,0.73,2,0,Success,None,0
TXN008102,CUST01242,2026-06-30 09:52:00,1095.91,Card,0.38,1,1,Success,None,0
TXN008103,CUST01353,2026-11-21 06:00:00,1981.83,Net Banking,0.9,2,1,Failed,Insufficient Funds,1
TXN008104,CUST02057,2026-10-05 11:15:00,191.75,UPI,0.5,4,1,Success,None,0
TXN008105,CUST02454,2026-02-15 11:41:00,754.58,Wallet,0.63,2,0,Success,None,0
TXN008106,CUST01540,2026-09-30 13:27:00,520.3,Net Banking,0.96,3,0,Success,None,0
TXN008107,CUST01735,2026-10-04 06:14:00,368.75,Card,0.64,3,0,Success,None,0
TXN008108,CUST00183,2026-01-21 20:39:00,1134.09,Net Banking,0.88,1,0,Success,None,0
TXN008109,CUST02729,2026-06-26 01:23:00,2563.36,Net Banking,0.66,0,1,Success,None,0
TXN008110,CUST02602,2026-04-09 05:58:00,1288.17,UPI,0.83,3,0,Success,None,0
TXN008111,CUST00176,2026-05-31 14:08:00,926.53,Wallet,0.74,1,0,Success,None,0
TXN008112,CUST00908,2026-09-29 19:15:00,678.79,UPI,0.4,2,0,Failed,Authentication Failed,1
TXN008113,CUST02807,2026-11-19 07:22:00,548.85,Card,0.39,0,1,Success,None,0
TXN008114,CUST01434,2026-11-03 22:31:00,2204.6,Net Banking,0.89,3,0,Failed,Bank Timeout,1
TXN008115,CUST01415,2026-09-19 06:06:00,976.88,Wallet,0.96,2,0,Failed,Expired Card,1
TXN008116,CUST00515,2026-06-28 08:41:00,1717.58,Card,0.45,4,1,Failed,Expired Card,0
TXN008117,CUST00370,2026-06-03 23:23:00,1237.78,Net Banking,0.76,2,0,Success,None,0
TXN008118,CUST02135,2026-05-07 12:43:00,1240.01,Wallet,0.45,4,0,Failed,Network Error,0
TXN008119,CUST00450,2026-11-01 07:46:00,1457.58,Wallet,0.89,2,0,Success,None,0
TXN008120,CUST02775,2026-11-09 23:20:00,2131.38,Wallet,0.8,3,0,Success,None,0
TXN008121,CUST01699,2026-01-16 17:02:00,6368.18,Wallet,0.91,4,0,Success,None,0
TXN008122,CUST01723,2026-04-02 08:15:00,1443.3,Card,0.59,1,1,Success,None,0
TXN008123,CUST02619,2026-07-27 01:09:00,1094.24,Wallet,0.5,0,0,Success,None,0
TXN008124,CUST01285,2026-02-12 10:34:00,799.77,Net Banking,0.36,0,1,Success,None,0
TXN008125,CUST00898,2026-06-01 05:10:00,1973.62,UPI,0.5,1,0,Success,None,0
TXN008126,CUST00768,2026-11-26 23:21:00,4121.75,Card,0.36,1,0,Success,None,0
TXN008127,CUST00306,2026-05-16 21:00:00,2798.24,Net Banking,0.55,4,0,Success,None,0
TXN008128,CUST02487,2026-08-05 01:43:00,410.2,Wallet,0.69,3,0,Success,None,0
TXN008129,CUST00334,2026-11-25 23:15:00,756.92,Card,0.39,1,1,Failed,Expired Card,0
TXN008130,CUST01278,2026-07-31 01:47:00,380.77,Wallet,0.43,4,1,Failed,Authentication Failed,0
TXN008131,CUST02153,2026-09-27 06:04:00,452.17,Net Banking,0.34,3,1,Failed,Bank Timeout,1
TXN008132,CUST02342,2026-01-22 06:47:00,1191.78,UPI,0.77,3,0,Success,None,0
TXN008133,CUST00664,2026-04-05 14:47:00,1472.72,Net Banking,0.58,3,0,Success,None,0
TXN008134,CUST01593,2026-03-07 16:37:00,499.98,Card,0.86,4,0,Success,None,0
TXN008135,CUST02308,2026-04-02 04:22:00,634.49,Net Banking,0.79,0,1,Success,None,0
TXN008136,CUST00963,2026-02-18 20:09:00,510.43,Card,0.86,0,0,Success,None,0
TXN008137,CUST01154,2026-02-10 06:24:00,547.74,Wallet,0.68,3,0,Failed,Authentication Failed,0
TXN008138,CUST00835,2026-07-27 18:34:00,833.72,Wallet,0.3,0,0,Failed,Expired Card,0
TXN008139,CUST00999,2026-11-01 16:32:00,1018.8,Wallet,0.77,3,0,Failed,Expired Card,0
TXN008140,CUST02734,2026-10-23 18:01:00,923.3,Net Banking,0.34,2,0,Success,None,0
TXN008141,CUST00019,2026-03-05 06:29:00,266.54,Wallet,0.68,3,0,Success,None,0
TXN008142,CUST00050,2026-05-07 19:28:00,471.49,Card,0.38,3,0,Success,None,0
TXN008143,CUST01927,2026-06-28 12:35:00,1052.26,Wallet,0.71,1,0,Success,None,0
TXN008144,CUST01531,2026-03-02 12:17:00,777.55,Wallet,0.7,3,0,Failed,Expired Card,0
TXN008145,CUST00266,2026-11-17 08:26:00,744.76,Net Banking,0.44,0,0,Success,None,0
TXN008146,CUST02908,2026-11-08 08:22:00,155.51,UPI,0.41,0,0,Success,None,0
TXN008147,CUST01921,2026-03-21 08:55:00,603.04,Card,0.92,1,0,Success,None,0
TXN008148,CUST01264,2026-09-16 07:15:00,1252.93,Card,0.52,4,0,Failed,Authentication Failed,0
TXN008149,CUST02846,2026-09-30 09:25:00,2014.01,Net Banking,0.32,3,0,Failed,Network Error,0
TXN008150,CUST02800,2026-11-02 11:45:00,908.01,Card,0.98,1,0,Failed,Authentication Failed,0
TXN008151,CUST00475,2026-01-05 16:25:00,1946.96,UPI,0.91,4,0,Failed,Bank Timeout,1
TXN008152,CUST02813,2026-07-04 01:47:00,495.81,UPI,0.32,3,0,Failed,Authentication Failed,1
TXN008153,CUST02709,2026-03-14 18:29:00,660.9,Card,0.65,0,0,Success,None,0
TXN008154,CUST02909,2026-08-27 19:00:00,2332.93,UPI,0.65,0,0,Success,None,0
TXN008155,CUST02059,2026-06-26 08:59:00,1125.45,Card,0.39,0,1,Success,None,0
TXN008156,CUST00857,2026-05-21 03:38:00,910.31,UPI,0.48,3,1,Success,None,0
TXN008157,CUST00937,2026-06-24 19:42:00,2949.76,Wallet,0.49,3,0,Failed,Bank Timeout,0
TXN008158,CUST02663,2026-05-31 18:51:00,3789.78,UPI,0.31,1,0,Failed,Network Error,1
TXN008159,CUST01378,2026-03-15 04:48:00,739.46,Net Banking,0.76,0,0,Success,None,0
TXN008160,CUST02504,2026-09-01 03:42:00,2649.22,Wallet,0.35,0,0,Success,None,0
TXN008161,CUST00127,2026-05-12 12:26:00,1142.52,Net Banking,0.59,1,1,Failed,Bank Timeout,1
TXN008162,CUST02593,2026-08-29 08:28:00,972.17,Net Banking,0.39,1,0,Success,None,0
TXN008163,CUST00637,2026-02-15 22:15:00,589.88,Card,0.64,2,0,Success,None,0
TXN008164,CUST02821,2026-06-14 10:23:00,377.74,Wallet,0.69,2,1,Failed,Insufficient Funds,0
TXN008165,CUST00195,2026-05-15 09:42:00,793.19,Net Banking,0.66,1,0,Success,None,0
TXN008166,CUST02054,2026-06-16 01:17:00,1661.21,Wallet,0.7,3,0,Success,None,0
TXN008167,CUST00516,2026-02-25 06:07:00,910.93,UPI,0.56,3,0,Success,None,0
TXN008168,CUST02551,2026-07-02 05:24:00,1159.71,Net Banking,0.31,2,0,Success,None,0
TXN008169,CUST00656,2026-07-04 20:09:00,2914.54,Net Banking,0.38,4,0,Success,None,0
TXN008170,CUST00017,2026-02-13 23:36:00,1961.94,Card,0.72,0,0,Success,None,0
TXN008171,CUST02405,2026-06-30 19:48:00,1571.24,Net Banking,0.92,3,1,Success,None,0
TXN008172,CUST01099,2026-03-31 14:23:00,318.05,Wallet,0.76,4,0,Success,None,0
TXN008173,CUST02974,2026-11-09 01:36:00,326.98,Wallet,0.79,0,1,Success,None,0
TXN008174,CUST01805,2026-02-20 02:56:00,582.32,Net Banking,0.43,3,0,Failed,Expired Card,0
TXN008175,CUST00549,2026-11-02 17:14:00,559.31,Card,0.93,3,0,Failed,Expired Card,1
TXN008176,CUST02690,2026-11-20 19:26:00,2893.11,Net Banking,0.39,2,0,Failed,Bank Timeout,1
TXN008177,CUST02302,2026-03-11 01:43:00,2523.9,Net Banking,0.75,2,0,Success,None,0
TXN008178,CUST01311,2026-10-31 12:35:00,4161.59,Net Banking,0.83,3,1,Failed,Authentication Failed,0
TXN008179,CUST00315,2026-05-05 23:27:00,1820.09,Wallet,0.46,1,1,Failed,Network Error,1
TXN008180,CUST00140,2026-09-11 22:19:00,1201.6,UPI,0.82,4,0,Failed,Network Error,1
TXN008181,CUST02951,2026-07-07 17:06:00,1021.27,Net Banking,0.37,3,1,Success,None,0
TXN008182,CUST00581,2026-12-07 17:19:00,701.83,Card,0.93,1,0,Success,None,0
TXN008183,CUST01572,2026-07-30 20:53:00,776.11,Card,0.57,0,0,Success,None,0
TXN008184,CUST00357,2026-01-12 04:10:00,1208.67,Net Banking,0.46,1,1,Success,None,0
TXN008185,CUST01569,2026-09-02 10:23:00,2970.78,Wallet,0.95,0,0,Success,None,0
TXN008186,CUST01679,2026-07-14 18:05:00,2391.13,Card,0.69,0,1,Success,None,0
TXN008187,CUST01796,2026-09-01 13:17:00,2964.56,UPI,0.68,1,0,Success,None,0
TXN008188,CUST00120,2026-07-20 11:02:00,513.15,Card,0.47,1,0,Success,None,0
TXN008189,CUST00274,2026-10-04 02:34:00,2430.65,UPI,0.37,1,0,Success,None,0
TXN008190,CUST01623,2026-03-22 00:59:00,679.69,Wallet,0.6,3,1,Failed,Authentication Failed,1
TXN008191,CUST00072,2026-03-23 09:22:00,604.07,Card,0.66,1,1,Success,None,0
TXN008192,CUST01025,2026-11-23 03:46:00,1116.93,Net Banking,0.99,4,0,Success,None,0
TXN008193,CUST01482,2026-01-01 08:23:00,253.11,Wallet,1.0,3,1,Failed,Authentication Failed,1
TXN008194,CUST02373,2026-05-28 16:27:00,1215.85,UPI,0.3,0,0,Success,None,0
TXN008195,CUST02009,2026-08-03 10:21:00,1204.12,Net Banking,0.69,2,0,Success,None,0
TXN008196,CUST02004,2026-04-26 15:38:00,930.44,Wallet,0.5,3,0,Success,None,0
TXN008197,CUST01602,2026-08-07 19:56:00,1886.0,Net Banking,0.46,3,0,Success,None,0
TXN008198,CUST00311,2026-09-22 06:09:00,1355.61,Card,0.68,3,0,Success,None,0
TXN008199,CUST02419,2026-06-04 23:53:00,1011.64,UPI,0.43,2,0,Failed,Expired Card,0
TXN008200,CUST00988,2026-07-08 09:50:00,678.49,Wallet,0.98,0,0,Success,None,0
TXN008201,CUST02187,2026-11-06 09:58:00,1286.39,Wallet,0.38,0,0,Success,None,0
TXN008202,CUST01354,2026-02-19 17:36:00,1711.57,Card,0.52,1,0,Success,None,0
TXN008203,CUST01731,2026-04-26 03:19:00,217.79,Card,0.76,3,0,Success,None,0
TXN008204,CUST02029,2026-09-07 22:02:00,313.8,Net Banking,0.53,4,0,Success,None,0
TXN008205,CUST02309,2026-04-22 08:36:00,1060.82,UPI,0.71,2,0,Failed,Insufficient Funds,1
TXN008206,CUST01204,2026-10-30 21:58:00,884.52,UPI,0.77,3,0,Success,None,0
TXN008207,CUST02492,2026-01-15 21:15:00,462.11,Net Banking,0.78,3,0,Failed,Insufficient Funds,1
TXN008208,CUST02376,2026-06-14 02:40:00,3400.9,UPI,0.42,0,0,Failed,Bank Timeout,1
TXN008209,CUST01056,2026-12-01 02:45:00,1492.16,Net Banking,0.77,3,1,Failed,Bank Timeout,1
TXN008210,CUST02984,2026-03-30 20:12:00,489.99,Net Banking,0.85,3,0,Failed,Authentication Failed,1
TXN008211,CUST02351,2026-02-08 02:18:00,3208.72,Card,0.89,0,0,Success,None,0
TXN008212,CUST00440,2026-12-11 13:01:00,1076.8,Card,0.47,4,0,Success,None,0
TXN008213,CUST02040,2026-02-22 05:29:00,588.98,Wallet,0.68,0,0,Success,None,0
TXN008214,CUST00824,2026-04-17 23:12:00,631.4,UPI,0.34,0,0,Failed,Bank Timeout,1
TXN008215,CUST02682,2026-08-18 11:17:00,1394.27,Net Banking,0.6,1,0,Success,None,0
TXN008216,CUST00425,2026-03-13 11:27:00,2506.25,UPI,0.81,0,0,Success,None,0
TXN008217,CUST02463,2026-07-30 09:05:00,485.45,Net Banking,0.59,2,0,Failed,Network Error,1
TXN008218,CUST02711,2026-01-23 22:58:00,674.27,Card,0.66,4,0,Failed,Bank Timeout,0
TXN008219,CUST02314,2026-09-23 07:27:00,1043.0,Net Banking,0.82,3,0,Success,None,0
TXN008220,CUST00572,2026-09-05 08:31:00,430.48,Card,0.55,1,1,Success,None,0
TXN008221,CUST01918,2026-01-14 04:57:00,2895.8,Wallet,0.31,3,1,Success,None,0
TXN008222,CUST00678,2026-11-23 07:45:00,1692.49,Wallet,0.97,4,0,Success,None,0
TXN008223,CUST00828,2026-08-24 19:23:00,1171.47,UPI,0.5,2,0,Success,None,0
TXN008224,CUST02311,2026-07-20 06:57:00,4083.1,Card,0.72,4,1,Success,None,0
TXN008225,CUST02187,2026-04-16 15:46:00,2271.72,Card,0.81,3,0,Failed,Bank Timeout,1
TXN008226,CUST02163,2026-05-29 08:30:00,1518.6,UPI,0.99,0,0,Success,None,0
TXN008227,CUST00660,2026-08-19 16:49:00,418.67,Card,0.51,4,0,Success,None,0
TXN008228,CUST02891,2026-05-21 02:40:00,3169.4,Wallet,0.6,0,0,Success,None,0
TXN008229,CUST00993,2026-11-16 11:20:00,588.28,Wallet,0.79,4,0,Success,None,0
TXN008230,CUST01933,2026-12-06 20:12:00,2600.4,UPI,0.53,0,0,Success,None,0
TXN008231,CUST02291,2026-02-12 16:16:00,876.25,Net Banking,0.5,0,0,Success,None,0
TXN008232,CUST00915,2026-10-23 21:33:00,2061.89,Card,0.45,0,0,Success,None,0
TXN008233,CUST02087,2026-05-05 04:45:00,1401.58,Wallet,0.46,3,0,Success,None,0
TXN008234,CUST01840,2026-06-29 14:27:00,835.06,Wallet,0.39,3,1,Success,None,0
TXN008235,CUST02429,2026-10-05 21:17:00,3098.06,UPI,0.84,1,0,Success,None,0
TXN008236,CUST00933,2026-07-13 05:01:00,947.26,UPI,0.88,0,0,Failed,Authentication Failed,0
TXN008237,CUST01794,2026-05-11 04:04:00,2165.9,Net Banking,0.97,2,0,Success,None,0
TXN008238,CUST00976,2026-06-02 01:26:00,627.97,Card,0.38,0,0,Success,None,0
TXN008239,CUST01549,2026-07-12 22:01:00,541.32,UPI,0.37,3,1,Failed,Authentication Failed,0
TXN008240,CUST02436,2026-10-04 13:41:00,850.99,UPI,0.7,1,0,Success,None,0
TXN008241,CUST02714,2026-04-28 19:54:00,5761.37,Wallet,0.97,1,1,Success,None,0
TXN008242,CUST01907,2026-12-03 05:02:00,815.52,Net Banking,0.35,0,0,Success,None,0
TXN008243,CUST01155,2026-06-23 12:48:00,535.46,Wallet,0.4,4,1,Success,None,0
TXN008244,CUST02860,2026-09-10 19:37:00,1301.26,Net Banking,0.51,2,0,Failed,Network Error,1
TXN008245,CUST00938,2026-10-06 17:11:00,724.07,Net Banking,0.89,3,0,Success,None,0
TXN008246,CUST01456,2026-10-21 17:35:00,2527.91,Card,0.54,3,0,Failed,Network Error,1
TXN008247,CUST01324,2026-08-27 08:48:00,688.83,Card,0.48,1,1,Failed,Expired Card,0
TXN008248,CUST02897,2026-12-12 06:11:00,1538.93,UPI,0.35,0,0,Success,None,0
TXN008249,CUST00422,2026-09-25 21:38:00,892.63,UPI,0.73,0,0,Success,None,0
TXN008250,CUST01952,2026-07-17 20:42:00,2569.3,Wallet,0.82,1,0,Success,None,0
TXN008251,CUST00306,2026-06-05 18:23:00,6920.81,Net Banking,0.79,2,1,Failed,Network Error,1
TXN008252,CUST02026,2026-01-22 22:46:00,1267.78,Wallet,0.49,0,0,Success,None,0
TXN008253,CUST02180,2026-07-03 12:03:00,1794.27,Wallet,0.58,0,0,Success,None,0
TXN008254,CUST00278,2026-04-05 08:43:00,198.75,Card,0.35,4,0,Success,None,0
TXN008255,CUST01326,2026-10-04 11:45:00,240.13,Wallet,0.59,0,0,Success,None,0
TXN008256,CUST01311,2026-01-19 19:04:00,2944.68,Wallet,0.5,4,1,Success,None,0
TXN008257,CUST02563,2026-05-18 04:43:00,1381.32,Card,0.84,2,0,Success,None,0
TXN008258,CUST02819,2026-10-11 01:14:00,2012.86,Card,0.67,1,0,Success,None,0
TXN008259,CUST01001,2026-02-20 09:24:00,596.37,Card,0.5,2,0,Success,None,0
TXN008260,CUST01315,2026-05-04 10:14:00,747.84,Net Banking,0.43,3,0,Success,None,0
TXN008261,CUST01298,2026-11-07 15:38:00,2656.18,UPI,0.47,2,1,Failed,Expired Card,1
TXN008262,CUST01649,2026-10-27 23:14:00,875.75,Card,0.48,1,0,Success,None,0
TXN008263,CUST00681,2026-06-18 22:22:00,980.45,Card,0.75,2,0,Success,None,0
TXN008264,CUST01547,2026-10-09 09:41:00,1719.37,UPI,0.33,0,1,Success,None,0
TXN008265,CUST02930,2026-07-31 04:09:00,648.2,Card,0.75,4,1,Failed,Authentication Failed,0
TXN008266,CUST01972,2026-12-13 20:35:00,3282.66,Net Banking,0.88,3,0,Success,None,0
TXN008267,CUST02592,2026-03-18 03:17:00,497.93,Card,0.66,3,0,Success,None,0
TXN008268,CUST02669,2026-07-23 23:40:00,533.3,Net Banking,0.94,2,1,Failed,Authentication Failed,0
TXN008269,CUST01693,2026-07-27 19:42:00,952.91,Card,0.88,4,0,Failed,Bank Timeout,1
TXN008270,CUST02502,2026-09-21 13:34:00,1404.69,UPI,0.44,1,0,Success,None,0
TXN008271,CUST00370,2026-02-20 18:57:00,1187.43,Net Banking,0.39,1,0,Failed,Expired Card,0
TXN008272,CUST01605,2026-03-29 14:51:00,2902.91,UPI,0.71,1,0,Success,None,0
TXN008273,CUST03000,2026-04-10 23:16:00,1207.13,Net Banking,0.94,0,0,Success,None,0
TXN008274,CUST01508,2026-11-04 00:58:00,934.43,Net Banking,0.8,2,0,Success,None,0
TXN008275,CUST01304,2026-02-01 03:26:00,3313.84,Card,0.8,4,0,Failed,Network Error,1
TXN008276,CUST00210,2026-05-27 11:40:00,2710.13,UPI,0.89,1,0,Success,None,0
TXN008277,CUST00115,2026-07-03 21:30:00,1339.86,Card,0.6,1,0,Success,None,0
TXN008278,CUST01766,2026-04-29 19:58:00,2123.67,Card,0.58,3,0,Success,None,0
TXN008279,CUST02509,2026-06-12 15:59:00,2317.58,Net Banking,0.66,0,0,Success,None,0
TXN008280,CUST01476,2026-06-05 07:58:00,1061.06,Wallet,1.0,3,0,Failed,Expired Card,0
TXN008281,CUST02680,2026-03-12 21:18:00,1220.84,Wallet,0.72,1,0,Success,None,0
TXN008282,CUST01502,2026-03-04 20:22:00,978.14,Card,0.91,0,1,Failed,Expired Card,1
TXN008283,CUST02197,2026-04-17 09:02:00,1569.39,Wallet,0.42,2,1,Failed,Bank Timeout,1
TXN008284,CUST01796,2026-09-07 11:33:00,7943.04,Net Banking,0.33,3,0,Success,None,0
TXN008285,CUST00864,2026-11-06 20:29:00,1732.37,Card,0.31,0,0,Failed,Network Error,1
TXN008286,CUST00726,2026-05-24 20:05:00,1793.7,Wallet,1.0,4,0,Success,None,0
TXN008287,CUST02722,2026-03-18 05:12:00,541.68,Wallet,0.77,1,1,Success,None,0
TXN008288,CUST01625,2026-01-06 23:42:00,812.29,UPI,0.37,1,0,Success,None,0
TXN008289,CUST01587,2026-06-20 18:57:00,1027.68,Net Banking,0.77,0,0,Success,None,0
TXN008290,CUST01615,2026-03-27 18:50:00,5844.94,Card,0.78,1,0,Success,None,0
TXN008291,CUST02872,2026-08-10 14:35:00,436.03,Card,0.87,3,0,Failed,Insufficient Funds,0
TXN008292,CUST02735,2026-07-27 21:09:00,801.41,Net Banking,0.32,3,0,Success,None,0
TXN008293,CUST02588,2026-10-21 19:47:00,3385.55,UPI,0.58,0,1,Success,None,0
TXN008294,CUST01041,2026-03-25 06:44:00,1581.17,Card,0.46,1,0,Failed,Insufficient Funds,1
TXN008295,CUST02922,2026-05-31 00:32:00,1037.46,UPI,0.77,0,1,Success,None,0
TXN008296,CUST01538,2026-10-01 16:47:00,1911.49,Card,0.91,3,0,Success,None,0
TXN008297,CUST02147,2026-11-01 18:34:00,4417.5,Card,0.83,2,0,Failed,Network Error,1
TXN008298,CUST00297,2026-07-14 05:06:00,1653.88,Net Banking,0.35,2,0,Failed,Network Error,1
TXN008299,CUST02521,2026-03-01 06:55:00,1587.0,Wallet,0.53,3,0,Success,None,0
TXN008300,CUST00312,2026-07-06 05:07:00,1203.9,Net Banking,0.67,0,0,Success,None,0
TXN008301,CUST02159,2026-01-14 05:56:00,1486.44,Net Banking,0.39,3,0,Success,None,0
TXN008302,CUST02995,2026-09-27 08:14:00,1182.12,Wallet,0.34,3,0,Failed,Insufficient Funds,0
TXN008303,CUST01596,2026-06-02 11:52:00,1628.0,Card,0.62,0,0,Success,None,0
TXN008304,CUST02610,2026-04-06 08:03:00,1968.55,UPI,0.51,0,1,Success,None,0
TXN008305,CUST00817,2026-11-27 23:05:00,2336.46,Net Banking,0.86,4,0,Success,None,0
TXN008306,CUST00550,2026-01-27 10:18:00,1043.86,Wallet,0.45,2,0,Success,None,0
TXN008307,CUST01706,2026-07-18 16:18:00,2226.6,UPI,0.65,3,1,Failed,Expired Card,0
TXN008308,CUST01309,2026-11-05 21:10:00,2201.05,Net Banking,0.53,3,0,Success,None,0
TXN008309,CUST00312,2026-01-21 09:08:00,363.48,Card,0.9,3,0,Success,None,0
TXN008310,CUST02799,2026-11-23 13:19:00,786.81,Card,0.55,2,0,Success,None,0
TXN008311,CUST02150,2026-05-07 04:09:00,771.76,Card,0.56,4,0,Failed,Network Error,0
TXN008312,CUST00058,2026-10-19 08:42:00,427.47,Net Banking,0.78,3,0,Failed,Insufficient Funds,1
TXN008313,CUST02815,2026-08-13 11:27:00,264.05,UPI,0.79,3,0,Success,None,0
TXN008314,CUST00099,2026-08-29 17:51:00,1301.77,Net Banking,0.52,1,0,Success,None,0
TXN008315,CUST01418,2026-06-07 21:54:00,656.62,UPI,0.57,0,1,Failed,Authentication Failed,1
TXN008316,CUST01035,2026-03-27 04:35:00,331.71,UPI,0.51,4,0,Success,None,0
TXN008317,CUST02692,2026-07-01 21:42:00,1986.45,Card,0.62,1,0,Success,None,0
TXN008318,CUST01044,2026-05-10 22:02:00,2635.06,UPI,0.49,3,0,Failed,Network Error,1
TXN008319,CUST00700,2026-04-17 13:42:00,627.58,UPI,0.36,4,0,Failed,Expired Card,0
TXN008320,CUST00642,2026-07-04 19:52:00,1090.54,Card,0.58,0,0,Failed,Expired Card,1
TXN008321,CUST01461,2026-07-05 07:48:00,936.71,UPI,0.53,1,0,Failed,Expired Card,0
TXN008322,CUST00569,2026-11-14 19:51:00,1005.36,Net Banking,0.57,0,1,Success,None,0
TXN008323,CUST02243,2026-10-24 20:36:00,843.5,Wallet,0.46,0,0,Success,None,0
TXN008324,CUST01709,2026-03-02 12:40:00,766.34,Card,0.88,4,1,Failed,Network Error,1
TXN008325,CUST01342,2026-09-26 05:07:00,759.33,UPI,0.79,0,1,Failed,Bank Timeout,1
TXN008326,CUST01141,2026-03-26 08:29:00,874.12,Card,0.74,4,0,Success,None,0
TXN008327,CUST00978,2026-10-25 22:43:00,654.8,Net Banking,0.31,0,0,Success,None,0
TXN008328,CUST01497,2026-06-27 01:44:00,2919.44,Card,1.0,0,0,Success,None,0
TXN008329,CUST02460,2026-10-15 00:30:00,550.8,Net Banking,0.63,3,0,Success,None,0
TXN008330,CUST02299,2026-04-18 15:45:00,716.54,Card,0.54,1,0,Success,None,0
TXN008331,CUST02782,2026-08-22 21:00:00,259.25,UPI,0.85,1,1,Failed,Authentication Failed,0
TXN008332,CUST01053,2026-02-26 04:49:00,7114.78,Net Banking,0.47,1,0,Failed,Expired Card,0
TXN008333,CUST02149,2026-03-23 20:01:00,1257.5,Net Banking,0.75,0,0,Success,None,0
TXN008334,CUST02142,2026-10-26 23:09:00,2212.06,UPI,0.48,3,0,Success,None,0
TXN008335,CUST01178,2026-08-27 14:37:00,410.25,UPI,0.55,4,1,Failed,Bank Timeout,1
TXN008336,CUST02420,2026-10-23 16:34:00,855.17,Card,0.5,0,0,Success,None,0
TXN008337,CUST01363,2026-12-08 06:43:00,2176.24,UPI,0.75,0,0,Success,None,0
TXN008338,CUST02707,2026-08-01 19:53:00,4613.93,Wallet,0.84,0,0,Failed,Insufficient Funds,1
TXN008339,CUST00483,2026-11-28 19:06:00,1304.9,Net Banking,0.53,4,0,Success,None,0
TXN008340,CUST01912,2026-02-08 03:31:00,266.62,Card,0.92,3,0,Success,None,0
TXN008341,CUST02517,2026-04-03 03:55:00,704.04,UPI,0.94,0,1,Success,None,0
TXN008342,CUST01054,2026-07-26 19:15:00,579.05,Net Banking,0.96,3,0,Success,None,0
TXN008343,CUST02834,2026-02-15 11:10:00,2069.94,UPI,0.92,0,1,Failed,Authentication Failed,1
TXN008344,CUST02926,2026-03-14 23:12:00,940.15,Net Banking,0.88,0,0,Success,None,0
TXN008345,CUST01461,2026-11-30 06:30:00,1393.15,Net Banking,0.94,3,0,Failed,Expired Card,1
TXN008346,CUST01350,2026-06-24 08:22:00,1414.48,Wallet,0.36,3,0,Success,None,0
TXN008347,CUST01140,2026-05-28 09:43:00,608.33,Net Banking,0.53,4,1,Failed,Authentication Failed,0
TXN008348,CUST01813,2026-05-24 08:42:00,1060.4,UPI,0.81,1,0,Success,None,0
TXN008349,CUST02989,2026-11-06 21:54:00,1725.81,Wallet,0.34,0,0,Failed,Authentication Failed,1
TXN008350,CUST00425,2026-07-23 06:45:00,403.68,Net Banking,0.7,1,0,Success,None,0
TXN008351,CUST02226,2026-06-08 20:56:00,1031.9,UPI,0.9,0,0,Failed,Expired Card,1
TXN008352,CUST02053,2026-11-02 21:43:00,962.42,Card,0.6,1,0,Success,None,0
TXN008353,CUST02186,2026-01-02 17:28:00,408.49,Card,0.39,4,0,Success,None,0
TXN008354,CUST00885,2026-10-09 16:49:00,311.45,Net Banking,0.47,4,0,Success,None,0
TXN008355,CUST00480,2026-02-19 18:47:00,712.56,Net Banking,0.9,3,0,Success,None,0
TXN008356,CUST02490,2026-06-10 14:53:00,378.25,Wallet,0.41,2,1,Success,None,0
TXN008357,CUST00543,2026-07-24 02:56:00,603.89,Net Banking,0.63,3,1,Failed,Network Error,1
TXN008358,CUST00889,2026-03-13 11:16:00,1322.73,UPI,0.84,0,1,Failed,Authentication Failed,1
TXN008359,CUST02144,2026-04-25 17:22:00,333.34,Wallet,0.75,0,1,Success,None,0
TXN008360,CUST01072,2026-04-01 11:22:00,674.57,Card,0.98,4,0,Failed,Network Error,1
TXN008361,CUST01997,2026-02-27 01:32:00,2222.61,Card,0.58,3,0,Success,None,0
TXN008362,CUST02512,2026-03-18 03:57:00,1693.3,Card,0.51,1,0,Success,None,0
TXN008363,CUST00985,2026-02-19 09:19:00,567.43,Net Banking,0.87,4,0,Failed,Authentication Failed,1
TXN008364,CUST02138,2026-03-10 12:34:00,3454.54,UPI,0.76,4,0,Failed,Bank Timeout,0
TXN008365,CUST00970,2026-02-03 20:34:00,238.1,Wallet,0.77,2,0,Success,None,0
TXN008366,CUST01041,2026-11-01 07:02:00,275.19,UPI,0.63,4,1,Failed,Network Error,0
TXN008367,CUST01348,2026-03-15 10:31:00,510.8,Wallet,0.74,2,1,Failed,Authentication Failed,0
TXN008368,CUST00152,2026-07-29 16:29:00,718.77,Wallet,0.74,2,0,Success,None,0
TXN008369,CUST01880,2026-08-08 14:26:00,1207.36,Wallet,0.4,4,0,Failed,Network Error,1
TXN008370,CUST01595,2026-12-11 08:35:00,1061.15,Net Banking,0.63,2,1,Failed,Authentication Failed,0
TXN008371,CUST02497,2026-10-11 21:57:00,424.01,Card,0.74,3,0,Failed,Insufficient Funds,0
TXN008372,CUST02815,2026-05-05 22:15:00,404.54,Card,0.71,2,0,Success,None,0
TXN008373,CUST00843,2026-12-02 21:02:00,1515.9,Wallet,0.32,3,0,Success,None,0
TXN008374,CUST02126,2026-10-23 01:00:00,1155.0,UPI,0.87,0,0,Failed,Insufficient Funds,1
TXN008375,CUST01286,2026-11-21 04:29:00,1367.36,Wallet,0.34,3,0,Success,None,0
TXN008376,CUST00130,2026-10-21 03:13:00,3266.39,Card,0.34,3,0,Success,None,0
TXN008377,CUST02805,2026-08-29 22:30:00,2115.66,UPI,0.98,4,1,Failed,Authentication Failed,1
TXN008378,CUST02775,2026-05-21 23:27:00,362.09,UPI,0.56,3,0,Success,None,0
TXN008379,CUST02074,2026-03-26 07:44:00,224.82,Net Banking,0.69,3,0,Failed,Authentication Failed,1
TXN008380,CUST01263,2026-01-12 16:03:00,819.67,Card,0.53,0,0,Success,None,0
TXN008381,CUST02204,2026-07-22 09:48:00,1165.28,Net Banking,0.61,2,1,Success,None,0
TXN008382,CUST01841,2026-05-21 04:29:00,1211.04,Wallet,0.39,0,0,Success,None,0
TXN008383,CUST01955,2026-07-21 10:10:00,2157.36,Net Banking,0.44,1,0,Success,None,0
TXN008384,CUST02404,2026-11-06 07:00:00,1289.76,Card,0.78,0,0,Success,None,0
TXN008385,CUST02303,2026-11-28 23:23:00,1721.11,Wallet,0.94,4,0,Success,None,0
TXN008386,CUST01058,2026-08-16 09:08:00,1309.99,Card,0.33,4,0,Success,None,0
TXN008387,CUST00106,2026-02-06 09:07:00,390.02,Wallet,0.43,4,0,Failed,Network Error,1
TXN008388,CUST01507,2026-09-17 16:34:00,2592.7,Net Banking,0.83,1,1,Failed,Bank Timeout,1
TXN008389,CUST02893,2026-06-15 22:15:00,784.86,UPI,0.42,2,0,Failed,Authentication Failed,1
TXN008390,CUST00508,2026-05-15 03:12:00,152.07,Card,0.78,4,0,Failed,Expired Card,0
TXN008391,CUST02024,2026-10-27 03:04:00,833.12,Wallet,0.58,0,1,Failed,Insufficient Funds,1
TXN008392,CUST02549,2026-07-19 07:34:00,796.86,Wallet,0.54,2,0,Failed,Insufficient Funds,0
TXN008393,CUST01252,2026-01-22 12:30:00,1719.28,Net Banking,0.52,0,0,Success,None,0
TXN008394,CUST00149,2026-05-30 09:14:00,1871.68,Net Banking,0.43,3,0,Failed,Insufficient Funds,1
TXN008395,CUST00977,2026-09-22 12:59:00,961.67,Card,0.94,0,0,Success,None,0
TXN008396,CUST01280,2026-10-07 21:16:00,1481.04,Wallet,0.94,0,1,Success,None,0
TXN008397,CUST00651,2026-07-10 19:15:00,1090.17,Wallet,0.91,4,1,Success,None,0
TXN008398,CUST00723,2026-09-30 18:14:00,2102.9,Card,0.53,4,0,Success,None,0
TXN008399,CUST00631,2026-09-28 09:17:00,503.36,Net Banking,0.83,3,0,Failed,Network Error,1
TXN008400,CUST02412,2026-11-23 06:29:00,2578.94,Net Banking,0.39,3,0,Failed,Network Error,1
TXN008401,CUST02630,2026-09-09 02:17:00,794.74,UPI,0.87,4,1,Success,None,0
TXN008402,CUST01684,2026-04-11 10:29:00,1565.68,Card,0.65,3,0,Failed,Authentication Failed,1
TXN008403,CUST02084,2026-08-31 18:48:00,900.57,Net Banking,0.67,3,0,Success,None,0
TXN008404,CUST00275,2026-03-10 06:31:00,1081.32,Wallet,0.41,0,0,Success,None,0
TXN008405,CUST01453,2026-10-17 20:22:00,1395.84,Card,0.52,4,0,Success,None,0
TXN008406,CUST02840,2026-02-13 19:49:00,1426.02,Wallet,0.96,3,1,Success,None,0
TXN008407,CUST00799,2026-10-07 13:34:00,470.17,Net Banking,0.53,3,0,Failed,Insufficient Funds,0
TXN008408,CUST01186,2026-04-04 15:19:00,260.87,Wallet,0.69,1,0,Success,None,0
TXN008409,CUST00647,2026-10-16 19:40:00,369.65,UPI,0.34,2,1,Failed,Insufficient Funds,0
TXN008410,CUST01203,2026-11-24 19:38:00,4106.87,UPI,0.73,0,0,Success,None,0
TXN008411,CUST01676,2026-06-19 05:54:00,1632.45,UPI,0.92,3,1,Success,None,0
TXN008412,CUST00605,2026-06-09 09:43:00,432.55,Net Banking,0.87,3,0,Success,None,0
TXN008413,CUST00638,2026-02-07 08:24:00,1710.02,UPI,0.84,3,1,Success,None,0
TXN008414,CUST01762,2026-01-04 09:00:00,1400.24,Wallet,0.6,1,0,Success,None,0
TXN008415,CUST01211,2026-02-27 06:22:00,2344.03,Wallet,0.33,1,1,Success,None,0
TXN008416,CUST02817,2026-07-06 07:29:00,1407.47,UPI,0.89,2,0,Failed,Expired Card,0
TXN008417,CUST01996,2026-05-25 18:37:00,706.07,UPI,0.58,3,1,Success,None,0
TXN008418,CUST00688,2026-02-22 08:51:00,2153.19,Card,0.66,3,0,Failed,Network Error,1
TXN008419,CUST01010,2026-08-22 03:27:00,879.46,Net Banking,0.47,0,1,Success,None,0
TXN008420,CUST02354,2026-07-05 18:51:00,756.81,Card,0.7,0,0,Success,None,0
TXN008421,CUST01725,2026-02-15 21:58:00,1073.53,Net Banking,0.53,2,1,Success,None,0
TXN008422,CUST01715,2026-05-20 19:00:00,590.35,Net Banking,0.8,0,0,Success,None,0
TXN008423,CUST02099,2026-09-06 07:52:00,3081.4,Wallet,0.66,1,0,Success,None,0
TXN008424,CUST01786,2026-05-23 06:41:00,1245.36,Card,0.34,4,0,Success,None,0
TXN008425,CUST01312,2026-08-30 10:27:00,2211.3,UPI,0.97,2,0,Success,None,0
TXN008426,CUST01610,2026-04-04 16:54:00,817.88,Card,0.92,0,0,Success,None,0
TXN008427,CUST02874,2026-03-24 10:37:00,590.3,UPI,0.75,4,1,Success,None,0
TXN008428,CUST00554,2026-10-24 22:16:00,753.74,UPI,0.37,1,0,Success,None,0
TXN008429,CUST01573,2026-05-28 19:12:00,2620.28,Wallet,0.73,3,1,Success,None,0
TXN008430,CUST01174,2026-03-27 07:26:00,1275.14,Net Banking,0.61,0,0,Success,None,0
TXN008431,CUST01138,2026-09-09 19:20:00,5394.72,Card,0.6,1,0,Success,None,0
TXN008432,CUST02316,2026-05-02 22:45:00,632.79,Wallet,0.5,2,0,Failed,Bank Timeout,1
TXN008433,CUST02051,2026-06-19 19:07:00,1110.14,Card,0.47,3,0,Failed,Expired Card,0
TXN008434,CUST01498,2026-03-29 07:03:00,2620.52,UPI,0.93,4,0,Success,None,0
TXN008435,CUST01364,2026-03-10 00:12:00,731.93,UPI,0.35,3,0,Failed,Insufficient Funds,0
TXN008436,CUST01549,2026-04-18 23:50:00,1916.44,Card,0.52,3,1,Success,None,0
TXN008437,CUST01361,2026-05-29 19:48:00,697.63,Net Banking,0.52,2,0,Success,None,0
TXN008438,CUST01292,2026-06-10 08:51:00,1943.37,UPI,0.64,0,0,Success,None,0
TXN008439,CUST01425,2026-01-04 01:23:00,376.05,UPI,0.42,2,1,Success,None,0
TXN008440,CUST00641,2026-01-14 03:36:00,292.39,Net Banking,0.93,4,0,Success,None,0
TXN008441,CUST02178,2026-04-16 07:53:00,2906.21,Wallet,0.59,3,0,Success,None,0
TXN008442,CUST00519,2026-12-05 00:21:00,813.7,UPI,0.88,1,0,Failed,Expired Card,1
TXN008443,CUST02687,2026-07-24 08:51:00,2508.68,Wallet,0.56,1,0,Success,None,0
TXN008444,CUST02445,2026-03-31 18:01:00,644.19,Wallet,1.0,1,1,Success,None,0
TXN008445,CUST01765,2026-05-20 09:37:00,1869.79,Net Banking,0.86,0,0,Failed,Bank Timeout,1
TXN008446,CUST02726,2026-05-14 07:56:00,367.86,Net Banking,0.33,2,0,Success,None,0
TXN008447,CUST01977,2026-09-10 23:08:00,551.42,UPI,0.63,4,1,Success,None,0
TXN008448,CUST00310,2026-06-22 19:18:00,462.18,Net Banking,0.8,4,0,Success,None,0
TXN008449,CUST02409,2026-01-25 08:43:00,1560.46,Net Banking,0.75,2,0,Success,None,0
TXN008450,CUST01861,2026-10-06 14:41:00,894.46,Card,0.41,1,0,Failed,Network Error,1
TXN008451,CUST02171,2026-08-16 08:11:00,433.09,Net Banking,0.61,0,0,Success,None,0
TXN008452,CUST01734,2026-03-13 20:33:00,572.65,Wallet,0.52,1,0,Failed,Network Error,1
TXN008453,CUST00366,2026-09-06 18:16:00,6749.74,Wallet,0.62,3,0,Success,None,0
TXN008454,CUST00316,2026-12-08 16:48:00,293.36,Wallet,0.69,2,0,Success,None,0
TXN008455,CUST01374,2026-10-23 18:55:00,245.23,Wallet,0.55,1,0,Success,None,0
TXN008456,CUST00523,2026-01-15 05:53:00,1183.66,Card,0.67,2,1,Success,None,0
TXN008457,CUST00010,2026-07-12 05:57:00,1877.3,UPI,0.85,0,0,Success,None,0
TXN008458,CUST00688,2026-01-27 07:46:00,431.63,UPI,0.64,4,1,Success,None,0
TXN008459,CUST00179,2026-03-31 15:50:00,536.53,Net Banking,0.88,4,0,Failed,Authentication Failed,0
TXN008460,CUST02269,2026-11-22 14:00:00,922.45,Net Banking,0.43,0,0,Failed,Authentication Failed,1
TXN008461,CUST01997,2026-01-04 00:24:00,560.49,UPI,0.44,4,0,Success,None,0
TXN008462,CUST02135,2026-07-07 12:00:00,889.02,UPI,0.84,0,0,Success,None,0
TXN008463,CUST01351,2026-07-18 23:26:00,882.92,UPI,0.91,4,0,Success,None,0
TXN008464,CUST01097,2026-03-20 20:56:00,2777.83,UPI,0.63,0,0,Success,None,0
TXN008465,CUST02918,2026-01-13 03:15:00,1837.14,Net Banking,0.6,0,0,Failed,Expired Card,1
TXN008466,CUST02847,2026-05-18 03:15:00,658.49,UPI,0.42,0,0,Success,None,0
TXN008467,CUST01398,2026-10-23 01:01:00,508.08,Card,0.88,4,1,Failed,Expired Card,0
TXN008468,CUST02600,2026-10-11 05:20:00,621.03,UPI,0.77,1,0,Success,None,0
TXN008469,CUST00281,2026-09-13 11:09:00,4821.9,Card,0.73,0,1,Success,None,0
TXN008470,CUST02329,2026-01-09 00:35:00,1668.15,Wallet,0.89,2,1,Success,None,0
TXN008471,CUST02607,2026-11-29 06:20:00,1872.52,Card,0.95,0,0,Success,None,0
TXN008472,CUST01762,2026-10-10 10:51:00,1297.31,Net Banking,0.31,3,1,Failed,Network Error,0
TXN008473,CUST02072,2026-09-14 22:05:00,1660.69,Card,0.7,0,0,Success,None,0
TXN008474,CUST02319,2026-05-25 09:00:00,359.39,Net Banking,0.45,4,0,Success,None,0
TXN008475,CUST00212,2026-08-15 10:11:00,1455.52,Card,0.86,3,0,Success,None,0
TXN008476,CUST02396,2026-11-05 11:15:00,528.2,Net Banking,0.8,2,0,Success,None,0
TXN008477,CUST01593,2026-01-01 04:15:00,866.71,Card,0.73,0,0,Success,None,0
TXN008478,CUST00918,2026-09-29 06:40:00,925.79,Card,0.71,0,0,Success,None,0
TXN008479,CUST01514,2026-06-30 09:11:00,1846.71,Wallet,0.34,3,0,Failed,Insufficient Funds,0
TXN008480,CUST01601,2026-11-06 16:50:00,2361.72,Wallet,0.44,2,1,Failed,Expired Card,0
TXN008481,CUST00865,2026-07-29 05:48:00,915.19,UPI,0.85,0,0,Failed,Expired Card,1
TXN008482,CUST00235,2026-12-04 13:16:00,1409.63,Net Banking,0.74,2,0,Success,None,0
TXN008483,CUST01191,2026-04-09 13:09:00,518.32,Wallet,0.35,0,1,Success,None,0
TXN008484,CUST00162,2026-02-22 11:45:00,4265.9,Net Banking,0.75,4,1,Success,None,0
TXN008485,CUST00779,2026-11-05 09:22:00,265.72,Net Banking,0.54,1,0,Success,None,0
TXN008486,CUST00095,2026-04-09 17:55:00,720.16,Card,0.96,3,0,Success,None,0
TXN008487,CUST01580,2026-11-30 19:35:00,425.48,Wallet,0.4,2,0,Success,None,0
TXN008488,CUST01693,2026-09-01 18:11:00,1361.74,Card,0.81,0,0,Success,None,0
TXN008489,CUST01488,2026-04-27 17:24:00,869.75,Net Banking,0.57,3,0,Success,None,0
TXN008490,CUST00486,2026-09-08 10:20:00,935.55,Wallet,0.68,4,0,Failed,Network Error,1
TXN008491,CUST02362,2026-11-19 00:59:00,1028.6,Card,0.85,1,0,Success,None,0
TXN008492,CUST02123,2026-04-09 18:36:00,454.85,UPI,0.65,1,0,Failed,Network Error,1
TXN008493,CUST02767,2026-07-25 13:32:00,1044.99,Card,0.9,3,0,Success,None,0
TXN008494,CUST02415,2026-06-07 18:51:00,1128.81,UPI,0.63,1,0,Success,None,0
TXN008495,CUST01528,2026-03-06 17:27:00,2402.04,Wallet,0.31,3,0,Failed,Network Error,1
TXN008496,CUST00582,2026-09-08 14:48:00,2826.23,Wallet,0.83,3,1,Success,None,0
TXN008497,CUST00569,2026-07-16 04:44:00,3695.38,Card,0.54,1,1,Success,None,0
TXN008498,CUST00340,2026-05-04 22:57:00,1343.07,Card,0.61,1,1,Success,None,0
TXN008499,CUST01042,2026-08-12 04:40:00,1293.69,Card,0.84,0,0,Failed,Expired Card,0
TXN008500,CUST01390,2026-02-28 14:49:00,1033.45,Net Banking,0.84,3,0,Failed,Bank Timeout,1
TXN008501,CUST00361,2026-01-30 08:52:00,2367.26,UPI,0.73,3,1,Failed,Insufficient Funds,1
TXN008502,CUST00533,2026-05-13 02:40:00,334.11,Wallet,0.45,4,0,Failed,Insufficient Funds,0
TXN008503,CUST01584,2026-04-08 09:04:00,1741.13,Card,0.96,4,0,Failed,Authentication Failed,1
TXN008504,CUST01495,2026-02-04 18:20:00,210.71,Card,0.35,1,0,Success,None,0
TXN008505,CUST02853,2026-01-12 03:49:00,1851.93,Net Banking,0.65,1,0,Success,None,0
TXN008506,CUST00763,2026-10-29 02:17:00,4198.78,Card,0.52,1,0,Success,None,0
TXN008507,CUST02716,2026-11-08 22:21:00,444.09,Wallet,0.84,3,1,Success,None,0
TXN008508,CUST01739,2026-09-29 03:11:00,1485.84,UPI,0.49,3,1,Failed,Network Error,0
TXN008509,CUST01975,2026-09-17 09:18:00,5740.33,Wallet,0.45,1,0,Success,None,0
TXN008510,CUST00326,2026-01-01 13:25:00,591.58,UPI,0.75,0,0,Success,None,0
TXN008511,CUST02087,2026-09-28 00:53:00,2385.63,Card,0.56,2,0,Failed,Authentication Failed,0
TXN008512,CUST01615,2026-08-22 21:28:00,732.7,Card,0.36,0,0,Success,None,0
TXN008513,CUST01921,2026-08-23 14:25:00,1299.42,Wallet,0.68,3,0,Success,None,0
TXN008514,CUST00772,2026-02-18 12:21:00,1081.08,Card,0.3,2,0,Success,None,0
TXN008515,CUST00868,2026-12-09 16:07:00,2152.85,Net Banking,0.41,4,0,Failed,Expired Card,0
TXN008516,CUST00549,2026-05-12 02:27:00,1932.04,Card,0.37,2,0,Failed,Authentication Failed,0
TXN008517,CUST01848,2026-06-16 02:13:00,681.78,Wallet,0.97,1,1,Failed,Network Error,1
TXN008518,CUST01827,2026-03-02 00:31:00,268.12,Net Banking,0.82,2,0,Success,None,0
TXN008519,CUST02697,2026-03-09 23:25:00,2422.96,UPI,0.34,4,0,Success,None,0
TXN008520,CUST00409,2026-06-07 06:39:00,2335.41,UPI,0.85,2,0,Failed,Insufficient Funds,1
TXN008521,CUST02913,2026-07-13 10:05:00,1754.64,Card,0.59,3,0,Success,None,0
TXN008522,CUST02386,2026-07-17 08:14:00,2200.5,Card,0.84,3,1,Success,None,0
TXN008523,CUST00723,2026-06-18 06:04:00,1067.31,Net Banking,0.83,0,0,Success,None,0
TXN008524,CUST02819,2026-05-15 04:03:00,2042.87,Net Banking,0.87,4,0,Success,None,0
TXN008525,CUST01832,2026-11-17 13:34:00,767.4,Net Banking,0.49,3,0,Success,None,0
TXN008526,CUST02361,2026-07-11 14:13:00,688.89,Wallet,0.87,1,0,Success,None,0
TXN008527,CUST00989,2026-02-24 16:35:00,2911.59,Net Banking,0.52,1,0,Failed,Network Error,1
TXN008528,CUST01669,2026-09-17 11:33:00,1396.09,Net Banking,0.94,0,1,Success,None,0
TXN008529,CUST02426,2026-09-29 15:47:00,686.32,Wallet,0.75,2,1,Success,None,0
TXN008530,CUST02642,2026-07-09 06:14:00,949.92,Wallet,0.77,3,0,Success,None,0
TXN008531,CUST00882,2026-11-14 21:20:00,530.65,Wallet,0.87,3,0,Success,None,0
TXN008532,CUST02352,2026-10-12 02:05:00,607.98,Card,0.76,2,0,Success,None,0
TXN008533,CUST02400,2026-02-11 18:50:00,1455.12,Net Banking,0.41,1,0,Success,None,0
TXN008534,CUST01795,2026-12-13 22:10:00,390.53,Net Banking,0.43,1,0,Success,None,0
TXN008535,CUST02582,2026-08-14 06:55:00,8004.8,Net Banking,0.53,0,0,Success,None,0
TXN008536,CUST01887,2026-06-27 11:06:00,1379.86,Net Banking,0.61,1,1,Success,None,0
TXN008537,CUST00564,2026-07-03 22:20:00,551.67,Wallet,0.74,3,0,Success,None,0
TXN008538,CUST01447,2026-09-05 04:53:00,1399.55,Wallet,0.93,2,1,Success,None,0
TXN008539,CUST02336,2026-07-21 16:32:00,3989.57,Wallet,0.45,0,1,Failed,Bank Timeout,1
TXN008540,CUST00084,2026-01-09 11:05:00,2852.83,Card,0.37,0,0,Failed,Insufficient Funds,1
TXN008541,CUST01047,2026-09-01 03:22:00,237.31,UPI,0.51,1,1,Success,None,0
TXN008542,CUST02442,2026-03-08 08:07:00,3269.41,Wallet,0.45,0,1,Success,None,0
TXN008543,CUST00352,2026-04-28 17:35:00,1836.16,Net Banking,0.39,2,1,Success,None,0
TXN008544,CUST00442,2026-07-25 17:35:00,506.33,Net Banking,0.36,2,0,Success,None,0
TXN008545,CUST01824,2026-08-30 16:22:00,1637.91,Wallet,0.94,0,0,Failed,Expired Card,1
TXN008546,CUST00007,2026-07-07 10:46:00,2298.25,UPI,0.48,2,0,Failed,Authentication Failed,1
TXN008547,CUST01118,2026-06-26 03:15:00,783.46,Card,0.57,1,0,Success,None,0
TXN008548,CUST02952,2026-06-04 04:56:00,1157.37,Net Banking,0.72,4,1,Success,None,0
TXN008549,CUST02883,2026-10-25 03:17:00,129.83,Net Banking,0.56,1,0,Success,None,0
TXN008550,CUST00184,2026-06-16 06:09:00,1820.57,Card,0.35,2,0,Success,None,0
TXN008551,CUST02402,2026-09-28 11:55:00,273.71,UPI,0.98,3,0,Success,None,0
TXN008552,CUST00262,2026-11-11 19:23:00,594.96,Net Banking,0.75,1,0,Failed,Network Error,1
TXN008553,CUST00963,2026-12-10 21:34:00,462.43,Card,0.41,2,0,Success,None,0
TXN008554,CUST01898,2026-09-05 12:34:00,307.66,Wallet,0.82,2,1,Failed,Authentication Failed,0
TXN008555,CUST01820,2026-11-25 20:17:00,2397.42,Wallet,0.97,1,0,Success,None,0
TXN008556,CUST01590,2026-04-28 11:32:00,1515.11,Card,0.44,2,1,Success,None,0
TXN008557,CUST00848,2026-04-20 01:33:00,4831.12,UPI,0.61,0,0,Success,None,0
TXN008558,CUST02455,2026-01-01 08:49:00,5271.82,Wallet,0.34,0,0,Success,None,0
TXN008559,CUST01956,2026-11-12 19:54:00,1220.48,Wallet,0.85,0,0,Success,None,0
TXN008560,CUST01692,2026-06-25 06:16:00,345.96,UPI,0.58,0,0,Success,None,0
TXN008561,CUST01616,2026-08-08 23:59:00,1533.2,Net Banking,0.46,3,1,Failed,Authentication Failed,0
TXN008562,CUST01944,2026-06-17 06:51:00,3658.93,Net Banking,0.87,1,0,Success,None,0
TXN008563,CUST00698,2026-05-15 01:50:00,633.49,UPI,0.32,2,0,Success,None,0
TXN008564,CUST01734,2026-10-12 22:45:00,1365.92,Wallet,0.46,4,0,Failed,Insufficient Funds,0
TXN008565,CUST00630,2026-05-21 20:24:00,3489.08,Card,0.76,2,0,Success,None,0
TXN008566,CUST02930,2026-04-29 15:58:00,1087.99,Net Banking,0.52,1,0,Success,None,0
TXN008567,CUST02981,2026-03-17 07:44:00,393.17,Wallet,0.87,3,1,Success,None,0
TXN008568,CUST02988,2026-07-23 23:25:00,1548.45,Net Banking,0.46,0,1,Success,None,0
TXN008569,CUST00227,2026-07-10 06:28:00,757.75,UPI,0.7,3,0,Success,None,0
TXN008570,CUST02673,2026-10-23 12:40:00,202.68,Card,0.94,4,0,Success,None,0
TXN008571,CUST01582,2026-09-30 18:17:00,1081.55,Wallet,0.36,2,1,Success,None,0
TXN008572,CUST00752,2026-04-05 18:36:00,1457.8,UPI,0.3,3,0,Success,None,0
TXN008573,CUST02689,2026-02-09 01:44:00,967.79,Card,0.47,3,0,Failed,Expired Card,0
TXN008574,CUST00722,2026-05-24 14:52:00,1797.74,Wallet,0.42,3,0,Success,None,0
TXN008575,CUST01048,2026-08-01 06:55:00,343.31,Net Banking,0.62,1,0,Success,None,0
TXN008576,CUST00261,2026-05-24 04:15:00,462.05,Net Banking,0.4,4,0,Success,None,0
TXN008577,CUST00892,2026-08-26 08:47:00,828.73,Wallet,0.43,0,0,Success,None,0
TXN008578,CUST00823,2026-09-16 20:52:00,1777.82,Wallet,0.43,3,0,Failed,Insufficient Funds,0
TXN008579,CUST01470,2026-04-05 06:58:00,647.06,UPI,0.99,0,1,Success,None,0
TXN008580,CUST01825,2026-11-13 19:17:00,721.73,UPI,0.93,4,1,Failed,Insufficient Funds,0
TXN008581,CUST02054,2026-03-16 10:47:00,565.87,Net Banking,0.81,0,0,Success,None,0
TXN008582,CUST00801,2026-08-09 00:54:00,1100.11,Net Banking,0.41,3,0,Success,None,0
TXN008583,CUST01495,2026-12-02 15:48:00,3887.44,Wallet,0.8,1,1,Failed,Bank Timeout,1
TXN008584,CUST02379,2026-06-10 10:36:00,833.88,Net Banking,0.63,4,1,Success,None,0
TXN008585,CUST01921,2026-05-12 06:27:00,2859.0,Wallet,0.31,0,0,Success,None,0
TXN008586,CUST02117,2026-06-22 15:39:00,338.92,Net Banking,0.72,4,0,Success,None,0
TXN008587,CUST00747,2026-08-10 17:23:00,1617.63,UPI,0.81,4,1,Success,None,0
TXN008588,CUST01334,2026-10-27 07:33:00,598.49,UPI,0.46,2,0,Failed,Authentication Failed,0
TXN008589,CUST00204,2026-03-20 23:13:00,1689.8,UPI,0.64,1,0,Success,None,0
TXN008590,CUST00869,2026-07-05 10:27:00,473.6,UPI,0.51,1,1,Success,None,0
TXN008591,CUST01930,2026-01-08 04:14:00,10869.17,Card,0.96,2,1,Success,None,0
TXN008592,CUST00264,2026-10-03 22:08:00,1484.87,Card,0.97,1,1,Failed,Expired Card,0
TXN008593,CUST00311,2026-06-25 12:02:00,2538.92,Net Banking,0.9,2,1,Failed,Insufficient Funds,1
TXN008594,CUST02489,2026-03-04 21:47:00,702.75,Card,0.81,0,0,Failed,Network Error,1
TXN008595,CUST02960,2026-10-17 23:53:00,1709.25,UPI,0.38,4,0,Failed,Authentication Failed,0
TXN008596,CUST01938,2026-05-03 07:58:00,295.0,UPI,0.64,3,0,Failed,Expired Card,0
TXN008597,CUST00636,2026-05-12 15:06:00,5538.94,Card,0.45,1,0,Success,None,0
TXN008598,CUST02830,2026-07-22 13:39:00,149.1,Card,0.68,4,0,Failed,Authentication Failed,1
TXN008599,CUST01791,2026-10-13 09:15:00,431.23,UPI,0.54,1,0,Failed,Bank Timeout,1
TXN008600,CUST02241,2026-10-18 07:35:00,2730.97,Card,0.54,1,0,Success,None,0
TXN008601,CUST01462,2026-07-11 22:21:00,1691.62,Card,0.49,1,1,Success,None,0
TXN008602,CUST00426,2026-05-08 16:53:00,3773.43,Wallet,0.48,2,0,Success,None,0
TXN008603,CUST01231,2026-05-30 11:20:00,1060.7,Wallet,0.98,3,0,Success,None,0
TXN008604,CUST02044,2026-04-11 20:17:00,3900.41,Net Banking,0.53,2,1,Failed,Network Error,1
TXN008605,CUST00139,2026-11-23 12:56:00,312.46,Net Banking,0.76,3,0,Success,None,0
TXN008606,CUST00421,2026-07-20 11:27:00,3759.41,Card,0.59,0,0,Success,None,0
TXN008607,CUST02974,2026-12-07 06:55:00,2021.8,Net Banking,0.85,0,0,Failed,Expired Card,1
TXN008608,CUST01295,2026-10-26 03:00:00,1470.49,Wallet,0.9,3,0,Success,None,0
TXN008609,CUST00105,2026-08-25 20:14:00,3267.84,Net Banking,0.93,2,0,Success,None,0
TXN008610,CUST01311,2026-02-09 15:20:00,259.67,UPI,0.85,4,0,Failed,Insufficient Funds,0
TXN008611,CUST01993,2026-10-20 14:58:00,1541.92,Wallet,0.73,4,1,Success,None,0
TXN008612,CUST01039,2026-01-29 21:37:00,525.07,Net Banking,0.69,3,1,Failed,Expired Card,0
TXN008613,CUST01830,2026-05-18 05:38:00,319.1,Card,0.99,4,1,Success,None,0
TXN008614,CUST01574,2026-10-05 17:23:00,491.45,Card,0.8,2,1,Success,None,0
TXN008615,CUST00993,2026-04-20 08:29:00,2000.0,Net Banking,0.76,1,0,Success,None,0
TXN008616,CUST01814,2026-03-25 07:54:00,2087.19,Wallet,0.62,2,1,Success,None,0
TXN008617,CUST01965,2026-02-26 21:02:00,729.87,Card,0.62,4,0,Success,None,0
TXN008618,CUST00698,2026-08-13 07:50:00,2915.99,Wallet,0.32,4,0,Failed,Insufficient Funds,0
TXN008619,CUST00003,2026-06-26 13:19:00,496.3,Net Banking,0.87,1,0,Success,None,0
TXN008620,CUST00847,2026-03-31 03:44:00,544.88,Net Banking,0.76,4,1,Success,None,0
TXN008621,CUST01283,2026-03-01 22:12:00,1818.93,Net Banking,0.36,0,0,Failed,Insufficient Funds,1
TXN008622,CUST00036,2026-04-02 22:21:00,1853.62,Net Banking,0.33,2,0,Success,None,0
TXN008623,CUST00535,2026-08-16 07:20:00,2728.83,Wallet,0.51,3,0,Success,None,0
TXN008624,CUST02628,2026-03-01 15:42:00,203.97,Wallet,0.53,4,1,Failed,Expired Card,0
TXN008625,CUST01105,2026-06-14 03:59:00,2366.99,UPI,0.91,2,1,Success,None,0
TXN008626,CUST01679,2026-07-28 07:26:00,1644.67,Card,0.78,3,0,Failed,Expired Card,1
TXN008627,CUST02379,2026-06-09 20:46:00,692.4,Net Banking,0.55,0,0,Failed,Network Error,1
TXN008628,CUST02952,2026-06-08 16:24:00,1878.46,Wallet,0.84,1,1,Success,None,0
TXN008629,CUST00840,2026-08-24 00:51:00,429.33,Net Banking,0.77,4,1,Success,None,0
TXN008630,CUST02147,2026-07-04 05:11:00,956.03,Net Banking,0.55,3,0,Success,None,0
TXN008631,CUST02682,2026-02-12 09:43:00,2053.77,Net Banking,0.81,2,1,Success,None,0
TXN008632,CUST00464,2026-04-06 13:16:00,468.54,Card,0.46,4,0,Failed,Network Error,1
TXN008633,CUST00265,2026-11-04 09:12:00,528.13,Wallet,0.93,3,0,Failed,Expired Card,0
TXN008634,CUST00742,2026-04-02 09:02:00,267.95,Net Banking,0.87,2,1,Success,None,0
TXN008635,CUST01953,2026-03-28 06:57:00,1145.71,Wallet,0.85,3,0,Success,None,0
TXN008636,CUST02623,2026-02-21 13:20:00,1181.15,Wallet,0.66,1,0,Success,None,0
TXN008637,CUST02080,2026-06-11 19:00:00,766.9,Card,0.83,2,1,Success,None,0
TXN008638,CUST01571,2026-12-04 19:00:00,997.19,Net Banking,0.87,0,0,Failed,Expired Card,0
TXN008639,CUST01361,2026-08-04 18:27:00,1484.52,Wallet,0.38,2,1,Success,None,0
TXN008640,CUST00520,2026-08-21 17:51:00,907.35,Card,0.36,1,0,Failed,Insufficient Funds,1
TXN008641,CUST01326,2026-04-27 09:29:00,2701.0,UPI,0.39,4,0,Failed,Network Error,1
TXN008642,CUST00465,2026-05-19 06:36:00,333.83,Net Banking,0.9,3,0,Failed,Network Error,1
TXN008643,CUST01165,2026-09-23 13:13:00,1951.07,Net Banking,0.91,0,0,Success,None,0
TXN008644,CUST02342,2026-04-21 06:55:00,1317.15,UPI,0.34,1,0,Success,None,0
TXN008645,CUST01190,2026-11-10 00:25:00,1319.15,Card,0.52,3,0,Success,None,0
TXN008646,CUST00423,2026-08-11 02:51:00,1247.0,Wallet,0.58,1,0,Success,None,0
TXN008647,CUST01012,2026-05-03 10:03:00,275.69,Card,0.68,0,1,Success,None,0
TXN008648,CUST00829,2026-11-16 05:26:00,258.02,Card,0.85,2,0,Success,None,0
TXN008649,CUST02509,2026-12-06 14:04:00,470.92,Net Banking,0.98,3,0,Success,None,0
TXN008650,CUST02337,2026-07-03 10:00:00,1990.95,UPI,0.44,3,0,Success,None,0
TXN008651,CUST02992,2026-11-30 14:06:00,8688.88,Card,0.43,0,1,Failed,Insufficient Funds,0
TXN008652,CUST02295,2026-08-19 10:18:00,3182.76,Wallet,0.5,3,0,Failed,Authentication Failed,0
TXN008653,CUST02874,2026-06-19 07:50:00,2572.14,Card,0.46,3,0,Success,None,0
TXN008654,CUST01014,2026-06-15 21:35:00,430.53,Wallet,0.57,0,1,Success,None,0
TXN008655,CUST02380,2026-11-12 21:32:00,5163.37,Card,0.96,4,0,Success,None,0
TXN008656,CUST01577,2026-07-27 05:54:00,318.36,Wallet,0.37,3,0,Success,None,0
TXN008657,CUST02693,2026-07-03 05:25:00,3282.91,Wallet,0.56,4,1,Failed,Network Error,1
TXN008658,CUST00046,2026-04-12 00:19:00,280.6,Net Banking,0.7,0,0,Success,None,0
TXN008659,CUST02711,2026-09-14 09:53:00,1268.48,Net Banking,0.98,0,1,Success,None,0
TXN008660,CUST02461,2026-12-11 02:53:00,371.04,Card,0.64,3,0,Success,None,0
TXN008661,CUST02811,2026-12-05 06:25:00,468.89,UPI,0.68,0,0,Success,None,0
TXN008662,CUST02508,2026-09-09 03:00:00,1306.8,Wallet,0.84,1,0,Success,None,0
TXN008663,CUST01658,2026-06-13 08:16:00,525.21,Card,0.6,2,0,Failed,Expired Card,0
TXN008664,CUST01416,2026-03-28 12:11:00,227.15,Card,0.73,2,1,Failed,Insufficient Funds,0
TXN008665,CUST02545,2026-09-26 15:18:00,3435.96,Net Banking,0.35,2,0,Failed,Network Error,0
TXN008666,CUST02048,2026-06-17 01:10:00,327.14,Wallet,0.63,0,0,Success,None,0
TXN008667,CUST01309,2026-03-01 22:12:00,1973.54,Wallet,0.99,1,1,Success,None,0
TXN008668,CUST02612,2026-09-18 22:25:00,1215.63,Net Banking,0.7,2,0,Success,None,0
TXN008669,CUST02747,2026-01-03 14:26:00,1608.13,Wallet,0.71,0,0,Success,None,0
TXN008670,CUST01349,2026-09-09 11:16:00,816.65,Wallet,0.36,2,0,Success,None,0
TXN008671,CUST01494,2026-05-04 07:52:00,2397.85,UPI,0.66,1,1,Success,None,0
TXN008672,CUST00582,2026-11-13 21:54:00,675.22,Wallet,0.97,3,0,Success,None,0
TXN008673,CUST00137,2026-05-08 03:21:00,2841.26,Net Banking,0.78,3,0,Failed,Insufficient Funds,1
TXN008674,CUST00187,2026-06-13 06:28:00,3916.87,Card,0.94,3,1,Success,None,0
TXN008675,CUST00266,2026-04-26 14:59:00,730.47,Card,0.93,1,0,Success,None,0
TXN008676,CUST02243,2026-10-12 11:52:00,3257.89,Wallet,0.78,1,1,Failed,Insufficient Funds,1
TXN008677,CUST01981,2026-03-23 16:47:00,1014.69,Card,0.82,4,0,Failed,Authentication Failed,0
TXN008678,CUST00458,2026-04-23 22:23:00,1201.71,Card,0.99,2,0,Success,None,0
TXN008679,CUST00913,2026-06-24 13:26:00,1399.16,UPI,0.32,3,0,Success,None,0
TXN008680,CUST00011,2026-07-26 04:54:00,599.64,Card,0.49,3,0,Success,None,0
TXN008681,CUST02168,2026-01-13 03:19:00,1120.1,UPI,0.69,2,0,Failed,Authentication Failed,0
TXN008682,CUST02800,2026-11-10 05:52:00,1006.24,Net Banking,0.92,4,0,Failed,Authentication Failed,0
TXN008683,CUST01735,2026-03-14 10:27:00,924.98,UPI,0.56,3,0,Success,None,0
TXN008684,CUST01744,2026-01-17 17:19:00,1163.68,Wallet,0.81,2,1,Failed,Authentication Failed,0
TXN008685,CUST01970,2026-07-25 09:22:00,486.22,Wallet,0.37,2,0,Failed,Network Error,1
TXN008686,CUST00998,2026-02-06 14:02:00,3569.24,Wallet,0.65,2,0,Success,None,0
TXN008687,CUST01305,2026-11-24 18:05:00,552.71,UPI,0.72,3,1,Failed,Bank Timeout,1
TXN008688,CUST00049,2026-03-07 02:41:00,1842.29,Net Banking,0.83,2,0,Success,None,0
TXN008689,CUST02820,2026-01-10 09:21:00,474.69,Net Banking,0.57,4,0,Failed,Expired Card,0
TXN008690,CUST01333,2026-02-25 01:37:00,1412.17,Net Banking,0.88,4,1,Success,None,0
TXN008691,CUST01404,2026-10-03 06:39:00,1810.66,Card,0.9,3,0,Failed,Network Error,0
TXN008692,CUST02578,2026-07-11 15:42:00,1769.3,Wallet,0.76,1,0,Success,None,0
TXN008693,CUST00627,2026-01-06 23:26:00,2777.74,UPI,0.48,2,0,Failed,Network Error,1
TXN008694,CUST01515,2026-09-25 15:46:00,1341.55,UPI,0.66,0,1,Success,None,0
TXN008695,CUST02376,2026-05-28 20:16:00,1847.72,Net Banking,0.38,1,0,Failed,Authentication Failed,1
TXN008696,CUST02143,2026-10-07 02:00:00,460.79,UPI,0.59,0,1,Success,None,0
TXN008697,CUST00353,2026-08-18 06:17:00,570.83,UPI,0.41,2,0,Failed,Authentication Failed,0
TXN008698,CUST00366,2026-01-07 01:27:00,411.48,Wallet,0.46,1,0,Success,None,0
TXN008699,CUST01805,2026-01-16 07:48:00,807.52,Net Banking,0.52,2,0,Success,None,0
TXN008700,CUST01278,2026-01-13 08:22:00,517.81,UPI,0.6,2,0,Success,None,0
TXN008701,CUST00533,2026-05-28 20:53:00,477.38,Card,0.96,3,0,Success,None,0
TXN008702,CUST02666,2026-08-09 23:53:00,1390.46,UPI,0.33,3,0,Failed,Network Error,1
TXN008703,CUST01361,2026-09-27 02:22:00,1316.67,Card,0.54,3,0,Success,None,0
TXN008704,CUST02777,2026-03-18 21:11:00,589.52,UPI,0.3,1,1,Success,None,0
TXN008705,CUST01653,2026-02-21 00:15:00,1618.22,Card,0.8,2,1,Failed,Bank Timeout,1
TXN008706,CUST01487,2026-06-26 09:44:00,490.49,Net Banking,0.41,2,0,Failed,Insufficient Funds,1
TXN008707,CUST00966,2026-10-12 20:15:00,572.65,Card,0.68,2,0,Failed,Network Error,0
TXN008708,CUST01068,2026-05-27 03:17:00,4573.45,Card,0.42,2,1,Failed,Bank Timeout,1
TXN008709,CUST00167,2026-05-10 23:12:00,1502.91,UPI,0.78,0,0,Success,None,0
TXN008710,CUST02424,2026-04-10 11:28:00,549.82,Card,0.69,4,0,Success,None,0
TXN008711,CUST02031,2026-02-08 01:02:00,100.24,Wallet,0.47,1,0,Failed,Network Error,1
TXN008712,CUST02816,2026-02-09 20:44:00,1539.84,UPI,0.52,4,1,Success,None,0
TXN008713,CUST00209,2026-03-18 17:37:00,1636.16,Wallet,1.0,4,1,Failed,Insufficient Funds,0
TXN008714,CUST00057,2026-11-20 03:26:00,774.56,Wallet,0.91,4,0,Success,None,0
TXN008715,CUST01665,2026-03-23 03:32:00,2901.09,Wallet,0.46,4,0,Success,None,0
TXN008716,CUST00942,2026-05-19 06:06:00,603.3,UPI,0.79,4,0,Success,None,0
TXN008717,CUST02783,2026-05-13 19:58:00,1595.09,UPI,0.59,1,0,Success,None,0
TXN008718,CUST00415,2026-04-29 12:23:00,800.61,UPI,0.68,3,0,Success,None,0
TXN008719,CUST01675,2026-05-15 14:25:00,316.58,Net Banking,0.38,3,0,Success,None,0
TXN008720,CUST00949,2026-11-12 07:55:00,445.95,Wallet,0.73,0,0,Success,None,0
TXN008721,CUST00898,2026-02-16 07:45:00,408.63,Net Banking,0.52,3,0,Success,None,0
TXN008722,CUST01649,2026-05-24 16:36:00,267.02,Wallet,0.73,4,1,Success,None,0
TXN008723,CUST00663,2026-12-04 19:57:00,305.65,Card,0.96,4,0,Success,None,0
TXN008724,CUST02617,2026-06-27 18:40:00,944.99,Wallet,0.75,4,0,Success,None,0
TXN008725,CUST01491,2026-08-18 16:37:00,973.61,Net Banking,0.59,0,0,Failed,Expired Card,0
TXN008726,CUST00491,2026-08-26 09:30:00,975.47,Wallet,0.7,3,0,Success,None,0
TXN008727,CUST00367,2026-02-04 05:48:00,1234.58,Card,0.38,2,1,Success,None,0
TXN008728,CUST00151,2026-05-20 07:41:00,626.29,Wallet,0.86,2,0,Success,None,0
TXN008729,CUST01086,2026-02-01 21:08:00,1508.69,UPI,0.52,2,1,Failed,Authentication Failed,0
TXN008730,CUST00152,2026-10-06 21:56:00,742.74,Net Banking,0.95,2,0,Failed,Insufficient Funds,0
TXN008731,CUST00760,2026-04-14 09:00:00,519.72,Net Banking,0.52,3,0,Failed,Network Error,1
TXN008732,CUST02456,2026-09-23 04:51:00,1770.82,Card,0.5,3,0,Success,None,0
TXN008733,CUST01053,2026-11-01 02:17:00,1209.34,Net Banking,0.81,0,0,Success,None,0
TXN008734,CUST02992,2026-04-03 14:01:00,1145.32,Card,0.79,3,0,Success,None,0
TXN008735,CUST01756,2026-08-08 12:34:00,473.94,Wallet,0.82,1,0,Success,None,0
TXN008736,CUST02243,2026-03-31 18:12:00,466.33,Card,0.94,1,1,Success,None,0
TXN008737,CUST01333,2026-11-24 07:10:00,2446.08,Wallet,0.52,1,0,Success,None,0
TXN008738,CUST01947,2026-09-14 16:40:00,613.54,Card,0.99,3,0,Success,None,0
TXN008739,CUST01153,2026-06-08 22:42:00,843.68,Wallet,0.66,0,0,Success,None,0
TXN008740,CUST01107,2026-06-08 11:58:00,714.89,Net Banking,0.43,0,0,Failed,Insufficient Funds,1
TXN008741,CUST01444,2026-02-26 09:43:00,2486.93,Card,0.33,1,0,Failed,Network Error,1
TXN008742,CUST01399,2026-07-22 19:01:00,1113.02,Net Banking,0.88,3,0,Success,None,0
TXN008743,CUST00588,2026-10-30 14:27:00,788.39,Card,0.58,3,0,Success,None,0
TXN008744,CUST00852,2026-12-08 19:49:00,1413.92,UPI,0.99,4,0,Success,None,0
TXN008745,CUST02818,2026-01-27 08:35:00,1216.74,UPI,0.61,2,0,Failed,Insufficient Funds,0
TXN008746,CUST01119,2026-10-09 08:13:00,1150.78,Net Banking,0.97,1,0,Success,None,0
TXN008747,CUST01972,2026-05-14 21:48:00,836.93,Card,0.37,2,0,Failed,Authentication Failed,0
TXN008748,CUST02092,2026-09-11 19:33:00,3168.94,UPI,0.65,2,0,Failed,Insufficient Funds,0
TXN008749,CUST00641,2026-02-25 02:03:00,3003.98,Wallet,0.68,3,0,Failed,Authentication Failed,0
TXN008750,CUST00842,2026-09-10 01:06:00,1089.36,Card,1.0,2,0,Failed,Bank Timeout,1
TXN008751,CUST02002,2026-09-24 23:42:00,701.57,Card,0.56,4,0,Success,None,0
TXN008752,CUST00621,2026-02-27 15:44:00,360.23,Card,0.65,3,1,Success,None,0
TXN008753,CUST01014,2026-11-16 19:35:00,1356.5,Wallet,0.91,1,0,Success,None,0
TXN008754,CUST00514,2026-11-30 11:10:00,5221.96,Wallet,0.46,3,1,Success,None,0
TXN008755,CUST01799,2026-11-18 03:48:00,1449.01,Wallet,0.48,2,1,Failed,Expired Card,0
TXN008756,CUST02076,2026-07-31 09:39:00,961.47,Net Banking,0.34,4,0,Failed,Network Error,1
TXN008757,CUST02202,2026-10-01 23:59:00,928.39,Wallet,0.58,3,1,Failed,Network Error,1
TXN008758,CUST02356,2026-08-10 00:53:00,244.5,Card,0.8,2,0,Success,None,0
TXN008759,CUST00299,2026-06-28 00:48:00,486.21,Card,0.65,1,1,Success,None,0
TXN008760,CUST02610,2026-11-12 10:07:00,863.99,Net Banking,0.63,3,0,Failed,Authentication Failed,1
TXN008761,CUST02067,2026-11-28 06:10:00,442.76,Wallet,0.93,2,0,Failed,Network Error,1
TXN008762,CUST01657,2026-08-24 06:17:00,478.71,Card,0.8,3,1,Failed,Expired Card,1
TXN008763,CUST00765,2026-01-28 12:58:00,1378.04,Card,0.67,0,0,Success,None,0
TXN008764,CUST00506,2026-06-26 02:18:00,939.4,Wallet,0.69,1,0,Success,None,0
TXN008765,CUST02445,2026-03-30 14:12:00,1064.35,Wallet,0.52,0,0,Success,None,0
TXN008766,CUST00169,2026-03-10 23:06:00,2240.3,Net Banking,0.77,1,0,Success,None,0
TXN008767,CUST00418,2026-07-06 10:43:00,767.45,Card,0.53,2,0,Success,None,0
TXN008768,CUST00432,2026-04-12 18:43:00,1576.96,UPI,0.47,3,1,Failed,Expired Card,0
TXN008769,CUST00646,2026-02-19 05:09:00,1646.74,UPI,0.81,1,1,Success,None,0
TXN008770,CUST00489,2026-07-02 07:28:00,1229.01,UPI,0.71,4,0,Failed,Expired Card,0
TXN008771,CUST00795,2026-05-09 17:54:00,541.99,Net Banking,0.74,0,0,Success,None,0
TXN008772,CUST02737,2026-07-18 03:05:00,595.96,Net Banking,0.31,1,1,Failed,Insufficient Funds,0
TXN008773,CUST01986,2026-10-22 14:11:00,429.31,Net Banking,0.63,1,0,Success,None,0
TXN008774,CUST01301,2026-01-08 19:46:00,1050.26,UPI,0.46,4,0,Success,None,0
TXN008775,CUST01747,2026-11-05 00:44:00,770.39,Wallet,0.98,0,1,Success,None,0
TXN008776,CUST00966,2026-01-22 16:49:00,984.95,Card,0.48,3,0,Failed,Network Error,0
TXN008777,CUST00156,2026-11-29 08:35:00,2285.89,Wallet,0.67,1,1,Success,None,0
TXN008778,CUST00588,2026-07-21 01:09:00,231.88,Card,0.75,2,1,Success,None,0
TXN008779,CUST00593,2026-08-21 09:47:00,1018.12,Card,0.71,2,0,Success,None,0
TXN008780,CUST01746,2026-05-03 19:48:00,492.64,Card,0.59,0,0,Success,None,0
TXN008781,CUST01704,2026-01-22 23:18:00,1467.86,UPI,0.88,1,0,Success,None,0
TXN008782,CUST00136,2026-11-12 11:08:00,544.32,Net Banking,0.71,0,0,Success,None,0
TXN008783,CUST02514,2026-12-03 03:18:00,760.92,Wallet,0.68,4,1,Failed,Insufficient Funds,0
TXN008784,CUST00557,2026-01-14 12:47:00,494.41,Wallet,0.93,4,0,Failed,Expired Card,0
TXN008785,CUST02632,2026-11-12 18:13:00,639.47,Wallet,0.67,2,0,Success,None,0
TXN008786,CUST02175,2026-12-06 14:44:00,2024.07,Wallet,0.44,3,1,Success,None,0
TXN008787,CUST00204,2026-06-02 11:04:00,233.35,Net Banking,0.91,4,0,Success,None,0
TXN008788,CUST01603,2026-02-11 09:37:00,1756.09,UPI,0.43,4,0,Success,None,0
TXN008789,CUST00172,2026-06-21 12:02:00,428.78,Net Banking,0.67,3,0,Success,None,0
TXN008790,CUST00221,2026-01-31 03:08:00,3861.12,Card,0.34,4,1,Failed,Network Error,1
TXN008791,CUST02370,2026-08-14 09:57:00,2011.07,Card,0.97,0,0,Success,None,0
TXN008792,CUST02469,2026-11-29 13:30:00,403.95,UPI,0.9,1,0,Success,None,0
TXN008793,CUST01398,2026-05-25 20:03:00,1050.89,UPI,0.97,3,0,Success,None,0
TXN008794,CUST01976,2026-08-26 09:00:00,1543.74,UPI,0.67,0,0,Success,None,0
TXN008795,CUST02018,2026-11-22 01:30:00,2049.76,Net Banking,0.59,2,0,Success,None,0
TXN008796,CUST02555,2026-01-23 23:28:00,3513.13,Wallet,0.96,4,0,Failed,Bank Timeout,1
TXN008797,CUST01892,2026-11-20 22:49:00,1475.92,Card,0.86,1,0,Success,None,0
TXN008798,CUST00714,2026-03-04 23:00:00,2230.55,Net Banking,0.83,1,0,Success,None,0
TXN008799,CUST02355,2026-10-08 15:49:00,1435.49,Card,0.8,3,0,Failed,Network Error,1
TXN008800,CUST00153,2026-08-04 18:43:00,317.96,Net Banking,0.52,0,0,Success,None,0
TXN008801,CUST02256,2026-10-08 15:50:00,335.08,Card,0.58,2,1,Failed,Network Error,1
TXN008802,CUST00962,2026-10-14 16:30:00,355.4,Net Banking,0.55,0,1,Failed,Network Error,1
TXN008803,CUST02459,2026-07-18 19:42:00,345.6,Net Banking,0.62,2,1,Failed,Insufficient Funds,0
TXN008804,CUST01948,2026-09-26 03:09:00,977.99,UPI,0.99,4,0,Success,None,0
TXN008805,CUST01756,2026-05-30 16:10:00,1842.94,Net Banking,0.56,1,1,Failed,Expired Card,0
TXN008806,CUST01959,2026-08-21 11:31:00,1315.37,Card,0.58,2,0,Success,None,0
TXN008807,CUST02656,2026-10-30 18:27:00,826.09,Net Banking,0.79,0,0,Success,None,0
TXN008808,CUST02229,2026-05-12 09:19:00,1400.84,Net Banking,0.93,1,1,Success,None,0
TXN008809,CUST00056,2026-01-12 09:55:00,1752.48,UPI,0.31,3,1,Failed,Expired Card,0
TXN008810,CUST02998,2026-06-11 13:59:00,902.88,UPI,0.79,1,0,Success,None,0
TXN008811,CUST00390,2026-10-06 20:24:00,2051.7,Card,0.38,0,0,Success,None,0
TXN008812,CUST02407,2026-04-13 22:43:00,1449.91,Net Banking,0.81,4,0,Success,None,0
TXN008813,CUST00859,2026-10-21 12:33:00,835.86,Card,0.34,1,0,Failed,Network Error,1
TXN008814,CUST02379,2026-01-07 16:39:00,1065.22,Wallet,0.38,3,0,Failed,Insufficient Funds,1
TXN008815,CUST00342,2026-01-12 06:49:00,1550.22,UPI,0.57,2,1,Success,None,0
TXN008816,CUST02532,2026-04-30 00:17:00,1422.44,UPI,0.97,1,0,Success,None,0
TXN008817,CUST00030,2026-03-05 09:44:00,1088.97,Card,0.32,3,0,Success,None,0
TXN008818,CUST00224,2026-01-29 03:07:00,2719.84,Wallet,0.98,4,0,Success,None,0
TXN008819,CUST01132,2026-05-26 03:05:00,491.68,Wallet,0.47,1,1,Success,None,0
TXN008820,CUST00947,2026-02-04 09:40:00,1752.81,Card,0.56,0,1,Failed,Network Error,1
TXN008821,CUST02252,2026-02-08 09:01:00,1960.26,UPI,0.44,1,0,Success,None,0
TXN008822,CUST00262,2026-09-09 14:54:00,463.34,UPI,0.49,3,0,Failed,Authentication Failed,1
TXN008823,CUST02467,2026-04-26 05:03:00,595.22,UPI,0.63,4,0,Success,None,0
TXN008824,CUST01025,2026-10-05 14:02:00,1367.18,Wallet,0.92,0,0,Failed,Insufficient Funds,0
TXN008825,CUST00119,2026-08-06 17:33:00,984.79,Net Banking,0.66,4,0,Success,None,0
TXN008826,CUST00024,2026-10-08 20:11:00,1011.73,UPI,0.32,2,1,Failed,Authentication Failed,1
TXN008827,CUST02612,2026-10-20 04:57:00,398.05,Card,0.93,2,0,Failed,Authentication Failed,0
TXN008828,CUST01495,2026-02-01 16:27:00,417.06,Card,0.48,4,0,Failed,Authentication Failed,0
TXN008829,CUST00978,2026-04-07 00:32:00,689.8,Wallet,0.38,2,0,Failed,Insufficient Funds,0
TXN008830,CUST02672,2026-09-14 12:14:00,877.67,Card,0.39,0,0,Success,None,0
TXN008831,CUST02160,2026-02-05 14:43:00,1828.21,Card,0.6,3,1,Failed,Insufficient Funds,0
TXN008832,CUST01697,2026-01-08 21:38:00,827.66,Wallet,0.42,2,1,Success,None,0
TXN008833,CUST01208,2026-03-12 08:48:00,229.53,Card,0.97,4,0,Success,None,0
TXN008834,CUST01826,2026-04-15 16:38:00,2570.85,Net Banking,0.88,3,1,Success,None,0
TXN008835,CUST02721,2026-05-14 16:42:00,528.5,UPI,0.84,2,0,Success,None,0
TXN008836,CUST00351,2026-03-11 18:36:00,1014.63,Wallet,0.43,3,0,Success,None,0
TXN008837,CUST00527,2026-09-10 17:07:00,887.98,Card,0.4,3,1,Success,None,0
TXN008838,CUST00669,2026-04-26 00:27:00,2696.56,Net Banking,0.98,3,0,Failed,Expired Card,0
TXN008839,CUST02141,2026-05-27 00:22:00,2877.02,Wallet,0.31,4,0,Failed,Expired Card,0
TXN008840,CUST00405,2026-04-26 12:09:00,783.63,Card,0.58,3,0,Success,None,0
TXN008841,CUST00384,2026-03-01 03:47:00,1309.99,UPI,0.41,0,0,Success,None,0
TXN008842,CUST00476,2026-09-13 11:42:00,1494.39,Net Banking,0.32,1,0,Success,None,0
TXN008843,CUST01493,2026-06-10 01:17:00,2159.18,Net Banking,0.42,2,1,Success,None,0
TXN008844,CUST00305,2026-01-28 01:43:00,1894.85,Card,0.43,1,1,Success,None,0
TXN008845,CUST02925,2026-07-28 18:08:00,651.41,Wallet,0.43,2,0,Success,None,0
TXN008846,CUST02796,2026-08-06 09:38:00,1373.7,UPI,0.63,3,1,Success,None,0
TXN008847,CUST01271,2026-07-17 14:36:00,2284.16,Net Banking,0.42,2,0,Success,None,0
TXN008848,CUST01949,2026-04-03 12:56:00,396.02,Net Banking,0.97,0,0,Success,None,0
TXN008849,CUST00501,2026-05-27 20:14:00,1620.23,UPI,0.67,0,1,Success,None,0
TXN008850,CUST01891,2026-02-07 23:05:00,593.37,UPI,0.42,0,1,Failed,Bank Timeout,0
TXN008851,CUST00465,2026-06-14 13:04:00,1012.29,UPI,0.37,0,0,Success,None,0
TXN008852,CUST02181,2026-08-30 23:56:00,2581.9,Card,0.64,1,0,Success,None,0
TXN008853,CUST01864,2026-12-08 08:12:00,272.08,UPI,0.67,1,0,Success,None,0
TXN008854,CUST01303,2026-05-11 05:14:00,421.3,Card,0.63,3,1,Success,None,0
TXN008855,CUST01064,2026-01-24 04:11:00,2012.17,Wallet,0.51,0,0,Success,None,0
TXN008856,CUST02727,2026-11-08 13:59:00,266.87,UPI,0.37,2,0,Failed,Bank Timeout,0
TXN008857,CUST02961,2026-07-21 07:47:00,1580.33,Wallet,0.98,0,1,Success,None,0
TXN008858,CUST01192,2026-06-03 08:01:00,436.79,Card,0.43,0,0,Success,None,0
TXN008859,CUST00843,2026-04-21 07:16:00,743.25,Net Banking,0.81,2,0,Success,None,0
TXN008860,CUST00501,2026-04-26 10:53:00,2560.99,UPI,0.65,2,1,Success,None,0
TXN008861,CUST02699,2026-02-22 14:36:00,1262.33,Net Banking,0.78,3,1,Failed,Network Error,1
TXN008862,CUST00520,2026-08-23 13:17:00,222.66,Card,0.76,1,0,Success,None,0
TXN008863,CUST01204,2026-10-18 00:44:00,3496.25,Wallet,0.64,1,0,Success,None,0
TXN008864,CUST01732,2026-05-26 18:08:00,1068.2,UPI,0.82,4,0,Failed,Insufficient Funds,1
TXN008865,CUST02124,2026-02-05 14:33:00,1954.57,Card,0.43,4,0,Success,None,0
TXN008866,CUST02513,2026-04-12 14:37:00,1402.04,Net Banking,0.38,1,0,Failed,Authentication Failed,0
TXN008867,CUST01305,2026-11-04 20:06:00,1315.03,Wallet,0.93,1,0,Success,None,0
TXN008868,CUST01175,2026-04-29 05:43:00,683.8,Wallet,0.45,3,0,Success,None,0
TXN008869,CUST00957,2026-10-01 19:37:00,2033.35,Card,0.44,0,1,Success,None,0
TXN008870,CUST02378,2026-06-06 14:41:00,966.26,Net Banking,0.67,2,0,Failed,Insufficient Funds,1
TXN008871,CUST02645,2026-02-04 23:58:00,421.36,Net Banking,0.68,2,0,Success,None,0
TXN008872,CUST01949,2026-08-22 16:39:00,511.31,Card,0.64,0,0,Failed,Network Error,1
TXN008873,CUST00992,2026-12-11 14:27:00,3170.68,Wallet,0.88,0,0,Success,None,0
TXN008874,CUST02226,2026-08-21 15:26:00,1031.32,Wallet,0.3,4,0,Success,None,0
TXN008875,CUST02194,2026-06-14 21:13:00,793.49,Wallet,0.79,3,0,Failed,Authentication Failed,1
TXN008876,CUST00457,2026-01-05 23:37:00,1359.36,UPI,0.67,4,0,Failed,Network Error,0
TXN008877,CUST02849,2026-08-21 13:16:00,1387.58,UPI,0.34,2,0,Failed,Network Error,1
TXN008878,CUST01256,2026-03-28 16:42:00,2035.73,Wallet,0.64,3,0,Failed,Network Error,1
TXN008879,CUST01521,2026-04-01 12:22:00,1814.88,Card,0.96,4,1,Success,None,0
TXN008880,CUST02470,2026-02-04 03:27:00,1020.1,Wallet,0.75,3,0,Failed,Authentication Failed,1
TXN008881,CUST00640,2026-01-28 20:29:00,1390.24,Net Banking,0.43,2,0,Success,None,0
TXN008882,CUST01310,2026-01-02 11:48:00,1767.46,Wallet,0.95,0,0,Success,None,0
TXN008883,CUST01941,2026-11-29 00:37:00,165.8,Card,0.49,0,0,Success,None,0
TXN008884,CUST02124,2026-07-22 19:13:00,452.94,UPI,0.89,2,1,Failed,Expired Card,1
TXN008885,CUST01101,2026-03-03 14:04:00,387.2,Wallet,0.4,0,0,Success,None,0
TXN008886,CUST01342,2026-08-07 01:49:00,921.47,UPI,0.37,2,0,Success,None,0
TXN008887,CUST01979,2026-07-02 20:12:00,997.87,Net Banking,0.41,4,0,Success,None,0
TXN008888,CUST02174,2026-09-23 18:09:00,711.28,UPI,0.36,2,1,Success,None,0
TXN008889,CUST01600,2026-05-25 10:39:00,678.71,Card,0.36,3,0,Success,None,0
TXN008890,CUST02484,2026-04-15 20:45:00,1391.08,Card,0.45,4,0,Failed,Insufficient Funds,0
TXN008891,CUST02603,2026-08-06 07:09:00,1456.78,Wallet,0.9,0,0,Success,None,0
TXN008892,CUST01104,2026-03-06 15:02:00,1425.27,Net Banking,0.82,0,1,Success,None,0
TXN008893,CUST02101,2026-07-05 21:00:00,304.26,Wallet,0.38,4,0,Success,None,0
TXN008894,CUST01613,2026-02-02 09:57:00,1862.2,UPI,0.55,4,0,Success,None,0
TXN008895,CUST00615,2026-12-07 23:42:00,4024.59,UPI,0.39,0,1,Success,None,0
TXN008896,CUST02469,2026-10-11 10:41:00,6670.51,Net Banking,0.87,1,0,Success,None,0
TXN008897,CUST00859,2026-03-09 11:50:00,847.34,Card,0.9,1,0,Success,None,0
TXN008898,CUST01599,2026-02-19 21:09:00,104.75,Net Banking,0.37,3,1,Success,None,0
TXN008899,CUST00010,2026-12-10 06:57:00,1654.82,Net Banking,0.63,1,0,Success,None,0
TXN008900,CUST00505,2026-09-08 21:09:00,1879.31,Wallet,0.64,3,0,Success,None,0
TXN008901,CUST02865,2026-02-03 11:17:00,2700.85,Wallet,0.37,0,0,Failed,Bank Timeout,1
TXN008902,CUST00715,2026-03-10 16:15:00,978.55,Net Banking,0.76,3,1,Failed,Bank Timeout,1
TXN008903,CUST01293,2026-09-12 16:39:00,1293.32,Card,0.9,3,0,Success,None,0
TXN008904,CUST01042,2026-09-04 05:01:00,569.4,Wallet,0.56,1,0,Success,None,0
TXN008905,CUST02960,2026-08-10 19:17:00,2520.69,Net Banking,0.77,1,0,Success,None,0
TXN008906,CUST00759,2026-08-05 05:44:00,1686.09,Net Banking,0.87,0,1,Success,None,0
TXN008907,CUST01971,2026-05-15 13:45:00,3471.61,Card,0.71,2,0,Success,None,0
TXN008908,CUST00269,2026-02-22 05:41:00,472.4,Wallet,0.54,4,0,Success,None,0
TXN008909,CUST00207,2026-08-30 10:09:00,2874.34,Net Banking,0.83,2,0,Failed,Network Error,1
TXN008910,CUST02626,2026-05-11 16:03:00,1293.36,Card,0.32,0,0,Failed,Expired Card,0
TXN008911,CUST02025,2026-05-24 22:53:00,2832.8,Wallet,0.79,4,0,Success,None,0
TXN008912,CUST02751,2026-03-18 18:29:00,215.88,Net Banking,0.94,1,1,Failed,Authentication Failed,1
TXN008913,CUST01859,2026-07-09 12:49:00,1220.22,Net Banking,0.8,1,0,Success,None,0
TXN008914,CUST01730,2026-08-01 06:17:00,725.52,UPI,0.9,0,0,Success,None,0
TXN008915,CUST00349,2026-02-07 17:52:00,842.49,Card,0.32,1,0,Success,None,0
TXN008916,CUST02703,2026-08-27 16:44:00,652.34,UPI,0.34,0,0,Success,None,0
TXN008917,CUST00208,2026-06-23 02:19:00,1535.54,Card,0.74,0,0,Success,None,0
TXN008918,CUST00769,2026-03-06 20:26:00,1031.5,Net Banking,0.86,2,0,Failed,Network Error,1
TXN008919,CUST02363,2026-09-17 00:53:00,446.04,Wallet,0.4,2,0,Failed,Insufficient Funds,0
TXN008920,CUST00865,2026-03-08 00:44:00,3967.72,Card,0.77,1,0,Success,None,0
TXN008921,CUST00697,2026-10-13 22:30:00,934.36,Card,0.8,0,1,Success,None,0
TXN008922,CUST02146,2026-01-22 13:35:00,2234.56,Card,0.89,2,1,Success,None,0
TXN008923,CUST00849,2026-04-01 11:52:00,566.75,Net Banking,0.75,4,0,Failed,Authentication Failed,0
TXN008924,CUST02158,2026-07-09 00:39:00,4363.67,UPI,0.45,2,1,Failed,Bank Timeout,1
TXN008925,CUST02532,2026-03-23 23:45:00,948.29,Wallet,0.77,1,0,Failed,Insufficient Funds,1
TXN008926,CUST02269,2026-05-17 19:39:00,361.56,Wallet,0.66,1,0,Success,None,0
TXN008927,CUST02113,2026-06-12 12:28:00,1017.36,UPI,0.76,0,0,Failed,Insufficient Funds,1
TXN008928,CUST00438,2026-01-28 03:06:00,870.0,Net Banking,0.67,4,0,Success,None,0
TXN008929,CUST02226,2026-09-18 02:15:00,1005.73,Wallet,0.58,2,0,Success,None,0
TXN008930,CUST02214,2026-06-11 18:01:00,250.79,Card,0.35,0,0,Success,None,0
TXN008931,CUST02663,2026-07-17 23:10:00,531.31,Net Banking,0.59,3,0,Success,None,0
TXN008932,CUST00393,2026-06-12 03:51:00,3638.88,UPI,0.72,1,0,Success,None,0
TXN008933,CUST02750,2026-05-25 01:34:00,845.25,UPI,0.8,2,0,Success,None,0
TXN008934,CUST01255,2026-04-23 08:28:00,2972.85,Card,0.94,2,0,Success,None,0
TXN008935,CUST01801,2026-01-06 15:34:00,1643.45,UPI,0.43,3,0,Failed,Network Error,1
TXN008936,CUST01459,2026-11-07 22:51:00,6353.61,Card,0.41,2,0,Success,None,0
TXN008937,CUST01081,2026-08-31 21:31:00,1488.81,Card,0.33,4,0,Failed,Insufficient Funds,1
TXN008938,CUST02736,2026-07-25 13:59:00,6241.7,UPI,0.41,4,0,Success,None,0
TXN008939,CUST02120,2026-10-21 10:41:00,388.72,Card,0.34,2,0,Success,None,0
TXN008940,CUST02987,2026-06-29 04:30:00,505.07,Card,0.76,4,0,Failed,Authentication Failed,0
TXN008941,CUST01396,2026-09-26 02:04:00,669.07,Card,0.64,4,1,Success,None,0
TXN008942,CUST00898,2026-05-16 02:42:00,1901.83,Net Banking,0.54,3,0,Success,None,0
TXN008943,CUST01208,2026-11-18 22:42:00,934.24,Wallet,0.6,0,0,Success,None,0
TXN008944,CUST00887,2026-10-09 00:08:00,523.5,Card,0.9,0,1,Failed,Insufficient Funds,1
TXN008945,CUST01684,2026-01-23 03:44:00,441.3,Wallet,0.35,3,1,Failed,Authentication Failed,1
TXN008946,CUST00955,2026-07-28 15:34:00,1523.52,Card,0.55,0,0,Success,None,0
TXN008947,CUST02944,2026-02-07 23:50:00,1215.95,UPI,0.32,3,0,Success,None,0
TXN008948,CUST01381,2026-08-05 14:55:00,546.1,Net Banking,0.54,1,0,Success,None,0
TXN008949,CUST02008,2026-11-03 04:58:00,675.99,Card,0.82,1,0,Success,None,0
TXN008950,CUST01048,2026-06-27 13:17:00,2164.15,Card,0.47,0,0,Success,None,0
TXN008951,CUST02551,2026-01-04 01:35:00,658.23,Wallet,0.79,0,1,Success,None,0
TXN008952,CUST01990,2026-01-11 00:08:00,1749.88,Card,0.97,4,0,Success,None,0
TXN008953,CUST00400,2026-11-17 01:51:00,1032.13,Wallet,0.45,4,0,Success,None,0
TXN008954,CUST00060,2026-07-08 08:45:00,1514.96,UPI,0.75,2,0,Success,None,0
TXN008955,CUST00185,2026-10-21 14:52:00,232.78,Card,0.67,3,0,Success,None,0
TXN008956,CUST01603,2026-06-13 09:22:00,3796.33,UPI,0.65,1,0,Success,None,0
TXN008957,CUST00521,2026-07-23 11:34:00,603.62,Net Banking,0.87,2,1,Failed,Network Error,1
TXN008958,CUST00999,2026-11-17 01:30:00,2838.93,Wallet,0.37,1,0,Failed,Network Error,1
TXN008959,CUST01740,2026-07-29 13:05:00,2361.07,UPI,0.66,2,0,Failed,Expired Card,0
TXN008960,CUST01374,2026-10-21 20:16:00,865.48,UPI,0.74,1,1,Success,None,0
TXN008961,CUST02558,2026-01-09 19:42:00,476.89,Wallet,0.77,0,0,Success,None,0
TXN008962,CUST00651,2026-06-23 13:20:00,1570.39,Wallet,0.62,0,0,Success,None,0
TXN008963,CUST00960,2026-01-05 01:38:00,3016.47,UPI,0.55,2,0,Failed,Expired Card,0
TXN008964,CUST02329,2026-07-16 11:09:00,309.33,UPI,0.72,4,1,Failed,Network Error,1
TXN008965,CUST01319,2026-12-13 10:00:00,2264.19,Net Banking,0.94,3,0,Success,None,0
TXN008966,CUST02856,2026-10-28 03:28:00,681.74,Wallet,0.92,4,0,Failed,Authentication Failed,1
TXN008967,CUST01206,2026-04-25 12:57:00,910.77,Net Banking,0.83,1,0,Success,None,0
TXN008968,CUST00228,2026-11-22 07:57:00,797.24,Net Banking,0.62,2,0,Success,None,0
TXN008969,CUST02829,2026-06-26 08:16:00,1583.78,Net Banking,0.45,2,1,Success,None,0
TXN008970,CUST00040,2026-01-18 15:49:00,1296.86,Net Banking,0.79,4,0,Failed,Insufficient Funds,1
TXN008971,CUST02646,2026-08-07 23:16:00,1147.33,Wallet,0.67,3,0,Failed,Expired Card,0
TXN008972,CUST00146,2026-03-23 14:00:00,8046.55,Card,0.49,0,0,Success,None,0
TXN008973,CUST02571,2026-11-14 21:29:00,3515.82,Net Banking,0.36,0,0,Failed,Insufficient Funds,1
TXN008974,CUST02577,2026-05-22 02:53:00,451.35,Net Banking,0.38,4,0,Failed,Authentication Failed,0
TXN008975,CUST02339,2026-10-13 05:41:00,2181.33,UPI,0.63,0,0,Failed,Network Error,0
TXN008976,CUST01472,2026-01-03 00:33:00,2969.01,Wallet,0.42,2,0,Success,None,0
TXN008977,CUST00056,2026-01-14 14:53:00,1346.43,UPI,0.45,0,0,Success,None,0
TXN008978,CUST01200,2026-11-06 04:54:00,1683.13,UPI,0.32,3,0,Success,None,0
TXN008979,CUST01032,2026-05-21 04:33:00,3580.66,Net Banking,0.31,4,1,Success,None,0
TXN008980,CUST01212,2026-05-08 19:08:00,1984.11,Card,0.82,4,1,Failed,Bank Timeout,1
TXN008981,CUST01665,2026-11-22 22:12:00,1037.98,Net Banking,0.38,0,0,Failed,Expired Card,0
TXN008982,CUST01156,2026-02-18 23:43:00,6711.31,Card,0.41,3,1,Failed,Network Error,0
TXN008983,CUST01729,2026-03-12 01:21:00,3593.57,Wallet,0.64,0,0,Success,None,0
TXN008984,CUST02854,2026-09-26 20:55:00,3909.04,UPI,0.72,3,0,Success,None,0
TXN008985,CUST00366,2026-03-04 03:03:00,633.25,UPI,0.34,4,0,Success,None,0
TXN008986,CUST01574,2026-09-06 00:58:00,643.58,UPI,0.68,2,0,Failed,Network Error,1
TXN008987,CUST02281,2026-07-26 03:02:00,719.98,UPI,0.97,0,0,Success,None,0
TXN008988,CUST02465,2026-03-29 11:27:00,491.59,Net Banking,0.31,0,0,Failed,Insufficient Funds,1
TXN008989,CUST00089,2026-10-10 11:45:00,892.53,Net Banking,1.0,3,0,Success,None,0
TXN008990,CUST01052,2026-09-06 22:48:00,4661.47,Wallet,0.66,0,1,Success,None,0
TXN008991,CUST01971,2026-11-16 16:54:00,487.14,Net Banking,0.67,3,1,Success,None,0
TXN008992,CUST00416,2026-10-10 20:35:00,2097.72,Card,0.62,0,0,Failed,Bank Timeout,1
TXN008993,CUST00499,2026-05-27 08:44:00,1334.79,Card,0.78,4,1,Success,None,0
TXN008994,CUST00238,2026-04-22 21:08:00,1703.3,Wallet,0.78,1,0,Success,None,0
TXN008995,CUST00409,2026-12-02 04:35:00,3643.1,Wallet,0.55,3,0,Success,None,0
TXN008996,CUST01139,2026-04-13 23:38:00,573.21,Net Banking,0.9,3,1,Success,None,0
TXN008997,CUST02637,2026-04-02 11:51:00,982.39,Net Banking,0.65,4,0,Failed,Network Error,0
TXN008998,CUST02721,2026-03-09 10:28:00,457.06,UPI,0.49,4,0,Success,None,0
TXN008999,CUST00361,2026-08-19 08:44:00,760.57,UPI,0.74,1,1,Success,None,0
TXN009000,CUST01114,2026-12-06 21:22:00,451.03,Card,0.35,2,1,Success,None,0
TXN009001,CUST02369,2026-07-29 05:45:00,2440.38,Card,0.91,3,0,Success,None,0
TXN009002,CUST02940,2026-07-13 01:35:00,1355.72,UPI,0.94,2,0,Success,None,0
TXN009003,CUST00082,2026-05-20 23:42:00,991.73,Net Banking,0.45,0,0,Success,None,0
TXN009004,CUST02230,2026-03-27 10:12:00,3146.75,Net Banking,0.81,2,1,Failed,Expired Card,0
TXN009005,CUST02640,2026-07-23 22:39:00,909.03,Card,0.36,2,1,Failed,Insufficient Funds,0
TXN009006,CUST01000,2026-08-31 12:17:00,5291.69,Wallet,0.53,3,1,Success,None,0
TXN009007,CUST01713,2026-12-03 20:48:00,2022.31,Wallet,0.42,2,1,Failed,Bank Timeout,1
TXN009008,CUST02176,2026-04-01 09:04:00,2099.86,Wallet,0.82,0,0,Failed,Network Error,1
TXN009009,CUST01437,2026-11-08 07:07:00,572.2,Card,0.48,0,0,Failed,Expired Card,1
TXN009010,CUST00503,2026-11-05 06:24:00,1021.41,Wallet,0.65,3,0,Success,None,0
TXN009011,CUST01256,2026-10-21 17:19:00,3268.37,Wallet,0.99,3,1,Success,None,0
TXN009012,CUST01772,2026-10-02 08:36:00,4218.33,Wallet,0.95,3,1,Failed,Insufficient Funds,1
TXN009013,CUST02410,2026-11-22 13:00:00,4193.38,UPI,0.46,0,0,Success,None,0
TXN009014,CUST00671,2026-02-15 22:34:00,14379.9,Net Banking,0.32,3,0,Success,None,0
TXN009015,CUST02363,2026-02-11 05:21:00,5009.91,Net Banking,0.63,4,0,Success,None,0
TXN009016,CUST01783,2026-11-04 19:45:00,777.29,Wallet,0.53,4,1,Success,None,0
TXN009017,CUST02175,2026-10-01 19:17:00,1272.56,UPI,0.62,2,1,Success,None,0
TXN009018,CUST01305,2026-01-10 12:34:00,771.07,Wallet,0.85,4,0,Success,None,0
TXN009019,CUST02674,2026-10-17 23:57:00,1003.91,Net Banking,0.82,3,0,Failed,Expired Card,1
TXN009020,CUST01987,2026-11-08 13:24:00,329.06,Wallet,0.75,0,0,Success,None,0
TXN009021,CUST01825,2026-11-30 18:15:00,4008.17,Net Banking,0.69,3,1,Success,None,0
TXN009022,CUST01113,2026-10-21 01:50:00,2173.91,UPI,0.98,0,0,Success,None,0
TXN009023,CUST01918,2026-05-13 23:04:00,2581.5,Wallet,0.98,0,0,Failed,Insufficient Funds,1
TXN009024,CUST01475,2026-04-04 05:22:00,899.92,UPI,0.85,2,0,Success,None,0
TXN009025,CUST00147,2026-06-16 20:36:00,4431.78,Net Banking,0.49,4,0,Failed,Network Error,0
TXN009026,CUST01517,2026-06-28 15:01:00,484.48,Card,0.75,3,0,Success,None,0
TXN009027,CUST01095,2026-05-10 22:57:00,1694.16,Net Banking,0.89,4,0,Failed,Network Error,1
TXN009028,CUST02907,2026-12-10 01:21:00,2641.49,Net Banking,0.71,3,1,Success,None,0
TXN009029,CUST00863,2026-09-09 03:59:00,718.12,Wallet,0.5,1,0,Success,None,0
TXN009030,CUST00753,2026-01-10 14:33:00,584.19,Net Banking,0.98,0,0,Success,None,0
TXN009031,CUST00884,2026-02-28 10:53:00,609.01,Net Banking,0.33,0,1,Success,None,0
TXN009032,CUST01926,2026-06-22 20:53:00,481.93,Wallet,0.88,1,0,Success,None,0
TXN009033,CUST02343,2026-01-22 21:57:00,585.03,Wallet,0.45,2,1,Failed,Expired Card,0
TXN009034,CUST00646,2026-01-09 07:40:00,540.81,Net Banking,0.75,3,1,Success,None,0
TXN009035,CUST01679,2026-10-14 21:17:00,317.98,Card,0.46,3,0,Failed,Bank Timeout,0
TXN009036,CUST01783,2026-07-16 22:57:00,1676.23,Wallet,0.89,2,0,Success,None,0
TXN009037,CUST02628,2026-03-13 13:26:00,1110.13,Card,0.33,4,0,Failed,Network Error,1
TXN009038,CUST00232,2026-10-19 23:42:00,1075.07,UPI,0.63,3,1,Success,None,0
TXN009039,CUST01771,2026-06-24 02:33:00,540.92,UPI,0.46,2,0,Failed,Authentication Failed,1
TXN009040,CUST02789,2026-02-20 19:33:00,1581.26,Wallet,0.5,4,0,Success,None,0
TXN009041,CUST02012,2026-04-15 19:56:00,1837.89,Net Banking,0.63,0,1,Success,None,0
TXN009042,CUST02402,2026-03-12 06:51:00,736.43,UPI,0.59,0,1,Success,None,0
TXN009043,CUST02384,2026-11-08 02:59:00,907.08,Wallet,0.95,2,0,Failed,Authentication Failed,0
TXN009044,CUST01406,2026-05-06 08:15:00,1103.75,Card,0.32,4,0,Success,None,0
TXN009045,CUST00406,2026-05-07 22:50:00,1677.05,UPI,0.35,3,0,Failed,Authentication Failed,0
TXN009046,CUST02172,2026-08-16 12:18:00,14361.4,Wallet,0.92,0,1,Success,None,0
TXN009047,CUST00853,2026-09-01 21:35:00,723.56,Card,0.78,0,1,Success,None,0
TXN009048,CUST00087,2026-03-13 14:35:00,954.72,UPI,0.34,4,0,Success,None,0
TXN009049,CUST01262,2026-02-21 11:44:00,856.91,Card,0.38,4,0,Success,None,0
TXN009050,CUST01968,2026-03-06 18:04:00,1088.75,Card,0.34,2,0,Success,None,0
TXN009051,CUST02352,2026-08-16 00:22:00,692.79,Wallet,0.83,1,0,Success,None,0
TXN009052,CUST00401,2026-02-02 20:56:00,888.32,Net Banking,0.51,4,0,Success,None,0
TXN009053,CUST02756,2026-11-27 10:57:00,3360.81,Wallet,0.74,4,0,Success,None,0
TXN009054,CUST00484,2026-06-03 02:38:00,543.3,UPI,0.86,1,0,Success,None,0
TXN009055,CUST00162,2026-02-08 22:47:00,253.34,Net Banking,0.38,1,0,Success,None,0
TXN009056,CUST02267,2026-04-06 19:35:00,371.7,Card,0.83,3,0,Failed,Authentication Failed,0
TXN009057,CUST02418,2026-01-30 21:28:00,674.83,Net Banking,0.31,2,0,Failed,Bank Timeout,1
TXN009058,CUST00773,2026-05-14 18:44:00,8330.06,UPI,0.36,1,0,Success,None,0
TXN009059,CUST01771,2026-02-26 03:16:00,4257.3,Wallet,0.33,3,0,Success,None,0
TXN009060,CUST02351,2026-07-23 00:35:00,7514.6,Card,0.95,2,0,Success,None,0
TXN009061,CUST02954,2026-11-17 14:13:00,1009.32,Card,0.43,3,0,Success,None,0
TXN009062,CUST00652,2026-05-21 03:22:00,978.6,Net Banking,0.45,4,0,Success,None,0
TXN009063,CUST01942,2026-04-22 14:09:00,826.27,Card,0.82,3,0,Failed,Expired Card,0
TXN009064,CUST00220,2026-10-25 04:53:00,1126.13,Net Banking,0.55,1,0,Success,None,0
TXN009065,CUST01838,2026-09-06 22:59:00,388.97,Card,0.37,3,0,Success,None,0
TXN009066,CUST01860,2026-10-24 09:01:00,4926.74,UPI,0.5,4,0,Success,None,0
TXN009067,CUST01643,2026-01-17 23:02:00,508.83,UPI,0.35,1,0,Success,None,0
TXN009068,CUST01444,2026-06-04 13:30:00,552.86,Net Banking,0.34,1,0,Success,None,0
TXN009069,CUST02529,2026-04-12 04:30:00,673.55,Wallet,0.31,4,0,Failed,Network Error,1
TXN009070,CUST02831,2026-05-24 15:50:00,3143.22,Card,0.65,3,0,Success,None,0
TXN009071,CUST02898,2026-09-25 04:03:00,3444.55,Wallet,0.56,3,0,Failed,Expired Card,0
TXN009072,CUST02436,2026-11-08 07:22:00,1570.2,Net Banking,0.53,0,0,Success,None,0
TXN009073,CUST01813,2026-06-24 19:24:00,531.02,Wallet,0.97,1,1,Failed,Network Error,1
TXN009074,CUST02206,2026-01-19 22:27:00,1102.82,Wallet,0.92,3,0,Success,None,0
TXN009075,CUST00074,2026-09-14 16:01:00,625.27,Net Banking,0.64,3,1,Success,None,0
TXN009076,CUST02445,2026-04-25 03:22:00,1469.92,Card,0.7,3,1,Failed,Bank Timeout,1
TXN009077,CUST00411,2026-03-22 05:53:00,1171.92,Net Banking,0.79,2,1,Failed,Insufficient Funds,1
TXN009078,CUST00577,2026-01-08 08:24:00,2682.66,UPI,0.98,0,0,Success,None,0
TXN009079,CUST00318,2026-10-21 08:04:00,507.6,Net Banking,0.39,0,1,Success,None,0
TXN009080,CUST02322,2026-08-05 16:25:00,1654.29,UPI,0.89,0,0,Success,None,0
TXN009081,CUST01022,2026-01-21 11:20:00,751.25,Net Banking,0.94,1,1,Success,None,0
TXN009082,CUST01730,2026-07-12 15:25:00,666.21,Card,0.87,2,1,Failed,Insufficient Funds,0
TXN009083,CUST02541,2026-10-19 09:41:00,670.65,Net Banking,0.45,3,0,Success,None,0
TXN009084,CUST01302,2026-08-01 01:26:00,1639.76,Net Banking,0.7,0,0,Success,None,0
TXN009085,CUST01516,2026-08-29 22:12:00,413.03,Card,0.32,1,0,Success,None,0
TXN009086,CUST00125,2026-07-06 02:33:00,1371.29,UPI,0.66,0,0,Success,None,0
TXN009087,CUST01513,2026-11-04 01:15:00,2007.22,Net Banking,0.62,3,1,Failed,Bank Timeout,1
TXN009088,CUST00897,2026-09-10 19:48:00,1377.26,UPI,0.77,3,0,Success,None,0
TXN009089,CUST02966,2026-04-11 05:00:00,452.46,UPI,0.4,0,1,Success,None,0
TXN009090,CUST00378,2026-06-01 01:02:00,2835.54,Card,0.47,3,0,Success,None,0
TXN009091,CUST02047,2026-03-09 07:33:00,80.49,UPI,0.72,1,0,Failed,Insufficient Funds,0
TXN009092,CUST00873,2026-03-27 22:37:00,420.04,Wallet,0.8,3,0,Success,None,0
TXN009093,CUST02596,2026-11-03 08:47:00,417.13,Wallet,0.46,0,0,Success,None,0
TXN009094,CUST00401,2026-05-31 15:14:00,2722.44,UPI,0.72,2,0,Success,None,0
TXN009095,CUST00315,2026-12-01 17:18:00,2289.3,Card,0.45,4,0,Success,None,0
TXN009096,CUST02974,2026-01-01 00:45:00,1471.63,Card,0.37,2,0,Success,None,0
TXN009097,CUST00317,2026-05-02 20:07:00,360.99,Wallet,0.57,1,1,Success,None,0
TXN009098,CUST02837,2026-12-04 08:13:00,1523.5,Net Banking,0.4,4,1,Failed,Authentication Failed,0
TXN009099,CUST00701,2026-12-12 22:13:00,4577.14,UPI,0.88,2,0,Failed,Network Error,1
TXN009100,CUST01399,2026-10-31 20:19:00,1125.61,Card,0.83,4,0,Success,None,0
TXN009101,CUST01930,2026-10-30 05:05:00,955.66,Net Banking,0.58,0,0,Success,None,0
TXN009102,CUST00134,2026-01-20 03:33:00,779.82,UPI,0.6,2,0,Success,None,0
TXN009103,CUST01294,2026-09-15 16:15:00,474.36,UPI,0.35,1,0,Success,None,0
TXN009104,CUST02344,2026-01-22 03:50:00,3983.24,UPI,0.55,2,1,Failed,Bank Timeout,1
TXN009105,CUST01664,2026-10-18 20:20:00,4026.29,Wallet,0.58,4,0,Failed,Network Error,1
TXN009106,CUST01986,2026-06-01 21:01:00,909.06,Wallet,0.97,4,1,Success,None,0
TXN009107,CUST01341,2026-05-17 21:44:00,751.02,UPI,0.95,2,0,Failed,Bank Timeout,1
TXN009108,CUST01935,2026-11-01 21:14:00,393.55,Net Banking,0.48,2,0,Success,None,0
TXN009109,CUST00693,2026-05-26 21:28:00,595.79,Net Banking,0.74,1,0,Failed,Network Error,1
TXN009110,CUST01585,2026-08-30 08:43:00,963.3,UPI,0.65,4,0,Success,None,0
TXN009111,CUST00450,2026-11-07 11:18:00,1276.25,Wallet,0.6,3,0,Success,None,0
TXN009112,CUST00434,2026-07-01 13:12:00,684.57,Net Banking,0.72,4,0,Success,None,0
TXN009113,CUST00448,2026-07-24 12:42:00,2003.34,Wallet,0.7,0,0,Success,None,0
TXN009114,CUST01568,2026-07-22 13:21:00,449.41,UPI,0.82,0,0,Success,None,0
TXN009115,CUST00310,2026-09-02 08:43:00,328.46,UPI,0.88,4,1,Failed,Network Error,1
TXN009116,CUST02008,2026-05-27 04:18:00,420.51,Net Banking,0.44,0,0,Success,None,0
TXN009117,CUST02247,2026-11-20 03:50:00,371.64,Wallet,0.78,3,0,Failed,Insufficient Funds,0
TXN009118,CUST01110,2026-11-25 12:29:00,775.12,Net Banking,0.56,2,0,Success,None,0
TXN009119,CUST01143,2026-10-06 19:15:00,2627.51,Net Banking,0.93,1,0,Success,None,0
TXN009120,CUST01657,2026-07-12 23:30:00,706.19,Card,0.89,3,0,Failed,Expired Card,0
TXN009121,CUST02868,2026-01-24 14:12:00,2339.02,UPI,0.78,2,0,Failed,Network Error,1
TXN009122,CUST00932,2026-10-08 16:17:00,1415.19,UPI,0.36,3,1,Success,None,0
TXN009123,CUST01683,2026-11-16 14:02:00,451.51,Card,0.99,4,0,Success,None,0
TXN009124,CUST00177,2026-04-03 18:21:00,869.68,Wallet,0.93,2,0,Success,None,0
TXN009125,CUST01684,2026-04-18 08:06:00,2552.48,UPI,0.37,4,0,Success,None,0
TXN009126,CUST00023,2026-08-29 02:29:00,3120.81,Card,0.92,3,1,Success,None,0
TXN009127,CUST01799,2026-06-06 06:10:00,1183.52,UPI,0.61,0,0,Success,None,0
TXN009128,CUST01085,2026-05-12 01:16:00,2025.92,UPI,0.62,1,1,Success,None,0
TXN009129,CUST00632,2026-05-23 12:24:00,3510.68,Wallet,0.8,1,1,Success,None,0
TXN009130,CUST00430,2026-04-02 14:17:00,371.13,Wallet,0.66,0,0,Success,None,0
TXN009131,CUST01881,2026-01-14 17:56:00,1943.67,UPI,0.3,0,0,Failed,Insufficient Funds,1
TXN009132,CUST01772,2026-09-08 10:11:00,1341.54,Wallet,0.95,0,0,Success,None,0
TXN009133,CUST01425,2026-01-02 23:34:00,1192.78,Wallet,0.62,0,0,Success,None,0
TXN009134,CUST01939,2026-03-07 04:17:00,1734.52,Wallet,0.41,4,0,Failed,Expired Card,0
TXN009135,CUST01507,2026-06-09 00:49:00,523.42,Net Banking,0.35,2,1,Failed,Insufficient Funds,1
TXN009136,CUST01980,2026-06-07 19:42:00,344.44,Wallet,0.86,3,0,Failed,Authentication Failed,1
TXN009137,CUST00538,2026-10-18 16:21:00,1182.31,Wallet,0.73,0,0,Success,None,0
TXN009138,CUST02267,2026-08-02 10:14:00,618.21,Card,0.87,1,0,Success,None,0
TXN009139,CUST01061,2026-12-13 03:10:00,1103.62,UPI,0.33,1,0,Failed,Expired Card,0
TXN009140,CUST00454,2026-06-14 17:47:00,1115.66,Card,0.45,2,0,Success,None,0
TXN009141,CUST01490,2026-07-14 16:35:00,5104.49,Card,0.62,4,1,Failed,Bank Timeout,1
TXN009142,CUST01732,2026-10-13 20:42:00,2980.08,Card,0.8,3,0,Success,None,0
TXN009143,CUST02146,2026-03-04 02:31:00,2964.85,UPI,0.4,4,0,Success,None,0
TXN009144,CUST01415,2026-10-22 05:34:00,1112.62,UPI,0.54,4,0,Success,None,0
TXN009145,CUST02819,2026-08-04 03:20:00,2155.53,Net Banking,0.93,3,1,Success,None,0
TXN009146,CUST00372,2026-05-05 14:33:00,3234.51,UPI,0.67,1,0,Success,None,0
TXN009147,CUST00529,2026-06-01 01:48:00,953.14,Wallet,0.46,0,0,Failed,Insufficient Funds,1
TXN009148,CUST02292,2026-02-24 03:33:00,1039.52,UPI,0.96,4,0,Success,None,0
TXN009149,CUST02011,2026-11-06 10:33:00,336.67,Net Banking,0.69,0,0,Success,None,0
TXN009150,CUST02659,2026-09-25 16:29:00,823.43,Wallet,0.63,1,0,Success,None,0
TXN009151,CUST02943,2026-01-23 16:06:00,913.05,Wallet,0.57,1,1,Success,None,0
TXN009152,CUST01523,2026-11-19 05:13:00,472.49,Card,0.92,2,0,Failed,Expired Card,0
TXN009153,CUST01303,2026-06-09 12:16:00,4711.01,UPI,0.43,0,1,Success,None,0
TXN009154,CUST00315,2026-02-25 05:20:00,1549.91,Wallet,0.92,3,1,Failed,Expired Card,1
TXN009155,CUST01423,2026-12-03 07:20:00,551.91,Wallet,0.38,4,1,Success,None,0
TXN009156,CUST01581,2026-10-12 04:32:00,736.66,Card,0.45,0,0,Success,None,0
TXN009157,CUST00998,2026-03-10 10:50:00,1487.36,Net Banking,0.38,3,1,Success,None,0
TXN009158,CUST00249,2026-03-06 17:32:00,2265.5,Card,0.58,4,0,Success,None,0
TXN009159,CUST01131,2026-10-21 02:49:00,1619.56,Net Banking,0.82,2,0,Failed,Expired Card,0
TXN009160,CUST01587,2026-01-07 16:16:00,930.04,UPI,0.52,4,0,Success,None,0
TXN009161,CUST02291,2026-10-27 09:51:00,2715.36,Wallet,0.64,3,0,Failed,Expired Card,0
TXN009162,CUST00397,2026-08-20 13:26:00,284.64,Wallet,0.53,4,0,Success,None,0
TXN009163,CUST00481,2026-08-21 21:58:00,3691.7,Net Banking,0.77,0,0,Success,None,0
TXN009164,CUST01791,2026-07-16 13:49:00,541.74,UPI,0.79,3,0,Success,None,0
TXN009165,CUST02111,2026-11-07 01:49:00,1035.14,Net Banking,0.47,2,0,Failed,Expired Card,0
TXN009166,CUST00112,2026-06-06 18:35:00,1022.82,Card,0.56,0,0,Failed,Insufficient Funds,0
TXN009167,CUST02874,2026-01-01 11:27:00,737.68,Card,0.47,2,1,Failed,Expired Card,0
TXN009168,CUST00157,2026-07-25 19:04:00,5034.78,Wallet,0.92,3,0,Failed,Bank Timeout,1
TXN009169,CUST01528,2026-04-14 15:07:00,1197.71,Wallet,0.61,4,0,Success,None,0
TXN009170,CUST01915,2026-08-20 08:40:00,1475.65,Net Banking,0.88,4,0,Success,None,0
TXN009171,CUST02272,2026-04-06 16:25:00,1134.67,Net Banking,0.88,1,0,Success,None,0
TXN009172,CUST00061,2026-08-27 10:11:00,2614.78,Wallet,0.65,1,1,Success,None,0
TXN009173,CUST00655,2026-04-06 17:07:00,3161.82,UPI,0.88,3,1,Failed,Network Error,0
TXN009174,CUST00771,2026-04-27 17:48:00,1655.53,UPI,0.85,0,0,Success,None,0
TXN009175,CUST00485,2026-11-30 08:15:00,3099.47,UPI,0.95,4,0,Failed,Authentication Failed,0
TXN009176,CUST01224,2026-11-25 17:41:00,907.54,Net Banking,0.86,3,0,Success,None,0
TXN009177,CUST02220,2026-06-26 11:30:00,950.43,UPI,0.81,2,0,Success,None,0
TXN009178,CUST00100,2026-07-05 21:00:00,1136.09,Net Banking,0.81,3,0,Success,None,0
TXN009179,CUST02054,2026-06-11 19:20:00,1193.97,Card,0.84,2,0,Success,None,0
TXN009180,CUST01411,2026-03-08 21:55:00,1083.66,Card,0.95,2,0,Success,None,0
TXN009181,CUST01518,2026-01-27 13:35:00,1354.81,UPI,0.67,1,0,Success,None,0
TXN009182,CUST01515,2026-03-10 15:24:00,3115.44,Net Banking,0.48,0,0,Success,None,0
TXN009183,CUST00644,2026-01-30 08:28:00,326.31,Net Banking,0.95,2,1,Success,None,0
TXN009184,CUST01793,2026-09-02 20:16:00,1586.14,UPI,0.67,4,1,Success,None,0
TXN009185,CUST00056,2026-03-17 19:50:00,2595.24,Net Banking,0.73,2,0,Success,None,0
TXN009186,CUST02174,2026-07-06 17:37:00,362.63,UPI,0.67,2,0,Failed,Insufficient Funds,1
TXN009187,CUST00380,2026-02-16 07:16:00,3552.74,Net Banking,0.6,2,0,Failed,Insufficient Funds,1
TXN009188,CUST02018,2026-04-11 01:39:00,1209.87,UPI,0.76,2,0,Success,None,0
TXN009189,CUST00278,2026-07-31 08:17:00,1472.68,Net Banking,0.45,2,1,Failed,Expired Card,0
TXN009190,CUST00886,2026-05-29 05:52:00,582.25,Card,0.95,1,1,Failed,Expired Card,0
TXN009191,CUST01568,2026-06-13 03:19:00,1027.89,Card,0.75,4,0,Failed,Bank Timeout,1
TXN009192,CUST02506,2026-07-26 13:35:00,1292.2,Wallet,0.74,1,0,Success,None,0
TXN009193,CUST02763,2026-11-06 18:09:00,6091.76,Card,0.73,2,0,Success,None,0
TXN009194,CUST02469,2026-01-19 15:41:00,575.58,Card,0.73,0,1,Failed,Network Error,1
TXN009195,CUST00814,2026-06-09 19:29:00,2624.86,Wallet,0.54,3,0,Success,None,0
TXN009196,CUST00610,2026-03-16 02:57:00,954.99,UPI,0.45,2,0,Failed,Authentication Failed,0
TXN009197,CUST02498,2026-02-19 20:16:00,913.96,Card,0.53,2,0,Success,None,0
TXN009198,CUST02193,2026-11-22 08:16:00,3872.52,Net Banking,0.4,0,0,Success,None,0
TXN009199,CUST01595,2026-11-13 14:58:00,2673.0,Wallet,0.95,4,0,Success,None,0
TXN009200,CUST01765,2026-06-05 15:44:00,2672.07,Card,0.51,2,0,Success,None,0
TXN009201,CUST02778,2026-08-28 11:49:00,811.36,Net Banking,0.94,1,0,Failed,Network Error,1
TXN009202,CUST02839,2026-05-16 17:51:00,1022.57,Net Banking,0.81,4,0,Success,None,0
TXN009203,CUST02261,2026-01-12 13:14:00,4299.34,Wallet,0.51,0,0,Success,None,0
TXN009204,CUST00446,2026-09-13 07:31:00,1515.71,Net Banking,0.54,2,1,Success,None,0
TXN009205,CUST02676,2026-08-13 18:39:00,738.64,Card,0.65,0,1,Success,None,0
TXN009206,CUST01683,2026-09-03 07:39:00,532.71,Wallet,0.82,1,0,Success,None,0
TXN009207,CUST00528,2026-04-13 09:05:00,771.27,UPI,0.64,1,0,Success,None,0
TXN009208,CUST00861,2026-09-09 18:26:00,578.97,Card,0.6,1,0,Success,None,0
TXN009209,CUST00425,2026-01-02 11:32:00,1809.49,Card,0.48,4,1,Success,None,0
TXN009210,CUST01329,2026-06-30 11:08:00,1011.02,Card,0.73,0,0,Success,None,0
TXN009211,CUST01059,2026-10-11 08:07:00,263.98,UPI,0.42,0,0,Success,None,0
TXN009212,CUST01005,2026-12-05 04:39:00,430.56,Net Banking,0.57,4,1,Failed,Authentication Failed,0
TXN009213,CUST02110,2026-01-15 14:26:00,477.05,Wallet,0.39,2,1,Success,None,0
TXN009214,CUST02672,2026-01-16 14:12:00,919.22,Wallet,0.79,1,1,Success,None,0
TXN009215,CUST01901,2026-09-25 03:05:00,1138.55,Card,0.74,2,1,Failed,Expired Card,0
TXN009216,CUST01748,2026-07-03 07:20:00,650.92,Wallet,0.78,1,1,Success,None,0
TXN009217,CUST01462,2026-03-12 11:06:00,944.17,UPI,0.69,1,1,Success,None,0
TXN009218,CUST02273,2026-03-15 06:31:00,1525.88,UPI,0.47,4,0,Failed,Bank Timeout,1
TXN009219,CUST02312,2026-02-03 23:51:00,1431.17,UPI,0.69,3,0,Success,None,0
TXN009220,CUST01207,2026-01-19 08:11:00,1170.47,Card,0.32,3,1,Success,None,0
TXN009221,CUST01483,2026-02-20 11:10:00,399.3,Wallet,0.62,0,1,Success,None,0
TXN009222,CUST00014,2026-11-02 15:37:00,1233.79,UPI,0.51,4,1,Failed,Bank Timeout,1
TXN009223,CUST01886,2026-07-04 01:00:00,577.8,Wallet,0.84,4,0,Success,None,0
TXN009224,CUST01736,2026-01-05 02:30:00,1276.06,UPI,0.95,4,1,Failed,Insufficient Funds,0
TXN009225,CUST01635,2026-11-15 15:59:00,1243.86,Wallet,0.87,4,0,Success,None,0
TXN009226,CUST01993,2026-04-24 10:36:00,541.98,Card,0.91,4,0,Success,None,0
TXN009227,CUST01514,2026-05-18 10:03:00,2108.57,Card,0.31,1,0,Success,None,0
TXN009228,CUST02063,2026-07-18 18:25:00,356.79,Net Banking,0.47,0,1,Success,None,0
TXN009229,CUST02776,2026-02-27 01:59:00,4337.86,UPI,0.81,3,0,Success,None,0
TXN009230,CUST00414,2026-08-09 02:14:00,471.32,Net Banking,0.82,4,1,Failed,Authentication Failed,0
TXN009231,CUST00889,2026-07-23 00:28:00,6398.66,UPI,0.3,0,0,Failed,Insufficient Funds,0
TXN009232,CUST01083,2026-08-13 22:25:00,2664.51,Card,0.5,4,0,Success,None,0
TXN009233,CUST02972,2026-11-27 17:05:00,850.15,Net Banking,0.45,2,0,Success,None,0
TXN009234,CUST02257,2026-12-10 17:52:00,879.44,Wallet,0.94,4,0,Failed,Network Error,1
TXN009235,CUST00789,2026-11-24 16:56:00,227.72,Card,0.94,2,1,Failed,Network Error,1
TXN009236,CUST02835,2026-05-21 20:41:00,2216.69,Wallet,0.67,3,0,Success,None,0
TXN009237,CUST00749,2026-01-26 13:48:00,322.09,UPI,0.39,0,0,Success,None,0
TXN009238,CUST01730,2026-04-19 08:51:00,1480.54,UPI,0.86,3,1,Failed,Insufficient Funds,0
TXN009239,CUST02622,2026-08-20 08:19:00,1676.16,Net Banking,0.31,4,1,Success,None,0
TXN009240,CUST00912,2026-09-21 21:23:00,8385.99,Net Banking,0.44,0,1,Success,None,0
TXN009241,CUST02879,2026-07-10 19:06:00,615.54,UPI,0.64,1,1,Success,None,0
TXN009242,CUST02632,2026-06-09 18:25:00,741.94,Card,1.0,2,0,Success,None,0
TXN009243,CUST00520,2026-01-09 10:03:00,343.81,UPI,0.59,3,1,Failed,Network Error,0
TXN009244,CUST01367,2026-07-16 19:04:00,1445.55,UPI,0.53,2,1,Success,None,0
TXN009245,CUST00963,2026-09-18 02:34:00,1695.29,UPI,0.75,3,0,Failed,Insufficient Funds,1
TXN009246,CUST00685,2026-09-01 10:47:00,1201.34,Net Banking,0.94,0,1,Failed,Network Error,1
TXN009247,CUST00564,2026-08-05 08:12:00,1185.39,Wallet,0.78,2,1,Success,None,0
TXN009248,CUST02960,2026-03-13 12:06:00,545.54,Net Banking,0.86,2,0,Success,None,0
TXN009249,CUST02035,2026-06-13 16:30:00,789.62,UPI,0.55,4,0,Success,None,0
TXN009250,CUST02959,2026-08-25 09:29:00,992.84,Card,0.45,0,0,Success,None,0
TXN009251,CUST01674,2026-01-12 15:50:00,4548.09,Wallet,0.54,3,0,Success,None,0
TXN009252,CUST00058,2026-09-18 07:36:00,1153.73,Net Banking,0.61,3,0,Failed,Authentication Failed,1
TXN009253,CUST00056,2026-06-11 00:09:00,569.88,Net Banking,0.94,0,0,Success,None,0
TXN009254,CUST01206,2026-02-20 13:51:00,3663.37,Wallet,0.54,3,1,Failed,Insufficient Funds,1
TXN009255,CUST02094,2026-05-05 20:41:00,3799.04,Wallet,0.86,2,1,Failed,Bank Timeout,1
TXN009256,CUST01408,2026-04-06 18:40:00,4528.97,Net Banking,0.37,2,0,Failed,Network Error,1
TXN009257,CUST01647,2026-08-11 03:25:00,1183.28,Wallet,0.85,3,0,Failed,Bank Timeout,1
TXN009258,CUST01898,2026-09-19 15:22:00,1380.96,UPI,0.48,1,0,Failed,Authentication Failed,0
TXN009259,CUST02523,2026-06-07 19:35:00,2265.03,Wallet,0.99,2,0,Success,None,0
TXN009260,CUST00406,2026-02-07 22:37:00,794.94,UPI,0.79,2,0,Success,None,0
TXN009261,CUST02117,2026-09-19 03:35:00,1830.09,Card,0.54,1,1,Success,None,0
TXN009262,CUST02282,2026-03-28 03:24:00,572.73,Card,0.62,3,0,Success,None,0
TXN009263,CUST00832,2026-02-20 04:20:00,679.0,Card,0.78,4,1,Success,None,0
TXN009264,CUST01467,2026-08-25 08:39:00,986.67,Card,0.9,2,1,Success,None,0
TXN009265,CUST00765,2026-11-22 06:59:00,1266.66,Wallet,0.96,4,1,Failed,Authentication Failed,0
TXN009266,CUST00248,2026-05-27 03:52:00,1396.45,UPI,1.0,1,0,Success,None,0
TXN009267,CUST02037,2026-07-23 17:30:00,1497.31,Net Banking,0.42,2,0,Failed,Network Error,1
TXN009268,CUST02010,2026-10-31 01:54:00,1969.56,Card,0.94,0,0,Success,None,0
TXN009269,CUST01682,2026-03-26 09:37:00,1008.92,Card,0.96,1,1,Success,None,0
TXN009270,CUST00017,2026-01-20 00:53:00,2099.37,Net Banking,0.44,3,0,Failed,Insufficient Funds,0
TXN009271,CUST01753,2026-11-08 10:10:00,513.41,Card,0.31,3,0,Failed,Authentication Failed,0
TXN009272,CUST02399,2026-04-14 16:07:00,756.8,UPI,0.67,3,0,Success,None,0
TXN009273,CUST02321,2026-01-18 02:18:00,1118.72,UPI,0.89,0,0,Success,None,0
TXN009274,CUST01761,2026-10-31 20:14:00,2113.12,UPI,0.98,3,0,Failed,Expired Card,0
TXN009275,CUST01266,2026-12-07 14:27:00,466.12,Net Banking,0.57,2,0,Failed,Bank Timeout,1
TXN009276,CUST00224,2026-11-19 05:59:00,1712.21,UPI,0.71,0,1,Success,None,0
TXN009277,CUST01639,2026-09-22 18:11:00,4162.08,Net Banking,0.33,1,1,Failed,Network Error,1
TXN009278,CUST00018,2026-10-27 01:01:00,6348.73,Card,0.99,2,0,Success,None,0
TXN009279,CUST01393,2026-09-07 22:53:00,1698.07,Card,0.69,4,1,Success,None,0
TXN009280,CUST00232,2026-02-27 11:16:00,216.01,Card,0.78,3,0,Success,None,0
TXN009281,CUST01687,2026-10-26 21:38:00,1059.72,UPI,0.94,3,0,Success,None,0
TXN009282,CUST02333,2026-09-30 21:05:00,591.37,Wallet,0.34,0,0,Failed,Authentication Failed,0
TXN009283,CUST02570,2026-10-01 10:24:00,970.33,UPI,0.53,4,1,Success,None,0
TXN009284,CUST00484,2026-03-19 16:42:00,566.37,UPI,0.38,3,0,Success,None,0
TXN009285,CUST00004,2026-01-13 04:56:00,3936.94,Net Banking,0.44,1,0,Success,None,0
TXN009286,CUST01668,2026-02-23 18:34:00,281.29,UPI,0.77,2,0,Failed,Authentication Failed,0
TXN009287,CUST01054,2026-10-30 22:33:00,3703.97,Wallet,0.31,1,0,Success,None,0
TXN009288,CUST02751,2026-02-21 00:38:00,4171.21,Net Banking,0.98,3,0,Success,None,0
TXN009289,CUST02760,2026-11-05 12:24:00,1281.7,Wallet,0.32,2,0,Failed,Network Error,0
TXN009290,CUST01166,2026-09-02 15:14:00,1611.01,Card,0.69,3,1,Failed,Network Error,1
TXN009291,CUST00335,2026-02-27 03:33:00,1766.35,UPI,0.47,3,0,Failed,Expired Card,0
TXN009292,CUST02872,2026-03-11 23:52:00,1967.75,Net Banking,0.92,4,0,Failed,Expired Card,0
TXN009293,CUST01407,2026-12-03 01:38:00,787.71,Wallet,0.43,2,1,Failed,Network Error,0
TXN009294,CUST00244,2026-09-03 01:41:00,758.11,Card,0.71,2,0,Failed,Network Error,0
TXN009295,CUST00671,2026-10-05 16:34:00,3198.55,Net Banking,0.8,4,0,Success,None,0
TXN009296,CUST00204,2026-12-03 06:48:00,2198.52,Card,0.42,0,1,Failed,Network Error,0
TXN009297,CUST00084,2026-08-08 13:55:00,865.38,Card,0.32,1,0,Success,None,0
TXN009298,CUST01876,2026-08-23 05:49:00,1681.25,Wallet,0.56,2,0,Failed,Network Error,1
TXN009299,CUST00934,2026-05-06 15:06:00,256.97,Card,0.7,1,0,Failed,Authentication Failed,0
TXN009300,CUST02044,2026-04-18 09:10:00,401.47,Wallet,0.96,2,0,Success,None,0
TXN009301,CUST01862,2026-08-20 15:59:00,1443.01,Wallet,0.45,1,0,Failed,Authentication Failed,1
TXN009302,CUST02541,2026-10-14 13:45:00,2099.27,Net Banking,0.53,3,0,Success,None,0
TXN009303,CUST02710,2026-07-24 22:52:00,1080.5,Card,0.67,2,0,Success,None,0
TXN009304,CUST01680,2026-01-08 22:20:00,1228.1,UPI,0.43,3,0,Success,None,0
TXN009305,CUST02444,2026-07-23 12:56:00,266.29,UPI,0.95,4,1,Success,None,0
TXN009306,CUST01195,2026-07-30 18:51:00,1317.74,Net Banking,0.64,1,0,Success,None,0
TXN009307,CUST00271,2026-02-17 17:52:00,650.6,Card,0.91,3,0,Success,None,0
TXN009308,CUST00528,2026-06-04 06:05:00,1596.01,UPI,0.7,4,0,Success,None,0
TXN009309,CUST02073,2026-10-10 02:27:00,833.71,Net Banking,0.99,2,1,Success,None,0
TXN009310,CUST00738,2026-01-01 15:25:00,2411.22,UPI,0.6,2,0,Success,None,0
TXN009311,CUST02635,2026-07-25 06:09:00,492.48,Net Banking,0.86,2,1,Success,None,0
TXN009312,CUST01482,2026-03-25 05:29:00,1146.75,UPI,0.86,4,0,Failed,Network Error,1
TXN009313,CUST01552,2026-08-25 21:31:00,1859.71,Net Banking,0.42,2,0,Failed,Bank Timeout,1
TXN009314,CUST01175,2026-04-11 05:01:00,739.04,Card,0.9,1,0,Failed,Insufficient Funds,1
TXN009315,CUST02834,2026-05-31 21:07:00,1558.11,Wallet,0.92,0,0,Success,None,0
TXN009316,CUST00292,2026-08-11 05:19:00,321.08,Card,0.68,1,0,Failed,Network Error,1
TXN009317,CUST01322,2026-11-08 23:33:00,895.02,Card,0.71,3,0,Failed,Network Error,0
TXN009318,CUST01936,2026-02-26 19:33:00,480.3,UPI,0.99,1,0,Failed,Expired Card,1
TXN009319,CUST00301,2026-03-08 10:36:00,682.28,Card,0.55,0,0,Success,None,0
TXN009320,CUST01264,2026-08-29 07:13:00,1710.48,Wallet,0.94,1,0,Success,None,0
TXN009321,CUST01309,2026-10-07 16:20:00,670.19,UPI,0.64,2,0,Success,None,0
TXN009322,CUST02268,2026-10-07 08:01:00,486.06,Wallet,0.52,4,0,Success,None,0
TXN009323,CUST02604,2026-06-27 12:39:00,632.24,Wallet,0.64,3,0,Success,None,0
TXN009324,CUST01516,2026-01-10 03:39:00,799.95,UPI,0.37,0,1,Success,None,0
TXN009325,CUST02644,2026-12-06 13:33:00,3309.75,Net Banking,0.63,0,1,Success,None,0
TXN009326,CUST01577,2026-06-11 13:51:00,2395.12,Card,0.59,1,0,Success,None,0
TXN009327,CUST00735,2026-02-17 07:58:00,1289.43,Wallet,0.43,2,0,Failed,Authentication Failed,1
TXN009328,CUST01856,2026-10-07 23:34:00,5106.68,Net Banking,0.6,1,0,Success,None,0
TXN009329,CUST02484,2026-04-03 23:08:00,1394.61,Wallet,0.93,4,0,Success,None,0
TXN009330,CUST00165,2026-06-10 12:53:00,543.39,Wallet,0.46,3,0,Success,None,0
TXN009331,CUST02027,2026-09-12 23:54:00,652.08,Wallet,0.59,2,0,Success,None,0
TXN009332,CUST02541,2026-11-01 07:21:00,1412.14,Card,0.7,4,1,Success,None,0
TXN009333,CUST01593,2026-10-23 04:32:00,3279.62,Card,0.52,4,0,Success,None,0
TXN009334,CUST01483,2026-02-09 04:28:00,1403.53,Net Banking,0.99,2,0,Success,None,0
TXN009335,CUST02077,2026-09-19 11:51:00,642.63,Card,0.5,2,1,Success,None,0
TXN009336,CUST02160,2026-10-22 09:25:00,2023.64,Card,0.32,1,1,Failed,Bank Timeout,1
TXN009337,CUST00413,2026-02-08 02:31:00,4236.83,UPI,0.43,3,0,Failed,Network Error,1
TXN009338,CUST00680,2026-06-12 12:07:00,392.67,Net Banking,0.67,3,0,Success,None,0
TXN009339,CUST00405,2026-09-25 10:48:00,2552.17,Wallet,0.47,2,0,Success,None,0
TXN009340,CUST00791,2026-08-24 18:48:00,6385.42,Card,0.36,1,0,Failed,Authentication Failed,0
TXN009341,CUST00292,2026-10-25 13:31:00,1050.59,Card,0.53,1,0,Success,None,0
TXN009342,CUST01350,2026-08-13 08:58:00,257.85,Wallet,0.54,3,0,Success,None,0
TXN009343,CUST00389,2026-05-12 08:30:00,3117.03,Wallet,0.92,3,1,Success,None,0
TXN009344,CUST00584,2026-10-19 21:59:00,339.73,UPI,0.7,0,0,Success,None,0
TXN009345,CUST00178,2026-07-12 08:44:00,3344.67,UPI,0.34,1,1,Success,None,0
TXN009346,CUST01261,2026-11-20 05:45:00,1082.65,Wallet,0.71,4,0,Success,None,0
TXN009347,CUST00232,2026-02-13 22:02:00,1464.04,Wallet,0.59,0,0,Success,None,0
TXN009348,CUST01334,2026-11-15 10:15:00,667.69,Card,0.74,1,0,Failed,Authentication Failed,1
TXN009349,CUST00392,2026-05-01 11:29:00,1584.97,Card,0.82,4,0,Failed,Bank Timeout,1
TXN009350,CUST01570,2026-03-04 02:45:00,282.13,Wallet,0.73,4,0,Failed,Expired Card,0
TXN009351,CUST02596,2026-09-16 02:36:00,374.78,Wallet,0.38,4,0,Success,None,0
TXN009352,CUST01176,2026-03-07 04:00:00,1174.57,Wallet,0.56,3,0,Failed,Authentication Failed,1
TXN009353,CUST01300,2026-01-28 22:18:00,5370.22,Wallet,0.4,1,0,Success,None,0
TXN009354,CUST00670,2026-07-16 06:22:00,3206.85,Net Banking,0.97,2,0,Success,None,0
TXN009355,CUST00549,2026-04-29 09:23:00,1208.87,Wallet,0.45,0,1,Failed,Authentication Failed,1
TXN009356,CUST00398,2026-04-02 10:06:00,1240.5,Card,0.73,2,0,Success,None,0
TXN009357,CUST00472,2026-08-29 05:04:00,996.82,Net Banking,0.75,4,1,Success,None,0
TXN009358,CUST01293,2026-03-06 00:15:00,312.05,Net Banking,0.62,4,1,Failed,Network Error,0
TXN009359,CUST02265,2026-07-29 05:47:00,8234.49,Card,0.45,2,0,Success,None,0
TXN009360,CUST02020,2026-11-04 05:12:00,238.06,Card,0.48,3,0,Failed,Network Error,1
TXN009361,CUST00937,2026-01-03 00:24:00,2138.49,Wallet,0.33,3,0,Failed,Authentication Failed,0
TXN009362,CUST01313,2026-05-08 06:37:00,908.25,UPI,0.39,0,0,Failed,Insufficient Funds,1
TXN009363,CUST00126,2026-08-26 18:15:00,1601.94,UPI,0.54,1,0,Success,None,0
TXN009364,CUST01856,2026-06-23 14:53:00,1644.94,Wallet,0.66,1,0,Success,None,0
TXN009365,CUST02372,2026-04-12 03:39:00,810.38,Net Banking,0.43,0,0,Success,None,0
TXN009366,CUST01697,2026-08-14 11:00:00,437.29,Net Banking,0.77,3,0,Success,None,0
TXN009367,CUST01649,2026-10-17 21:18:00,2401.82,Wallet,0.84,3,1,Failed,Insufficient Funds,1
TXN009368,CUST02949,2026-09-18 19:49:00,3338.07,UPI,0.41,2,0,Failed,Network Error,0
TXN009369,CUST01115,2026-01-01 08:48:00,2668.0,Card,0.52,0,0,Success,None,0
TXN009370,CUST01607,2026-06-15 03:38:00,2471.34,Card,0.56,2,0,Success,None,0
TXN009371,CUST02845,2026-05-15 18:21:00,2619.65,Wallet,0.83,2,1,Success,None,0
TXN009372,CUST02632,2026-09-29 15:04:00,291.78,Wallet,0.61,3,0,Success,None,0
TXN009373,CUST00789,2026-06-24 15:37:00,253.63,Wallet,0.76,1,1,Success,None,0
TXN009374,CUST00343,2026-01-01 23:43:00,613.34,Net Banking,0.39,0,0,Success,None,0
TXN009375,CUST02129,2026-10-16 10:59:00,2687.48,Wallet,0.93,2,0,Success,None,0
TXN009376,CUST00989,2026-08-11 19:22:00,1080.25,Card,0.32,1,0,Failed,Network Error,1
TXN009377,CUST02879,2026-04-24 02:13:00,1988.03,Wallet,0.89,1,0,Failed,Authentication Failed,1
TXN009378,CUST01713,2026-12-13 03:58:00,2091.72,UPI,0.88,0,1,Success,None,0
TXN009379,CUST00903,2026-11-01 12:13:00,1153.23,Net Banking,0.52,3,0,Success,None,0
TXN009380,CUST01319,2026-03-02 01:03:00,2686.92,UPI,0.75,1,0,Success,None,0
TXN009381,CUST02011,2026-08-20 04:14:00,900.17,UPI,0.85,4,0,Failed,Authentication Failed,0
TXN009382,CUST02371,2026-12-07 06:15:00,1250.55,Card,0.9,1,0,Failed,Expired Card,0
TXN009383,CUST00457,2026-06-24 09:35:00,1474.38,Wallet,0.43,2,0,Failed,Insufficient Funds,1
TXN009384,CUST01769,2026-05-25 15:43:00,1753.22,UPI,0.71,3,0,Success,None,0
TXN009385,CUST00903,2026-01-22 00:00:00,760.24,UPI,0.64,3,1,Failed,Network Error,0
TXN009386,CUST01103,2026-06-17 12:36:00,837.89,UPI,0.7,0,0,Success,None,0
TXN009387,CUST01815,2026-09-03 15:54:00,878.75,Wallet,0.36,4,1,Failed,Bank Timeout,1
TXN009388,CUST02435,2026-05-31 03:40:00,1196.88,UPI,0.93,4,0,Success,None,0
TXN009389,CUST00133,2026-09-03 01:38:00,292.44,Wallet,0.31,4,1,Failed,Insufficient Funds,0
TXN009390,CUST01111,2026-10-29 05:54:00,2667.59,Wallet,0.37,4,1,Success,None,0
TXN009391,CUST00610,2026-01-07 16:46:00,1619.85,UPI,0.96,1,0,Success,None,0
TXN009392,CUST02217,2026-09-17 06:51:00,518.23,Wallet,0.81,4,0,Success,None,0
TXN009393,CUST01853,2026-04-04 04:39:00,503.04,Wallet,0.87,4,0,Failed,Bank Timeout,1
TXN009394,CUST01427,2026-07-13 08:12:00,658.67,Wallet,1.0,4,1,Failed,Authentication Failed,1
TXN009395,CUST00725,2026-12-02 04:17:00,2618.69,Wallet,0.52,3,0,Failed,Expired Card,0
TXN009396,CUST02851,2026-11-14 17:50:00,768.54,Card,0.79,1,0,Failed,Insufficient Funds,1
TXN009397,CUST00266,2026-06-27 17:19:00,409.06,Wallet,0.76,2,0,Failed,Network Error,1
TXN009398,CUST00066,2026-11-07 05:06:00,605.36,Net Banking,0.65,0,0,Success,None,0
TXN009399,CUST01576,2026-09-22 15:04:00,599.62,Card,0.34,3,0,Success,None,0
TXN009400,CUST00269,2026-06-12 09:53:00,714.92,UPI,0.77,2,1,Failed,Expired Card,0
TXN009401,CUST01135,2026-11-26 23:19:00,4429.3,UPI,0.33,0,0,Success,None,0
TXN009402,CUST01204,2026-12-08 14:07:00,1035.17,Card,0.99,3,0,Failed,Expired Card,0
TXN009403,CUST02625,2026-01-30 00:40:00,488.66,UPI,0.65,1,1,Failed,Authentication Failed,1
TXN009404,CUST00230,2026-09-01 23:29:00,832.32,Net Banking,0.31,4,0,Success,None,0
TXN009405,CUST02720,2026-05-17 01:26:00,98.74,Card,0.44,1,0,Success,None,0
TXN009406,CUST02617,2026-07-16 03:05:00,541.66,Wallet,0.43,1,1,Success,None,0
TXN009407,CUST00913,2026-05-13 17:43:00,1607.99,UPI,0.5,0,0,Success,None,0
TXN009408,CUST02100,2026-05-19 19:02:00,408.85,UPI,0.68,0,0,Success,None,0
TXN009409,CUST00108,2026-08-05 07:41:00,552.96,UPI,0.87,2,1,Success,None,0
TXN009410,CUST01245,2026-04-13 11:06:00,4471.79,UPI,0.68,3,0,Success,None,0
TXN009411,CUST00246,2026-04-30 15:25:00,1211.05,Net Banking,0.35,2,0,Success,None,0
TXN009412,CUST02478,2026-11-27 12:20:00,3056.64,UPI,0.55,1,0,Success,None,0
TXN009413,CUST02026,2026-11-12 01:44:00,3151.54,Card,0.77,4,0,Success,None,0
TXN009414,CUST02549,2026-10-15 11:41:00,3204.63,UPI,0.38,1,1,Failed,Expired Card,0
TXN009415,CUST00087,2026-09-04 21:49:00,3483.28,UPI,0.39,4,1,Failed,Insufficient Funds,0
TXN009416,CUST02141,2026-04-23 05:58:00,732.34,Wallet,0.65,0,0,Success,None,0
TXN009417,CUST01757,2026-02-04 23:00:00,762.8,UPI,0.33,3,1,Failed,Insufficient Funds,0
TXN009418,CUST01912,2026-03-01 09:59:00,1020.91,Wallet,0.9,1,0,Success,None,0
TXN009419,CUST01677,2026-07-22 20:11:00,459.42,UPI,0.37,3,0,Success,None,0
TXN009420,CUST01403,2026-07-21 20:10:00,819.52,UPI,0.98,4,0,Success,None,0
TXN009421,CUST01148,2026-08-15 20:31:00,1062.46,Card,0.93,0,0,Success,None,0
TXN009422,CUST01985,2026-09-13 11:14:00,1385.66,Wallet,0.38,4,0,Success,None,0
TXN009423,CUST00724,2026-01-13 04:34:00,338.81,Wallet,0.77,2,0,Success,None,0
TXN009424,CUST00241,2026-05-14 01:47:00,478.93,Card,0.7,1,0,Success,None,0
TXN009425,CUST02130,2026-06-12 20:46:00,634.19,UPI,0.67,3,0,Failed,Network Error,0
TXN009426,CUST00730,2026-08-11 09:00:00,2510.67,Wallet,0.73,1,0,Success,None,0
TXN009427,CUST02596,2026-04-07 02:35:00,625.95,Net Banking,0.7,3,1,Success,None,0
TXN009428,CUST02499,2026-11-11 12:23:00,560.05,UPI,0.49,2,0,Success,None,0
TXN009429,CUST00742,2026-08-07 02:52:00,4495.42,Card,0.71,2,0,Failed,Expired Card,0
TXN009430,CUST00339,2026-11-10 10:28:00,314.46,UPI,0.34,0,0,Success,None,0
TXN009431,CUST00952,2026-12-06 10:15:00,489.17,Wallet,0.53,1,0,Success,None,0
TXN009432,CUST00594,2026-09-11 21:36:00,1548.35,Card,0.87,3,1,Failed,Authentication Failed,0
TXN009433,CUST02178,2026-11-06 14:19:00,1729.19,UPI,0.77,2,0,Failed,Bank Timeout,0
TXN009434,CUST02074,2026-08-13 15:26:00,1621.26,Wallet,0.82,1,0,Success,None,0
TXN009435,CUST01519,2026-09-10 17:21:00,1406.1,Net Banking,0.84,2,0,Success,None,0
TXN009436,CUST01049,2026-02-03 06:41:00,1223.15,Net Banking,0.68,4,0,Failed,Bank Timeout,1
TXN009437,CUST00481,2026-08-24 21:54:00,2412.27,UPI,0.96,0,0,Success,None,0
TXN009438,CUST01955,2026-10-11 12:10:00,2843.85,Net Banking,0.33,3,0,Success,None,0
TXN009439,CUST02754,2026-03-18 17:18:00,1628.15,UPI,0.91,2,0,Failed,Expired Card,0
TXN009440,CUST01510,2026-11-26 17:47:00,555.59,Net Banking,0.53,1,0,Success,None,0
TXN009441,CUST01928,2026-07-03 14:07:00,1289.78,Card,0.77,2,0,Success,None,0
TXN009442,CUST02498,2026-02-12 17:54:00,699.58,Card,0.78,3,0,Success,None,0
TXN009443,CUST01310,2026-02-24 11:41:00,3393.34,Wallet,0.48,1,0,Success,None,0
TXN009444,CUST00603,2026-04-02 10:16:00,140.93,Card,0.34,2,0,Failed,Bank Timeout,1
TXN009445,CUST00838,2026-10-18 10:14:00,1971.03,UPI,0.56,4,0,Success,None,0
TXN009446,CUST02360,2026-12-10 09:17:00,935.15,Wallet,0.6,3,0,Success,None,0
TXN009447,CUST00680,2026-06-28 16:57:00,229.54,Wallet,0.61,4,0,Success,None,0
TXN009448,CUST00913,2026-01-05 11:37:00,1313.32,Card,0.48,2,0,Failed,Authentication Failed,1
TXN009449,CUST02830,2026-09-20 07:13:00,2726.99,Net Banking,0.57,2,0,Success,None,0
TXN009450,CUST01249,2026-08-12 05:21:00,330.01,UPI,0.99,4,0,Success,None,0
TXN009451,CUST00171,2026-07-09 02:30:00,405.37,Net Banking,0.57,3,0,Success,None,0
TXN009452,CUST00767,2026-07-09 21:31:00,981.72,Wallet,0.45,2,0,Failed,Authentication Failed,1
TXN009453,CUST02362,2026-01-09 11:34:00,1567.13,Card,0.97,1,1,Success,None,0
TXN009454,CUST00645,2026-09-21 13:57:00,2751.64,Wallet,0.41,2,1,Failed,Bank Timeout,1
TXN009455,CUST00080,2026-05-14 16:33:00,5298.53,Wallet,0.39,4,0,Failed,Network Error,1
TXN009456,CUST02771,2026-02-22 06:50:00,10235.81,Card,0.9,1,1,Success,None,0
TXN009457,CUST02895,2026-06-17 13:09:00,901.95,Card,0.36,0,1,Success,None,0
TXN009458,CUST00083,2026-05-15 17:54:00,844.02,Net Banking,0.97,0,0,Success,None,0
TXN009459,CUST00556,2026-10-10 07:53:00,499.59,Card,0.65,3,0,Success,None,0
TXN009460,CUST01232,2026-12-08 05:28:00,356.21,Card,0.65,0,0,Success,None,0
TXN009461,CUST01953,2026-11-06 21:45:00,1138.06,Wallet,0.53,2,1,Failed,Expired Card,0
TXN009462,CUST00867,2026-03-28 01:25:00,1043.48,Wallet,0.95,3,0,Success,None,0
TXN009463,CUST02418,2026-01-03 21:02:00,1964.72,Wallet,0.52,4,1,Success,None,0
TXN009464,CUST02828,2026-07-04 04:25:00,2082.71,UPI,0.85,2,0,Success,None,0
TXN009465,CUST02211,2026-10-18 13:51:00,3914.32,Card,0.87,4,0,Success,None,0
TXN009466,CUST02886,2026-08-28 22:07:00,1313.0,Card,0.86,1,0,Success,None,0
TXN009467,CUST01353,2026-11-04 16:03:00,2039.82,Wallet,0.43,3,0,Failed,Bank Timeout,1
TXN009468,CUST01594,2026-05-01 22:35:00,512.57,Wallet,0.94,2,0,Failed,Insufficient Funds,0
TXN009469,CUST02566,2026-02-26 07:40:00,2733.12,Card,0.89,2,1,Success,None,0
TXN009470,CUST00628,2026-10-13 18:47:00,1114.74,Card,0.84,0,0,Success,None,0
TXN009471,CUST01671,2026-10-19 06:20:00,708.57,Net Banking,0.47,2,0,Success,None,0
TXN009472,CUST02409,2026-02-14 10:15:00,533.05,Card,0.41,4,1,Failed,Bank Timeout,0
TXN009473,CUST01834,2026-01-17 03:39:00,1905.72,UPI,0.4,0,1,Success,None,0
TXN009474,CUST02336,2026-08-09 08:25:00,1484.88,Wallet,0.5,4,0,Failed,Expired Card,0
TXN009475,CUST01393,2026-12-13 07:25:00,591.25,Net Banking,0.7,0,0,Success,None,0
TXN009476,CUST02696,2026-07-08 20:27:00,913.77,Wallet,0.33,4,0,Success,None,0
TXN009477,CUST02525,2026-05-19 18:23:00,2006.16,Card,0.64,1,0,Success,None,0
TXN009478,CUST02385,2026-01-06 08:32:00,1659.09,Card,0.94,4,1,Success,None,0
TXN009479,CUST02843,2026-07-04 12:54:00,1678.47,Net Banking,0.96,1,1,Success,None,0
TXN009480,CUST02872,2026-10-01 03:20:00,4370.45,Net Banking,0.99,3,0,Success,None,0
TXN009481,CUST01006,2026-08-19 19:46:00,993.87,UPI,0.4,3,0,Success,None,0
TXN009482,CUST01476,2026-08-26 03:30:00,1420.79,UPI,0.85,3,0,Failed,Authentication Failed,0
TXN009483,CUST01295,2026-08-12 08:51:00,521.19,Card,0.65,0,1,Success,None,0
TXN009484,CUST00301,2026-04-27 04:22:00,1281.98,Net Banking,0.65,1,0,Success,None,0
TXN009485,CUST02241,2026-09-04 14:52:00,1096.01,Card,0.54,4,0,Success,None,0
TXN009486,CUST00128,2026-02-03 09:49:00,1875.16,Wallet,0.94,4,0,Failed,Insufficient Funds,1
TXN009487,CUST00408,2026-11-29 19:24:00,1086.23,Wallet,0.68,2,0,Success,None,0
TXN009488,CUST02884,2026-03-31 00:21:00,411.81,Card,0.59,3,0,Success,None,0
TXN009489,CUST02095,2026-07-23 06:56:00,835.5,Wallet,0.77,0,0,Success,None,0
TXN009490,CUST01070,2026-10-20 01:53:00,1971.8,Net Banking,0.53,2,0,Failed,Authentication Failed,0
TXN009491,CUST00463,2026-06-07 02:47:00,380.68,Card,0.98,1,0,Success,None,0
TXN009492,CUST02031,2026-11-11 13:40:00,573.21,Wallet,0.9,3,0,Failed,Expired Card,0
TXN009493,CUST00298,2026-09-07 00:26:00,1739.5,Card,0.57,4,0,Success,None,0
TXN009494,CUST01247,2026-09-12 06:57:00,1702.81,UPI,0.72,1,0,Success,None,0
TXN009495,CUST00192,2026-07-27 12:41:00,403.19,Card,0.87,4,1,Success,None,0
TXN009496,CUST01350,2026-03-06 06:56:00,1475.43,Wallet,0.87,3,0,Success,None,0
TXN009497,CUST02275,2026-01-24 22:09:00,1286.22,UPI,0.64,0,0,Success,None,0
TXN009498,CUST01144,2026-08-06 20:46:00,592.42,Wallet,0.51,3,0,Failed,Insufficient Funds,0
TXN009499,CUST00430,2026-05-21 16:49:00,1570.16,Card,0.51,0,0,Success,None,0
TXN009500,CUST02536,2026-05-22 03:19:00,557.8,Net Banking,0.73,3,0,Success,None,0
TXN009501,CUST00890,2026-09-07 18:41:00,401.44,UPI,0.74,0,0,Success,None,0
TXN009502,CUST00438,2026-06-28 03:45:00,228.61,Card,0.37,1,0,Success,None,0
TXN009503,CUST01835,2026-03-06 17:03:00,261.52,UPI,0.61,0,0,Success,None,0
TXN009504,CUST00576,2026-07-11 11:14:00,510.48,Card,0.37,3,0,Failed,Expired Card,0
TXN009505,CUST00326,2026-08-11 11:17:00,828.4,UPI,0.74,4,0,Success,None,0
TXN009506,CUST00100,2026-01-09 20:23:00,380.12,Card,0.3,3,0,Success,None,0
TXN009507,CUST00477,2026-02-17 10:28:00,3348.74,Net Banking,0.42,3,0,Success,None,0
TXN009508,CUST00686,2026-07-21 10:14:00,424.77,Wallet,0.41,3,0,Failed,Expired Card,0
TXN009509,CUST00040,2026-03-24 00:14:00,3117.79,UPI,0.37,4,0,Failed,Insufficient Funds,0
TXN009510,CUST00077,2026-08-08 04:03:00,5746.62,UPI,0.91,0,1,Success,None,0
TXN009511,CUST01327,2026-05-25 12:39:00,510.98,Card,0.44,0,0,Failed,Bank Timeout,1
TXN009512,CUST00799,2026-01-28 08:46:00,1264.25,Card,0.81,4,0,Success,None,0
TXN009513,CUST02714,2026-03-06 07:23:00,958.19,Card,0.41,3,0,Success,None,0
TXN009514,CUST02318,2026-10-31 02:40:00,477.22,UPI,0.42,4,0,Success,None,0
TXN009515,CUST00021,2026-05-22 07:51:00,478.52,Net Banking,0.35,0,0,Success,None,0
TXN009516,CUST00338,2026-01-14 01:18:00,1978.57,Wallet,0.34,1,1,Success,None,0
TXN009517,CUST02029,2026-02-27 01:26:00,585.81,Wallet,0.64,1,1,Success,None,0
TXN009518,CUST02592,2026-01-18 16:22:00,2782.84,UPI,0.63,2,0,Success,None,0
TXN009519,CUST01778,2026-03-25 06:19:00,1619.07,UPI,0.76,1,0,Success,None,0
TXN009520,CUST00848,2026-02-10 18:58:00,578.48,Card,0.36,2,0,Failed,Authentication Failed,1
TXN009521,CUST01726,2026-01-25 20:14:00,996.09,Card,0.94,1,0,Success,None,0
TXN009522,CUST01280,2026-05-18 13:50:00,1934.69,UPI,0.39,4,0,Failed,Insufficient Funds,0
TXN009523,CUST01001,2026-08-31 07:35:00,825.24,Wallet,0.94,0,0,Success,None,0
TXN009524,CUST02987,2026-03-17 08:16:00,2582.38,UPI,0.79,2,0,Success,None,0
TXN009525,CUST02694,2026-08-04 10:11:00,771.2,Card,0.93,1,0,Success,None,0
TXN009526,CUST01816,2026-11-11 22:02:00,988.0,Wallet,0.81,1,0,Success,None,0
TXN009527,CUST01202,2026-04-23 15:34:00,1022.04,Card,0.86,0,1,Success,None,0
TXN009528,CUST02613,2026-07-26 11:04:00,1050.65,UPI,0.78,1,0,Success,None,0
TXN009529,CUST01700,2026-03-28 02:34:00,462.69,Wallet,0.86,2,0,Success,None,0
TXN009530,CUST00911,2026-08-29 15:20:00,880.19,UPI,0.88,3,0,Success,None,0
TXN009531,CUST01969,2026-03-22 13:37:00,694.67,Net Banking,0.82,2,0,Success,None,0
TXN009532,CUST02409,2026-09-13 19:09:00,740.48,UPI,0.58,2,0,Success,None,0
TXN009533,CUST00114,2026-02-07 03:02:00,313.77,UPI,0.56,4,0,Failed,Authentication Failed,0
TXN009534,CUST02793,2026-05-12 06:47:00,1391.82,Card,0.65,3,1,Failed,Insufficient Funds,1
TXN009535,CUST02922,2026-07-09 03:35:00,330.52,UPI,1.0,2,1,Failed,Bank Timeout,1
TXN009536,CUST01098,2026-01-02 23:31:00,577.24,UPI,0.42,3,0,Success,None,0
TXN009537,CUST00923,2026-10-07 19:35:00,945.35,UPI,0.88,4,0,Failed,Network Error,1
TXN009538,CUST02093,2026-11-10 05:50:00,2046.91,Net Banking,0.52,2,1,Failed,Network Error,1
TXN009539,CUST00241,2026-10-05 17:14:00,406.53,Card,0.8,0,0,Success,None,0
TXN009540,CUST00576,2026-01-01 19:08:00,265.39,UPI,0.31,1,0,Success,None,0
TXN009541,CUST01538,2026-08-07 11:17:00,630.79,UPI,0.39,2,0,Success,None,0
TXN009542,CUST01663,2026-11-07 01:46:00,1027.62,UPI,0.46,0,0,Success,None,0
TXN009543,CUST01430,2026-05-06 01:56:00,1390.55,Wallet,0.74,0,1,Success,None,0
TXN009544,CUST02370,2026-10-24 15:26:00,1068.9,UPI,0.31,1,1,Success,None,0
TXN009545,CUST01939,2026-04-13 03:36:00,1747.68,Wallet,0.71,2,0,Failed,Authentication Failed,1
TXN009546,CUST01604,2026-09-03 06:21:00,434.47,UPI,0.83,1,0,Success,None,0
TXN009547,CUST00804,2026-05-06 21:26:00,743.2,Net Banking,0.76,4,1,Failed,Authentication Failed,1
TXN009548,CUST00675,2026-11-20 09:45:00,1908.59,Wallet,0.76,0,0,Success,None,0
TXN009549,CUST01054,2026-01-30 05:57:00,2502.2,UPI,0.77,4,1,Failed,Insufficient Funds,0
TXN009550,CUST01571,2026-04-14 12:17:00,668.94,Card,0.66,2,0,Success,None,0
TXN009551,CUST01543,2026-04-02 22:33:00,95.15,Wallet,0.89,2,0,Failed,Network Error,1
TXN009552,CUST02960,2026-09-07 20:21:00,874.91,Card,0.92,3,0,Success,None,0
TXN009553,CUST01211,2026-01-24 10:58:00,441.93,Wallet,0.77,2,0,Failed,Network Error,1
TXN009554,CUST02378,2026-01-06 13:55:00,745.79,Net Banking,0.36,2,0,Success,None,0
TXN009555,CUST00204,2026-06-05 07:04:00,1163.92,UPI,0.77,1,0,Success,None,0
TXN009556,CUST01250,2026-04-25 17:41:00,881.97,Net Banking,0.42,3,0,Failed,Authentication Failed,1
TXN009557,CUST00554,2026-08-05 02:06:00,6139.0,Net Banking,0.3,3,0,Success,None,0
TXN009558,CUST00833,2026-01-14 20:14:00,719.52,Net Banking,0.8,3,0,Success,None,0
TXN009559,CUST02317,2026-04-06 01:16:00,2380.89,UPI,0.85,4,0,Success,None,0
TXN009560,CUST00233,2026-04-07 03:53:00,769.21,Net Banking,0.56,4,0,Success,None,0
TXN009561,CUST02724,2026-01-16 00:03:00,955.03,Wallet,0.63,2,1,Success,None,0
TXN009562,CUST00812,2026-06-10 02:04:00,575.76,Card,0.74,3,0,Failed,Network Error,0
TXN009563,CUST02016,2026-01-05 15:26:00,2247.91,UPI,0.3,0,1,Success,None,0
TXN009564,CUST00711,2026-05-03 04:44:00,1202.21,Card,0.59,2,0,Success,None,0
TXN009565,CUST00829,2026-04-03 16:46:00,563.03,Net Banking,0.44,0,0,Success,None,0
TXN009566,CUST01844,2026-03-09 23:29:00,1989.63,UPI,0.66,3,0,Failed,Expired Card,0
TXN009567,CUST02360,2026-12-04 04:25:00,4995.51,UPI,0.3,2,0,Success,None,0
TXN009568,CUST02015,2026-09-05 04:54:00,796.07,UPI,0.72,2,0,Success,None,0
TXN009569,CUST00395,2026-06-13 12:34:00,973.85,UPI,0.54,3,0,Failed,Expired Card,0
TXN009570,CUST01438,2026-07-21 21:00:00,2375.0,UPI,0.35,4,0,Success,None,0
TXN009571,CUST02268,2026-03-10 10:08:00,828.66,Card,0.48,0,1,Failed,Expired Card,0
TXN009572,CUST00866,2026-08-14 03:59:00,3100.69,Card,0.91,4,1,Failed,Insufficient Funds,0
TXN009573,CUST02225,2026-08-26 06:50:00,559.94,UPI,0.31,1,1,Success,None,0
TXN009574,CUST01778,2026-10-23 16:59:00,607.79,Net Banking,0.4,0,0,Failed,Insufficient Funds,1
TXN009575,CUST01167,2026-09-20 10:54:00,2674.59,Wallet,0.44,3,0,Success,None,0
TXN009576,CUST01965,2026-06-18 18:26:00,410.96,Wallet,0.5,3,0,Success,None,0
TXN009577,CUST01567,2026-11-24 07:14:00,622.64,Net Banking,0.35,1,0,Failed,Insufficient Funds,0
TXN009578,CUST01446,2026-08-25 05:02:00,573.41,Net Banking,0.78,0,0,Success,None,0
TXN009579,CUST01016,2026-05-10 16:22:00,1006.79,Net Banking,0.46,4,0,Success,None,0
TXN009580,CUST00064,2026-07-07 09:00:00,512.33,Wallet,0.98,4,0,Success,None,0
TXN009581,CUST00491,2026-07-09 16:16:00,1078.12,Wallet,0.32,0,0,Failed,Network Error,1
TXN009582,CUST00439,2026-07-12 11:57:00,1050.32,Net Banking,0.49,2,0,Failed,Bank Timeout,1
TXN009583,CUST02800,2026-01-05 01:55:00,3371.27,Net Banking,0.4,2,0,Failed,Bank Timeout,1
TXN009584,CUST02755,2026-05-03 19:47:00,739.98,Card,0.7,4,1,Failed,Expired Card,0
TXN009585,CUST02199,2026-10-11 14:35:00,446.41,UPI,0.59,0,0,Success,None,0
TXN009586,CUST00761,2026-10-22 15:57:00,345.55,Net Banking,0.69,4,0,Success,None,0
TXN009587,CUST01388,2026-06-07 16:10:00,1538.37,UPI,0.52,1,0,Success,None,0
TXN009588,CUST00899,2026-10-23 14:06:00,896.67,Wallet,0.54,0,0,Success,None,0
TXN009589,CUST00930,2026-01-07 18:11:00,2037.51,UPI,0.82,4,0,Failed,Insufficient Funds,1
TXN009590,CUST02611,2026-10-16 06:23:00,573.48,Wallet,0.95,3,1,Success,None,0
TXN009591,CUST02427,2026-07-31 18:45:00,103.13,Wallet,0.87,1,0,Failed,Insufficient Funds,1
TXN009592,CUST01346,2026-11-17 19:36:00,9569.68,UPI,0.63,0,1,Success,None,0
TXN009593,CUST02371,2026-08-08 03:16:00,1169.38,UPI,0.69,3,0,Success,None,0
TXN009594,CUST01987,2026-05-07 19:55:00,791.97,Net Banking,0.77,2,0,Success,None,0
TXN009595,CUST00101,2026-11-20 21:40:00,919.36,Net Banking,0.4,3,0,Success,None,0
TXN009596,CUST01013,2026-10-18 17:14:00,2306.7,Net Banking,0.91,4,1,Failed,Authentication Failed,0
TXN009597,CUST00849,2026-03-31 10:48:00,2786.04,Wallet,0.72,4,0,Success,None,0
TXN009598,CUST02834,2026-05-31 10:10:00,2754.59,UPI,0.36,2,0,Failed,Authentication Failed,0
TXN009599,CUST02492,2026-08-16 12:44:00,264.6,Wallet,0.82,2,1,Success,None,0
TXN009600,CUST02307,2026-09-26 06:47:00,1119.38,Card,0.78,3,0,Success,None,0
TXN009601,CUST00929,2026-03-21 12:45:00,498.5,Wallet,0.9,1,1,Success,None,0
TXN009602,CUST01084,2026-10-03 06:25:00,486.95,Card,0.46,1,1,Success,None,0
TXN009603,CUST00781,2026-07-27 21:15:00,474.5,UPI,0.76,4,0,Failed,Insufficient Funds,1
TXN009604,CUST01676,2026-09-06 18:13:00,1906.86,Net Banking,0.77,3,0,Failed,Insufficient Funds,1
TXN009605,CUST00258,2026-03-11 14:40:00,1457.27,Net Banking,0.65,1,0,Success,None,0
TXN009606,CUST01837,2026-02-24 17:27:00,2035.12,UPI,0.54,3,0,Success,None,0
TXN009607,CUST01576,2026-08-22 08:37:00,1041.57,Wallet,0.59,4,0,Success,None,0
TXN009608,CUST00137,2026-08-01 06:26:00,414.62,Wallet,0.37,2,0,Failed,Insufficient Funds,0
TXN009609,CUST00031,2026-03-09 18:02:00,1051.02,Wallet,0.85,1,0,Success,None,0
TXN009610,CUST01753,2026-04-02 03:36:00,1444.9,Card,0.38,1,1,Failed,Bank Timeout,1
TXN009611,CUST01022,2026-01-25 12:47:00,3671.16,Wallet,0.95,4,0,Success,None,0
TXN009612,CUST00309,2026-03-12 04:31:00,4660.74,Card,0.9,4,0,Success,None,0
TXN009613,CUST00308,2026-11-09 22:19:00,682.9,Net Banking,0.45,1,0,Success,None,0
TXN009614,CUST02932,2026-09-30 22:12:00,2575.72,Wallet,0.78,0,1,Success,None,0
TXN009615,CUST01696,2026-02-09 13:25:00,350.22,Card,0.89,0,0,Failed,Network Error,1
TXN009616,CUST01564,2026-06-12 02:30:00,6800.83,Wallet,0.89,1,0,Success,None,0
TXN009617,CUST01046,2026-11-19 12:27:00,2316.77,Card,0.55,3,1,Success,None,0
TXN009618,CUST01409,2026-04-13 03:39:00,933.27,Card,0.74,2,0,Failed,Network Error,1
TXN009619,CUST01711,2026-11-25 16:01:00,1027.65,Net Banking,0.36,2,1,Success,None,0
TXN009620,CUST00264,2026-07-06 08:39:00,387.46,Card,0.37,0,1,Success,None,0
TXN009621,CUST02427,2026-05-27 12:25:00,2607.55,Net Banking,0.71,1,1,Success,None,0
TXN009622,CUST01940,2026-07-18 14:06:00,695.0,Card,0.99,0,0,Failed,Expired Card,0
TXN009623,CUST00916,2026-01-17 12:15:00,405.55,Net Banking,0.4,4,0,Failed,Insufficient Funds,1
TXN009624,CUST02241,2026-07-04 15:07:00,498.89,Net Banking,0.82,2,1,Success,None,0
TXN009625,CUST01658,2026-01-04 13:24:00,2015.58,UPI,0.84,2,1,Success,None,0
TXN009626,CUST02777,2026-07-05 01:12:00,3057.29,UPI,0.63,2,0,Success,None,0
TXN009627,CUST02749,2026-04-14 12:32:00,2372.41,UPI,0.97,1,0,Success,None,0
TXN009628,CUST02932,2026-06-07 08:53:00,430.71,Wallet,0.94,1,0,Failed,Insufficient Funds,0
TXN009629,CUST00841,2026-01-13 08:57:00,1473.25,Wallet,0.95,2,1,Success,None,0
TXN009630,CUST00892,2026-01-29 11:15:00,2433.13,Wallet,0.47,3,0,Failed,Network Error,1
TXN009631,CUST02825,2026-03-11 04:06:00,3306.97,Card,0.38,0,0,Failed,Authentication Failed,1
TXN009632,CUST00622,2026-07-09 08:41:00,1680.88,Card,0.49,4,0,Failed,Insufficient Funds,1
TXN009633,CUST01391,2026-01-02 04:42:00,1386.36,Net Banking,0.78,0,0,Success,None,0
TXN009634,CUST01136,2026-08-27 07:23:00,502.16,Card,0.67,4,0,Success,None,0
TXN009635,CUST01646,2026-05-31 03:46:00,2321.47,UPI,0.83,2,1,Failed,Network Error,1
TXN009636,CUST02972,2026-07-24 04:54:00,879.4,Card,0.78,3,0,Failed,Authentication Failed,1
TXN009637,CUST00834,2026-08-25 06:50:00,5528.88,UPI,0.95,1,1,Success,None,0
TXN009638,CUST02862,2026-10-22 20:24:00,1100.23,Card,0.77,1,1,Success,None,0
TXN009639,CUST02287,2026-05-06 17:45:00,674.33,UPI,0.9,0,0,Success,None,0
TXN009640,CUST02700,2026-05-13 21:48:00,4741.05,Card,0.63,4,0,Success,None,0
TXN009641,CUST00140,2026-03-14 20:28:00,867.07,Card,0.79,1,0,Success,None,0
TXN009642,CUST01994,2026-01-19 16:43:00,216.02,Wallet,0.65,0,1,Failed,Bank Timeout,1
TXN009643,CUST02063,2026-11-29 17:30:00,190.43,Card,0.43,2,0,Failed,Authentication Failed,0
TXN009644,CUST01654,2026-07-06 00:18:00,3193.99,Wallet,0.99,0,0,Success,None,0
TXN009645,CUST01269,2026-06-21 21:04:00,2233.75,Wallet,0.48,4,0,Success,None,0
TXN009646,CUST01695,2026-01-02 09:12:00,1606.43,Card,0.34,2,0,Success,None,0
TXN009647,CUST02847,2026-08-02 23:03:00,3532.13,Net Banking,0.96,0,0,Success,None,0
TXN009648,CUST01710,2026-03-05 05:14:00,1260.82,UPI,0.86,3,0,Failed,Expired Card,0
TXN009649,CUST01820,2026-08-08 02:03:00,572.62,Card,0.41,4,0,Success,None,0
TXN009650,CUST02598,2026-12-09 21:17:00,1704.09,Net Banking,0.88,4,0,Failed,Insufficient Funds,0
TXN009651,CUST00753,2026-04-10 17:19:00,1433.45,Card,0.75,3,0,Failed,Authentication Failed,1
TXN009652,CUST01024,2026-03-31 05:35:00,3110.97,Net Banking,0.48,4,0,Failed,Authentication Failed,0
TXN009653,CUST00996,2026-06-09 17:10:00,3157.64,Card,0.72,1,0,Success,None,0
TXN009654,CUST02591,2026-02-06 02:14:00,560.93,Card,0.4,2,1,Failed,Insufficient Funds,0
TXN009655,CUST01769,2026-01-19 22:15:00,71.98,Net Banking,0.55,1,0,Success,None,0
TXN009656,CUST02042,2026-01-24 11:45:00,4285.92,Wallet,0.6,4,0,Failed,Expired Card,0
TXN009657,CUST01580,2026-01-31 19:42:00,421.67,Net Banking,0.85,3,0,Failed,Network Error,1
TXN009658,CUST00617,2026-04-03 23:02:00,1111.86,UPI,0.46,4,0,Failed,Network Error,1
TXN009659,CUST00431,2026-07-24 13:26:00,784.63,Wallet,0.52,1,0,Success,None,0
TXN009660,CUST01720,2026-07-19 16:51:00,555.02,Card,0.89,1,0,Success,None,0
TXN009661,CUST01260,2026-05-27 14:47:00,1415.15,Wallet,0.86,4,0,Success,None,0
TXN009662,CUST00877,2026-09-13 19:43:00,536.6,Card,0.3,3,1,Failed,Insufficient Funds,0
TXN009663,CUST00907,2026-06-17 04:28:00,431.83,Wallet,0.35,1,1,Success,None,0
TXN009664,CUST00104,2026-08-11 12:55:00,2434.57,Wallet,0.41,3,0,Success,None,0
TXN009665,CUST02624,2026-05-29 10:00:00,1903.02,Net Banking,0.56,0,0,Failed,Expired Card,1
TXN009666,CUST01748,2026-04-17 05:35:00,1617.7,UPI,0.63,2,1,Success,None,0
TXN009667,CUST02860,2026-08-23 14:59:00,1906.86,UPI,0.67,3,0,Failed,Bank Timeout,1
TXN009668,CUST01658,2026-06-23 04:05:00,179.42,Wallet,0.61,1,0,Success,None,0
TXN009669,CUST01706,2026-05-09 17:19:00,635.33,Net Banking,0.64,0,0,Success,None,0
TXN009670,CUST01404,2026-06-25 08:48:00,1433.39,Card,0.36,3,1,Success,None,0
TXN009671,CUST02149,2026-09-08 11:46:00,1111.65,Wallet,0.96,2,0,Success,None,0
TXN009672,CUST01390,2026-05-31 17:34:00,321.91,Net Banking,0.6,4,0,Failed,Insufficient Funds,1
TXN009673,CUST01802,2026-07-17 02:11:00,925.06,Card,0.55,2,0,Success,None,0
TXN009674,CUST00779,2026-01-14 15:57:00,9579.89,Card,0.53,4,1,Success,None,0
TXN009675,CUST00535,2026-04-29 02:36:00,2492.18,Net Banking,0.63,2,0,Success,None,0
TXN009676,CUST00748,2026-06-30 18:45:00,8548.86,UPI,0.94,2,1,Success,None,0
TXN009677,CUST00637,2026-10-23 15:28:00,5912.24,UPI,0.35,0,1,Success,None,0
TXN009678,CUST02531,2026-11-29 11:07:00,1489.66,Card,0.66,2,0,Success,None,0
TXN009679,CUST00445,2026-06-09 12:41:00,1573.63,Wallet,0.57,0,0,Success,None,0
TXN009680,CUST00854,2026-01-01 22:19:00,1425.94,Wallet,0.48,1,0,Success,None,0
TXN009681,CUST02081,2026-03-19 20:49:00,873.4,Card,0.32,0,0,Success,None,0
TXN009682,CUST01047,2026-06-09 02:56:00,658.92,Wallet,0.52,0,0,Success,None,0
TXN009683,CUST02100,2026-04-27 03:39:00,274.5,UPI,0.39,3,0,Success,None,0
TXN009684,CUST00063,2026-10-10 18:53:00,370.25,UPI,0.5,4,1,Success,None,0
TXN009685,CUST02518,2026-12-01 05:05:00,1507.6,UPI,0.57,4,1,Success,None,0
TXN009686,CUST02032,2026-08-16 10:14:00,866.25,UPI,0.54,4,0,Failed,Bank Timeout,1
TXN009687,CUST00963,2026-01-12 18:03:00,476.99,UPI,0.46,1,0,Success,None,0
TXN009688,CUST02770,2026-08-03 02:29:00,1157.81,Card,0.33,3,0,Success,None,0
TXN009689,CUST00744,2026-01-25 00:21:00,5161.46,Net Banking,0.33,2,0,Success,None,0
TXN009690,CUST01530,2026-05-13 20:26:00,1407.53,Wallet,0.3,3,0,Failed,Network Error,1
TXN009691,CUST01235,2026-03-19 06:07:00,1631.54,Wallet,0.56,4,1,Success,None,0
TXN009692,CUST02275,2026-09-07 13:52:00,504.58,Card,1.0,0,0,Success,None,0
TXN009693,CUST02743,2026-05-24 13:23:00,1150.06,Wallet,0.93,0,0,Failed,Insufficient Funds,1
TXN009694,CUST01289,2026-07-10 13:17:00,186.25,Net Banking,0.56,3,0,Failed,Network Error,0
TXN009695,CUST00209,2026-01-03 09:55:00,627.3,UPI,0.88,4,1,Success,None,0
TXN009696,CUST01768,2026-05-29 13:20:00,3542.48,UPI,0.91,3,0,Failed,Insufficient Funds,1
TXN009697,CUST00794,2026-05-18 19:05:00,1335.79,Net Banking,0.5,0,1,Failed,Authentication Failed,0
TXN009698,CUST02839,2026-04-17 06:24:00,300.19,UPI,0.93,1,0,Success,None,0
TXN009699,CUST01543,2026-09-13 17:29:00,1302.36,Net Banking,0.92,4,1,Success,None,0
TXN009700,CUST02091,2026-03-19 12:32:00,5546.69,UPI,0.39,0,0,Success,None,0
TXN009701,CUST02829,2026-04-30 11:20:00,1947.22,Card,0.76,3,1,Success,None,0
TXN009702,CUST01362,2026-05-24 03:49:00,1021.15,Wallet,0.83,2,0,Failed,Insufficient Funds,0
TXN009703,CUST02280,2026-10-10 02:29:00,804.0,Wallet,0.86,1,0,Success,None,0
TXN009704,CUST01712,2026-03-12 18:18:00,391.63,Card,0.88,0,0,Success,None,0
TXN009705,CUST02150,2026-10-23 22:58:00,592.6,Card,0.68,4,0,Success,None,0
TXN009706,CUST02491,2026-08-03 05:23:00,1837.92,Net Banking,0.69,4,1,Failed,Authentication Failed,1
TXN009707,CUST02974,2026-07-07 02:28:00,1881.38,Wallet,0.68,0,0,Success,None,0
TXN009708,CUST01312,2026-04-16 00:29:00,5111.03,Wallet,0.96,4,0,Success,None,0
TXN009709,CUST01185,2026-06-02 13:35:00,364.18,UPI,0.69,0,0,Failed,Bank Timeout,1
TXN009710,CUST02157,2026-05-02 11:25:00,387.24,Net Banking,0.46,3,0,Failed,Insufficient Funds,0
TXN009711,CUST01599,2026-11-12 12:16:00,442.94,Card,0.92,0,0,Success,None,0
TXN009712,CUST02509,2026-02-27 14:04:00,797.25,Wallet,0.9,0,0,Success,None,0
TXN009713,CUST00091,2026-04-18 03:41:00,533.52,Card,0.91,4,0,Success,None,0
TXN009714,CUST00288,2026-10-16 00:33:00,616.33,Card,0.87,1,0,Success,None,0
TXN009715,CUST01126,2026-10-30 16:52:00,3439.15,Card,0.96,2,0,Success,None,0
TXN009716,CUST02485,2026-12-01 20:25:00,1596.06,Wallet,0.41,4,0,Failed,Insufficient Funds,0
TXN009717,CUST00760,2026-05-22 00:49:00,1838.92,Wallet,0.73,2,1,Success,None,0
TXN009718,CUST00538,2026-05-19 22:23:00,889.06,Wallet,0.3,1,0,Success,None,0
TXN009719,CUST01717,2026-11-11 09:32:00,4385.55,Card,0.57,2,1,Success,None,0
TXN009720,CUST01811,2026-02-09 17:50:00,689.9,Card,0.77,0,0,Success,None,0
TXN009721,CUST01167,2026-05-26 05:57:00,1692.42,UPI,0.41,0,0,Success,None,0
TXN009722,CUST01866,2026-06-27 04:04:00,718.92,Wallet,0.37,3,1,Success,None,0
TXN009723,CUST02376,2026-09-19 23:12:00,6575.24,Net Banking,0.77,1,0,Success,None,0
TXN009724,CUST01112,2026-06-24 13:24:00,707.6,Card,0.51,4,1,Success,None,0
TXN009725,CUST01917,2026-06-21 17:21:00,690.58,Card,0.99,0,1,Success,None,0
TXN009726,CUST01346,2026-10-22 13:39:00,11559.85,Net Banking,0.67,3,0,Success,None,0
TXN009727,CUST00124,2026-05-02 18:45:00,836.56,Card,0.86,4,0,Failed,Network Error,1
TXN009728,CUST00669,2026-11-25 11:10:00,546.75,UPI,0.74,4,0,Success,None,0
TXN009729,CUST00834,2026-05-18 06:52:00,1847.67,Net Banking,0.58,4,0,Success,None,0
TXN009730,CUST01654,2026-02-14 02:01:00,1518.45,Wallet,0.81,4,0,Failed,Bank Timeout,0
TXN009731,CUST01585,2026-10-07 02:03:00,788.33,Wallet,0.77,3,0,Success,None,0
TXN009732,CUST02074,2026-08-08 08:55:00,1946.31,Wallet,0.6,4,1,Success,None,0
TXN009733,CUST02128,2026-03-26 10:46:00,2586.44,UPI,0.45,3,1,Failed,Expired Card,0
TXN009734,CUST01217,2026-04-28 19:14:00,3078.05,UPI,0.81,0,0,Success,None,0
TXN009735,CUST02969,2026-08-11 01:25:00,895.13,UPI,0.63,4,0,Success,None,0
TXN009736,CUST02814,2026-04-05 19:30:00,708.22,UPI,0.82,2,0,Success,None,0
TXN009737,CUST01143,2026-01-20 09:42:00,826.44,Wallet,0.48,1,1,Success,None,0
TXN009738,CUST00565,2026-04-10 06:50:00,649.87,Wallet,0.43,2,0,Success,None,0
TXN009739,CUST02976,2026-07-24 03:38:00,1271.96,Net Banking,1.0,1,1,Success,None,0
TXN009740,CUST00262,2026-04-02 22:46:00,1158.03,Wallet,0.8,0,0,Success,None,0
TXN009741,CUST02660,2026-04-11 22:47:00,1704.82,Wallet,0.97,1,1,Success,None,0
TXN009742,CUST01870,2026-11-14 12:23:00,1503.28,UPI,0.59,2,0,Success,None,0
TXN009743,CUST02503,2026-05-20 00:28:00,2778.13,Card,0.91,0,0,Success,None,0
TXN009744,CUST00980,2026-07-23 11:18:00,1880.57,UPI,0.55,3,0,Success,None,0
TXN009745,CUST00936,2026-07-10 11:44:00,610.82,UPI,0.8,2,1,Failed,Expired Card,0
TXN009746,CUST02769,2026-07-14 18:22:00,623.66,UPI,0.5,0,0,Failed,Authentication Failed,0
TXN009747,CUST01881,2026-05-11 10:14:00,646.62,Wallet,0.44,0,1,Success,None,0
TXN009748,CUST00436,2026-11-02 02:53:00,186.93,UPI,0.52,1,0,Success,None,0
TXN009749,CUST01321,2026-11-01 22:23:00,784.8,Card,0.62,3,1,Success,None,0
TXN009750,CUST02833,2026-10-24 12:58:00,309.78,Wallet,0.98,2,1,Success,None,0
TXN009751,CUST00377,2026-01-25 09:52:00,764.72,Card,0.73,3,1,Failed,Expired Card,0
TXN009752,CUST00743,2026-09-24 04:36:00,1194.55,Wallet,0.57,3,1,Success,None,0
TXN009753,CUST02161,2026-05-28 00:03:00,996.86,Wallet,0.62,3,0,Success,None,0
TXN009754,CUST00928,2026-03-17 14:17:00,1824.86,Card,0.44,4,1,Success,None,0
TXN009755,CUST00991,2026-02-21 20:25:00,413.77,UPI,0.83,0,0,Success,None,0
TXN009756,CUST00532,2026-04-21 09:02:00,901.44,Wallet,0.4,2,1,Success,None,0
TXN009757,CUST02499,2026-05-25 08:43:00,1997.33,UPI,0.76,2,1,Failed,Network Error,1
TXN009758,CUST02323,2026-01-12 00:53:00,4808.48,Net Banking,0.55,3,1,Success,None,0
TXN009759,CUST00922,2026-04-08 22:46:00,1017.48,Net Banking,0.96,3,0,Success,None,0
TXN009760,CUST01052,2026-04-15 14:09:00,927.71,Card,0.88,4,0,Failed,Insufficient Funds,0
TXN009761,CUST00447,2026-03-04 00:51:00,3004.94,Card,0.34,3,1,Failed,Insufficient Funds,0
TXN009762,CUST00313,2026-11-23 11:46:00,789.56,UPI,0.41,1,0,Success,None,0
TXN009763,CUST02080,2026-11-30 21:56:00,1719.37,Net Banking,0.61,1,0,Success,None,0
TXN009764,CUST02762,2026-10-27 13:53:00,2220.14,UPI,0.4,4,0,Failed,Insufficient Funds,0
TXN009765,CUST01009,2026-01-10 10:10:00,1764.29,Net Banking,0.94,3,0,Success,None,0
TXN009766,CUST02593,2026-07-11 00:20:00,982.54,Net Banking,0.4,2,1,Failed,Authentication Failed,1
TXN009767,CUST02453,2026-12-04 15:37:00,2131.23,Wallet,0.5,0,0,Success,None,0
TXN009768,CUST02463,2026-03-10 12:01:00,4526.36,UPI,0.84,1,0,Success,None,0
TXN009769,CUST01295,2026-01-06 07:24:00,428.82,UPI,0.73,1,0,Success,None,0
TXN009770,CUST00504,2026-04-30 01:50:00,2050.99,Net Banking,0.74,2,1,Success,None,0
TXN009771,CUST02848,2026-06-04 01:35:00,4369.71,Net Banking,0.73,1,1,Failed,Expired Card,1
TXN009772,CUST00382,2026-06-13 11:59:00,1007.13,Wallet,0.51,1,1,Success,None,0
TXN009773,CUST00990,2026-10-29 19:36:00,2207.53,Card,0.44,1,0,Success,None,0
TXN009774,CUST01786,2026-11-26 07:41:00,388.27,Net Banking,0.84,4,0,Failed,Bank Timeout,1
TXN009775,CUST00384,2026-04-04 09:18:00,1292.48,UPI,0.71,4,0,Failed,Network Error,0
TXN009776,CUST01613,2026-05-31 19:03:00,2067.74,Wallet,0.63,3,0,Success,None,0
TXN009777,CUST02357,2026-09-24 06:42:00,1193.76,Card,0.48,2,0,Failed,Authentication Failed,1
TXN009778,CUST00268,2026-01-29 07:56:00,3303.13,Net Banking,0.91,0,0,Failed,Expired Card,0
TXN009779,CUST00259,2026-09-01 08:16:00,2172.01,Net Banking,0.63,3,0,Success,None,0
TXN009780,CUST02616,2026-10-28 21:03:00,804.4,Card,0.82,3,0,Success,None,0
TXN009781,CUST00869,2026-05-15 12:20:00,894.06,Card,0.39,2,1,Failed,Network Error,0
TXN009782,CUST01760,2026-10-25 21:36:00,786.84,Net Banking,0.42,0,0,Failed,Insufficient Funds,1
TXN009783,CUST02219,2026-06-15 15:30:00,996.39,Card,0.34,2,1,Success,None,0
TXN009784,CUST01785,2026-09-03 17:04:00,314.04,Card,0.68,2,0,Success,None,0
TXN009785,CUST00312,2026-09-14 19:32:00,511.57,UPI,0.86,4,0,Success,None,0
TXN009786,CUST01230,2026-03-19 04:39:00,505.96,UPI,0.71,1,0,Success,None,0
TXN009787,CUST02624,2026-05-05 19:52:00,1606.34,Net Banking,0.94,2,0,Failed,Authentication Failed,0
TXN009788,CUST02183,2026-06-30 18:32:00,3423.89,Card,0.97,3,0,Failed,Expired Card,1
TXN009789,CUST01017,2026-09-17 02:06:00,415.66,UPI,0.44,4,0,Success,None,0
TXN009790,CUST01365,2026-09-27 01:14:00,3665.41,Wallet,0.82,0,0,Success,None,0
TXN009791,CUST00178,2026-08-14 03:59:00,2414.44,Net Banking,0.89,3,0,Success,None,0
TXN009792,CUST02061,2026-05-17 06:43:00,532.83,UPI,0.75,2,0,Failed,Expired Card,0
TXN009793,CUST02744,2026-10-04 01:21:00,1202.17,Card,0.66,2,0,Success,None,0
TXN009794,CUST02751,2026-06-02 01:38:00,4137.79,Net Banking,0.88,2,0,Success,None,0
TXN009795,CUST00320,2026-05-27 04:30:00,1117.71,Net Banking,0.74,1,0,Success,None,0
TXN009796,CUST02712,2026-02-04 20:20:00,2782.44,UPI,0.46,3,0,Failed,Expired Card,0
TXN009797,CUST02425,2026-08-21 17:12:00,640.65,Net Banking,0.53,3,0,Failed,Authentication Failed,0
TXN009798,CUST01345,2026-03-26 11:33:00,612.9,Card,0.92,1,0,Success,None,0
TXN009799,CUST01293,2026-05-18 20:07:00,1702.6,UPI,0.74,4,0,Failed,Network Error,1
TXN009800,CUST02441,2026-11-21 18:44:00,802.24,Card,0.85,2,0,Success,None,0
TXN009801,CUST02241,2026-04-03 13:01:00,453.25,Card,0.86,0,0,Success,None,0
TXN009802,CUST00251,2026-10-11 20:29:00,1326.74,UPI,0.84,4,0,Success,None,0
TXN009803,CUST00441,2026-12-07 02:11:00,559.49,Card,0.39,4,0,Failed,Insufficient Funds,1
TXN009804,CUST02295,2026-01-06 11:52:00,631.58,Wallet,0.73,3,0,Success,None,0
TXN009805,CUST02804,2026-11-06 03:49:00,4610.0,Net Banking,0.87,1,0,Success,None,0
TXN009806,CUST00983,2026-12-11 06:43:00,2623.06,UPI,0.46,2,0,Success,None,0
TXN009807,CUST02551,2026-02-21 18:27:00,943.86,Card,0.83,1,1,Success,None,0
TXN009808,CUST01356,2026-09-15 08:37:00,6157.36,UPI,0.39,2,0,Success,None,0
TXN009809,CUST02969,2026-11-20 08:26:00,1146.0,Net Banking,0.84,3,0,Success,None,0
TXN009810,CUST02487,2026-05-21 00:21:00,128.7,Net Banking,0.89,3,0,Success,None,0
TXN009811,CUST01813,2026-10-31 18:14:00,288.8,Net Banking,0.95,4,0,Success,None,0
TXN009812,CUST02435,2026-03-17 13:20:00,361.97,Card,0.74,1,0,Success,None,0
TXN009813,CUST00121,2026-01-29 22:13:00,422.04,UPI,0.52,4,0,Success,None,0
TXN009814,CUST01823,2026-07-13 05:48:00,1300.41,Net Banking,0.31,4,1,Failed,Bank Timeout,0
TXN009815,CUST02781,2026-06-25 14:22:00,1491.28,UPI,0.42,4,0,Success,None,0
TXN009816,CUST02974,2026-08-08 21:49:00,2645.92,Card,0.76,4,0,Success,None,0
TXN009817,CUST02124,2026-09-06 08:26:00,472.49,Wallet,0.88,1,0,Success,None,0
TXN009818,CUST02298,2026-10-24 05:32:00,810.03,UPI,0.69,4,1,Success,None,0
TXN009819,CUST02586,2026-05-28 04:03:00,2893.5,Net Banking,0.45,4,0,Failed,Insufficient Funds,1
TXN009820,CUST01198,2026-02-27 07:04:00,3450.09,Wallet,0.97,2,1,Success,None,0
TXN009821,CUST02781,2026-01-02 06:58:00,272.76,Net Banking,0.6,3,1,Failed,Bank Timeout,0
TXN009822,CUST01833,2026-05-10 20:43:00,2142.26,Card,0.83,0,1,Success,None,0
TXN009823,CUST01345,2026-08-30 22:45:00,1216.32,Wallet,0.48,0,0,Failed,Bank Timeout,1
TXN009824,CUST01990,2026-01-17 14:51:00,9020.19,UPI,0.35,2,0,Failed,Network Error,1
TXN009825,CUST02398,2026-04-15 16:28:00,2693.69,Wallet,0.97,0,1,Success,None,0
TXN009826,CUST02380,2026-10-28 16:40:00,1358.65,Card,0.77,0,1,Failed,Network Error,1
TXN009827,CUST01967,2026-08-12 12:08:00,1214.2,Net Banking,0.33,3,0,Success,None,0
TXN009828,CUST00170,2026-08-18 01:20:00,726.95,Card,0.8,1,0,Failed,Network Error,0
TXN009829,CUST00054,2026-08-20 08:39:00,2283.01,Net Banking,0.93,3,0,Failed,Insufficient Funds,1
TXN009830,CUST00331,2026-02-13 23:30:00,1141.11,Wallet,0.39,4,0,Success,None,0
TXN009831,CUST00741,2026-10-03 17:31:00,2052.77,UPI,0.45,0,0,Success,None,0
TXN009832,CUST02001,2026-09-25 14:18:00,1103.27,Wallet,0.99,1,0,Success,None,0
TXN009833,CUST02533,2026-11-22 04:57:00,1229.93,Wallet,0.43,2,0,Failed,Authentication Failed,1
TXN009834,CUST02616,2026-08-30 03:09:00,626.78,UPI,0.49,3,1,Success,None,0
TXN009835,CUST01125,2026-01-11 15:04:00,3363.39,Wallet,0.31,3,0,Failed,Authentication Failed,1
TXN009836,CUST01420,2026-05-05 09:23:00,597.23,Card,0.45,1,1,Failed,Authentication Failed,0
TXN009837,CUST00554,2026-02-08 17:42:00,1400.63,Net Banking,0.85,0,0,Failed,Bank Timeout,1
TXN009838,CUST02669,2026-09-26 03:43:00,1786.9,UPI,0.38,0,0,Success,None,0
TXN009839,CUST00328,2026-03-06 23:31:00,1750.02,Wallet,0.66,4,0,Success,None,0
TXN009840,CUST01354,2026-01-22 15:10:00,425.41,UPI,0.44,1,0,Success,None,0
TXN009841,CUST01210,2026-11-16 01:02:00,2340.65,Wallet,0.48,0,1,Success,None,0
TXN009842,CUST02914,2026-12-12 15:59:00,734.43,Wallet,0.31,2,0,Failed,Insufficient Funds,0
TXN009843,CUST00100,2026-07-22 12:19:00,1785.44,Wallet,0.85,2,0,Success,None,0
TXN009844,CUST00395,2026-02-21 01:54:00,509.32,Card,0.39,3,1,Failed,Bank Timeout,0
TXN009845,CUST01232,2026-04-13 05:25:00,792.06,Card,0.65,3,0,Success,None,0
TXN009846,CUST00474,2026-01-18 13:33:00,1381.76,Wallet,0.61,0,1,Success,None,0
TXN009847,CUST00252,2026-08-23 10:26:00,500.58,Wallet,0.4,3,1,Failed,Bank Timeout,1
TXN009848,CUST01857,2026-01-27 08:38:00,1087.58,Wallet,0.93,4,0,Success,None,0
TXN009849,CUST00501,2026-01-15 07:53:00,1945.68,Net Banking,0.57,4,0,Failed,Insufficient Funds,0
TXN009850,CUST00660,2026-07-03 10:07:00,3380.2,Wallet,0.66,4,0,Success,None,0
TXN009851,CUST01929,2026-09-22 11:30:00,871.45,Net Banking,0.98,4,0,Success,None,0
TXN009852,CUST02685,2026-01-23 04:37:00,942.32,UPI,0.3,0,1,Success,None,0
TXN009853,CUST01601,2026-08-21 04:27:00,3124.83,Net Banking,0.96,2,1,Success,None,0
TXN009854,CUST01356,2026-06-15 11:51:00,1724.13,Wallet,0.96,4,0,Failed,Network Error,0
TXN009855,CUST02428,2026-10-21 07:03:00,653.98,Wallet,0.86,0,0,Success,None,0
TXN009856,CUST01633,2026-08-19 13:15:00,696.77,Card,0.94,3,0,Failed,Expired Card,0
TXN009857,CUST02004,2026-10-31 10:51:00,918.43,Net Banking,0.63,4,0,Success,None,0
TXN009858,CUST02389,2026-09-28 06:10:00,898.63,UPI,0.64,4,0,Success,None,0
TXN009859,CUST02168,2026-04-25 12:02:00,392.23,Wallet,0.42,2,1,Failed,Bank Timeout,1
TXN009860,CUST00177,2026-04-16 05:25:00,2372.51,Card,0.72,4,0,Failed,Network Error,0
TXN009861,CUST00793,2026-01-10 00:44:00,1222.51,Card,0.74,2,0,Failed,Network Error,0
TXN009862,CUST00107,2026-01-01 18:44:00,532.86,Card,0.73,3,0,Success,None,0
TXN009863,CUST00631,2026-05-08 06:05:00,2240.61,UPI,0.79,3,1,Failed,Network Error,1
TXN009864,CUST01830,2026-10-23 19:12:00,1092.33,Net Banking,0.35,2,0,Failed,Expired Card,0
TXN009865,CUST01191,2026-03-18 18:09:00,2200.44,Wallet,0.42,0,1,Success,None,0
TXN009866,CUST01399,2026-06-21 12:34:00,931.82,Card,0.97,0,0,Failed,Bank Timeout,1
TXN009867,CUST00216,2026-07-04 13:51:00,1209.01,Card,0.76,1,0,Success,None,0
TXN009868,CUST00368,2026-05-22 08:55:00,1205.73,Card,0.81,3,0,Success,None,0
TXN009869,CUST02807,2026-07-18 02:16:00,281.45,Card,0.7,1,0,Success,None,0
TXN009870,CUST01058,2026-07-14 21:13:00,1270.79,UPI,0.45,4,0,Success,None,0
TXN009871,CUST02846,2026-03-02 12:51:00,4515.4,Wallet,0.51,0,0,Failed,Network Error,1
TXN009872,CUST01240,2026-01-22 20:57:00,3299.0,UPI,0.71,2,0,Success,None,0
TXN009873,CUST01305,2026-02-16 04:36:00,499.28,Wallet,0.64,3,1,Success,None,0
TXN009874,CUST00410,2026-02-08 23:08:00,383.24,UPI,0.83,1,1,Success,None,0
TXN009875,CUST02116,2026-07-25 14:08:00,15936.7,Wallet,0.44,0,0,Success,None,0
TXN009876,CUST02702,2026-11-24 18:56:00,1956.28,UPI,0.6,3,1,Success,None,0
TXN009877,CUST00955,2026-02-01 00:54:00,529.37,Wallet,0.42,2,0,Success,None,0
TXN009878,CUST00624,2026-03-15 12:53:00,925.94,Net Banking,0.48,3,1,Failed,Authentication Failed,0
TXN009879,CUST00298,2026-10-06 11:10:00,582.64,UPI,0.4,0,1,Failed,Insufficient Funds,1
TXN009880,CUST02188,2026-04-10 19:03:00,1420.09,Wallet,0.83,3,1,Failed,Authentication Failed,0
TXN009881,CUST00414,2026-11-19 17:14:00,945.03,Net Banking,0.98,2,1,Failed,Bank Timeout,0
TXN009882,CUST02486,2026-07-19 23:28:00,898.87,Net Banking,0.79,2,1,Failed,Expired Card,0
TXN009883,CUST00785,2026-03-09 14:57:00,2015.17,Net Banking,0.59,3,0,Success,None,0
TXN009884,CUST00707,2026-06-11 17:59:00,1126.33,Net Banking,0.38,2,1,Success,None,0
TXN009885,CUST02206,2026-09-19 05:10:00,1548.2,Wallet,0.88,4,1,Failed,Authentication Failed,1
TXN009886,CUST02788,2026-02-02 04:46:00,589.64,Card,0.36,4,0,Failed,Authentication Failed,0
TXN009887,CUST00140,2026-09-01 05:42:00,4453.91,Wallet,0.65,1,0,Success,None,0
TXN009888,CUST02690,2026-02-06 08:29:00,2345.5,Card,0.68,3,0,Success,None,0
TXN009889,CUST02771,2026-09-17 09:46:00,3553.45,Net Banking,0.59,0,0,Success,None,0
TXN009890,CUST02781,2026-05-08 20:22:00,1034.79,UPI,0.89,3,0,Failed,Insufficient Funds,1
TXN009891,CUST02984,2026-03-23 09:49:00,2307.77,Wallet,0.71,1,0,Success,None,0
TXN009892,CUST02665,2026-11-28 15:26:00,2148.41,UPI,0.48,2,1,Success,None,0
TXN009893,CUST00619,2026-01-28 09:59:00,2861.11,Wallet,0.32,2,1,Failed,Insufficient Funds,1
TXN009894,CUST02616,2026-09-08 00:27:00,722.25,Net Banking,0.77,4,0,Failed,Bank Timeout,1
TXN009895,CUST02069,2026-05-24 06:51:00,709.64,Card,0.42,2,0,Failed,Bank Timeout,0
TXN009896,CUST01780,2026-04-27 20:10:00,608.27,UPI,0.59,1,0,Success,None,0
TXN009897,CUST01629,2026-01-10 17:24:00,1047.91,Wallet,0.95,0,0,Success,None,0
TXN009898,CUST01440,2026-04-06 18:38:00,1632.49,UPI,0.58,0,0,Success,None,0
TXN009899,CUST01123,2026-05-29 08:01:00,6655.17,Card,0.47,4,0,Success,None,0
TXN009900,CUST01318,2026-09-10 02:08:00,2940.18,Card,0.65,3,0,Failed,Expired Card,0
TXN009901,CUST01815,2026-04-14 12:54:00,655.03,Wallet,0.33,4,0,Success,None,0
TXN009902,CUST00594,2026-02-04 06:13:00,2029.49,Wallet,0.98,2,0,Failed,Authentication Failed,0
TXN009903,CUST01588,2026-10-19 12:57:00,1670.25,Wallet,0.75,1,0,Success,None,0
TXN009904,CUST01189,2026-08-13 17:28:00,958.99,Wallet,0.85,1,0,Failed,Authentication Failed,1
TXN009905,CUST02048,2026-08-08 10:31:00,459.05,Net Banking,0.62,2,0,Success,None,0
TXN009906,CUST00574,2026-09-23 13:18:00,1165.06,Card,0.51,3,0,Success,None,0
TXN009907,CUST02141,2026-08-08 22:08:00,3741.62,Net Banking,0.44,3,0,Failed,Bank Timeout,0
TXN009908,CUST00427,2026-07-23 22:40:00,367.19,Net Banking,0.87,3,0,Success,None,0
TXN009909,CUST02280,2026-04-07 09:58:00,912.54,UPI,0.81,2,0,Success,None,0
TXN009910,CUST01547,2026-06-23 14:08:00,3742.2,Card,0.37,1,1,Success,None,0
TXN009911,CUST00915,2026-05-03 22:09:00,827.79,Card,0.51,0,0,Success,None,0
TXN009912,CUST00536,2026-05-24 05:08:00,455.09,UPI,0.55,4,1,Success,None,0
TXN009913,CUST00914,2026-04-04 05:52:00,2141.63,Wallet,0.36,2,0,Success,None,0
TXN009914,CUST02552,2026-04-06 02:42:00,1118.09,UPI,0.77,3,0,Success,None,0
TXN009915,CUST01743,2026-11-06 09:29:00,341.61,Wallet,0.42,2,0,Failed,Bank Timeout,1
TXN009916,CUST01643,2026-07-07 21:15:00,507.76,Net Banking,0.89,4,1,Failed,Network Error,1
TXN009917,CUST01689,2026-01-25 05:21:00,732.48,UPI,0.95,4,0,Success,None,0
TXN009918,CUST01519,2026-02-07 23:29:00,870.93,Wallet,0.52,0,1,Failed,Bank Timeout,0
TXN009919,CUST02817,2026-04-30 07:31:00,1112.21,Net Banking,0.3,1,0,Failed,Network Error,0
TXN009920,CUST00120,2026-08-16 18:43:00,2176.83,Wallet,0.31,2,0,Failed,Insufficient Funds,0
TXN009921,CUST01801,2026-09-16 05:18:00,1026.64,Net Banking,0.46,2,0,Success,None,0
TXN009922,CUST01986,2026-04-24 17:49:00,2968.67,UPI,0.48,3,1,Failed,Expired Card,0
TXN009923,CUST02121,2026-03-24 05:27:00,998.84,Wallet,0.79,2,0,Success,None,0
TXN009924,CUST00488,2026-06-08 15:16:00,202.52,Card,0.76,1,1,Success,None,0
TXN009925,CUST02030,2026-03-13 13:06:00,411.87,UPI,0.57,4,0,Success,None,0
TXN009926,CUST02485,2026-08-20 23:59:00,2231.51,Net Banking,0.35,2,0,Failed,Bank Timeout,1
TXN009927,CUST01485,2026-10-28 18:39:00,414.76,Net Banking,0.8,1,0,Success,None,0
TXN009928,CUST01585,2026-11-17 09:11:00,12152.18,UPI,0.93,0,0,Success,None,0
TXN009929,CUST01018,2026-06-27 09:14:00,977.94,Net Banking,0.52,2,0,Success,None,0
TXN009930,CUST02868,2026-05-29 07:46:00,1103.07,Wallet,0.53,2,0,Failed,Insufficient Funds,1
TXN009931,CUST00405,2026-01-12 20:53:00,1151.87,Net Banking,0.51,0,0,Success,None,0
TXN009932,CUST01200,2026-07-26 20:46:00,569.64,UPI,0.85,3,0,Success,None,0
TXN009933,CUST02578,2026-12-09 11:33:00,5979.63,UPI,0.84,1,0,Success,None,0
TXN009934,CUST02130,2026-07-23 21:49:00,337.23,Net Banking,0.43,2,0,Failed,Insufficient Funds,1
TXN009935,CUST00552,2026-01-27 18:07:00,1574.58,UPI,0.68,3,1,Failed,Bank Timeout,1
TXN009936,CUST02007,2026-05-21 05:43:00,747.98,Wallet,0.82,0,0,Success,None,0
TXN009937,CUST00798,2026-10-31 07:25:00,611.02,Net Banking,0.72,4,0,Success,None,0
TXN009938,CUST02790,2026-04-09 19:37:00,1047.82,UPI,0.6,3,0,Success,None,0
TXN009939,CUST02335,2026-11-29 02:26:00,2541.87,Wallet,0.6,2,0,Failed,Expired Card,0
TXN009940,CUST02692,2026-10-16 20:14:00,5095.18,UPI,0.92,1,0,Success,None,0
TXN009941,CUST00683,2026-11-10 22:08:00,1300.6,Card,0.47,4,0,Failed,Authentication Failed,0
TXN009942,CUST00397,2026-04-29 14:49:00,328.52,Net Banking,0.5,4,1,Failed,Expired Card,0
TXN009943,CUST00135,2026-06-19 03:35:00,729.18,Net Banking,0.39,1,0,Success,None,0
TXN009944,CUST01032,2026-10-27 01:44:00,822.19,Wallet,0.8,2,0,Failed,Authentication Failed,1
TXN009945,CUST02274,2026-07-11 00:42:00,553.95,Net Banking,0.99,3,0,Success,None,0
TXN009946,CUST00691,2026-04-27 14:21:00,2320.31,UPI,0.43,1,1,Success,None,0
TXN009947,CUST00731,2026-01-05 20:54:00,431.69,Wallet,0.53,3,0,Success,None,0
TXN009948,CUST01496,2026-09-01 14:55:00,494.28,UPI,0.42,4,0,Failed,Insufficient Funds,1
TXN009949,CUST00029,2026-01-01 04:02:00,737.92,UPI,0.47,1,0,Success,None,0
TXN009950,CUST00800,2026-07-18 20:22:00,2471.05,Net Banking,0.79,3,0,Success,None,0
TXN009951,CUST02146,2026-10-14 03:58:00,2611.87,Wallet,0.63,3,0,Failed,Bank Timeout,0
TXN009952,CUST00781,2026-01-26 16:13:00,718.4,UPI,0.68,0,1,Success,None,0
TXN009953,CUST02222,2026-07-27 22:22:00,1182.8,UPI,0.3,0,1,Success,None,0
TXN009954,CUST00682,2026-05-18 19:02:00,1918.79,Card,0.5,1,1,Success,None,0
TXN009955,CUST00686,2026-04-08 23:33:00,649.56,Wallet,0.78,0,0,Success,None,0
TXN009956,CUST01428,2026-06-12 03:26:00,512.21,UPI,0.74,0,0,Success,None,0
TXN009957,CUST02782,2026-09-25 04:30:00,2100.38,UPI,0.84,1,1,Success,None,0
TXN009958,CUST02539,2026-11-06 01:39:00,241.36,Card,0.68,1,0,Success,None,0
TXN009959,CUST02713,2026-03-20 21:12:00,350.98,Card,0.54,4,1,Success,None,0
TXN009960,CUST02204,2026-08-01 12:54:00,226.78,Net Banking,0.39,1,0,Success,None,0
TXN009961,CUST02882,2026-07-23 16:30:00,618.47,Card,0.33,3,0,Success,None,0
TXN009962,CUST02642,2026-05-08 20:22:00,2420.39,Wallet,0.81,2,0,Success,None,0
TXN009963,CUST00218,2026-10-08 19:16:00,859.03,UPI,0.94,4,0,Failed,Bank Timeout,1
TXN009964,CUST01473,2026-06-15 20:33:00,949.44,Card,0.34,2,0,Success,None,0
TXN009965,CUST02112,2026-05-26 15:16:00,1491.95,Card,0.67,1,0,Success,None,0
TXN009966,CUST02653,2026-11-20 02:58:00,609.7,Card,0.33,4,0,Failed,Authentication Failed,1
TXN009967,CUST02715,2026-05-08 11:36:00,1327.51,UPI,0.67,4,0,Failed,Network Error,1
TXN009968,CUST01498,2026-09-12 04:58:00,2372.14,Wallet,0.58,1,0,Success,None,0
TXN009969,CUST02405,2026-04-09 23:40:00,2574.65,Card,0.94,3,0,Success,None,0
TXN009970,CUST02771,2026-01-24 11:28:00,1615.82,UPI,0.5,4,0,Success,None,0
TXN009971,CUST01917,2026-08-17 08:42:00,2413.92,Wallet,0.35,4,0,Failed,Bank Timeout,1
TXN009972,CUST00767,2026-04-11 01:34:00,1497.44,UPI,0.45,3,0,Success,None,0
TXN009973,CUST01079,2026-10-22 18:20:00,835.74,Net Banking,0.68,4,0,Success,None,0
TXN009974,CUST02304,2026-06-22 06:56:00,895.86,UPI,0.78,4,0,Success,None,0
TXN009975,CUST02103,2026-10-13 03:43:00,1700.44,Card,0.56,2,0,Success,None,0
TXN009976,CUST02196,2026-08-02 16:27:00,840.88,Net Banking,0.63,3,0,Failed,Network Error,1
TXN009977,CUST00181,2026-06-03 05:46:00,583.83,UPI,0.95,4,0,Failed,Bank Timeout,1
TXN009978,CUST01420,2026-11-19 07:37:00,1213.58,Wallet,0.46,4,0,Failed,Authentication Failed,0
TXN009979,CUST00088,2026-05-10 10:20:00,3030.59,Card,0.33,0,0,Success,None,0
TXN009980,CUST00085,2026-04-14 20:19:00,1476.27,Wallet,0.53,0,1,Success,None,0
TXN009981,CUST02694,2026-04-28 01:23:00,1388.35,Card,0.71,2,1,Failed,Bank Timeout,1
TXN009982,CUST01353,2026-11-14 22:31:00,750.02,Card,0.72,2,0,Failed,Authentication Failed,0
TXN009983,CUST02877,2026-06-04 12:00:00,3636.5,UPI,0.99,4,0,Failed,Expired Card,0
TXN009984,CUST00006,2026-09-10 21:10:00,1876.66,UPI,0.54,0,0,Success,None,0
TXN009985,CUST00524,2026-11-09 02:13:00,1864.73,UPI,0.74,1,1,Failed,Bank Timeout,1
TXN009986,CUST02883,2026-08-14 23:33:00,636.67,Net Banking,0.4,1,0,Success,None,0
TXN009987,CUST01981,2026-02-19 07:18:00,514.91,Net Banking,0.63,0,0,Success,None,0
TXN009988,CUST00476,2026-05-24 03:21:00,262.14,Net Banking,1.0,4,0,Success,None,0
TXN009989,CUST00570,2026-10-12 09:22:00,991.33,Wallet,0.58,2,0,Success,None,0
TXN009990,CUST00208,2026-10-22 11:33:00,1307.47,Wallet,0.53,4,0,Success,None,0
TXN009991,CUST02823,2026-11-01 23:23:00,960.46,Wallet,0.83,3,0,Success,None,0
TXN009992,CUST02182,2026-04-16 03:58:00,4522.97,Net Banking,0.31,3,1,Success,None,0
TXN009993,CUST01583,2026-12-10 16:08:00,1230.94,Wallet,0.33,1,0,Success,None,0
TXN009994,CUST01366,2026-09-01 16:59:00,1130.09,Card,0.37,3,0,Failed,Expired Card,0
TXN009995,CUST02532,2026-01-14 10:54:00,2012.85,UPI,0.66,0,0,Success,None,0
TXN009996,CUST01024,2026-04-22 22:03:00,570.07,Wallet,0.65,2,1,Failed,Insufficient Funds,0
TXN009997,CUST01082,2026-09-04 20:04:00,1419.31,UPI,0.9,1,0,Success,None,0
TXN009998,CUST00643,2026-04-26 01:31:00,1165.3,Card,0.44,1,0,Success,None,0
TXN009999,CUST01411,2026-03-20 04:56:00,754.25,Wallet,0.6,3,0,Failed,Authentication Failed,1
TXN010000,CUST02054,2026-05-06 07:51:00,2632.11,Card,0.7,3,1,Failed,Authentication Failed,1
