transaction_id,amount,failure_reason,ml_recovery_probability,ai_recommended_action,approved_action,guardrail_reason,simulated_recovery_probability,simulated_recovered,execution_type,decision_status,processed_at,timestamp,previous_failed_attempts,ai_recommendation,ai_priority,ai_fallback_used,guardrail_decision,action_executed,recovery_result,revenue_rescued
TXN000002,981.8,Authentication Failed,0.4246,DO_NOT_RETRY,DO_NOT_RETRY,Maximum retry limit reached.,0.05,False,SIMULATED,COMPLETED,2026-09-04 11:28:13,,,,,,,,,
TXN000003,1370.91,Expired Card,0.2343,UPDATE_PAYMENT_METHOD,UPDATE_PAYMENT_METHOD,Expired card requires a new payment method.,0.4,False,SIMULATED,COMPLETED,2026-09-04 11:28:13,,,,,,,,,
TXN000004,2461.22,Authentication Failed,0.5547,ADDITIONAL_AUTHENTICATION,ADDITIONAL_AUTHENTICATION,Authentication must be completed before retrying.,0.7,True,SIMULATED,COMPLETED,2026-09-04 11:28:13,,,,,,,,,
TXN000008,605.51,Authentication Failed,0.4089,ADDITIONAL_AUTHENTICATION,ADDITIONAL_AUTHENTICATION,Authentication must be completed before retrying.,0.7,False,SIMULATED,COMPLETED,2026-09-04 11:28:13,,,,,,,,,
TXN000009,709.45,Expired Card,0.2544,UPDATE_PAYMENT_METHOD,UPDATE_PAYMENT_METHOD,Expired card requires a new payment method.,0.4,False,SIMULATED,COMPLETED,2026-09-04 11:28:13,,,,,,,,,
TXN000012,2340.11,Network Error,0.7297,RETRY_NOW,RETRY_NOW,AI recommendation approved.,0.8,True,SIMULATED,COMPLETED,2026-09-04 11:28:13,,,,,,,,,
TXN000015,1979.84,Expired Card,0.1721,DO_NOT_RETRY,DO_NOT_RETRY,Maximum retry limit reached.,0.0,False,SIMULATED,COMPLETED,2026-09-04 11:28:13,,,,,,,,,
TXN000017,2036.44,Bank Timeout,0.7431,DO_NOT_RETRY,DO_NOT_RETRY,Maximum retry limit reached.,0.08,False,SIMULATED,COMPLETED,2026-09-04 11:28:13,,,,,,,,,
TXN000022,856.31,Authentication Failed,0.4796,ADDITIONAL_AUTHENTICATION,ADDITIONAL_AUTHENTICATION,Authentication must be completed before retrying.,0.7,False,SIMULATED,COMPLETED,2026-09-04 11:28:13,,,,,,,,,
TXN000024,534.55,Expired Card,0.2008,UPDATE_PAYMENT_METHOD,UPDATE_PAYMENT_METHOD,Expired card requires a new payment method.,0.4,True,SIMULATED,COMPLETED,2026-09-04 11:28:13,,,,,,,,,
TXN000028,863.33,Network Error,0.7814,DO_NOT_RETRY,DO_NOT_RETRY,Maximum retry limit reached.,0.1,False,SIMULATED,COMPLETED,2026-09-04 11:28:13,,,,,,,,,
TXN000029,583.24,Network Error,0.5054,DO_NOT_RETRY,DO_NOT_RETRY,Maximum retry limit reached.,0.1,False,SIMULATED,COMPLETED,2026-09-04 11:28:13,,,,,,,,,
TXN000033,625.38,Expired Card,0.1376,DO_NOT_RETRY,DO_NOT_RETRY,Maximum retry limit reached.,0.0,False,SIMULATED,COMPLETED,2026-09-04 11:28:13,,,,,,,,,
TXN000034,843.76,Network Error,0.7246,DO_NOT_RETRY,DO_NOT_RETRY,Maximum retry limit reached.,0.1,False,SIMULATED,COMPLETED,2026-09-04 11:28:13,,,,,,,,,
TXN000035,353.44,Expired Card,0.147,UPDATE_PAYMENT_METHOD,UPDATE_PAYMENT_METHOD,Expired card requires a new payment method.,0.4,True,SIMULATED,COMPLETED,2026-09-04 11:28:13,,,,,,,,,
TXN000040,495.68,Bank Timeout,0.5818,DO_NOT_RETRY,DO_NOT_RETRY,Maximum retry limit reached.,0.08,False,SIMULATED,COMPLETED,2026-09-04 11:28:13,,,,,,,,,
TXN000041,940.22,Insufficient Funds,0.4065,DO_NOT_RETRY,DO_NOT_RETRY,Maximum retry limit reached.,0.0,False,SIMULATED,COMPLETED,2026-09-04 11:28:13,,,,,,,,,
TXN000045,542.12,Authentication Failed,0.4826,DO_NOT_RETRY,DO_NOT_RETRY,Maximum retry limit reached.,0.05,False,SIMULATED,COMPLETED,2026-09-04 11:28:13,,,,,,,,,
TXN000047,317.18,Expired Card,0.1389,DO_NOT_RETRY,DO_NOT_RETRY,Maximum retry limit reached.,0.0,False,SIMULATED,COMPLETED,2026-09-04 11:28:13,,,,,,,,,
TXN000050,540.01,Network Error,0.7027,DO_NOT_RETRY,DO_NOT_RETRY,Maximum retry limit reached.,0.1,False,SIMULATED,COMPLETED,2026-09-04 11:28:13,,,,,,,,,
TXN000051,1315.49,Bank Timeout,0.7706,DO_NOT_RETRY,DO_NOT_RETRY,Maximum retry limit reached.,0.08,False,SIMULATED,COMPLETED,2026-09-04 11:28:13,,,,,,,,,
TXN000055,1797.43,Bank Timeout,0.501,DO_NOT_RETRY,DO_NOT_RETRY,Maximum retry limit reached.,0.08,True,SIMULATED,COMPLETED,2026-09-04 11:28:13,,,,,,,,,
TXN000056,2903.45,Expired Card,0.0884,DO_NOT_RETRY,DO_NOT_RETRY,Maximum retry limit reached.,0.0,False,SIMULATED,COMPLETED,2026-09-04 11:28:13,,,,,,,,,
TXN000061,547.79,Network Error,0.6738,DO_NOT_RETRY,DO_NOT_RETRY,Maximum retry limit reached.,0.1,False,SIMULATED,COMPLETED,2026-09-04 11:28:13,,,,,,,,,
TXN000065,1809.01,Insufficient Funds,0.6438,UPDATE_PAYMENT_METHOD,UPDATE_PAYMENT_METHOD,AI recommendation approved.,0.6,False,SIMULATED,COMPLETED,2026-09-04 11:28:13,,,,,,,,,
TXN000068,1982.81,Insufficient Funds,0.5502,DO_NOT_RETRY,DO_NOT_RETRY,Maximum retry limit reached.,0.0,False,SIMULATED,COMPLETED,2026-09-04 11:28:13,,,,,,,,,
TXN000079,590.95,Bank Timeout,0.7373,RETRY_NOW,RETRY_NOW,AI recommendation approved.,0.78,True,SIMULATED,COMPLETED,2026-09-04 11:28:13,,,,,,,,,
TXN000080,907.37,Insufficient Funds,0.5461,UPDATE_PAYMENT_METHOD,UPDATE_PAYMENT_METHOD,AI recommendation approved.,0.6,False,SIMULATED,COMPLETED,2026-09-04 11:28:13,,,,,,,,,
TXN000082,2620.6,Expired Card,0.3014,UPDATE_PAYMENT_METHOD,UPDATE_PAYMENT_METHOD,Expired card requires a new payment method.,0.4,False,SIMULATED,COMPLETED,2026-09-04 11:28:13,,,,,,,,,
TXN000085,2536.18,Expired Card,0.0748,DO_NOT_RETRY,DO_NOT_RETRY,Maximum retry limit reached.,0.0,False,SIMULATED,COMPLETED,2026-09-04 11:28:13,,,,,,,,,
TXN000087,1642.52,Network Error,0.6383,DO_NOT_RETRY,DO_NOT_RETRY,Maximum retry limit reached.,0.1,False,SIMULATED,COMPLETED,2026-09-04 11:28:13,,,,,,,,,
TXN000092,4793.29,Expired Card,0.2839,UPDATE_PAYMENT_METHOD,UPDATE_PAYMENT_METHOD,Expired card requires a new payment method.,0.4,False,SIMULATED,COMPLETED,2026-09-04 11:28:13,,,,,,,,,
TXN000093,1564.08,Bank Timeout,0.7587,DO_NOT_RETRY,DO_NOT_RETRY,Maximum retry limit reached.,0.08,False,SIMULATED,COMPLETED,2026-09-04 11:28:13,,,,,,,,,
TXN000094,2037.97,Expired Card,0.1966,UPDATE_PAYMENT_METHOD,UPDATE_PAYMENT_METHOD,Expired card requires a new payment method.,0.4,True,SIMULATED,COMPLETED,2026-09-04 11:28:13,,,,,,,,,
TXN000095,4047.8,Bank Timeout,0.8147,RETRY_NOW,RETRY_NOW,AI recommendation approved.,0.78,True,SIMULATED,COMPLETED,2026-09-04 11:28:13,,,,,,,,,
TXN000097,1516.23,Authentication Failed,0.4353,DO_NOT_RETRY,DO_NOT_RETRY,Maximum retry limit reached.,0.05,False,SIMULATED,COMPLETED,2026-09-04 11:28:13,,,,,,,,,
TXN000102,1755.75,Expired Card,0.0747,DO_NOT_RETRY,DO_NOT_RETRY,Maximum retry limit reached.,0.0,False,SIMULATED,COMPLETED,2026-09-04 11:28:13,,,,,,,,,
TXN000109,262.4,Insufficient Funds,0.4988,DO_NOT_RETRY,DO_NOT_RETRY,Maximum retry limit reached.,0.0,False,SIMULATED,COMPLETED,2026-09-04 11:28:13,,,,,,,,,
TXN000113,1892.33,Authentication Failed,0.422,DO_NOT_RETRY,DO_NOT_RETRY,Maximum retry limit reached.,0.05,False,SIMULATED,COMPLETED,2026-09-04 11:28:13,,,,,,,,,
TXN000114,855.59,Authentication Failed,0.4009,DO_NOT_RETRY,DO_NOT_RETRY,Maximum retry limit reached.,0.05,False,SIMULATED,COMPLETED,2026-09-04 11:28:13,,,,,,,,,
TXN000116,1765.39,Authentication Failed,0.3255,DO_NOT_RETRY,DO_NOT_RETRY,Maximum retry limit reached.,0.05,False,SIMULATED,COMPLETED,2026-09-04 11:28:13,,,,,,,,,
TXN000117,2031.53,Authentication Failed,0.5043,ADDITIONAL_AUTHENTICATION,ADDITIONAL_AUTHENTICATION,Authentication must be completed before retrying.,0.7,True,SIMULATED,COMPLETED,2026-09-04 11:28:13,,,,,,,,,
TXN000119,2392.5,Insufficient Funds,0.5384,DO_NOT_RETRY,DO_NOT_RETRY,Maximum retry limit reached.,0.0,False,SIMULATED,COMPLETED,2026-09-04 11:28:13,,,,,,,,,
TXN000122,1290.85,Bank Timeout,0.6366,RETRY_LATER,RETRY_LATER,AI recommendation approved.,0.83,True,SIMULATED,COMPLETED,2026-09-04 11:28:13,,,,,,,,,
TXN000128,491.75,Expired Card,0.0637,DO_NOT_RETRY,DO_NOT_RETRY,Maximum retry limit reached.,0.0,False,SIMULATED,COMPLETED,2026-09-04 11:28:13,,,,,,,,,
TXN000130,2031.83,Authentication Failed,0.368,DO_NOT_RETRY,DO_NOT_RETRY,Maximum retry limit reached.,0.05,False,SIMULATED,COMPLETED,2026-09-04 11:28:13,,,,,,,,,
TXN000135,6322.33,Authentication Failed,0.4174,ADDITIONAL_AUTHENTICATION,ADDITIONAL_AUTHENTICATION,Authentication must be completed before retrying.,0.7,False,SIMULATED,COMPLETED,2026-09-04 11:28:13,,,,,,,,,
TXN000140,3573.59,Authentication Failed,0.5422,DO_NOT_RETRY,DO_NOT_RETRY,Maximum retry limit reached.,0.05,False,SIMULATED,COMPLETED,2026-09-04 11:28:13,,,,,,,,,
TXN000141,2817.35,Bank Timeout,0.8851,RETRY_NOW,RETRY_NOW,AI recommendation approved.,0.78,True,SIMULATED,COMPLETED,2026-09-04 11:28:13,,,,,,,,,
TXN000144,1370.57,Network Error,0.6412,DO_NOT_RETRY,DO_NOT_RETRY,Maximum retry limit reached.,0.1,False,SIMULATED,COMPLETED,2026-09-04 11:28:13,,,,,,,,,
TXN000146,1138.63,Expired Card,0.212,UPDATE_PAYMENT_METHOD,UPDATE_PAYMENT_METHOD,Expired card requires a new payment method.,0.4,False,SIMULATED,COMPLETED,2026-09-04 11:28:13,,,,,,,,,
TXN000148,1683.1,Expired Card,0.1651,UPDATE_PAYMENT_METHOD,UPDATE_PAYMENT_METHOD,Expired card requires a new payment method.,0.4,False,SIMULATED,COMPLETED,2026-09-04 11:28:13,,,,,,,,,
TXN000151,898.59,Authentication Failed,0.4461,ADDITIONAL_AUTHENTICATION,ADDITIONAL_AUTHENTICATION,Authentication must be completed before retrying.,0.7,False,SIMULATED,COMPLETED,2026-09-04 11:28:13,,,,,,,,,
TXN000153,775.17,Insufficient Funds,0.5787,UPDATE_PAYMENT_METHOD,UPDATE_PAYMENT_METHOD,AI recommendation approved.,0.6,False,SIMULATED,COMPLETED,2026-09-04 11:28:13,,,,,,,,,
TXN000159,386.23,Bank Timeout,0.8087,RETRY_NOW,RETRY_NOW,AI recommendation approved.,0.78,True,SIMULATED,COMPLETED,2026-09-04 11:28:13,,,,,,,,,
TXN000160,1873.83,Expired Card,0.1918,UPDATE_PAYMENT_METHOD,UPDATE_PAYMENT_METHOD,Expired card requires a new payment method.,0.4,True,SIMULATED,COMPLETED,2026-09-04 11:28:13,,,,,,,,,
TXN000162,469.95,Bank Timeout,0.7716,DO_NOT_RETRY,DO_NOT_RETRY,Maximum retry limit reached.,0.08,False,SIMULATED,COMPLETED,2026-09-04 11:28:13,,,,,,,,,
TXN000163,571.12,Insufficient Funds,0.3905,DO_NOT_RETRY,DO_NOT_RETRY,Maximum retry limit reached.,0.0,False,SIMULATED,COMPLETED,2026-09-04 11:28:13,,,,,,,,,
TXN000166,1128.01,Insufficient Funds,0.4904,DO_NOT_RETRY,DO_NOT_RETRY,Maximum retry limit reached.,0.0,False,SIMULATED,COMPLETED,2026-09-04 11:28:13,,,,,,,,,
TXN000167,2166.97,Network Error,0.7292,RETRY_NOW,RETRY_NOW,AI recommendation approved.,0.8,True,SIMULATED,COMPLETED,2026-09-04 11:28:13,,,,,,,,,
TXN000170,3273.12,Network Error,0.5753,DO_NOT_RETRY,DO_NOT_RETRY,Maximum retry limit reached.,0.1,False,SIMULATED,COMPLETED,2026-09-04 11:28:13,,,,,,,,,
TXN000171,1122.03,Network Error,0.6563,DO_NOT_RETRY,DO_NOT_RETRY,Maximum retry limit reached.,0.1,False,SIMULATED,COMPLETED,2026-09-04 11:28:13,,,,,,,,,
TXN000172,2380.1,Authentication Failed,0.4715,DO_NOT_RETRY,DO_NOT_RETRY,Maximum retry limit reached.,0.05,False,SIMULATED,COMPLETED,2026-09-04 11:28:13,,,,,,,,,
TXN000173,944.33,Insufficient Funds,0.6048,UPDATE_PAYMENT_METHOD,UPDATE_PAYMENT_METHOD,AI recommendation approved.,0.6,True,SIMULATED,COMPLETED,2026-09-04 11:28:13,,,,,,,,,
TXN000177,3708.93,Insufficient Funds,0.7432,RETRY_LATER,RETRY_LATER,AI recommendation approved.,0.75,True,SIMULATED,COMPLETED,2026-09-04 11:28:13,,,,,,,,,
TXN000180,2328.61,Insufficient Funds,0.4725,DO_NOT_RETRY,DO_NOT_RETRY,Maximum retry limit reached.,0.0,False,SIMULATED,COMPLETED,2026-09-04 11:28:13,,,,,,,,,
TXN000181,651.64,Insufficient Funds,0.66,UPDATE_PAYMENT_METHOD,UPDATE_PAYMENT_METHOD,AI recommendation approved.,0.6,True,SIMULATED,COMPLETED,2026-09-04 11:28:13,,,,,,,,,
TXN000182,742.71,Insufficient Funds,0.6264,UPDATE_PAYMENT_METHOD,UPDATE_PAYMENT_METHOD,AI recommendation approved.,0.6,False,SIMULATED,COMPLETED,2026-09-04 11:28:13,,,,,,,,,
TXN000183,1361.53,Authentication Failed,0.4274,ADDITIONAL_AUTHENTICATION,ADDITIONAL_AUTHENTICATION,Authentication must be completed before retrying.,0.7,True,SIMULATED,COMPLETED,2026-09-04 11:28:13,,,,,,,,,
TXN000187,2313.25,Expired Card,0.1559,UPDATE_PAYMENT_METHOD,UPDATE_PAYMENT_METHOD,Expired card requires a new payment method.,0.4,True,SIMULATED,COMPLETED,2026-09-04 11:28:13,,,,,,,,,
TXN000188,596.22,Network Error,0.6191,DO_NOT_RETRY,DO_NOT_RETRY,Maximum retry limit reached.,0.1,False,SIMULATED,COMPLETED,2026-09-04 11:28:13,,,,,,,,,
TXN000189,323.94,Bank Timeout,0.7697,RETRY_NOW,RETRY_NOW,AI recommendation approved.,0.78,True,SIMULATED,COMPLETED,2026-09-04 11:28:13,,,,,,,,,
TXN000190,2075.98,Authentication Failed,0.4906,DO_NOT_RETRY,DO_NOT_RETRY,Maximum retry limit reached.,0.05,False,SIMULATED,COMPLETED,2026-09-04 11:28:13,,,,,,,,,
TXN000194,480.05,Network Error,0.7983,RETRY_NOW,RETRY_NOW,AI recommendation approved.,0.8,False,SIMULATED,COMPLETED,2026-09-04 11:28:13,,,,,,,,,
TXN000207,1268.38,Authentication Failed,0.3863,DO_NOT_RETRY,DO_NOT_RETRY,Maximum retry limit reached.,0.05,False,SIMULATED,COMPLETED,2026-09-04 11:28:13,,,,,,,,,
TXN000208,1337.53,Authentication Failed,0.4172,ADDITIONAL_AUTHENTICATION,ADDITIONAL_AUTHENTICATION,Authentication must be completed before retrying.,0.7,True,SIMULATED,COMPLETED,2026-09-04 11:28:13,,,,,,,,,
TXN000211,883.68,Expired Card,0.3687,UPDATE_PAYMENT_METHOD,UPDATE_PAYMENT_METHOD,Expired card requires a new payment method.,0.4,False,SIMULATED,COMPLETED,2026-09-04 11:28:13,,,,,,,,,
TXN000213,3323.33,Insufficient Funds,0.6193,UPDATE_PAYMENT_METHOD,UPDATE_PAYMENT_METHOD,AI recommendation approved.,0.6,False,SIMULATED,COMPLETED,2026-09-04 11:28:13,,,,,,,,,
TXN000219,1611.32,Bank Timeout,0.8552,DO_NOT_RETRY,DO_NOT_RETRY,Maximum retry limit reached.,0.08,False,SIMULATED,COMPLETED,2026-09-04 11:28:13,,,,,,,,,
TXN000223,8357.82,Expired Card,0.2141,UPDATE_PAYMENT_METHOD,UPDATE_PAYMENT_METHOD,Expired card requires a new payment method.,0.4,False,SIMULATED,COMPLETED,2026-09-04 11:28:13,,,,,,,,,
TXN000224,1667.64,Authentication Failed,0.5096,ADDITIONAL_AUTHENTICATION,ADDITIONAL_AUTHENTICATION,Authentication must be completed before retrying.,0.7,True,SIMULATED,COMPLETED,2026-09-04 11:28:13,,,,,,,,,
TXN000227,329.57,Authentication Failed,0.4562,DO_NOT_RETRY,DO_NOT_RETRY,Maximum retry limit reached.,0.05,False,SIMULATED,COMPLETED,2026-09-04 11:28:13,,,,,,,,,
TXN000234,1075.67,Network Error,0.5529,DO_NOT_RETRY,DO_NOT_RETRY,Maximum retry limit reached.,0.1,False,SIMULATED,COMPLETED,2026-09-04 11:28:13,,,,,,,,,
TXN000237,207.95,Bank Timeout,0.8193,RETRY_NOW,RETRY_NOW,AI recommendation approved.,0.78,True,SIMULATED,COMPLETED,2026-09-04 11:28:13,,,,,,,,,
TXN000240,588.6,Network Error,0.6605,RETRY_LATER,RETRY_LATER,AI recommendation approved.,0.85,True,SIMULATED,COMPLETED,2026-09-04 11:28:13,,,,,,,,,
TXN000241,1021.09,Insufficient Funds,0.4536,DO_NOT_RETRY,DO_NOT_RETRY,Maximum retry limit reached.,0.0,False,SIMULATED,COMPLETED,2026-09-04 11:28:13,,,,,,,,,
TXN000242,1123.26,Expired Card,0.1136,UPDATE_PAYMENT_METHOD,UPDATE_PAYMENT_METHOD,Expired card requires a new payment method.,0.4,False,SIMULATED,COMPLETED,2026-09-04 11:28:13,,,,,,,,,
TXN000243,1636.61,Insufficient Funds,0.6955,UPDATE_PAYMENT_METHOD,UPDATE_PAYMENT_METHOD,AI recommendation approved.,0.6,False,SIMULATED,COMPLETED,2026-09-04 11:28:13,,,,,,,,,
TXN000245,821.58,Insufficient Funds,0.5397,DO_NOT_RETRY,DO_NOT_RETRY,Maximum retry limit reached.,0.0,False,SIMULATED,COMPLETED,2026-09-04 11:28:13,,,,,,,,,
TXN000246,2772.39,Network Error,0.8316,RETRY_NOW,RETRY_NOW,AI recommendation approved.,0.8,False,SIMULATED,COMPLETED,2026-09-04 11:28:13,,,,,,,,,
TXN000249,624.23,Authentication Failed,0.4162,DO_NOT_RETRY,DO_NOT_RETRY,Maximum retry limit reached.,0.05,True,SIMULATED,COMPLETED,2026-09-04 11:28:13,,,,,,,,,
TXN000254,1069.81,Expired Card,0.0576,DO_NOT_RETRY,DO_NOT_RETRY,Maximum retry limit reached.,0.0,False,SIMULATED,COMPLETED,2026-09-04 11:28:13,,,,,,,,,
TXN000260,280.88,Network Error,0.5582,DO_NOT_RETRY,DO_NOT_RETRY,Maximum retry limit reached.,0.1,False,SIMULATED,COMPLETED,2026-09-04 11:28:13,,,,,,,,,
TXN000261,4009.52,Network Error,0.7206,RETRY_NOW,RETRY_NOW,AI recommendation approved.,0.8,True,SIMULATED,COMPLETED,2026-09-04 11:28:13,,,,,,,,,
TXN000268,9008.34,Network Error,0.641,DO_NOT_RETRY,DO_NOT_RETRY,Maximum retry limit reached.,0.1,False,SIMULATED,COMPLETED,2026-09-04 11:28:13,,,,,,,,,
TXN000270,325.27,Network Error,0.5319,DO_NOT_RETRY,DO_NOT_RETRY,Maximum retry limit reached.,0.1,True,SIMULATED,COMPLETED,2026-09-04 11:28:13,,,,,,,,,
TXN000274,2387.6,Expired Card,0.1438,UPDATE_PAYMENT_METHOD,UPDATE_PAYMENT_METHOD,Expired card requires a new payment method.,0.4,True,SIMULATED,COMPLETED,2026-09-04 11:28:13,,,,,,,,,
TXN000277,3068.72,Authentication Failed,0.3835,DO_NOT_RETRY,DO_NOT_RETRY,Maximum retry limit reached.,0.05,False,SIMULATED,COMPLETED,2026-09-04 11:28:13,,,,,,,,,
TXN000280,1294.85,Authentication Failed,0.4532,DO_NOT_RETRY,DO_NOT_RETRY,Maximum retry limit reached.,0.05,False,SIMULATED,COMPLETED,2026-09-04 11:28:13,,,,,,,,,
TXN000283,755.7,Expired Card,0.1335,DO_NOT_RETRY,DO_NOT_RETRY,Maximum retry limit reached.,0.0,False,SIMULATED,COMPLETED,2026-09-04 11:28:13,,,,,,,,,
TXN000284,2228.79,Insufficient Funds,0.6284,UPDATE_PAYMENT_METHOD,UPDATE_PAYMENT_METHOD,AI recommendation approved.,0.6,True,SIMULATED,COMPLETED,2026-09-04 11:28:13,,,,,,,,,
TXN000285,476.28,Bank Timeout,0.823,RETRY_NOW,RETRY_NOW,AI recommendation approved.,0.78,True,SIMULATED,COMPLETED,2026-09-04 11:28:13,,,,,,,,,
TXN000288,334.14,Authentication Failed,0.3957,DO_NOT_RETRY,DO_NOT_RETRY,Maximum retry limit reached.,0.05,False,SIMULATED,COMPLETED,2026-09-04 11:28:13,,,,,,,,,
TXN000293,285.59,Expired Card,0.2236,DO_NOT_RETRY,DO_NOT_RETRY,Maximum retry limit reached.,0.0,False,SIMULATED,COMPLETED,2026-09-04 11:28:13,,,,,,,,,
TXN000295,491.12,Bank Timeout,0.5948,RETRY_LATER,RETRY_LATER,AI recommendation approved.,0.83,True,SIMULATED,COMPLETED,2026-09-04 11:28:13,,,,,,,,,
TXN000298,1893.34,Network Error,0.5632,DO_NOT_RETRY,DO_NOT_RETRY,Maximum retry limit reached.,0.1,True,SIMULATED,COMPLETED,2026-09-04 11:28:13,,,,,,,,,
TXN000299,1054.09,Network Error,0.6879,RETRY_LATER,RETRY_LATER,AI recommendation approved.,0.85,True,SIMULATED,COMPLETED,2026-09-04 11:28:13,,,,,,,,,
TXN000301,2789.68,Insufficient Funds,0.5857,DO_NOT_RETRY,DO_NOT_RETRY,Maximum retry limit reached.,0.0,False,SIMULATED,COMPLETED,2026-09-04 11:28:13,,,,,,,,,
TXN000302,4011.36,Bank Timeout,0.6324,DO_NOT_RETRY,DO_NOT_RETRY,Maximum retry limit reached.,0.08,False,SIMULATED,COMPLETED,2026-09-04 11:28:13,,,,,,,,,
TXN000308,624.6,Authentication Failed,0.3506,DO_NOT_RETRY,DO_NOT_RETRY,Maximum retry limit reached.,0.05,False,SIMULATED,COMPLETED,2026-09-04 11:28:13,,,,,,,,,
TXN000311,1857.22,Network Error,0.7778,RETRY_NOW,RETRY_NOW,AI recommendation approved.,0.8,True,SIMULATED,COMPLETED,2026-09-04 11:28:13,,,,,,,,,
TXN000323,815.45,Bank Timeout,0.788,RETRY_NOW,RETRY_NOW,AI recommendation approved.,0.78,True,SIMULATED,COMPLETED,2026-09-04 11:28:13,,,,,,,,,
TXN000325,1277.78,Expired Card,0.1687,UPDATE_PAYMENT_METHOD,UPDATE_PAYMENT_METHOD,Expired card requires a new payment method.,0.4,False,SIMULATED,COMPLETED,2026-09-04 11:28:13,,,,,,,,,
TXN000329,1261.98,Insufficient Funds,0.3248,DO_NOT_RETRY,DO_NOT_RETRY,Maximum retry limit reached.,0.0,False,SIMULATED,COMPLETED,2026-09-04 11:28:13,,,,,,,,,
TXN000333,701.25,Network Error,0.7862,RETRY_NOW,RETRY_NOW,AI recommendation approved.,0.8,True,SIMULATED,COMPLETED,2026-09-04 11:28:13,,,,,,,,,
TXN000338,951.28,Bank Timeout,0.6906,DO_NOT_RETRY,DO_NOT_RETRY,Maximum retry limit reached.,0.08,False,SIMULATED,COMPLETED,2026-09-04 11:28:13,,,,,,,,,
TXN000339,393.77,Insufficient Funds,0.5896,UPDATE_PAYMENT_METHOD,UPDATE_PAYMENT_METHOD,AI recommendation approved.,0.6,True,SIMULATED,COMPLETED,2026-09-04 11:28:13,,,,,,,,,
TXN000347,1584.37,Insufficient Funds,0.6173,UPDATE_PAYMENT_METHOD,UPDATE_PAYMENT_METHOD,AI recommendation approved.,0.6,False,SIMULATED,COMPLETED,2026-09-04 11:28:13,,,,,,,,,
TXN000349,1020.67,Bank Timeout,0.8145,RETRY_NOW,RETRY_NOW,AI recommendation approved.,0.78,True,SIMULATED,COMPLETED,2026-09-04 11:28:13,,,,,,,,,
TXN000350,3470.64,Expired Card,0.1571,UPDATE_PAYMENT_METHOD,UPDATE_PAYMENT_METHOD,Expired card requires a new payment method.,0.4,True,SIMULATED,COMPLETED,2026-09-04 11:28:13,,,,,,,,,
TXN000353,763.68,Network Error,0.7305,RETRY_NOW,RETRY_NOW,AI recommendation approved.,0.8,True,SIMULATED,COMPLETED,2026-09-04 11:28:13,,,,,,,,,
TXN000355,1075.63,Network Error,0.6947,RETRY_LATER,RETRY_LATER,AI recommendation approved.,0.85,True,SIMULATED,COMPLETED,2026-09-04 11:28:13,,,,,,,,,
TXN000357,3650.86,Insufficient Funds,0.6967,UPDATE_PAYMENT_METHOD,UPDATE_PAYMENT_METHOD,AI recommendation approved.,0.6,False,SIMULATED,COMPLETED,2026-09-04 11:28:13,,,,,,,,,
TXN000358,2212.53,Network Error,0.6963,DO_NOT_RETRY,DO_NOT_RETRY,Maximum retry limit reached.,0.1,False,SIMULATED,COMPLETED,2026-09-04 11:28:13,,,,,,,,,
TXN000367,651.23,Insufficient Funds,0.449,DO_NOT_RETRY,DO_NOT_RETRY,Maximum retry limit reached.,0.0,False,SIMULATED,COMPLETED,2026-09-04 11:28:13,,,,,,,,,
TXN000371,444.85,Bank Timeout,0.8251,DO_NOT_RETRY,DO_NOT_RETRY,Maximum retry limit reached.,0.08,False,SIMULATED,COMPLETED,2026-09-04 11:28:13,,,,,,,,,
TXN000378,2223.7,Expired Card,0.2352,DO_NOT_RETRY,DO_NOT_RETRY,Maximum retry limit reached.,0.0,False,SIMULATED,COMPLETED,2026-09-04 11:28:13,,,,,,,,,
TXN000380,2041.85,Bank Timeout,0.8005,DO_NOT_RETRY,DO_NOT_RETRY,Maximum retry limit reached.,0.08,False,SIMULATED,COMPLETED,2026-09-04 11:28:13,,,,,,,,,
TXN000383,2749.06,Bank Timeout,0.6128,DO_NOT_RETRY,DO_NOT_RETRY,Maximum retry limit reached.,0.08,False,SIMULATED,COMPLETED,2026-09-04 11:28:13,,,,,,,,,
TXN000389,560.76,Insufficient Funds,0.3782,DO_NOT_RETRY,DO_NOT_RETRY,Maximum retry limit reached.,0.0,False,SIMULATED,COMPLETED,2026-09-04 11:28:13,,,,,,,,,
TXN000392,1546.94,Authentication Failed,0.4736,DO_NOT_RETRY,DO_NOT_RETRY,Maximum retry limit reached.,0.05,False,SIMULATED,COMPLETED,2026-09-04 11:28:13,,,,,,,,,
TXN000393,1139.91,Insufficient Funds,0.6395,UPDATE_PAYMENT_METHOD,UPDATE_PAYMENT_METHOD,AI recommendation approved.,0.6,False,SIMULATED,COMPLETED,2026-09-04 11:28:13,,,,,,,,,
TXN000395,1167.84,Insufficient Funds,0.2868,DO_NOT_RETRY,DO_NOT_RETRY,Maximum retry limit reached.,0.0,False,SIMULATED,COMPLETED,2026-09-04 11:28:13,,,,,,,,,
TXN000396,221.73,Authentication Failed,0.5341,ADDITIONAL_AUTHENTICATION,ADDITIONAL_AUTHENTICATION,Authentication must be completed before retrying.,0.7,False,SIMULATED,COMPLETED,2026-09-04 11:28:13,,,,,,,,,
TXN000400,477.27,Insufficient Funds,0.5657,UPDATE_PAYMENT_METHOD,UPDATE_PAYMENT_METHOD,AI recommendation approved.,0.6,True,SIMULATED,COMPLETED,2026-09-04 11:28:13,,,,,,,,,
TXN000404,5446.49,Insufficient Funds,0.6091,UPDATE_PAYMENT_METHOD,UPDATE_PAYMENT_METHOD,AI recommendation approved.,0.6,True,SIMULATED,COMPLETED,2026-09-04 11:28:13,,,,,,,,,
TXN000407,1397.04,Bank Timeout,0.8379,RETRY_NOW,RETRY_NOW,AI recommendation approved.,0.78,False,SIMULATED,COMPLETED,2026-09-04 11:28:13,,,,,,,,,
TXN000410,3456.96,Bank Timeout,0.7678,RETRY_NOW,RETRY_NOW,AI recommendation approved.,0.78,True,SIMULATED,COMPLETED,2026-09-04 11:28:13,,,,,,,,,
TXN000412,1921.65,Authentication Failed,0.517,ADDITIONAL_AUTHENTICATION,ADDITIONAL_AUTHENTICATION,Authentication must be completed before retrying.,0.7,False,SIMULATED,COMPLETED,2026-09-04 11:28:13,,,,,,,,,
TXN000414,294.42,Insufficient Funds,0.5178,UPDATE_PAYMENT_METHOD,UPDATE_PAYMENT_METHOD,AI recommendation approved.,0.6,True,SIMULATED,COMPLETED,2026-09-04 11:28:13,,,,,,,,,
TXN000417,148.48,Insufficient Funds,0.6044,UPDATE_PAYMENT_METHOD,UPDATE_PAYMENT_METHOD,AI recommendation approved.,0.6,False,SIMULATED,COMPLETED,2026-09-04 11:28:13,,,,,,,,,
TXN000421,895.92,Bank Timeout,0.6939,DO_NOT_RETRY,DO_NOT_RETRY,Maximum retry limit reached.,0.08,False,SIMULATED,COMPLETED,2026-09-04 11:28:13,,,,,,,,,
TXN000422,1500.67,Insufficient Funds,0.636,UPDATE_PAYMENT_METHOD,UPDATE_PAYMENT_METHOD,AI recommendation approved.,0.6,True,SIMULATED,COMPLETED,2026-09-04 11:28:13,,,,,,,,,
TXN000424,498.99,Network Error,0.5971,DO_NOT_RETRY,DO_NOT_RETRY,Maximum retry limit reached.,0.1,False,SIMULATED,COMPLETED,2026-09-04 11:28:13,,,,,,,,,
TXN000425,496.85,Network Error,0.762,RETRY_NOW,RETRY_NOW,AI recommendation approved.,0.8,True,SIMULATED,COMPLETED,2026-09-04 11:28:13,,,,,,,,,
TXN000426,2327.66,Bank Timeout,0.8199,DO_NOT_RETRY,DO_NOT_RETRY,Maximum retry limit reached.,0.08,False,SIMULATED,COMPLETED,2026-09-04 11:28:13,,,,,,,,,
TXN000431,1140.35,Insufficient Funds,0.6058,UPDATE_PAYMENT_METHOD,UPDATE_PAYMENT_METHOD,AI recommendation approved.,0.6,False,SIMULATED,COMPLETED,2026-09-04 11:28:13,,,,,,,,,
TXN000438,609.15,Authentication Failed,0.4,ADDITIONAL_AUTHENTICATION,ADDITIONAL_AUTHENTICATION,Authentication must be completed before retrying.,0.7,True,SIMULATED,COMPLETED,2026-09-04 11:28:13,,,,,,,,,
TXN000439,2371.09,Expired Card,0.0663,DO_NOT_RETRY,DO_NOT_RETRY,Maximum retry limit reached.,0.0,False,SIMULATED,COMPLETED,2026-09-04 11:28:13,,,,,,,,,
TXN000443,1397.09,Bank Timeout,0.8387,RETRY_NOW,RETRY_NOW,AI recommendation approved.,0.78,True,SIMULATED,COMPLETED,2026-09-04 11:28:13,,,,,,,,,
TXN000445,688.6,Expired Card,0.1516,UPDATE_PAYMENT_METHOD,UPDATE_PAYMENT_METHOD,Expired card requires a new payment method.,0.4,False,SIMULATED,COMPLETED,2026-09-04 11:28:13,,,,,,,,,
TXN000446,486.97,Insufficient Funds,0.4823,DO_NOT_RETRY,DO_NOT_RETRY,Maximum retry limit reached.,0.0,False,SIMULATED,COMPLETED,2026-09-04 11:28:13,,,,,,,,,
TXN000448,315.86,Insufficient Funds,0.512,DO_NOT_RETRY,DO_NOT_RETRY,Maximum retry limit reached.,0.0,False,SIMULATED,COMPLETED,2026-09-04 11:28:13,,,,,,,,,
TXN000451,496.43,Expired Card,0.1406,DO_NOT_RETRY,DO_NOT_RETRY,Maximum retry limit reached.,0.0,False,SIMULATED,COMPLETED,2026-09-04 11:28:13,,,,,,,,,
TXN000454,1785.24,Expired Card,0.1458,UPDATE_PAYMENT_METHOD,UPDATE_PAYMENT_METHOD,Expired card requires a new payment method.,0.4,True,SIMULATED,COMPLETED,2026-09-04 11:28:13,,,,,,,,,
TXN000456,2046.86,Insufficient Funds,0.6144,UPDATE_PAYMENT_METHOD,UPDATE_PAYMENT_METHOD,AI recommendation approved.,0.6,False,SIMULATED,COMPLETED,2026-09-04 11:28:13,,,,,,,,,
TXN000465,642.6,Authentication Failed,0.3795,DO_NOT_RETRY,DO_NOT_RETRY,Maximum retry limit reached.,0.05,False,SIMULATED,COMPLETED,2026-09-04 11:28:13,,,,,,,,,
TXN000466,2425.11,Expired Card,0.2523,UPDATE_PAYMENT_METHOD,UPDATE_PAYMENT_METHOD,Expired card requires a new payment method.,0.4,False,SIMULATED,COMPLETED,2026-09-04 11:28:13,,,,,,,,,
TXN000470,1713.42,Network Error,0.8284,RETRY_NOW,RETRY_NOW,AI recommendation approved.,0.8,False,SIMULATED,COMPLETED,2026-09-04 11:28:13,,,,,,,,,
TXN000474,581.36,Bank Timeout,0.8123,RETRY_NOW,RETRY_NOW,AI recommendation approved.,0.78,True,SIMULATED,COMPLETED,2026-09-04 11:28:13,,,,,,,,,
TXN000477,671.34,Network Error,0.7117,RETRY_NOW,RETRY_NOW,AI recommendation approved.,0.8,False,SIMULATED,COMPLETED,2026-09-04 11:28:13,,,,,,,,,
TXN000480,2275.48,Network Error,0.6835,RETRY_LATER,RETRY_LATER,AI recommendation approved.,0.85,True,SIMULATED,COMPLETED,2026-09-04 11:28:13,,,,,,,,,
TXN000483,691.45,Bank Timeout,0.494,DO_NOT_RETRY,DO_NOT_RETRY,Maximum retry limit reached.,0.08,False,SIMULATED,COMPLETED,2026-09-04 11:28:13,,,,,,,,,
TXN000486,1069.82,Bank Timeout,0.7902,DO_NOT_RETRY,DO_NOT_RETRY,Maximum retry limit reached.,0.08,False,SIMULATED,COMPLETED,2026-09-04 11:28:13,,,,,,,,,
TXN000490,927.54,Expired Card,0.2925,UPDATE_PAYMENT_METHOD,UPDATE_PAYMENT_METHOD,Expired card requires a new payment method.,0.4,False,SIMULATED,COMPLETED,2026-09-04 11:28:13,,,,,,,,,
TXN000491,305.12,Bank Timeout,0.7955,RETRY_NOW,RETRY_NOW,AI recommendation approved.,0.78,True,SIMULATED,COMPLETED,2026-09-04 11:28:13,,,,,,,,,
TXN000496,637.67,Insufficient Funds,0.2886,DO_NOT_RETRY,DO_NOT_RETRY,Maximum retry limit reached.,0.0,False,SIMULATED,COMPLETED,2026-09-04 11:28:13,,,,,,,,,
TXN000497,577.09,Network Error,0.464,DO_NOT_RETRY,DO_NOT_RETRY,Maximum retry limit reached.,0.1,False,SIMULATED,COMPLETED,2026-09-04 11:28:13,,,,,,,,,
TXN000499,2831.5,Network Error,0.7923,RETRY_NOW,RETRY_NOW,AI recommendation approved.,0.8,True,SIMULATED,COMPLETED,2026-09-04 11:28:13,,,,,,,,,
TXN000500,1949.18,Expired Card,0.2166,UPDATE_PAYMENT_METHOD,UPDATE_PAYMENT_METHOD,Expired card requires a new payment method.,0.4,True,SIMULATED,COMPLETED,2026-09-04 11:28:13,,,,,,,,,
TXN000501,351.62,Bank Timeout,0.5142,DO_NOT_RETRY,DO_NOT_RETRY,Maximum retry limit reached.,0.08,False,SIMULATED,COMPLETED,2026-09-04 11:28:13,,,,,,,,,
TXN000506,4625.86,Authentication Failed,0.6506,ADDITIONAL_AUTHENTICATION,ADDITIONAL_AUTHENTICATION,Authentication must be completed before retrying.,0.7,True,SIMULATED,COMPLETED,2026-09-04 11:28:13,,,,,,,,,
TXN000515,1509.83,Insufficient Funds,0.6753,UPDATE_PAYMENT_METHOD,UPDATE_PAYMENT_METHOD,AI recommendation approved.,0.6,True,SIMULATED,COMPLETED,2026-09-04 11:28:13,,,,,,,,,
TXN000519,1426.42,Insufficient Funds,0.5566,DO_NOT_RETRY,DO_NOT_RETRY,Maximum retry limit reached.,0.0,False,SIMULATED,COMPLETED,2026-09-04 11:28:13,,,,,,,,,
TXN000520,2253.37,Expired Card,0.1316,UPDATE_PAYMENT_METHOD,UPDATE_PAYMENT_METHOD,Expired card requires a new payment method.,0.4,True,SIMULATED,COMPLETED,2026-09-04 11:28:13,,,,,,,,,
TXN000525,343.82,Authentication Failed,0.4295,DO_NOT_RETRY,DO_NOT_RETRY,Maximum retry limit reached.,0.05,False,SIMULATED,COMPLETED,2026-09-04 11:28:13,,,,,,,,,
TXN000529,323.59,Network Error,0.7472,RETRY_NOW,RETRY_NOW,AI recommendation approved.,0.8,True,SIMULATED,COMPLETED,2026-09-04 11:28:13,,,,,,,,,
TXN000534,2126.6,Bank Timeout,0.5119,DO_NOT_RETRY,DO_NOT_RETRY,Maximum retry limit reached.,0.08,False,SIMULATED,COMPLETED,2026-09-04 11:28:13,,,,,,,,,
TXN000536,2354.88,Insufficient Funds,0.5387,DO_NOT_RETRY,DO_NOT_RETRY,Maximum retry limit reached.,0.0,False,SIMULATED,COMPLETED,2026-09-04 11:28:13,,,,,,,,,
TXN000540,1739.59,Network Error,0.7588,RETRY_NOW,RETRY_NOW,AI recommendation approved.,0.8,True,SIMULATED,COMPLETED,2026-09-04 11:28:13,,,,,,,,,
TXN000542,2620.18,Insufficient Funds,0.531,DO_NOT_RETRY,DO_NOT_RETRY,Maximum retry limit reached.,0.0,False,SIMULATED,COMPLETED,2026-09-04 11:28:13,,,,,,,,,
TXN000551,1455.04,Authentication Failed,0.4244,DO_NOT_RETRY,DO_NOT_RETRY,Maximum retry limit reached.,0.05,False,SIMULATED,COMPLETED,2026-09-04 11:28:13,,,,,,,,,
TXN000552,1208.58,Insufficient Funds,0.4664,DO_NOT_RETRY,DO_NOT_RETRY,Maximum retry limit reached.,0.0,False,SIMULATED,COMPLETED,2026-09-04 11:28:13,,,,,,,,,
TXN000554,524.13,Bank Timeout,0.8176,DO_NOT_RETRY,DO_NOT_RETRY,Maximum retry limit reached.,0.08,False,SIMULATED,COMPLETED,2026-09-04 11:28:13,,,,,,,,,
TXN000557,1157.01,Authentication Failed,0.4571,DO_NOT_RETRY,DO_NOT_RETRY,Maximum retry limit reached.,0.05,False,SIMULATED,COMPLETED,2026-09-04 11:28:13,,,,,,,,,
TXN000561,574.36,Authentication Failed,0.4201,DO_NOT_RETRY,DO_NOT_RETRY,Maximum retry limit reached.,0.05,False,SIMULATED,COMPLETED,2026-09-04 11:28:13,,,,,,,,,
TXN000571,654.08,Expired Card,0.0859,DO_NOT_RETRY,DO_NOT_RETRY,Maximum retry limit reached.,0.0,False,SIMULATED,COMPLETED,2026-09-04 11:28:13,,,,,,,,,
TXN000574,1650.99,Expired Card,0.2358,DO_NOT_RETRY,DO_NOT_RETRY,Maximum retry limit reached.,0.0,False,SIMULATED,COMPLETED,2026-09-04 11:28:13,,,,,,,,,
TXN000578,2748.35,Insufficient Funds,0.5172,DO_NOT_RETRY,DO_NOT_RETRY,Maximum retry limit reached.,0.0,False,SIMULATED,COMPLETED,2026-09-04 11:28:13,,,,,,,,,
TXN000583,886.75,Network Error,0.7382,RETRY_NOW,RETRY_NOW,AI recommendation approved.,0.8,False,SIMULATED,COMPLETED,2026-09-04 11:28:13,,,,,,,,,
TXN000590,1544.79,Network Error,0.8406,RETRY_NOW,RETRY_NOW,AI recommendation approved.,0.8,True,SIMULATED,COMPLETED,2026-09-04 11:28:13,,,,,,,,,
TXN000591,4602.42,Bank Timeout,0.8513,RETRY_NOW,RETRY_NOW,AI recommendation approved.,0.78,True,SIMULATED,COMPLETED,2026-09-04 11:28:13,,,,,,,,,
TXN000596,674.35,Bank Timeout,0.7331,RETRY_NOW,RETRY_NOW,AI recommendation approved.,0.78,True,SIMULATED,COMPLETED,2026-09-04 11:28:13,,,,,,,,,
TXN000602,582.86,Insufficient Funds,0.4811,UPDATE_PAYMENT_METHOD,UPDATE_PAYMENT_METHOD,AI recommendation approved.,0.6,False,SIMULATED,COMPLETED,2026-09-04 11:28:13,,,,,,,,,
TXN000605,492.62,Bank Timeout,0.7805,RETRY_NOW,RETRY_NOW,AI recommendation approved.,0.78,True,SIMULATED,COMPLETED,2026-09-04 11:28:13,,,,,,,,,
TXN000611,1342.58,Expired Card,0.0882,DO_NOT_RETRY,DO_NOT_RETRY,Maximum retry limit reached.,0.0,False,SIMULATED,COMPLETED,2026-09-04 11:28:13,,,,,,,,,
TXN000615,518.87,Bank Timeout,0.7285,DO_NOT_RETRY,DO_NOT_RETRY,Maximum retry limit reached.,0.08,False,SIMULATED,COMPLETED,2026-09-04 11:28:13,,,,,,,,,
TXN000617,529.24,Bank Timeout,0.7841,RETRY_NOW,RETRY_NOW,AI recommendation approved.,0.78,True,SIMULATED,COMPLETED,2026-09-04 11:28:13,,,,,,,,,
TXN000619,472.04,Network Error,0.6927,RETRY_LATER,RETRY_LATER,AI recommendation approved.,0.85,True,SIMULATED,COMPLETED,2026-09-04 11:28:13,,,,,,,,,
TXN000621,2257.41,Authentication Failed,0.4117,DO_NOT_RETRY,DO_NOT_RETRY,Maximum retry limit reached.,0.05,False,SIMULATED,COMPLETED,2026-09-04 11:28:13,,,,,,,,,
TXN000622,1301.87,Bank Timeout,0.8421,DO_NOT_RETRY,DO_NOT_RETRY,Maximum retry limit reached.,0.08,False,SIMULATED,COMPLETED,2026-09-04 11:28:13,,,,,,,,,
TXN000624,1128.73,Authentication Failed,0.5078,ADDITIONAL_AUTHENTICATION,ADDITIONAL_AUTHENTICATION,Authentication must be completed before retrying.,0.7,True,SIMULATED,COMPLETED,2026-09-04 11:28:13,,,,,,,,,
TXN000633,1135.56,Bank Timeout,0.7788,RETRY_NOW,RETRY_NOW,AI recommendation approved.,0.78,True,SIMULATED,COMPLETED,2026-09-04 11:28:13,,,,,,,,,
TXN000636,209.71,Bank Timeout,0.6586,DO_NOT_RETRY,DO_NOT_RETRY,Maximum retry limit reached.,0.08,False,SIMULATED,COMPLETED,2026-09-04 11:28:13,,,,,,,,,
TXN000642,1115.49,Network Error,0.7487,RETRY_NOW,RETRY_NOW,AI recommendation approved.,0.8,True,SIMULATED,COMPLETED,2026-09-04 11:28:13,,,,,,,,,
TXN000647,1231.38,Network Error,0.7389,DO_NOT_RETRY,DO_NOT_RETRY,Maximum retry limit reached.,0.1,False,SIMULATED,COMPLETED,2026-09-04 11:28:13,,,,,,,,,
TXN000649,926.21,Bank Timeout,0.8265,RETRY_NOW,RETRY_NOW,AI recommendation approved.,0.78,True,SIMULATED,COMPLETED,2026-09-04 11:28:13,,,,,,,,,
TXN000655,1149.04,Insufficient Funds,0.6806,UPDATE_PAYMENT_METHOD,UPDATE_PAYMENT_METHOD,AI recommendation approved.,0.6,True,SIMULATED,COMPLETED,2026-09-04 11:28:13,,,,,,,,,
TXN000660,1543.42,Bank Timeout,0.8347,RETRY_NOW,RETRY_NOW,AI recommendation approved.,0.78,True,SIMULATED,COMPLETED,2026-09-04 11:28:13,,,,,,,,,
TXN000665,497.99,Authentication Failed,0.4721,ADDITIONAL_AUTHENTICATION,ADDITIONAL_AUTHENTICATION,Authentication must be completed before retrying.,0.7,False,SIMULATED,COMPLETED,2026-09-04 11:28:13,,,,,,,,,
TXN000667,3128.31,Bank Timeout,0.8138,RETRY_NOW,RETRY_NOW,AI recommendation approved.,0.78,True,SIMULATED,COMPLETED,2026-09-04 11:28:13,,,,,,,,,
TXN000671,1057.04,Bank Timeout,0.4343,DO_NOT_RETRY,DO_NOT_RETRY,Maximum retry limit reached.,0.08,False,SIMULATED,COMPLETED,2026-09-04 11:28:13,,,,,,,,,
TXN000672,438.2,Network Error,0.5053,DO_NOT_RETRY,DO_NOT_RETRY,Maximum retry limit reached.,0.1,False,SIMULATED,COMPLETED,2026-09-04 11:28:13,,,,,,,,,
TXN000674,821.02,Authentication Failed,0.418,DO_NOT_RETRY,DO_NOT_RETRY,Maximum retry limit reached.,0.05,False,SIMULATED,COMPLETED,2026-09-04 11:28:13,,,,,,,,,
TXN000676,839.62,Network Error,0.6062,DO_NOT_RETRY,DO_NOT_RETRY,Maximum retry limit reached.,0.1,False,SIMULATED,COMPLETED,2026-09-04 11:28:13,,,,,,,,,
TXN000680,1339.92,Network Error,0.6548,DO_NOT_RETRY,DO_NOT_RETRY,Maximum retry limit reached.,0.1,False,SIMULATED,COMPLETED,2026-09-04 11:28:13,,,,,,,,,
TXN000685,2645.9,Expired Card,0.1385,DO_NOT_RETRY,DO_NOT_RETRY,Maximum retry limit reached.,0.0,False,SIMULATED,COMPLETED,2026-09-04 11:28:13,,,,,,,,,
TXN000699,2786.79,Bank Timeout,0.816,RETRY_NOW,RETRY_NOW,AI recommendation approved.,0.78,True,SIMULATED,COMPLETED,2026-09-04 11:28:13,,,,,,,,,
TXN000703,590.93,Insufficient Funds,0.3768,DO_NOT_RETRY,DO_NOT_RETRY,Maximum retry limit reached.,0.0,False,SIMULATED,COMPLETED,2026-09-04 11:28:13,,,,,,,,,
TXN000704,1518.75,Expired Card,0.103,DO_NOT_RETRY,DO_NOT_RETRY,Maximum retry limit reached.,0.0,False,SIMULATED,COMPLETED,2026-09-04 11:28:13,,,,,,,,,
TXN000705,2350.77,Bank Timeout,0.8573,RETRY_NOW,RETRY_NOW,AI recommendation approved.,0.78,False,SIMULATED,COMPLETED,2026-09-04 11:28:13,,,,,,,,,
TXN000709,593.69,Authentication Failed,0.5258,ADDITIONAL_AUTHENTICATION,ADDITIONAL_AUTHENTICATION,Authentication must be completed before retrying.,0.7,True,SIMULATED,COMPLETED,2026-09-04 11:28:13,,,,,,,,,
TXN000710,1299.13,Insufficient Funds,0.6319,UPDATE_PAYMENT_METHOD,UPDATE_PAYMENT_METHOD,AI recommendation approved.,0.6,False,SIMULATED,COMPLETED,2026-09-04 11:28:13,,,,,,,,,
TXN000711,1194.44,Expired Card,0.3068,UPDATE_PAYMENT_METHOD,UPDATE_PAYMENT_METHOD,Expired card requires a new payment method.,0.4,False,SIMULATED,COMPLETED,2026-09-04 11:28:13,,,,,,,,,
TXN000714,570.39,Expired Card,0.0891,DO_NOT_RETRY,DO_NOT_RETRY,Maximum retry limit reached.,0.0,False,SIMULATED,COMPLETED,2026-09-04 11:28:13,,,,,,,,,
TXN000717,877.68,Bank Timeout,0.7343,DO_NOT_RETRY,DO_NOT_RETRY,Maximum retry limit reached.,0.08,False,SIMULATED,COMPLETED,2026-09-04 11:28:13,,,,,,,,,
TXN000725,1074.42,Expired Card,0.1356,DO_NOT_RETRY,DO_NOT_RETRY,Maximum retry limit reached.,0.0,False,SIMULATED,COMPLETED,2026-09-04 11:28:13,,,,,,,,,
TXN000734,5352.68,Bank Timeout,0.716,DO_NOT_RETRY,DO_NOT_RETRY,Maximum retry limit reached.,0.08,False,SIMULATED,COMPLETED,2026-09-04 11:28:13,,,,,,,,,
TXN000738,851.62,Authentication Failed,0.3614,ADDITIONAL_AUTHENTICATION,ADDITIONAL_AUTHENTICATION,Authentication must be completed before retrying.,0.7,False,SIMULATED,COMPLETED,2026-09-04 11:28:13,,,,,,,,,
TXN000739,113.75,Bank Timeout,0.644,DO_NOT_RETRY,DO_NOT_RETRY,Maximum retry limit reached.,0.08,False,SIMULATED,COMPLETED,2026-09-04 11:28:13,,,,,,,,,
TXN000740,1111.55,Authentication Failed,0.4946,ADDITIONAL_AUTHENTICATION,ADDITIONAL_AUTHENTICATION,Authentication must be completed before retrying.,0.7,True,SIMULATED,COMPLETED,2026-09-04 11:28:13,,,,,,,,,
TXN000741,2945.69,Bank Timeout,0.761,DO_NOT_RETRY,DO_NOT_RETRY,Maximum retry limit reached.,0.08,False,SIMULATED,COMPLETED,2026-09-04 11:28:13,,,,,,,,,
TXN000746,2698.22,Authentication Failed,0.5256,DO_NOT_RETRY,DO_NOT_RETRY,Maximum retry limit reached.,0.05,False,SIMULATED,COMPLETED,2026-09-04 11:28:13,,,,,,,,,
TXN000747,543.06,Insufficient Funds,0.2842,DO_NOT_RETRY,DO_NOT_RETRY,Maximum retry limit reached.,0.0,False,SIMULATED,COMPLETED,2026-09-04 11:28:13,,,,,,,,,
TXN000752,888.64,Insufficient Funds,0.5605,UPDATE_PAYMENT_METHOD,UPDATE_PAYMENT_METHOD,AI recommendation approved.,0.6,True,SIMULATED,COMPLETED,2026-09-04 11:28:13,,,,,,,,,
TXN000753,1207.86,Authentication Failed,0.5218,ADDITIONAL_AUTHENTICATION,ADDITIONAL_AUTHENTICATION,Authentication must be completed before retrying.,0.7,False,SIMULATED,COMPLETED,2026-09-04 11:28:13,,,,,,,,,
TXN000755,826.14,Network Error,0.4644,DO_NOT_RETRY,DO_NOT_RETRY,Maximum retry limit reached.,0.1,False,SIMULATED,COMPLETED,2026-09-04 11:28:13,,,,,,,,,
TXN000759,1874.65,Network Error,0.798,RETRY_NOW,RETRY_NOW,AI recommendation approved.,0.8,False,SIMULATED,COMPLETED,2026-09-04 11:28:13,,,,,,,,,
TXN000760,1884.79,Insufficient Funds,0.4232,DO_NOT_RETRY,DO_NOT_RETRY,Maximum retry limit reached.,0.0,False,SIMULATED,COMPLETED,2026-09-04 11:28:13,,,,,,,,,
TXN000761,4176.32,Bank Timeout,0.6725,DO_NOT_RETRY,DO_NOT_RETRY,Maximum retry limit reached.,0.08,True,SIMULATED,COMPLETED,2026-09-04 11:28:13,,,,,,,,,
TXN000763,1115.11,Authentication Failed,0.5159,ADDITIONAL_AUTHENTICATION,ADDITIONAL_AUTHENTICATION,Authentication must be completed before retrying.,0.7,True,SIMULATED,COMPLETED,2026-09-04 11:28:13,,,,,,,,,
TXN000764,1318.91,Insufficient Funds,0.6056,UPDATE_PAYMENT_METHOD,UPDATE_PAYMENT_METHOD,AI recommendation approved.,0.6,True,SIMULATED,COMPLETED,2026-09-04 11:28:13,,,,,,,,,
TXN000765,3057.38,Insufficient Funds,0.5851,UPDATE_PAYMENT_METHOD,UPDATE_PAYMENT_METHOD,AI recommendation approved.,0.6,True,SIMULATED,COMPLETED,2026-09-04 11:28:13,,,,,,,,,
TXN000769,1428.03,Insufficient Funds,0.3993,DO_NOT_RETRY,DO_NOT_RETRY,Maximum retry limit reached.,0.0,False,SIMULATED,COMPLETED,2026-09-04 11:28:13,,,,,,,,,
TXN000772,1271.3,Network Error,0.7075,RETRY_NOW,RETRY_NOW,AI recommendation approved.,0.8,True,SIMULATED,COMPLETED,2026-09-04 11:28:13,,,,,,,,,
TXN000773,6311.44,Expired Card,0.2739,UPDATE_PAYMENT_METHOD,UPDATE_PAYMENT_METHOD,Expired card requires a new payment method.,0.4,True,SIMULATED,COMPLETED,2026-09-04 11:28:13,,,,,,,,,
TXN000775,777.91,Bank Timeout,0.7528,DO_NOT_RETRY,DO_NOT_RETRY,Maximum retry limit reached.,0.08,False,SIMULATED,COMPLETED,2026-09-04 11:28:13,,,,,,,,,
TXN000778,1430.06,Network Error,0.7631,RETRY_NOW,RETRY_NOW,AI recommendation approved.,0.8,True,SIMULATED,COMPLETED,2026-09-04 11:28:13,,,,,,,,,
TXN000779,1541.81,Insufficient Funds,0.6465,UPDATE_PAYMENT_METHOD,UPDATE_PAYMENT_METHOD,AI recommendation approved.,0.6,False,SIMULATED,COMPLETED,2026-09-04 11:28:13,,,,,,,,,
TXN000784,928.92,Insufficient Funds,0.4381,DO_NOT_RETRY,DO_NOT_RETRY,Maximum retry limit reached.,0.0,False,SIMULATED,COMPLETED,2026-09-04 11:28:13,,,,,,,,,
TXN000785,752.93,Bank Timeout,0.7894,RETRY_NOW,RETRY_NOW,AI recommendation approved.,0.78,True,SIMULATED,COMPLETED,2026-09-04 11:28:13,,,,,,,,,
TXN000786,1356.55,Authentication Failed,0.4869,DO_NOT_RETRY,DO_NOT_RETRY,Maximum retry limit reached.,0.05,False,SIMULATED,COMPLETED,2026-09-04 11:28:13,,,,,,,,,
TXN000787,1988.93,Bank Timeout,0.7865,RETRY_NOW,RETRY_NOW,AI recommendation approved.,0.78,False,SIMULATED,COMPLETED,2026-09-04 11:28:13,,,,,,,,,
TXN000792,309.92,Bank Timeout,0.7061,RETRY_NOW,RETRY_NOW,AI recommendation approved.,0.78,False,SIMULATED,COMPLETED,2026-09-04 11:28:13,,,,,,,,,
TXN000793,1109.23,Insufficient Funds,0.6334,UPDATE_PAYMENT_METHOD,UPDATE_PAYMENT_METHOD,AI recommendation approved.,0.6,True,SIMULATED,COMPLETED,2026-09-04 11:28:13,,,,,,,,,
TXN000796,5359.94,Insufficient Funds,0.6092,UPDATE_PAYMENT_METHOD,UPDATE_PAYMENT_METHOD,AI recommendation approved.,0.6,True,SIMULATED,COMPLETED,2026-09-04 11:28:13,,,,,,,,,
TXN000798,2292.32,Bank Timeout,0.7713,DO_NOT_RETRY,DO_NOT_RETRY,Maximum retry limit reached.,0.08,False,SIMULATED,COMPLETED,2026-09-04 11:28:13,,,,,,,,,
TXN000800,482.52,Expired Card,0.122,DO_NOT_RETRY,DO_NOT_RETRY,Maximum retry limit reached.,0.0,False,SIMULATED,COMPLETED,2026-09-04 11:28:13,,,,,,,,,
TXN000804,2846.96,Network Error,0.6358,DO_NOT_RETRY,DO_NOT_RETRY,Maximum retry limit reached.,0.1,False,SIMULATED,COMPLETED,2026-09-04 11:28:13,,,,,,,,,
TXN000806,141.64,Bank Timeout,0.7099,DO_NOT_RETRY,DO_NOT_RETRY,Maximum retry limit reached.,0.08,True,SIMULATED,COMPLETED,2026-09-04 11:28:13,,,,,,,,,
TXN000809,2850.61,Bank Timeout,0.8042,RETRY_NOW,RETRY_NOW,AI recommendation approved.,0.78,True,SIMULATED,COMPLETED,2026-09-04 11:28:13,,,,,,,,,
TXN000811,3525.53,Insufficient Funds,0.6203,UPDATE_PAYMENT_METHOD,UPDATE_PAYMENT_METHOD,AI recommendation approved.,0.6,False,SIMULATED,COMPLETED,2026-09-04 11:28:13,,,,,,,,,
TXN000812,276.97,Expired Card,0.1813,DO_NOT_RETRY,DO_NOT_RETRY,Maximum retry limit reached.,0.0,False,SIMULATED,COMPLETED,2026-09-04 11:28:13,,,,,,,,,
TXN000813,1728.11,Expired Card,0.0583,DO_NOT_RETRY,DO_NOT_RETRY,Maximum retry limit reached.,0.0,False,SIMULATED,COMPLETED,2026-09-04 11:28:13,,,,,,,,,
TXN000820,1536.51,Insufficient Funds,0.6322,UPDATE_PAYMENT_METHOD,UPDATE_PAYMENT_METHOD,AI recommendation approved.,0.6,False,SIMULATED,COMPLETED,2026-09-04 11:28:13,,,,,,,,,
TXN000827,4700.29,Authentication Failed,0.55,DO_NOT_RETRY,DO_NOT_RETRY,Maximum retry limit reached.,0.05,False,SIMULATED,COMPLETED,2026-09-04 11:28:13,,,,,,,,,
TXN000832,367.69,Insufficient Funds,0.5635,UPDATE_PAYMENT_METHOD,UPDATE_PAYMENT_METHOD,AI recommendation approved.,0.6,True,SIMULATED,COMPLETED,2026-09-04 11:28:13,,,,,,,,,
TXN000833,1159.56,Expired Card,0.123,DO_NOT_RETRY,DO_NOT_RETRY,Maximum retry limit reached.,0.0,False,SIMULATED,COMPLETED,2026-09-04 11:28:13,,,,,,,,,
TXN000837,448.89,Expired Card,0.1361,UPDATE_PAYMENT_METHOD,UPDATE_PAYMENT_METHOD,Expired card requires a new payment method.,0.4,True,SIMULATED,COMPLETED,2026-09-04 11:28:13,,,,,,,,,
TXN000840,1663.66,Authentication Failed,0.4992,ADDITIONAL_AUTHENTICATION,ADDITIONAL_AUTHENTICATION,Authentication must be completed before retrying.,0.7,True,SIMULATED,COMPLETED,2026-09-04 11:28:13,,,,,,,,,
TXN000846,651.96,Bank Timeout,0.7832,RETRY_NOW,RETRY_NOW,AI recommendation approved.,0.78,False,SIMULATED,COMPLETED,2026-09-04 11:28:13,,,,,,,,,
TXN000847,1176.22,Bank Timeout,0.5627,RETRY_LATER,RETRY_LATER,AI recommendation approved.,0.83,True,SIMULATED,COMPLETED,2026-09-04 11:28:13,,,,,,,,,
TXN000848,1505.3,Expired Card,0.141,UPDATE_PAYMENT_METHOD,UPDATE_PAYMENT_METHOD,Expired card requires a new payment method.,0.4,False,SIMULATED,COMPLETED,2026-09-04 11:28:13,,,,,,,,,
TXN000849,3636.82,Network Error,0.5575,DO_NOT_RETRY,DO_NOT_RETRY,Maximum retry limit reached.,0.1,False,SIMULATED,COMPLETED,2026-09-04 11:28:13,,,,,,,,,
TXN000851,2111.22,Network Error,0.5225,DO_NOT_RETRY,DO_NOT_RETRY,Maximum retry limit reached.,0.1,False,SIMULATED,COMPLETED,2026-09-04 11:28:13,,,,,,,,,
TXN000854,1368.45,Expired Card,0.2573,UPDATE_PAYMENT_METHOD,UPDATE_PAYMENT_METHOD,Expired card requires a new payment method.,0.4,False,SIMULATED,COMPLETED,2026-09-04 11:28:13,,,,,,,,,
TXN000857,1722.76,Insufficient Funds,0.5117,DO_NOT_RETRY,DO_NOT_RETRY,Maximum retry limit reached.,0.0,False,SIMULATED,COMPLETED,2026-09-04 11:28:13,,,,,,,,,
TXN000858,485.06,Insufficient Funds,0.5536,UPDATE_PAYMENT_METHOD,UPDATE_PAYMENT_METHOD,AI recommendation approved.,0.6,False,SIMULATED,COMPLETED,2026-09-04 11:28:13,,,,,,,,,
TXN000859,987.15,Insufficient Funds,0.4239,DO_NOT_RETRY,DO_NOT_RETRY,Maximum retry limit reached.,0.0,False,SIMULATED,COMPLETED,2026-09-04 11:28:13,,,,,,,,,
TXN000862,3078.8,Network Error,0.6639,RETRY_LATER,RETRY_LATER,AI recommendation approved.,0.85,True,SIMULATED,COMPLETED,2026-09-04 11:28:13,,,,,,,,,
TXN000863,585.81,Network Error,0.7731,RETRY_NOW,RETRY_NOW,AI recommendation approved.,0.8,False,SIMULATED,COMPLETED,2026-09-04 11:28:13,,,,,,,,,
TXN000875,747.52,Bank Timeout,0.6125,DO_NOT_RETRY,DO_NOT_RETRY,Maximum retry limit reached.,0.08,False,SIMULATED,COMPLETED,2026-09-04 11:28:13,,,,,,,,,
TXN000877,739.15,Expired Card,0.1368,DO_NOT_RETRY,DO_NOT_RETRY,Maximum retry limit reached.,0.0,False,SIMULATED,COMPLETED,2026-09-04 11:28:13,,,,,,,,,
TXN000878,3480.41,Insufficient Funds,0.4676,DO_NOT_RETRY,DO_NOT_RETRY,Maximum retry limit reached.,0.0,False,SIMULATED,COMPLETED,2026-09-04 11:28:13,,,,,,,,,
TXN000880,1439.49,Network Error,0.8252,RETRY_NOW,RETRY_NOW,AI recommendation approved.,0.8,True,SIMULATED,COMPLETED,2026-09-04 11:28:13,,,,,,,,,
TXN000881,1187.59,Network Error,0.7485,RETRY_NOW,RETRY_NOW,AI recommendation approved.,0.8,True,SIMULATED,COMPLETED,2026-09-04 11:28:13,,,,,,,,,
TXN000883,1701.23,Network Error,0.8159,DO_NOT_RETRY,DO_NOT_RETRY,Maximum retry limit reached.,0.1,False,SIMULATED,COMPLETED,2026-09-04 11:28:13,,,,,,,,,
TXN000885,2570.62,Authentication Failed,0.4442,ADDITIONAL_AUTHENTICATION,ADDITIONAL_AUTHENTICATION,Authentication must be completed before retrying.,0.7,True,SIMULATED,COMPLETED,2026-09-04 11:28:13,,,,,,,,,
TXN000889,1710.28,Expired Card,0.0634,DO_NOT_RETRY,DO_NOT_RETRY,Maximum retry limit reached.,0.0,False,SIMULATED,COMPLETED,2026-09-04 11:28:13,,,,,,,,,
TXN000891,1199.53,Bank Timeout,0.8381,RETRY_NOW,RETRY_NOW,AI recommendation approved.,0.78,False,SIMULATED,COMPLETED,2026-09-04 11:28:13,,,,,,,,,
TXN000893,621.62,Expired Card,0.1762,UPDATE_PAYMENT_METHOD,UPDATE_PAYMENT_METHOD,Expired card requires a new payment method.,0.4,False,SIMULATED,COMPLETED,2026-09-04 11:28:13,,,,,,,,,
TXN000894,400.69,Bank Timeout,0.766,RETRY_NOW,RETRY_NOW,AI recommendation approved.,0.78,False,SIMULATED,COMPLETED,2026-09-04 11:28:13,,,,,,,,,
TXN000898,243.73,Insufficient Funds,0.5578,DO_NOT_RETRY,DO_NOT_RETRY,Maximum retry limit reached.,0.0,False,SIMULATED,COMPLETED,2026-09-04 11:28:13,,,,,,,,,
TXN000912,627.31,Network Error,0.4921,DO_NOT_RETRY,DO_NOT_RETRY,Maximum retry limit reached.,0.1,False,SIMULATED,COMPLETED,2026-09-04 11:28:13,,,,,,,,,
TXN000913,2161.9,Authentication Failed,0.4207,DO_NOT_RETRY,DO_NOT_RETRY,Maximum retry limit reached.,0.05,False,SIMULATED,COMPLETED,2026-09-04 11:28:13,,,,,,,,,
TXN000914,181.72,Expired Card,0.1586,DO_NOT_RETRY,DO_NOT_RETRY,Maximum retry limit reached.,0.0,False,SIMULATED,COMPLETED,2026-09-04 11:28:13,,,,,,,,,
TXN000915,244.39,Network Error,0.5304,DO_NOT_RETRY,DO_NOT_RETRY,Maximum retry limit reached.,0.1,False,SIMULATED,COMPLETED,2026-09-04 11:28:13,,,,,,,,,
TXN000916,1800.41,Authentication Failed,0.3397,DO_NOT_RETRY,DO_NOT_RETRY,Maximum retry limit reached.,0.05,True,SIMULATED,COMPLETED,2026-09-04 11:28:13,,,,,,,,,
TXN000917,2247.68,Expired Card,0.223,UPDATE_PAYMENT_METHOD,UPDATE_PAYMENT_METHOD,Expired card requires a new payment method.,0.4,True,SIMULATED,COMPLETED,2026-09-04 11:28:13,,,,,,,,,
TXN000921,2000.0,Insufficient Funds,0.4937,DO_NOT_RETRY,DO_NOT_RETRY,Maximum retry limit reached.,0.0,False,SIMULATED,COMPLETED,2026-09-04 11:28:13,,,,,,,,,
TXN000926,2584.36,Network Error,0.7194,RETRY_NOW,RETRY_NOW,AI recommendation approved.,0.8,True,SIMULATED,COMPLETED,2026-09-04 11:28:13,,,,,,,,,
TXN000927,497.57,Expired Card,0.1246,DO_NOT_RETRY,DO_NOT_RETRY,Maximum retry limit reached.,0.0,False,SIMULATED,COMPLETED,2026-09-04 11:28:13,,,,,,,,,
TXN000928,2313.66,Authentication Failed,0.4364,ADDITIONAL_AUTHENTICATION,ADDITIONAL_AUTHENTICATION,Authentication must be completed before retrying.,0.7,True,SIMULATED,COMPLETED,2026-09-04 11:28:13,,,,,,,,,
TXN000933,351.57,Network Error,0.7954,RETRY_NOW,RETRY_NOW,AI recommendation approved.,0.8,True,SIMULATED,COMPLETED,2026-09-04 11:28:13,,,,,,,,,
TXN000938,712.6,Bank Timeout,0.5795,DO_NOT_RETRY,DO_NOT_RETRY,Maximum retry limit reached.,0.08,False,SIMULATED,COMPLETED,2026-09-04 11:28:13,,,,,,,,,
TXN000939,840.41,Expired Card,0.2049,UPDATE_PAYMENT_METHOD,UPDATE_PAYMENT_METHOD,Expired card requires a new payment method.,0.4,True,SIMULATED,COMPLETED,2026-09-04 11:28:13,,,,,,,,,
TXN000943,1596.25,Bank Timeout,0.5997,DO_NOT_RETRY,DO_NOT_RETRY,Maximum retry limit reached.,0.08,False,SIMULATED,COMPLETED,2026-09-04 11:28:13,,,,,,,,,
TXN000945,1472.74,Network Error,0.7934,DO_NOT_RETRY,DO_NOT_RETRY,Maximum retry limit reached.,0.1,False,SIMULATED,COMPLETED,2026-09-04 11:28:13,,,,,,,,,
TXN000946,1411.74,Authentication Failed,0.5229,ADDITIONAL_AUTHENTICATION,ADDITIONAL_AUTHENTICATION,Authentication must be completed before retrying.,0.7,True,SIMULATED,COMPLETED,2026-09-04 11:28:13,,,,,,,,,
TXN000955,929.66,Network Error,0.7685,RETRY_NOW,RETRY_NOW,AI recommendation approved.,0.8,False,SIMULATED,COMPLETED,2026-09-04 11:28:13,,,,,,,,,
TXN000957,1808.78,Bank Timeout,0.8178,DO_NOT_RETRY,DO_NOT_RETRY,Maximum retry limit reached.,0.08,False,SIMULATED,COMPLETED,2026-09-04 11:28:13,,,,,,,,,
TXN000962,2195.37,Expired Card,0.208,UPDATE_PAYMENT_METHOD,UPDATE_PAYMENT_METHOD,Expired card requires a new payment method.,0.4,False,SIMULATED,COMPLETED,2026-09-04 11:28:13,,,,,,,,,
TXN000963,5375.73,Bank Timeout,0.8033,DO_NOT_RETRY,DO_NOT_RETRY,Maximum retry limit reached.,0.08,False,SIMULATED,COMPLETED,2026-09-04 11:28:13,,,,,,,,,
TXN000969,272.8,Network Error,0.6959,RETRY_LATER,RETRY_LATER,AI recommendation approved.,0.85,False,SIMULATED,COMPLETED,2026-09-04 11:28:13,,,,,,,,,
TXN000973,2244.6,Insufficient Funds,0.5398,UPDATE_PAYMENT_METHOD,UPDATE_PAYMENT_METHOD,AI recommendation approved.,0.6,True,SIMULATED,COMPLETED,2026-09-04 11:28:13,,,,,,,,,
TXN000977,1442.96,Expired Card,0.1905,UPDATE_PAYMENT_METHOD,UPDATE_PAYMENT_METHOD,Expired card requires a new payment method.,0.4,False,SIMULATED,COMPLETED,2026-09-04 11:28:13,,,,,,,,,
TXN000978,1403.55,Bank Timeout,0.6969,RETRY_LATER,RETRY_LATER,AI recommendation approved.,0.83,True,SIMULATED,COMPLETED,2026-09-04 11:28:13,,,,,,,,,
TXN000979,274.81,Network Error,0.7704,RETRY_NOW,RETRY_NOW,AI recommendation approved.,0.8,True,SIMULATED,COMPLETED,2026-09-04 11:28:13,,,,,,,,,
TXN000982,1609.3,Network Error,0.5538,DO_NOT_RETRY,DO_NOT_RETRY,Maximum retry limit reached.,0.1,True,SIMULATED,COMPLETED,2026-09-04 11:28:13,,,,,,,,,
TXN000984,689.44,Bank Timeout,0.5424,DO_NOT_RETRY,DO_NOT_RETRY,Maximum retry limit reached.,0.08,False,SIMULATED,COMPLETED,2026-09-04 11:28:13,,,,,,,,,
TXN000985,788.08,Expired Card,0.2736,UPDATE_PAYMENT_METHOD,UPDATE_PAYMENT_METHOD,Expired card requires a new payment method.,0.4,False,SIMULATED,COMPLETED,2026-09-04 11:28:13,,,,,,,,,
TXN000988,1374.37,Authentication Failed,0.4596,DO_NOT_RETRY,DO_NOT_RETRY,Maximum retry limit reached.,0.05,False,SIMULATED,COMPLETED,2026-09-04 11:28:13,,,,,,,,,
TXN000989,1016.0,Bank Timeout,0.5565,DO_NOT_RETRY,DO_NOT_RETRY,Maximum retry limit reached.,0.08,False,SIMULATED,COMPLETED,2026-09-04 11:28:13,,,,,,,,,
TXN000990,264.81,Network Error,0.8047,RETRY_NOW,RETRY_NOW,AI recommendation approved.,0.8,False,SIMULATED,COMPLETED,2026-09-04 11:28:13,,,,,,,,,
TXN000997,2347.62,Authentication Failed,0.4136,DO_NOT_RETRY,DO_NOT_RETRY,Maximum retry limit reached.,0.05,False,SIMULATED,COMPLETED,2026-09-04 11:28:13,,,,,,,,,
TXN000998,817.94,Expired Card,0.1707,DO_NOT_RETRY,DO_NOT_RETRY,Maximum retry limit reached.,0.0,False,SIMULATED,COMPLETED,2026-09-04 11:28:13,,,,,,,,,
TXN001002,430.86,Expired Card,0.1258,UPDATE_PAYMENT_METHOD,UPDATE_PAYMENT_METHOD,Expired card requires a new payment method.,0.4,True,SIMULATED,COMPLETED,2026-09-04 11:28:13,,,,,,,,,
TXN001008,1595.04,Authentication Failed,0.481,ADDITIONAL_AUTHENTICATION,ADDITIONAL_AUTHENTICATION,Authentication must be completed before retrying.,0.7,True,SIMULATED,COMPLETED,2026-09-04 11:28:13,,,,,,,,,
TXN001012,1582.42,Network Error,0.538,DO_NOT_RETRY,DO_NOT_RETRY,Maximum retry limit reached.,0.1,False,SIMULATED,COMPLETED,2026-09-04 11:28:13,,,,,,,,,
TXN001017,2799.87,Insufficient Funds,0.5144,DO_NOT_RETRY,DO_NOT_RETRY,Maximum retry limit reached.,0.0,False,SIMULATED,COMPLETED,2026-09-04 11:28:13,,,,,,,,,
TXN001020,1302.86,Bank Timeout,0.5624,DO_NOT_RETRY,DO_NOT_RETRY,Maximum retry limit reached.,0.08,False,SIMULATED,COMPLETED,2026-09-04 11:28:13,,,,,,,,,
TXN001021,2863.24,Authentication Failed,0.5424,ADDITIONAL_AUTHENTICATION,ADDITIONAL_AUTHENTICATION,Authentication must be completed before retrying.,0.7,True,SIMULATED,COMPLETED,2026-09-04 11:28:13,,,,,,,,,
TXN001022,920.65,Network Error,0.7326,RETRY_NOW,RETRY_NOW,AI recommendation approved.,0.8,True,SIMULATED,COMPLETED,2026-09-04 11:28:13,,,,,,,,,
TXN001023,1338.55,Authentication Failed,0.4879,ADDITIONAL_AUTHENTICATION,ADDITIONAL_AUTHENTICATION,Authentication must be completed before retrying.,0.7,True,SIMULATED,COMPLETED,2026-09-04 11:28:13,,,,,,,,,
TXN001025,714.61,Insufficient Funds,0.4537,UPDATE_PAYMENT_METHOD,UPDATE_PAYMENT_METHOD,AI recommendation approved.,0.6,True,SIMULATED,COMPLETED,2026-09-04 11:28:13,,,,,,,,,
TXN001031,1912.21,Expired Card,0.1242,DO_NOT_RETRY,DO_NOT_RETRY,Maximum retry limit reached.,0.0,False,SIMULATED,COMPLETED,2026-09-04 11:28:13,,,,,,,,,
TXN001035,2210.2,Network Error,0.7,DO_NOT_RETRY,DO_NOT_RETRY,Maximum retry limit reached.,0.1,False,SIMULATED,COMPLETED,2026-09-04 11:28:13,,,,,,,,,
TXN001036,3562.21,Expired Card,0.101,DO_NOT_RETRY,DO_NOT_RETRY,Maximum retry limit reached.,0.0,False,SIMULATED,COMPLETED,2026-09-04 11:28:13,,,,,,,,,
TXN001037,2433.92,Network Error,0.6315,DO_NOT_RETRY,DO_NOT_RETRY,Maximum retry limit reached.,0.1,False,SIMULATED,COMPLETED,2026-09-04 11:28:13,,,,,,,,,
TXN001038,755.06,Expired Card,0.219,UPDATE_PAYMENT_METHOD,UPDATE_PAYMENT_METHOD,Expired card requires a new payment method.,0.4,False,SIMULATED,COMPLETED,2026-09-04 11:28:13,,,,,,,,,
TXN001045,2720.3,Authentication Failed,0.3495,DO_NOT_RETRY,DO_NOT_RETRY,Maximum retry limit reached.,0.05,False,SIMULATED,COMPLETED,2026-09-04 11:28:13,,,,,,,,,
TXN001053,922.06,Insufficient Funds,0.5198,UPDATE_PAYMENT_METHOD,UPDATE_PAYMENT_METHOD,AI recommendation approved.,0.6,True,SIMULATED,COMPLETED,2026-09-04 11:28:13,,,,,,,,,
TXN001054,2180.81,Insufficient Funds,0.514,DO_NOT_RETRY,DO_NOT_RETRY,Maximum retry limit reached.,0.0,False,SIMULATED,COMPLETED,2026-09-04 11:28:13,,,,,,,,,
TXN001055,481.8,Network Error,0.6482,DO_NOT_RETRY,DO_NOT_RETRY,Maximum retry limit reached.,0.1,False,SIMULATED,COMPLETED,2026-09-04 11:28:13,,,,,,,,,
TXN001057,1161.69,Network Error,0.656,DO_NOT_RETRY,DO_NOT_RETRY,Maximum retry limit reached.,0.1,False,SIMULATED,COMPLETED,2026-09-04 11:28:13,,,,,,,,,
TXN001058,925.41,Bank Timeout,0.7605,DO_NOT_RETRY,DO_NOT_RETRY,Maximum retry limit reached.,0.08,False,SIMULATED,COMPLETED,2026-09-04 11:28:13,,,,,,,,,
TXN001059,238.35,Authentication Failed,0.4942,DO_NOT_RETRY,DO_NOT_RETRY,Maximum retry limit reached.,0.05,False,SIMULATED,COMPLETED,2026-09-04 11:28:13,,,,,,,,,
TXN001064,843.13,Network Error,0.8003,RETRY_NOW,RETRY_NOW,AI recommendation approved.,0.8,True,SIMULATED,COMPLETED,2026-09-04 11:28:13,,,,,,,,,
TXN001067,789.07,Authentication Failed,0.4443,ADDITIONAL_AUTHENTICATION,ADDITIONAL_AUTHENTICATION,Authentication must be completed before retrying.,0.7,True,SIMULATED,COMPLETED,2026-09-04 11:28:13,,,,,,,,,
TXN001070,5248.72,Expired Card,0.2153,UPDATE_PAYMENT_METHOD,UPDATE_PAYMENT_METHOD,Expired card requires a new payment method.,0.4,True,SIMULATED,COMPLETED,2026-09-04 11:28:13,,,,,,,,,
TXN001071,1149.62,Expired Card,0.149,DO_NOT_RETRY,DO_NOT_RETRY,Maximum retry limit reached.,0.0,False,SIMULATED,COMPLETED,2026-09-04 11:28:13,,,,,,,,,
TXN001073,1266.31,Expired Card,0.3028,UPDATE_PAYMENT_METHOD,UPDATE_PAYMENT_METHOD,Expired card requires a new payment method.,0.4,False,SIMULATED,COMPLETED,2026-09-04 11:28:13,,,,,,,,,
TXN001076,2857.77,Insufficient Funds,0.6885,UPDATE_PAYMENT_METHOD,UPDATE_PAYMENT_METHOD,AI recommendation approved.,0.6,True,SIMULATED,COMPLETED,2026-09-04 11:28:13,,,,,,,,,
TXN001077,2767.99,Bank Timeout,0.5734,DO_NOT_RETRY,DO_NOT_RETRY,Maximum retry limit reached.,0.08,False,SIMULATED,COMPLETED,2026-09-04 11:28:13,,,,,,,,,
TXN001080,718.05,Expired Card,0.0927,DO_NOT_RETRY,DO_NOT_RETRY,Maximum retry limit reached.,0.0,False,SIMULATED,COMPLETED,2026-09-04 11:28:13,,,,,,,,,
TXN001089,1878.74,Expired Card,0.0883,DO_NOT_RETRY,DO_NOT_RETRY,Maximum retry limit reached.,0.0,False,SIMULATED,COMPLETED,2026-09-04 11:28:13,,,,,,,,,
TXN001093,988.7,Authentication Failed,0.4045,DO_NOT_RETRY,DO_NOT_RETRY,Maximum retry limit reached.,0.05,False,SIMULATED,COMPLETED,2026-09-04 11:28:13,,,,,,,,,
TXN001098,481.61,Authentication Failed,0.4159,ADDITIONAL_AUTHENTICATION,ADDITIONAL_AUTHENTICATION,Authentication must be completed before retrying.,0.7,True,SIMULATED,COMPLETED,2026-09-04 11:28:13,,,,,,,,,
TXN001099,1496.95,Network Error,0.7838,RETRY_NOW,RETRY_NOW,AI recommendation approved.,0.8,True,SIMULATED,COMPLETED,2026-09-04 11:28:13,,,,,,,,,
TXN001101,443.13,Bank Timeout,0.7234,RETRY_NOW,RETRY_NOW,AI recommendation approved.,0.78,True,SIMULATED,COMPLETED,2026-09-04 11:28:13,,,,,,,,,
TXN001102,1444.45,Authentication Failed,0.5332,ADDITIONAL_AUTHENTICATION,ADDITIONAL_AUTHENTICATION,Authentication must be completed before retrying.,0.7,True,SIMULATED,COMPLETED,2026-09-04 11:28:13,,,,,,,,,
TXN001104,1007.29,Bank Timeout,0.7254,RETRY_NOW,RETRY_NOW,AI recommendation approved.,0.78,True,SIMULATED,COMPLETED,2026-09-04 11:28:13,,,,,,,,,
TXN001110,677.05,Network Error,0.6554,RETRY_LATER,RETRY_LATER,AI recommendation approved.,0.85,True,SIMULATED,COMPLETED,2026-09-04 11:28:13,,,,,,,,,
TXN001111,224.0,Insufficient Funds,0.5814,UPDATE_PAYMENT_METHOD,UPDATE_PAYMENT_METHOD,AI recommendation approved.,0.6,False,SIMULATED,COMPLETED,2026-09-04 11:28:13,,,,,,,,,
TXN001112,673.16,Bank Timeout,0.8274,DO_NOT_RETRY,DO_NOT_RETRY,Maximum retry limit reached.,0.08,True,SIMULATED,COMPLETED,2026-09-04 11:28:13,,,,,,,,,
TXN001115,1784.25,Bank Timeout,0.6678,DO_NOT_RETRY,DO_NOT_RETRY,Maximum retry limit reached.,0.08,False,SIMULATED,COMPLETED,2026-09-04 11:28:13,,,,,,,,,
TXN001117,802.76,Bank Timeout,0.4697,DO_NOT_RETRY,DO_NOT_RETRY,Maximum retry limit reached.,0.08,False,SIMULATED,COMPLETED,2026-09-04 11:28:13,,,,,,,,,
TXN001119,1666.89,Bank Timeout,0.8444,RETRY_NOW,RETRY_NOW,AI recommendation approved.,0.78,True,SIMULATED,COMPLETED,2026-09-04 11:28:13,,,,,,,,,
TXN001120,845.16,Network Error,0.7549,RETRY_NOW,RETRY_NOW,AI recommendation approved.,0.8,True,SIMULATED,COMPLETED,2026-09-04 11:28:13,,,,,,,,,
TXN001123,3364.87,Insufficient Funds,0.445,DO_NOT_RETRY,DO_NOT_RETRY,Maximum retry limit reached.,0.0,False,SIMULATED,COMPLETED,2026-09-04 11:28:13,,,,,,,,,
TXN001125,2240.3,Bank Timeout,0.8768,RETRY_NOW,RETRY_NOW,AI recommendation approved.,0.78,True,SIMULATED,COMPLETED,2026-09-04 11:28:13,,,,,,,,,
TXN001132,614.37,Expired Card,0.1161,DO_NOT_RETRY,DO_NOT_RETRY,Maximum retry limit reached.,0.0,False,SIMULATED,COMPLETED,2026-09-04 11:28:13,,,,,,,,,
TXN001136,4561.65,Authentication Failed,0.4703,ADDITIONAL_AUTHENTICATION,ADDITIONAL_AUTHENTICATION,Authentication must be completed before retrying.,0.7,True,SIMULATED,COMPLETED,2026-09-04 11:28:13,,,,,,,,,
TXN001138,382.6,Authentication Failed,0.5276,ADDITIONAL_AUTHENTICATION,ADDITIONAL_AUTHENTICATION,Authentication must be completed before retrying.,0.7,True,SIMULATED,COMPLETED,2026-09-04 11:28:13,,,,,,,,,
TXN001141,465.6,Expired Card,0.1884,UPDATE_PAYMENT_METHOD,UPDATE_PAYMENT_METHOD,Expired card requires a new payment method.,0.4,True,SIMULATED,COMPLETED,2026-09-04 11:28:13,,,,,,,,,
TXN001143,4014.85,Bank Timeout,0.8577,RETRY_NOW,RETRY_NOW,AI recommendation approved.,0.78,True,SIMULATED,COMPLETED,2026-09-04 11:28:13,,,,,,,,,
TXN001150,620.31,Bank Timeout,0.7262,DO_NOT_RETRY,DO_NOT_RETRY,Maximum retry limit reached.,0.08,False,SIMULATED,COMPLETED,2026-09-04 11:28:13,,,,,,,,,
TXN001152,404.85,Expired Card,0.0957,DO_NOT_RETRY,DO_NOT_RETRY,Maximum retry limit reached.,0.0,False,SIMULATED,COMPLETED,2026-09-04 11:28:13,,,,,,,,,
TXN001153,1319.7,Bank Timeout,0.5662,DO_NOT_RETRY,DO_NOT_RETRY,Maximum retry limit reached.,0.08,False,SIMULATED,COMPLETED,2026-09-04 11:28:13,,,,,,,,,
TXN001154,1839.39,Bank Timeout,0.7856,DO_NOT_RETRY,DO_NOT_RETRY,Maximum retry limit reached.,0.08,False,SIMULATED,COMPLETED,2026-09-04 11:28:13,,,,,,,,,
TXN001155,526.88,Insufficient Funds,0.6116,UPDATE_PAYMENT_METHOD,UPDATE_PAYMENT_METHOD,AI recommendation approved.,0.6,True,SIMULATED,COMPLETED,2026-09-04 11:28:13,,,,,,,,,
TXN001159,361.0,Insufficient Funds,0.5659,UPDATE_PAYMENT_METHOD,UPDATE_PAYMENT_METHOD,AI recommendation approved.,0.6,False,SIMULATED,COMPLETED,2026-09-04 11:28:13,,,,,,,,,
TXN001164,463.94,Authentication Failed,0.4308,ADDITIONAL_AUTHENTICATION,ADDITIONAL_AUTHENTICATION,Authentication must be completed before retrying.,0.7,True,SIMULATED,COMPLETED,2026-09-04 11:28:13,,,,,,,,,
TXN001168,2608.87,Expired Card,0.1022,DO_NOT_RETRY,DO_NOT_RETRY,Maximum retry limit reached.,0.0,False,SIMULATED,COMPLETED,2026-09-04 11:28:13,,,,,,,,,
TXN001169,5818.73,Network Error,0.7092,DO_NOT_RETRY,DO_NOT_RETRY,Maximum retry limit reached.,0.1,False,SIMULATED,COMPLETED,2026-09-04 11:28:13,,,,,,,,,
TXN001170,486.97,Insufficient Funds,0.5872,UPDATE_PAYMENT_METHOD,UPDATE_PAYMENT_METHOD,AI recommendation approved.,0.6,False,SIMULATED,COMPLETED,2026-09-04 11:28:13,,,,,,,,,
TXN001171,2690.51,Network Error,0.769,RETRY_NOW,RETRY_NOW,AI recommendation approved.,0.8,True,SIMULATED,COMPLETED,2026-09-04 11:28:13,,,,,,,,,
TXN001173,1855.47,Expired Card,0.2243,UPDATE_PAYMENT_METHOD,UPDATE_PAYMENT_METHOD,Expired card requires a new payment method.,0.4,False,SIMULATED,COMPLETED,2026-09-04 11:28:13,,,,,,,,,
TXN001174,396.9,Network Error,0.6575,DO_NOT_RETRY,DO_NOT_RETRY,Maximum retry limit reached.,0.1,False,SIMULATED,COMPLETED,2026-09-04 11:28:13,,,,,,,,,
TXN001184,501.17,Network Error,0.6728,DO_NOT_RETRY,DO_NOT_RETRY,Maximum retry limit reached.,0.1,False,SIMULATED,COMPLETED,2026-09-04 11:28:13,,,,,,,,,
TXN001188,370.79,Authentication Failed,0.3935,DO_NOT_RETRY,DO_NOT_RETRY,Maximum retry limit reached.,0.05,False,SIMULATED,COMPLETED,2026-09-04 11:28:13,,,,,,,,,
TXN001189,1258.94,Network Error,0.6898,DO_NOT_RETRY,DO_NOT_RETRY,Maximum retry limit reached.,0.1,False,SIMULATED,COMPLETED,2026-09-04 11:28:13,,,,,,,,,
TXN001199,1643.32,Network Error,0.7343,DO_NOT_RETRY,DO_NOT_RETRY,Maximum retry limit reached.,0.1,False,SIMULATED,COMPLETED,2026-09-04 11:28:13,,,,,,,,,
TXN001201,623.04,Insufficient Funds,0.4405,UPDATE_PAYMENT_METHOD,UPDATE_PAYMENT_METHOD,AI recommendation approved.,0.6,False,SIMULATED,COMPLETED,2026-09-04 11:28:13,,,,,,,,,
TXN001202,2250.52,Authentication Failed,0.3898,DO_NOT_RETRY,DO_NOT_RETRY,Maximum retry limit reached.,0.05,False,SIMULATED,COMPLETED,2026-09-04 11:28:13,,,,,,,,,
TXN001205,3305.46,Authentication Failed,0.4977,DO_NOT_RETRY,DO_NOT_RETRY,Maximum retry limit reached.,0.05,False,SIMULATED,COMPLETED,2026-09-04 11:28:13,,,,,,,,,
TXN001208,794.36,Bank Timeout,0.8176,RETRY_NOW,RETRY_NOW,AI recommendation approved.,0.78,False,SIMULATED,COMPLETED,2026-09-04 11:28:13,,,,,,,,,
TXN001216,1642.97,Expired Card,0.1601,UPDATE_PAYMENT_METHOD,UPDATE_PAYMENT_METHOD,Expired card requires a new payment method.,0.4,True,SIMULATED,COMPLETED,2026-09-04 11:28:13,,,,,,,,,
TXN001218,3908.47,Bank Timeout,0.5618,DO_NOT_RETRY,DO_NOT_RETRY,Maximum retry limit reached.,0.08,True,SIMULATED,COMPLETED,2026-09-04 11:28:13,,,,,,,,,
TXN001219,725.06,Network Error,0.7283,RETRY_NOW,RETRY_NOW,AI recommendation approved.,0.8,True,SIMULATED,COMPLETED,2026-09-04 11:28:13,,,,,,,,,
TXN001222,811.56,Bank Timeout,0.563,DO_NOT_RETRY,DO_NOT_RETRY,Maximum retry limit reached.,0.08,True,SIMULATED,COMPLETED,2026-09-04 11:28:13,,,,,,,,,
TXN001224,1263.43,Authentication Failed,0.4455,DO_NOT_RETRY,DO_NOT_RETRY,Maximum retry limit reached.,0.05,False,SIMULATED,COMPLETED,2026-09-04 11:28:13,,,,,,,,,
TXN001225,1261.72,Expired Card,0.1573,UPDATE_PAYMENT_METHOD,UPDATE_PAYMENT_METHOD,Expired card requires a new payment method.,0.4,False,SIMULATED,COMPLETED,2026-09-04 11:28:13,,,,,,,,,
TXN001226,376.39,Expired Card,0.3039,DO_NOT_RETRY,DO_NOT_RETRY,Maximum retry limit reached.,0.0,False,SIMULATED,COMPLETED,2026-09-04 11:28:13,,,,,,,,,
TXN001228,1027.92,Expired Card,0.0846,DO_NOT_RETRY,DO_NOT_RETRY,Maximum retry limit reached.,0.0,False,SIMULATED,COMPLETED,2026-09-04 11:28:13,,,,,,,,,
TXN001230,1217.82,Expired Card,0.1626,DO_NOT_RETRY,DO_NOT_RETRY,Maximum retry limit reached.,0.0,False,SIMULATED,COMPLETED,2026-09-04 11:28:13,,,,,,,,,
TXN001232,3324.52,Insufficient Funds,0.6552,UPDATE_PAYMENT_METHOD,UPDATE_PAYMENT_METHOD,AI recommendation approved.,0.6,True,SIMULATED,COMPLETED,2026-09-04 11:28:13,,,,,,,,,
TXN001233,1197.88,Network Error,0.7005,DO_NOT_RETRY,DO_NOT_RETRY,Maximum retry limit reached.,0.1,False,SIMULATED,COMPLETED,2026-09-04 11:28:13,,,,,,,,,
TXN001234,1645.73,Insufficient Funds,0.6254,UPDATE_PAYMENT_METHOD,UPDATE_PAYMENT_METHOD,AI recommendation approved.,0.6,True,SIMULATED,COMPLETED,2026-09-04 11:28:13,,,,,,,,,
TXN001236,2520.34,Network Error,0.7692,RETRY_NOW,RETRY_NOW,AI recommendation approved.,0.8,True,SIMULATED,COMPLETED,2026-09-04 11:28:13,,,,,,,,,
TXN001237,2820.06,Expired Card,0.1781,DO_NOT_RETRY,DO_NOT_RETRY,Maximum retry limit reached.,0.0,False,SIMULATED,COMPLETED,2026-09-04 11:28:13,,,,,,,,,
TXN001238,663.91,Network Error,0.8117,RETRY_NOW,RETRY_NOW,AI recommendation approved.,0.8,True,SIMULATED,COMPLETED,2026-09-04 11:28:13,,,,,,,,,
TXN001242,270.94,Bank Timeout,0.8153,RETRY_NOW,RETRY_NOW,AI recommendation approved.,0.78,True,SIMULATED,COMPLETED,2026-09-04 11:28:13,,,,,,,,,
TXN001245,1508.33,Bank Timeout,0.8374,RETRY_NOW,RETRY_NOW,AI recommendation approved.,0.78,True,SIMULATED,COMPLETED,2026-09-04 11:28:13,,,,,,,,,
TXN001255,450.67,Authentication Failed,0.2936,DO_NOT_RETRY,DO_NOT_RETRY,Maximum retry limit reached.,0.05,False,SIMULATED,COMPLETED,2026-09-04 11:28:13,,,,,,,,,
TXN001256,1065.65,Insufficient Funds,0.6139,UPDATE_PAYMENT_METHOD,UPDATE_PAYMENT_METHOD,AI recommendation approved.,0.6,False,SIMULATED,COMPLETED,2026-09-04 11:28:13,,,,,,,,,
TXN001257,251.62,Expired Card,0.2653,UPDATE_PAYMENT_METHOD,UPDATE_PAYMENT_METHOD,Expired card requires a new payment method.,0.4,True,SIMULATED,COMPLETED,2026-09-04 11:28:13,,,,,,,,,
TXN001258,1068.68,Expired Card,0.2896,UPDATE_PAYMENT_METHOD,UPDATE_PAYMENT_METHOD,Expired card requires a new payment method.,0.4,False,SIMULATED,COMPLETED,2026-09-04 11:28:13,,,,,,,,,
TXN001263,1417.47,Network Error,0.7061,RETRY_NOW,RETRY_NOW,AI recommendation approved.,0.8,False,SIMULATED,COMPLETED,2026-09-04 11:28:13,,,,,,,,,
TXN001264,1280.8,Insufficient Funds,0.6428,UPDATE_PAYMENT_METHOD,UPDATE_PAYMENT_METHOD,AI recommendation approved.,0.6,False,SIMULATED,COMPLETED,2026-09-04 11:28:13,,,,,,,,,
TXN001266,3181.38,Expired Card,0.2171,UPDATE_PAYMENT_METHOD,UPDATE_PAYMENT_METHOD,Expired card requires a new payment method.,0.4,True,SIMULATED,COMPLETED,2026-09-04 11:28:13,,,,,,,,,
TXN001268,1182.4,Authentication Failed,0.3973,DO_NOT_RETRY,DO_NOT_RETRY,Maximum retry limit reached.,0.05,True,SIMULATED,COMPLETED,2026-09-04 11:28:13,,,,,,,,,
TXN001269,2577.83,Insufficient Funds,0.6402,UPDATE_PAYMENT_METHOD,UPDATE_PAYMENT_METHOD,AI recommendation approved.,0.6,True,SIMULATED,COMPLETED,2026-09-04 11:28:13,,,,,,,,,
TXN001273,1843.83,Expired Card,0.1178,DO_NOT_RETRY,DO_NOT_RETRY,Maximum retry limit reached.,0.0,False,SIMULATED,COMPLETED,2026-09-04 11:28:13,,,,,,,,,
TXN001274,819.64,Insufficient Funds,0.5578,UPDATE_PAYMENT_METHOD,UPDATE_PAYMENT_METHOD,AI recommendation approved.,0.6,True,SIMULATED,COMPLETED,2026-09-04 11:28:13,,,,,,,,,
TXN001275,1096.8,Authentication Failed,0.421,ADDITIONAL_AUTHENTICATION,ADDITIONAL_AUTHENTICATION,Authentication must be completed before retrying.,0.7,True,SIMULATED,COMPLETED,2026-09-04 11:28:13,,,,,,,,,
TXN001278,786.69,Authentication Failed,0.4513,ADDITIONAL_AUTHENTICATION,ADDITIONAL_AUTHENTICATION,Authentication must be completed before retrying.,0.7,True,SIMULATED,COMPLETED,2026-09-04 11:28:13,,,,,,,,,
TXN001281,1677.19,Insufficient Funds,0.4475,DO_NOT_RETRY,DO_NOT_RETRY,Maximum retry limit reached.,0.0,False,SIMULATED,COMPLETED,2026-09-04 11:28:13,,,,,,,,,
TXN001283,562.58,Expired Card,0.0948,DO_NOT_RETRY,DO_NOT_RETRY,Maximum retry limit reached.,0.0,False,SIMULATED,COMPLETED,2026-09-04 11:28:13,,,,,,,,,
TXN001288,434.6,Authentication Failed,0.5108,ADDITIONAL_AUTHENTICATION,ADDITIONAL_AUTHENTICATION,Authentication must be completed before retrying.,0.7,True,SIMULATED,COMPLETED,2026-09-04 11:28:13,,,,,,,,,
TXN001293,1246.87,Bank Timeout,0.8133,RETRY_NOW,RETRY_NOW,AI recommendation approved.,0.78,True,SIMULATED,COMPLETED,2026-09-04 11:28:13,,,,,,,,,
TXN001294,6438.33,Bank Timeout,0.6707,RETRY_LATER,RETRY_LATER,AI recommendation approved.,0.83,True,SIMULATED,COMPLETED,2026-09-04 11:28:13,,,,,,,,,
TXN001296,400.9,Authentication Failed,0.5213,DO_NOT_RETRY,DO_NOT_RETRY,Maximum retry limit reached.,0.05,False,SIMULATED,COMPLETED,2026-09-04 11:28:13,,,,,,,,,
TXN001303,1484.82,Bank Timeout,0.844,RETRY_NOW,RETRY_NOW,AI recommendation approved.,0.78,True,SIMULATED,COMPLETED,2026-09-04 11:28:13,,,,,,,,,
TXN001305,2203.4,Authentication Failed,0.5087,ADDITIONAL_AUTHENTICATION,ADDITIONAL_AUTHENTICATION,Authentication must be completed before retrying.,0.7,True,SIMULATED,COMPLETED,2026-09-04 11:28:13,,,,,,,,,
TXN001306,852.29,Insufficient Funds,0.4304,DO_NOT_RETRY,DO_NOT_RETRY,Maximum retry limit reached.,0.0,False,SIMULATED,COMPLETED,2026-09-04 11:28:13,,,,,,,,,
TXN001307,2571.22,Insufficient Funds,0.6205,UPDATE_PAYMENT_METHOD,UPDATE_PAYMENT_METHOD,AI recommendation approved.,0.6,True,SIMULATED,COMPLETED,2026-09-04 11:28:13,,,,,,,,,
TXN001313,441.34,Authentication Failed,0.5599,DO_NOT_RETRY,DO_NOT_RETRY,Maximum retry limit reached.,0.05,False,SIMULATED,COMPLETED,2026-09-04 11:28:13,,,,,,,,,
TXN001315,295.77,Bank Timeout,0.7682,RETRY_NOW,RETRY_NOW,AI recommendation approved.,0.78,True,SIMULATED,COMPLETED,2026-09-04 11:28:13,,,,,,,,,
TXN001320,1115.27,Expired Card,0.0989,DO_NOT_RETRY,DO_NOT_RETRY,Maximum retry limit reached.,0.0,False,SIMULATED,COMPLETED,2026-09-04 11:28:13,,,,,,,,,
TXN001321,619.09,Bank Timeout,0.4437,DO_NOT_RETRY,DO_NOT_RETRY,Maximum retry limit reached.,0.08,False,SIMULATED,COMPLETED,2026-09-04 11:28:13,,,,,,,,,
TXN001327,2726.39,Authentication Failed,0.4706,DO_NOT_RETRY,DO_NOT_RETRY,Maximum retry limit reached.,0.05,False,SIMULATED,COMPLETED,2026-09-04 11:28:13,,,,,,,,,
TXN001329,1418.94,Authentication Failed,0.3758,DO_NOT_RETRY,DO_NOT_RETRY,Maximum retry limit reached.,0.05,False,SIMULATED,COMPLETED,2026-09-04 11:28:13,,,,,,,,,
TXN001331,1381.23,Insufficient Funds,0.6544,UPDATE_PAYMENT_METHOD,UPDATE_PAYMENT_METHOD,AI recommendation approved.,0.6,True,SIMULATED,COMPLETED,2026-09-04 11:28:13,,,,,,,,,
TXN001333,2444.17,Insufficient Funds,0.4176,DO_NOT_RETRY,DO_NOT_RETRY,Maximum retry limit reached.,0.0,False,SIMULATED,COMPLETED,2026-09-04 11:28:13,,,,,,,,,
TXN001334,736.53,Insufficient Funds,0.4726,DO_NOT_RETRY,DO_NOT_RETRY,Maximum retry limit reached.,0.0,False,SIMULATED,COMPLETED,2026-09-04 11:28:13,,,,,,,,,
TXN001335,265.91,Insufficient Funds,0.512,UPDATE_PAYMENT_METHOD,UPDATE_PAYMENT_METHOD,AI recommendation approved.,0.6,False,SIMULATED,COMPLETED,2026-09-04 11:28:13,,,,,,,,,
TXN001337,615.35,Insufficient Funds,0.5127,UPDATE_PAYMENT_METHOD,UPDATE_PAYMENT_METHOD,AI recommendation approved.,0.6,True,SIMULATED,COMPLETED,2026-09-04 11:28:13,,,,,,,,,
TXN001340,705.96,Authentication Failed,0.4662,ADDITIONAL_AUTHENTICATION,ADDITIONAL_AUTHENTICATION,Authentication must be completed before retrying.,0.7,False,SIMULATED,COMPLETED,2026-09-04 11:28:13,,,,,,,,,
TXN001341,1616.47,Expired Card,0.1,DO_NOT_RETRY,DO_NOT_RETRY,Maximum retry limit reached.,0.0,False,SIMULATED,COMPLETED,2026-09-04 11:28:13,,,,,,,,,
TXN001347,414.13,Insufficient Funds,0.4739,UPDATE_PAYMENT_METHOD,UPDATE_PAYMENT_METHOD,AI recommendation approved.,0.6,False,SIMULATED,COMPLETED,2026-09-04 11:28:13,,,,,,,,,
TXN001350,3103.92,Expired Card,0.1527,UPDATE_PAYMENT_METHOD,UPDATE_PAYMENT_METHOD,Expired card requires a new payment method.,0.4,False,SIMULATED,COMPLETED,2026-09-04 11:28:13,,,,,,,,,
TXN001351,807.34,Network Error,0.7212,RETRY_NOW,RETRY_NOW,AI recommendation approved.,0.8,False,SIMULATED,COMPLETED,2026-09-04 11:28:13,,,,,,,,,
TXN001354,697.56,Expired Card,0.0858,DO_NOT_RETRY,DO_NOT_RETRY,Maximum retry limit reached.,0.0,False,SIMULATED,COMPLETED,2026-09-04 11:28:13,,,,,,,,,
TXN001358,797.88,Bank Timeout,0.8432,RETRY_NOW,RETRY_NOW,AI recommendation approved.,0.78,True,SIMULATED,COMPLETED,2026-09-04 11:28:13,,,,,,,,,
TXN001362,1680.62,Network Error,0.6697,DO_NOT_RETRY,DO_NOT_RETRY,Maximum retry limit reached.,0.1,False,SIMULATED,COMPLETED,2026-09-04 11:28:13,,,,,,,,,
TXN001364,452.27,Insufficient Funds,0.6391,UPDATE_PAYMENT_METHOD,UPDATE_PAYMENT_METHOD,AI recommendation approved.,0.6,True,SIMULATED,COMPLETED,2026-09-04 11:28:13,,,,,,,,,
TXN001365,676.32,Insufficient Funds,0.4447,DO_NOT_RETRY,DO_NOT_RETRY,Maximum retry limit reached.,0.0,False,SIMULATED,COMPLETED,2026-09-04 11:28:13,,,,,,,,,
TXN001368,922.89,Expired Card,0.217,UPDATE_PAYMENT_METHOD,UPDATE_PAYMENT_METHOD,Expired card requires a new payment method.,0.4,True,SIMULATED,COMPLETED,2026-09-04 11:28:13,,,,,,,,,
TXN001374,983.64,Authentication Failed,0.5761,DO_NOT_RETRY,DO_NOT_RETRY,Maximum retry limit reached.,0.05,False,SIMULATED,COMPLETED,2026-09-04 11:28:13,,,,,,,,,
TXN001382,1936.12,Network Error,0.6932,DO_NOT_RETRY,DO_NOT_RETRY,Maximum retry limit reached.,0.1,False,SIMULATED,COMPLETED,2026-09-04 11:28:13,,,,,,,,,
TXN001384,5177.05,Network Error,0.6388,DO_NOT_RETRY,DO_NOT_RETRY,Maximum retry limit reached.,0.1,False,SIMULATED,COMPLETED,2026-09-04 11:28:13,,,,,,,,,
TXN001389,831.19,Network Error,0.747,RETRY_NOW,RETRY_NOW,AI recommendation approved.,0.8,True,SIMULATED,COMPLETED,2026-09-04 11:28:13,,,,,,,,,
TXN001395,694.3,Bank Timeout,0.7455,DO_NOT_RETRY,DO_NOT_RETRY,Maximum retry limit reached.,0.08,False,SIMULATED,COMPLETED,2026-09-04 11:28:13,,,,,,,,,
TXN001398,162.03,Insufficient Funds,0.6305,UPDATE_PAYMENT_METHOD,UPDATE_PAYMENT_METHOD,AI recommendation approved.,0.6,True,SIMULATED,COMPLETED,2026-09-04 11:28:13,,,,,,,,,
TXN001399,842.9,Authentication Failed,0.4729,ADDITIONAL_AUTHENTICATION,ADDITIONAL_AUTHENTICATION,Authentication must be completed before retrying.,0.7,True,SIMULATED,COMPLETED,2026-09-04 11:28:13,,,,,,,,,
TXN001415,210.17,Bank Timeout,0.7629,RETRY_NOW,RETRY_NOW,AI recommendation approved.,0.78,True,SIMULATED,COMPLETED,2026-09-04 11:28:13,,,,,,,,,
TXN001420,1482.78,Expired Card,0.2411,UPDATE_PAYMENT_METHOD,UPDATE_PAYMENT_METHOD,Expired card requires a new payment method.,0.4,False,SIMULATED,COMPLETED,2026-09-04 11:28:13,,,,,,,,,
TXN001422,1820.13,Authentication Failed,0.5014,ADDITIONAL_AUTHENTICATION,ADDITIONAL_AUTHENTICATION,Authentication must be completed before retrying.,0.7,True,SIMULATED,COMPLETED,2026-09-04 11:28:13,,,,,,,,,
TXN001423,2813.08,Bank Timeout,0.7234,DO_NOT_RETRY,DO_NOT_RETRY,Maximum retry limit reached.,0.08,False,SIMULATED,COMPLETED,2026-09-04 11:28:13,,,,,,,,,
TXN001425,249.27,Bank Timeout,0.8271,RETRY_NOW,RETRY_NOW,AI recommendation approved.,0.78,True,SIMULATED,COMPLETED,2026-09-04 11:28:13,,,,,,,,,
TXN001427,1372.55,Authentication Failed,0.4862,DO_NOT_RETRY,DO_NOT_RETRY,Maximum retry limit reached.,0.05,False,SIMULATED,COMPLETED,2026-09-04 11:28:13,,,,,,,,,
TXN001433,1920.92,Insufficient Funds,0.5333,UPDATE_PAYMENT_METHOD,UPDATE_PAYMENT_METHOD,AI recommendation approved.,0.6,False,SIMULATED,COMPLETED,2026-09-04 11:28:13,,,,,,,,,
TXN001443,1018.02,Authentication Failed,0.4639,ADDITIONAL_AUTHENTICATION,ADDITIONAL_AUTHENTICATION,Authentication must be completed before retrying.,0.7,False,SIMULATED,COMPLETED,2026-09-04 11:28:13,,,,,,,,,
TXN001444,900.81,Expired Card,0.1691,UPDATE_PAYMENT_METHOD,UPDATE_PAYMENT_METHOD,Expired card requires a new payment method.,0.4,False,SIMULATED,COMPLETED,2026-09-04 11:28:13,,,,,,,,,
TXN001445,791.63,Expired Card,0.1825,UPDATE_PAYMENT_METHOD,UPDATE_PAYMENT_METHOD,Expired card requires a new payment method.,0.4,False,SIMULATED,COMPLETED,2026-09-04 11:28:13,,,,,,,,,
TXN001451,1765.86,Expired Card,0.1974,DO_NOT_RETRY,DO_NOT_RETRY,Maximum retry limit reached.,0.0,False,SIMULATED,COMPLETED,2026-09-04 11:28:13,,,,,,,,,
TXN001457,559.76,Insufficient Funds,0.5411,UPDATE_PAYMENT_METHOD,UPDATE_PAYMENT_METHOD,AI recommendation approved.,0.6,True,SIMULATED,COMPLETED,2026-09-04 11:28:13,,,,,,,,,
TXN001458,1998.12,Insufficient Funds,0.5731,DO_NOT_RETRY,DO_NOT_RETRY,Maximum retry limit reached.,0.0,False,SIMULATED,COMPLETED,2026-09-04 11:28:13,,,,,,,,,
TXN001459,1206.74,Expired Card,0.2313,UPDATE_PAYMENT_METHOD,UPDATE_PAYMENT_METHOD,Expired card requires a new payment method.,0.4,False,SIMULATED,COMPLETED,2026-09-04 11:28:13,,,,,,,,,
TXN001461,609.01,Expired Card,0.1413,UPDATE_PAYMENT_METHOD,UPDATE_PAYMENT_METHOD,Expired card requires a new payment method.,0.4,True,SIMULATED,COMPLETED,2026-09-04 11:28:13,,,,,,,,,
TXN001462,4125.6,Expired Card,0.1714,DO_NOT_RETRY,DO_NOT_RETRY,Maximum retry limit reached.,0.0,False,SIMULATED,COMPLETED,2026-09-04 11:28:13,,,,,,,,,
TXN001470,921.77,Expired Card,0.1517,UPDATE_PAYMENT_METHOD,UPDATE_PAYMENT_METHOD,Expired card requires a new payment method.,0.4,True,SIMULATED,COMPLETED,2026-09-04 11:28:13,,,,,,,,,
TXN001474,615.95,Insufficient Funds,0.6127,UPDATE_PAYMENT_METHOD,UPDATE_PAYMENT_METHOD,AI recommendation approved.,0.6,False,SIMULATED,COMPLETED,2026-09-04 11:28:13,,,,,,,,,
TXN001477,4678.47,Insufficient Funds,0.601,DO_NOT_RETRY,DO_NOT_RETRY,Maximum retry limit reached.,0.0,False,SIMULATED,COMPLETED,2026-09-04 11:28:13,,,,,,,,,
TXN001485,272.23,Authentication Failed,0.6258,ADDITIONAL_AUTHENTICATION,ADDITIONAL_AUTHENTICATION,Authentication must be completed before retrying.,0.7,True,SIMULATED,COMPLETED,2026-09-04 11:28:13,,,,,,,,,
TXN001487,1198.02,Network Error,0.6332,DO_NOT_RETRY,DO_NOT_RETRY,Maximum retry limit reached.,0.1,False,SIMULATED,COMPLETED,2026-09-04 11:28:13,,,,,,,,,
TXN001488,664.44,Insufficient Funds,0.5062,DO_NOT_RETRY,DO_NOT_RETRY,Maximum retry limit reached.,0.0,False,SIMULATED,COMPLETED,2026-09-04 11:28:13,,,,,,,,,
TXN001491,1137.28,Network Error,0.7493,RETRY_NOW,RETRY_NOW,AI recommendation approved.,0.8,True,SIMULATED,COMPLETED,2026-09-04 11:28:13,,,,,,,,,
TXN001493,5381.2,Insufficient Funds,0.5454,UPDATE_PAYMENT_METHOD,UPDATE_PAYMENT_METHOD,AI recommendation approved.,0.6,True,SIMULATED,COMPLETED,2026-09-04 11:28:13,,,,,,,,,
TXN001497,312.09,Insufficient Funds,0.5192,DO_NOT_RETRY,DO_NOT_RETRY,Maximum retry limit reached.,0.0,False,SIMULATED,COMPLETED,2026-09-04 11:28:13,,,,,,,,,
TXN001501,597.29,Expired Card,0.1343,DO_NOT_RETRY,DO_NOT_RETRY,Maximum retry limit reached.,0.0,False,SIMULATED,COMPLETED,2026-09-04 11:28:13,,,,,,,,,
TXN001508,871.8,Network Error,0.6633,DO_NOT_RETRY,DO_NOT_RETRY,Maximum retry limit reached.,0.1,False,SIMULATED,COMPLETED,2026-09-04 11:28:13,,,,,,,,,
TXN001512,412.87,Authentication Failed,0.4036,ADDITIONAL_AUTHENTICATION,ADDITIONAL_AUTHENTICATION,Authentication must be completed before retrying.,0.7,True,SIMULATED,COMPLETED,2026-09-04 11:28:13,,,,,,,,,
TXN001514,1467.3,Authentication Failed,0.5285,ADDITIONAL_AUTHENTICATION,ADDITIONAL_AUTHENTICATION,Authentication must be completed before retrying.,0.7,True,SIMULATED,COMPLETED,2026-09-04 11:28:13,,,,,,,,,
TXN001517,567.12,Authentication Failed,0.4781,ADDITIONAL_AUTHENTICATION,ADDITIONAL_AUTHENTICATION,Authentication must be completed before retrying.,0.7,True,SIMULATED,COMPLETED,2026-09-04 11:28:13,,,,,,,,,
TXN001518,1894.31,Expired Card,0.145,DO_NOT_RETRY,DO_NOT_RETRY,Maximum retry limit reached.,0.0,False,SIMULATED,COMPLETED,2026-09-04 11:28:13,,,,,,,,,
TXN001520,447.58,Expired Card,0.0845,DO_NOT_RETRY,DO_NOT_RETRY,Maximum retry limit reached.,0.0,False,SIMULATED,COMPLETED,2026-09-04 11:28:13,,,,,,,,,
TXN001521,781.43,Authentication Failed,0.4839,ADDITIONAL_AUTHENTICATION,ADDITIONAL_AUTHENTICATION,Authentication must be completed before retrying.,0.7,True,SIMULATED,COMPLETED,2026-09-04 11:28:13,,,,,,,,,
TXN001525,3346.6,Insufficient Funds,0.6056,UPDATE_PAYMENT_METHOD,UPDATE_PAYMENT_METHOD,AI recommendation approved.,0.6,True,SIMULATED,COMPLETED,2026-09-04 11:28:13,,,,,,,,,
TXN001526,475.24,Authentication Failed,0.3915,ADDITIONAL_AUTHENTICATION,ADDITIONAL_AUTHENTICATION,Authentication must be completed before retrying.,0.7,True,SIMULATED,COMPLETED,2026-09-04 11:28:13,,,,,,,,,
TXN001529,2311.26,Bank Timeout,0.8063,DO_NOT_RETRY,DO_NOT_RETRY,Maximum retry limit reached.,0.08,True,SIMULATED,COMPLETED,2026-09-04 11:28:13,,,,,,,,,
TXN001534,1278.6,Network Error,0.7345,RETRY_NOW,RETRY_NOW,AI recommendation approved.,0.8,False,SIMULATED,COMPLETED,2026-09-04 11:28:13,,,,,,,,,
TXN001538,1005.87,Network Error,0.7104,RETRY_NOW,RETRY_NOW,AI recommendation approved.,0.8,True,SIMULATED,COMPLETED,2026-09-04 11:28:13,,,,,,,,,
TXN001541,680.41,Expired Card,0.1744,UPDATE_PAYMENT_METHOD,UPDATE_PAYMENT_METHOD,Expired card requires a new payment method.,0.4,False,SIMULATED,COMPLETED,2026-09-04 11:28:13,,,,,,,,,
TXN001542,5874.35,Insufficient Funds,0.4817,DO_NOT_RETRY,DO_NOT_RETRY,Maximum retry limit reached.,0.0,False,SIMULATED,COMPLETED,2026-09-04 11:28:13,,,,,,,,,
TXN001544,1222.03,Bank Timeout,0.6777,DO_NOT_RETRY,DO_NOT_RETRY,Maximum retry limit reached.,0.08,False,SIMULATED,COMPLETED,2026-09-04 11:28:13,,,,,,,,,
TXN001545,1167.97,Authentication Failed,0.5306,ADDITIONAL_AUTHENTICATION,ADDITIONAL_AUTHENTICATION,Authentication must be completed before retrying.,0.7,True,SIMULATED,COMPLETED,2026-09-04 11:28:13,,,,,,,,,
TXN001547,643.24,Insufficient Funds,0.4753,UPDATE_PAYMENT_METHOD,UPDATE_PAYMENT_METHOD,AI recommendation approved.,0.6,True,SIMULATED,COMPLETED,2026-09-04 11:28:13,,,,,,,,,
TXN001548,1284.77,Authentication Failed,0.4915,ADDITIONAL_AUTHENTICATION,ADDITIONAL_AUTHENTICATION,Authentication must be completed before retrying.,0.7,False,SIMULATED,COMPLETED,2026-09-04 11:28:13,,,,,,,,,
TXN001552,370.18,Expired Card,0.1517,UPDATE_PAYMENT_METHOD,UPDATE_PAYMENT_METHOD,Expired card requires a new payment method.,0.4,False,SIMULATED,COMPLETED,2026-09-04 11:28:13,,,,,,,,,
TXN001564,3018.02,Insufficient Funds,0.545,UPDATE_PAYMENT_METHOD,UPDATE_PAYMENT_METHOD,AI recommendation approved.,0.6,False,SIMULATED,COMPLETED,2026-09-04 11:28:13,,,,,,,,,
TXN001567,1314.68,Bank Timeout,0.8378,DO_NOT_RETRY,DO_NOT_RETRY,Maximum retry limit reached.,0.08,False,SIMULATED,COMPLETED,2026-09-04 11:28:13,,,,,,,,,
TXN001569,1406.26,Authentication Failed,0.4747,ADDITIONAL_AUTHENTICATION,ADDITIONAL_AUTHENTICATION,Authentication must be completed before retrying.,0.7,True,SIMULATED,COMPLETED,2026-09-04 11:28:13,,,,,,,,,
TXN001571,232.9,Authentication Failed,0.5166,ADDITIONAL_AUTHENTICATION,ADDITIONAL_AUTHENTICATION,Authentication must be completed before retrying.,0.7,False,SIMULATED,COMPLETED,2026-09-04 11:28:13,,,,,,,,,
TXN001574,743.65,Network Error,0.731,DO_NOT_RETRY,DO_NOT_RETRY,Maximum retry limit reached.,0.1,False,SIMULATED,COMPLETED,2026-09-04 11:28:13,,,,,,,,,
TXN001576,1381.58,Authentication Failed,0.4959,DO_NOT_RETRY,DO_NOT_RETRY,Maximum retry limit reached.,0.05,False,SIMULATED,COMPLETED,2026-09-04 11:28:13,,,,,,,,,
TXN001578,3357.23,Network Error,0.6802,RETRY_LATER,RETRY_LATER,AI recommendation approved.,0.85,True,SIMULATED,COMPLETED,2026-09-04 11:28:13,,,,,,,,,
TXN001580,1531.72,Authentication Failed,0.4504,ADDITIONAL_AUTHENTICATION,ADDITIONAL_AUTHENTICATION,Authentication must be completed before retrying.,0.7,True,SIMULATED,COMPLETED,2026-09-04 11:28:13,,,,,,,,,
TXN001582,2964.87,Network Error,0.7779,RETRY_NOW,RETRY_NOW,AI recommendation approved.,0.8,True,SIMULATED,COMPLETED,2026-09-04 11:28:13,,,,,,,,,
TXN001583,758.29,Network Error,0.6536,RETRY_LATER,RETRY_LATER,AI recommendation approved.,0.85,True,SIMULATED,COMPLETED,2026-09-04 11:28:13,,,,,,,,,
TXN001585,1663.02,Bank Timeout,0.717,DO_NOT_RETRY,DO_NOT_RETRY,Maximum retry limit reached.,0.08,False,SIMULATED,COMPLETED,2026-09-04 11:28:13,,,,,,,,,
TXN001586,570.01,Authentication Failed,0.4847,DO_NOT_RETRY,DO_NOT_RETRY,Maximum retry limit reached.,0.05,False,SIMULATED,COMPLETED,2026-09-04 11:28:13,,,,,,,,,
TXN001587,1100.04,Insufficient Funds,0.6794,UPDATE_PAYMENT_METHOD,UPDATE_PAYMENT_METHOD,AI recommendation approved.,0.6,True,SIMULATED,COMPLETED,2026-09-04 11:28:13,,,,,,,,,
TXN001588,4014.79,Bank Timeout,0.8246,RETRY_NOW,RETRY_NOW,AI recommendation approved.,0.78,True,SIMULATED,COMPLETED,2026-09-04 11:28:13,,,,,,,,,
TXN001594,866.58,Expired Card,0.231,DO_NOT_RETRY,DO_NOT_RETRY,Maximum retry limit reached.,0.0,False,SIMULATED,COMPLETED,2026-09-04 11:28:13,,,,,,,,,
TXN001596,1037.3,Network Error,0.7839,RETRY_NOW,RETRY_NOW,AI recommendation approved.,0.8,True,SIMULATED,COMPLETED,2026-09-04 11:28:13,,,,,,,,,
TXN001597,3251.48,Network Error,0.6008,DO_NOT_RETRY,DO_NOT_RETRY,Maximum retry limit reached.,0.1,False,SIMULATED,COMPLETED,2026-09-04 11:28:13,,,,,,,,,
TXN001598,826.05,Authentication Failed,0.5011,ADDITIONAL_AUTHENTICATION,ADDITIONAL_AUTHENTICATION,Authentication must be completed before retrying.,0.7,False,SIMULATED,COMPLETED,2026-09-04 11:28:13,,,,,,,,,
TXN001602,1003.82,Authentication Failed,0.5231,ADDITIONAL_AUTHENTICATION,ADDITIONAL_AUTHENTICATION,Authentication must be completed before retrying.,0.7,False,SIMULATED,COMPLETED,2026-09-04 11:28:13,,,,,,,,,
TXN001605,477.16,Insufficient Funds,0.4948,DO_NOT_RETRY,DO_NOT_RETRY,Maximum retry limit reached.,0.0,False,SIMULATED,COMPLETED,2026-09-04 11:28:13,,,,,,,,,
TXN001607,1218.95,Network Error,0.7207,DO_NOT_RETRY,DO_NOT_RETRY,Maximum retry limit reached.,0.1,False,SIMULATED,COMPLETED,2026-09-04 11:28:13,,,,,,,,,
TXN001610,2146.25,Network Error,0.5338,DO_NOT_RETRY,DO_NOT_RETRY,Maximum retry limit reached.,0.1,True,SIMULATED,COMPLETED,2026-09-04 11:28:13,,,,,,,,,
TXN001614,1552.21,Expired Card,0.1539,UPDATE_PAYMENT_METHOD,UPDATE_PAYMENT_METHOD,Expired card requires a new payment method.,0.4,False,SIMULATED,COMPLETED,2026-09-04 11:28:13,,,,,,,,,
TXN001616,1109.12,Expired Card,0.3639,UPDATE_PAYMENT_METHOD,UPDATE_PAYMENT_METHOD,Expired card requires a new payment method.,0.4,False,SIMULATED,COMPLETED,2026-09-04 11:28:13,,,,,,,,,
TXN001618,735.82,Bank Timeout,0.5528,RETRY_LATER,RETRY_LATER,AI recommendation approved.,0.83,True,SIMULATED,COMPLETED,2026-09-04 11:28:13,,,,,,,,,
TXN001620,4705.25,Network Error,0.6617,DO_NOT_RETRY,DO_NOT_RETRY,Maximum retry limit reached.,0.1,False,SIMULATED,COMPLETED,2026-09-04 11:28:13,,,,,,,,,
TXN001624,1699.08,Expired Card,0.0631,DO_NOT_RETRY,DO_NOT_RETRY,Maximum retry limit reached.,0.0,False,SIMULATED,COMPLETED,2026-09-04 11:28:13,,,,,,,,,
TXN001628,2321.53,Bank Timeout,0.7157,DO_NOT_RETRY,DO_NOT_RETRY,Maximum retry limit reached.,0.08,False,SIMULATED,COMPLETED,2026-09-04 11:28:13,,,,,,,,,
TXN001630,641.72,Insufficient Funds,0.4038,DO_NOT_RETRY,DO_NOT_RETRY,Maximum retry limit reached.,0.0,False,SIMULATED,COMPLETED,2026-09-04 11:28:13,,,,,,,,,
TXN001631,3475.72,Bank Timeout,0.8058,RETRY_NOW,RETRY_NOW,AI recommendation approved.,0.78,False,SIMULATED,COMPLETED,2026-09-04 11:28:13,,,,,,,,,
TXN001639,344.62,Authentication Failed,0.4656,DO_NOT_RETRY,DO_NOT_RETRY,Maximum retry limit reached.,0.05,False,SIMULATED,COMPLETED,2026-09-04 11:28:13,,,,,,,,,
TXN001648,577.19,Expired Card,0.0873,DO_NOT_RETRY,DO_NOT_RETRY,Maximum retry limit reached.,0.0,False,SIMULATED,COMPLETED,2026-09-04 11:28:13,,,,,,,,,
TXN001651,408.35,Bank Timeout,0.7011,RETRY_NOW,RETRY_NOW,AI recommendation approved.,0.78,True,SIMULATED,COMPLETED,2026-09-04 11:28:13,,,,,,,,,
TXN001657,478.35,Bank Timeout,0.6477,DO_NOT_RETRY,DO_NOT_RETRY,Maximum retry limit reached.,0.08,False,SIMULATED,COMPLETED,2026-09-04 11:28:13,,,,,,,,,
TXN001658,1867.39,Expired Card,0.0961,DO_NOT_RETRY,DO_NOT_RETRY,Maximum retry limit reached.,0.0,False,SIMULATED,COMPLETED,2026-09-04 11:28:13,,,,,,,,,
TXN001659,1026.42,Authentication Failed,0.4424,ADDITIONAL_AUTHENTICATION,ADDITIONAL_AUTHENTICATION,Authentication must be completed before retrying.,0.7,True,SIMULATED,COMPLETED,2026-09-04 11:28:13,,,,,,,,,
TXN001660,1332.05,Bank Timeout,0.7273,DO_NOT_RETRY,DO_NOT_RETRY,Maximum retry limit reached.,0.08,False,SIMULATED,COMPLETED,2026-09-04 11:28:13,,,,,,,,,
TXN001662,3035.27,Insufficient Funds,0.3968,DO_NOT_RETRY,DO_NOT_RETRY,Maximum retry limit reached.,0.0,False,SIMULATED,COMPLETED,2026-09-04 11:28:13,,,,,,,,,
TXN001670,881.12,Expired Card,0.3926,UPDATE_PAYMENT_METHOD,UPDATE_PAYMENT_METHOD,Expired card requires a new payment method.,0.4,False,SIMULATED,COMPLETED,2026-09-04 11:28:13,,,,,,,,,
TXN001673,423.62,Authentication Failed,0.3857,ADDITIONAL_AUTHENTICATION,ADDITIONAL_AUTHENTICATION,Authentication must be completed before retrying.,0.7,True,SIMULATED,COMPLETED,2026-09-04 11:28:13,,,,,,,,,
TXN001674,1053.73,Authentication Failed,0.4493,ADDITIONAL_AUTHENTICATION,ADDITIONAL_AUTHENTICATION,Authentication must be completed before retrying.,0.7,True,SIMULATED,COMPLETED,2026-09-04 11:28:13,,,,,,,,,
TXN001675,582.48,Authentication Failed,0.4696,ADDITIONAL_AUTHENTICATION,ADDITIONAL_AUTHENTICATION,Authentication must be completed before retrying.,0.7,True,SIMULATED,COMPLETED,2026-09-04 11:28:13,,,,,,,,,
TXN001677,91.86,Authentication Failed,0.4124,DO_NOT_RETRY,DO_NOT_RETRY,Maximum retry limit reached.,0.05,False,SIMULATED,COMPLETED,2026-09-04 11:28:13,,,,,,,,,
TXN001678,1215.51,Authentication Failed,0.4644,ADDITIONAL_AUTHENTICATION,ADDITIONAL_AUTHENTICATION,Authentication must be completed before retrying.,0.7,True,SIMULATED,COMPLETED,2026-09-04 11:28:13,,,,,,,,,
TXN001692,1532.9,Authentication Failed,0.4518,ADDITIONAL_AUTHENTICATION,ADDITIONAL_AUTHENTICATION,Authentication must be completed before retrying.,0.7,False,SIMULATED,COMPLETED,2026-09-04 11:28:13,,,,,,,,,
TXN001694,1354.81,Authentication Failed,0.5138,ADDITIONAL_AUTHENTICATION,ADDITIONAL_AUTHENTICATION,Authentication must be completed before retrying.,0.7,True,SIMULATED,COMPLETED,2026-09-04 11:28:13,,,,,,,,,
TXN001700,837.93,Insufficient Funds,0.4576,DO_NOT_RETRY,DO_NOT_RETRY,Maximum retry limit reached.,0.0,False,SIMULATED,COMPLETED,2026-09-04 11:28:13,,,,,,,,,
TXN001703,966.19,Expired Card,0.1392,DO_NOT_RETRY,DO_NOT_RETRY,Maximum retry limit reached.,0.0,False,SIMULATED,COMPLETED,2026-09-04 11:28:13,,,,,,,,,
TXN001705,1889.7,Expired Card,0.0921,DO_NOT_RETRY,DO_NOT_RETRY,Maximum retry limit reached.,0.0,False,SIMULATED,COMPLETED,2026-09-04 11:28:13,,,,,,,,,
TXN001707,2197.37,Insufficient Funds,0.4112,DO_NOT_RETRY,DO_NOT_RETRY,Maximum retry limit reached.,0.0,False,SIMULATED,COMPLETED,2026-09-04 11:28:13,,,,,,,,,
TXN001709,1141.88,Bank Timeout,0.6659,DO_NOT_RETRY,DO_NOT_RETRY,Maximum retry limit reached.,0.08,False,SIMULATED,COMPLETED,2026-09-04 11:28:13,,,,,,,,,
TXN001711,575.3,Bank Timeout,0.5953,DO_NOT_RETRY,DO_NOT_RETRY,Maximum retry limit reached.,0.08,False,SIMULATED,COMPLETED,2026-09-04 11:28:13,,,,,,,,,
TXN001713,967.69,Expired Card,0.1734,UPDATE_PAYMENT_METHOD,UPDATE_PAYMENT_METHOD,Expired card requires a new payment method.,0.4,False,SIMULATED,COMPLETED,2026-09-04 11:28:13,,,,,,,,,
TXN001714,3370.54,Network Error,0.6317,DO_NOT_RETRY,DO_NOT_RETRY,Maximum retry limit reached.,0.1,False,SIMULATED,COMPLETED,2026-09-04 11:28:13,,,,,,,,,
TXN001716,907.98,Network Error,0.5773,DO_NOT_RETRY,DO_NOT_RETRY,Maximum retry limit reached.,0.1,False,SIMULATED,COMPLETED,2026-09-04 11:28:13,,,,,,,,,
TXN001718,2342.68,Network Error,0.5485,DO_NOT_RETRY,DO_NOT_RETRY,Maximum retry limit reached.,0.1,False,SIMULATED,COMPLETED,2026-09-04 11:28:13,,,,,,,,,
TXN001719,367.93,Bank Timeout,0.6557,RETRY_LATER,RETRY_LATER,AI recommendation approved.,0.83,True,SIMULATED,COMPLETED,2026-09-04 11:28:13,,,,,,,,,
TXN001720,621.15,Insufficient Funds,0.5459,UPDATE_PAYMENT_METHOD,UPDATE_PAYMENT_METHOD,AI recommendation approved.,0.6,True,SIMULATED,COMPLETED,2026-09-04 11:28:13,,,,,,,,,
TXN001724,738.99,Insufficient Funds,0.6378,UPDATE_PAYMENT_METHOD,UPDATE_PAYMENT_METHOD,AI recommendation approved.,0.6,True,SIMULATED,COMPLETED,2026-09-04 11:28:13,,,,,,,,,
TXN001725,635.81,Expired Card,0.1498,UPDATE_PAYMENT_METHOD,UPDATE_PAYMENT_METHOD,Expired card requires a new payment method.,0.4,True,SIMULATED,COMPLETED,2026-09-04 11:28:13,,,,,,,,,
TXN001727,1257.91,Bank Timeout,0.7459,RETRY_NOW,RETRY_NOW,AI recommendation approved.,0.78,True,SIMULATED,COMPLETED,2026-09-04 11:28:13,,,,,,,,,
TXN001728,1499.3,Insufficient Funds,0.6175,UPDATE_PAYMENT_METHOD,UPDATE_PAYMENT_METHOD,AI recommendation approved.,0.6,False,SIMULATED,COMPLETED,2026-09-04 11:28:13,,,,,,,,,
TXN001729,1997.53,Bank Timeout,0.829,RETRY_NOW,RETRY_NOW,AI recommendation approved.,0.78,True,SIMULATED,COMPLETED,2026-09-04 11:28:13,,,,,,,,,
TXN001731,695.37,Network Error,0.5374,DO_NOT_RETRY,DO_NOT_RETRY,Maximum retry limit reached.,0.1,False,SIMULATED,COMPLETED,2026-09-04 11:28:13,,,,,,,,,
TXN001735,533.15,Bank Timeout,0.6682,DO_NOT_RETRY,DO_NOT_RETRY,Maximum retry limit reached.,0.08,False,SIMULATED,COMPLETED,2026-09-04 11:28:13,,,,,,,,,
TXN001738,3165.99,Insufficient Funds,0.4907,DO_NOT_RETRY,DO_NOT_RETRY,Maximum retry limit reached.,0.0,False,SIMULATED,COMPLETED,2026-09-04 11:28:13,,,,,,,,,
TXN001742,534.21,Expired Card,0.1519,DO_NOT_RETRY,DO_NOT_RETRY,Maximum retry limit reached.,0.0,False,SIMULATED,COMPLETED,2026-09-04 11:28:13,,,,,,,,,
TXN001743,765.99,Bank Timeout,0.7547,DO_NOT_RETRY,DO_NOT_RETRY,Maximum retry limit reached.,0.08,False,SIMULATED,COMPLETED,2026-09-04 11:28:13,,,,,,,,,
TXN001746,2243.39,Insufficient Funds,0.4629,DO_NOT_RETRY,DO_NOT_RETRY,Maximum retry limit reached.,0.0,False,SIMULATED,COMPLETED,2026-09-04 11:28:13,,,,,,,,,
TXN001747,1099.4,Expired Card,0.1304,DO_NOT_RETRY,DO_NOT_RETRY,Maximum retry limit reached.,0.0,False,SIMULATED,COMPLETED,2026-09-04 11:28:13,,,,,,,,,
TXN001749,6402.37,Authentication Failed,0.5412,DO_NOT_RETRY,DO_NOT_RETRY,Maximum retry limit reached.,0.05,False,SIMULATED,COMPLETED,2026-09-04 11:28:13,,,,,,,,,
TXN001750,2862.55,Authentication Failed,0.4149,DO_NOT_RETRY,DO_NOT_RETRY,Maximum retry limit reached.,0.05,False,SIMULATED,COMPLETED,2026-09-04 11:28:13,,,,,,,,,
TXN001753,1609.3,Network Error,0.8365,RETRY_NOW,RETRY_NOW,AI recommendation approved.,0.8,True,SIMULATED,COMPLETED,2026-09-04 11:28:13,,,,,,,,,
TXN001755,649.01,Expired Card,0.1389,UPDATE_PAYMENT_METHOD,UPDATE_PAYMENT_METHOD,Expired card requires a new payment method.,0.4,True,SIMULATED,COMPLETED,2026-09-04 11:28:13,,,,,,,,,
TXN001757,704.03,Authentication Failed,0.4365,ADDITIONAL_AUTHENTICATION,ADDITIONAL_AUTHENTICATION,Authentication must be completed before retrying.,0.7,True,SIMULATED,COMPLETED,2026-09-04 11:28:13,,,,,,,,,
TXN001761,1723.09,Bank Timeout,0.8277,RETRY_NOW,RETRY_NOW,AI recommendation approved.,0.78,True,SIMULATED,COMPLETED,2026-09-04 11:28:13,,,,,,,,,
TXN001765,1408.27,Authentication Failed,0.4937,ADDITIONAL_AUTHENTICATION,ADDITIONAL_AUTHENTICATION,Authentication must be completed before retrying.,0.7,True,SIMULATED,COMPLETED,2026-09-04 11:28:13,,,,,,,,,
TXN001766,4564.04,Insufficient Funds,0.4868,DO_NOT_RETRY,DO_NOT_RETRY,Maximum retry limit reached.,0.0,False,SIMULATED,COMPLETED,2026-09-04 11:28:13,,,,,,,,,
TXN001770,844.44,Expired Card,0.1552,UPDATE_PAYMENT_METHOD,UPDATE_PAYMENT_METHOD,Expired card requires a new payment method.,0.4,True,SIMULATED,COMPLETED,2026-09-04 11:28:13,,,,,,,,,
TXN001775,6779.57,Bank Timeout,0.6454,DO_NOT_RETRY,DO_NOT_RETRY,Maximum retry limit reached.,0.08,False,SIMULATED,COMPLETED,2026-09-04 11:28:13,,,,,,,,,
TXN001779,1320.8,Insufficient Funds,0.484,DO_NOT_RETRY,DO_NOT_RETRY,Maximum retry limit reached.,0.0,False,SIMULATED,COMPLETED,2026-09-04 11:28:13,,,,,,,,,
TXN001783,2126.96,Bank Timeout,0.8572,RETRY_NOW,RETRY_NOW,AI recommendation approved.,0.78,True,SIMULATED,COMPLETED,2026-09-04 11:28:13,,,,,,,,,
TXN001786,2133.05,Expired Card,0.2654,UPDATE_PAYMENT_METHOD,UPDATE_PAYMENT_METHOD,Expired card requires a new payment method.,0.4,True,SIMULATED,COMPLETED,2026-09-04 11:28:13,,,,,,,,,
TXN001788,447.1,Insufficient Funds,0.3224,DO_NOT_RETRY,DO_NOT_RETRY,Maximum retry limit reached.,0.0,False,SIMULATED,COMPLETED,2026-09-04 11:28:13,,,,,,,,,
TXN001789,396.9,Bank Timeout,0.6802,RETRY_LATER,RETRY_LATER,AI recommendation approved.,0.83,True,SIMULATED,COMPLETED,2026-09-04 11:28:13,,,,,,,,,
TXN001791,1078.74,Authentication Failed,0.2872,DO_NOT_RETRY,DO_NOT_RETRY,Maximum retry limit reached.,0.05,False,SIMULATED,COMPLETED,2026-09-04 11:28:13,,,,,,,,,
TXN001796,1174.16,Insufficient Funds,0.5973,UPDATE_PAYMENT_METHOD,UPDATE_PAYMENT_METHOD,AI recommendation approved.,0.6,True,SIMULATED,COMPLETED,2026-09-04 11:28:13,,,,,,,,,
TXN001806,1167.35,Bank Timeout,0.8363,RETRY_NOW,RETRY_NOW,AI recommendation approved.,0.78,False,SIMULATED,COMPLETED,2026-09-04 11:28:13,,,,,,,,,
TXN001808,494.61,Bank Timeout,0.6256,DO_NOT_RETRY,DO_NOT_RETRY,Maximum retry limit reached.,0.08,False,SIMULATED,COMPLETED,2026-09-04 11:28:13,,,,,,,,,
TXN001810,1661.52,Authentication Failed,0.5204,ADDITIONAL_AUTHENTICATION,ADDITIONAL_AUTHENTICATION,Authentication must be completed before retrying.,0.7,False,SIMULATED,COMPLETED,2026-09-04 11:28:13,,,,,,,,,
TXN001811,845.45,Bank Timeout,0.5,DO_NOT_RETRY,DO_NOT_RETRY,Maximum retry limit reached.,0.08,False,SIMULATED,COMPLETED,2026-09-04 11:28:13,,,,,,,,,
TXN001812,518.17,Insufficient Funds,0.5938,UPDATE_PAYMENT_METHOD,UPDATE_PAYMENT_METHOD,AI recommendation approved.,0.6,False,SIMULATED,COMPLETED,2026-09-04 11:28:13,,,,,,,,,
TXN001814,1869.63,Authentication Failed,0.5108,ADDITIONAL_AUTHENTICATION,ADDITIONAL_AUTHENTICATION,Authentication must be completed before retrying.,0.7,False,SIMULATED,COMPLETED,2026-09-04 11:28:13,,,,,,,,,
TXN001817,630.25,Expired Card,0.1861,DO_NOT_RETRY,DO_NOT_RETRY,Maximum retry limit reached.,0.0,False,SIMULATED,COMPLETED,2026-09-04 11:28:13,,,,,,,,,
TXN001818,647.27,Bank Timeout,0.8505,RETRY_NOW,RETRY_NOW,AI recommendation approved.,0.78,False,SIMULATED,COMPLETED,2026-09-04 11:28:13,,,,,,,,,
TXN001820,791.58,Bank Timeout,0.7429,DO_NOT_RETRY,DO_NOT_RETRY,Maximum retry limit reached.,0.08,False,SIMULATED,COMPLETED,2026-09-04 11:28:13,,,,,,,,,
TXN001824,269.39,Bank Timeout,0.763,RETRY_NOW,RETRY_NOW,AI recommendation approved.,0.78,True,SIMULATED,COMPLETED,2026-09-04 11:28:13,,,,,,,,,
TXN001825,1364.32,Authentication Failed,0.5265,ADDITIONAL_AUTHENTICATION,ADDITIONAL_AUTHENTICATION,Authentication must be completed before retrying.,0.7,True,SIMULATED,COMPLETED,2026-09-04 11:28:13,,,,,,,,,
TXN001827,495.9,Bank Timeout,0.7667,RETRY_NOW,RETRY_NOW,AI recommendation approved.,0.78,False,SIMULATED,COMPLETED,2026-09-04 11:28:13,,,,,,,,,
TXN001829,387.12,Authentication Failed,0.4372,DO_NOT_RETRY,DO_NOT_RETRY,Maximum retry limit reached.,0.05,False,SIMULATED,COMPLETED,2026-09-04 11:28:13,,,,,,,,,
TXN001830,249.03,Bank Timeout,0.713,RETRY_NOW,RETRY_NOW,AI recommendation approved.,0.78,True,SIMULATED,COMPLETED,2026-09-04 11:28:13,,,,,,,,,
TXN001834,1301.21,Bank Timeout,0.7161,DO_NOT_RETRY,DO_NOT_RETRY,Maximum retry limit reached.,0.08,False,SIMULATED,COMPLETED,2026-09-04 11:28:13,,,,,,,,,
TXN001835,913.77,Insufficient Funds,0.4351,DO_NOT_RETRY,DO_NOT_RETRY,Maximum retry limit reached.,0.0,False,SIMULATED,COMPLETED,2026-09-04 11:28:13,,,,,,,,,
TXN001836,3467.06,Bank Timeout,0.8307,DO_NOT_RETRY,DO_NOT_RETRY,Maximum retry limit reached.,0.08,False,SIMULATED,COMPLETED,2026-09-04 11:28:13,,,,,,,,,
TXN001838,968.32,Network Error,0.6283,DO_NOT_RETRY,DO_NOT_RETRY,Maximum retry limit reached.,0.1,True,SIMULATED,COMPLETED,2026-09-04 11:28:13,,,,,,,,,
TXN001841,1463.1,Authentication Failed,0.4183,DO_NOT_RETRY,DO_NOT_RETRY,Maximum retry limit reached.,0.05,False,SIMULATED,COMPLETED,2026-09-04 11:28:13,,,,,,,,,
TXN001842,1641.61,Insufficient Funds,0.5504,DO_NOT_RETRY,DO_NOT_RETRY,Maximum retry limit reached.,0.0,False,SIMULATED,COMPLETED,2026-09-04 11:28:13,,,,,,,,,
TXN001843,4572.52,Authentication Failed,0.4164,DO_NOT_RETRY,DO_NOT_RETRY,Maximum retry limit reached.,0.05,False,SIMULATED,COMPLETED,2026-09-04 11:28:13,,,,,,,,,
TXN001853,795.74,Expired Card,0.2058,UPDATE_PAYMENT_METHOD,UPDATE_PAYMENT_METHOD,Expired card requires a new payment method.,0.4,True,SIMULATED,COMPLETED,2026-09-04 11:28:13,,,,,,,,,
TXN001854,2106.14,Authentication Failed,0.4224,ADDITIONAL_AUTHENTICATION,ADDITIONAL_AUTHENTICATION,Authentication must be completed before retrying.,0.7,False,SIMULATED,COMPLETED,2026-09-04 11:28:13,,,,,,,,,
TXN001857,594.64,Bank Timeout,0.756,RETRY_NOW,RETRY_NOW,AI recommendation approved.,0.78,True,SIMULATED,COMPLETED,2026-09-04 11:28:13,,,,,,,,,
TXN001861,790.1,Bank Timeout,0.7621,DO_NOT_RETRY,DO_NOT_RETRY,Maximum retry limit reached.,0.08,False,SIMULATED,COMPLETED,2026-09-04 11:28:13,,,,,,,,,
TXN001870,500.51,Authentication Failed,0.4805,ADDITIONAL_AUTHENTICATION,ADDITIONAL_AUTHENTICATION,Authentication must be completed before retrying.,0.7,False,SIMULATED,COMPLETED,2026-09-04 11:28:13,,,,,,,,,
TXN001871,597.54,Insufficient Funds,0.5392,UPDATE_PAYMENT_METHOD,UPDATE_PAYMENT_METHOD,AI recommendation approved.,0.6,True,SIMULATED,COMPLETED,2026-09-04 11:28:13,,,,,,,,,
TXN001876,764.32,Authentication Failed,0.3393,DO_NOT_RETRY,DO_NOT_RETRY,Maximum retry limit reached.,0.05,False,SIMULATED,COMPLETED,2026-09-04 11:28:13,,,,,,,,,
TXN001878,1297.56,Authentication Failed,0.4915,ADDITIONAL_AUTHENTICATION,ADDITIONAL_AUTHENTICATION,Authentication must be completed before retrying.,0.7,True,SIMULATED,COMPLETED,2026-09-04 11:28:13,,,,,,,,,
TXN001879,302.59,Authentication Failed,0.4711,DO_NOT_RETRY,DO_NOT_RETRY,Maximum retry limit reached.,0.05,False,SIMULATED,COMPLETED,2026-09-04 11:28:13,,,,,,,,,
TXN001880,627.76,Bank Timeout,0.4695,DO_NOT_RETRY,DO_NOT_RETRY,Maximum retry limit reached.,0.08,False,SIMULATED,COMPLETED,2026-09-04 11:28:13,,,,,,,,,
TXN001881,490.58,Insufficient Funds,0.6627,UPDATE_PAYMENT_METHOD,UPDATE_PAYMENT_METHOD,AI recommendation approved.,0.6,False,SIMULATED,COMPLETED,2026-09-04 11:28:13,,,,,,,,,
TXN001884,2031.73,Network Error,0.6532,DO_NOT_RETRY,DO_NOT_RETRY,Maximum retry limit reached.,0.1,True,SIMULATED,COMPLETED,2026-09-04 11:28:13,,,,,,,,,
TXN001886,534.57,Bank Timeout,0.5475,DO_NOT_RETRY,DO_NOT_RETRY,Maximum retry limit reached.,0.08,False,SIMULATED,COMPLETED,2026-09-04 11:28:13,,,,,,,,,
TXN001889,1253.95,Network Error,0.7969,RETRY_NOW,RETRY_NOW,AI recommendation approved.,0.8,True,SIMULATED,COMPLETED,2026-09-04 11:28:13,,,,,,,,,
TXN001891,663.29,Network Error,0.5301,DO_NOT_RETRY,DO_NOT_RETRY,Maximum retry limit reached.,0.1,False,SIMULATED,COMPLETED,2026-09-04 11:28:13,,,,,,,,,
TXN001900,667.93,Bank Timeout,0.7558,DO_NOT_RETRY,DO_NOT_RETRY,Maximum retry limit reached.,0.08,False,SIMULATED,COMPLETED,2026-09-04 11:28:13,,,,,,,,,
TXN001901,796.33,Authentication Failed,0.3554,DO_NOT_RETRY,DO_NOT_RETRY,Maximum retry limit reached.,0.05,False,SIMULATED,COMPLETED,2026-09-04 11:28:13,,,,,,,,,
TXN001902,481.01,Network Error,0.793,DO_NOT_RETRY,DO_NOT_RETRY,Maximum retry limit reached.,0.1,False,SIMULATED,COMPLETED,2026-09-04 11:28:13,,,,,,,,,
TXN001904,387.72,Network Error,0.5127,DO_NOT_RETRY,DO_NOT_RETRY,Maximum retry limit reached.,0.1,False,SIMULATED,COMPLETED,2026-09-04 11:28:13,,,,,,,,,
TXN001908,1971.29,Authentication Failed,0.5774,ADDITIONAL_AUTHENTICATION,ADDITIONAL_AUTHENTICATION,Authentication must be completed before retrying.,0.7,False,SIMULATED,COMPLETED,2026-09-04 11:28:13,,,,,,,,,
TXN001912,614.92,Expired Card,0.1042,DO_NOT_RETRY,DO_NOT_RETRY,Maximum retry limit reached.,0.0,False,SIMULATED,COMPLETED,2026-09-04 11:28:13,,,,,,,,,
TXN001913,595.05,Authentication Failed,0.4028,DO_NOT_RETRY,DO_NOT_RETRY,Maximum retry limit reached.,0.05,False,SIMULATED,COMPLETED,2026-09-04 11:28:13,,,,,,,,,
TXN001918,159.97,Network Error,0.5665,DO_NOT_RETRY,DO_NOT_RETRY,Maximum retry limit reached.,0.1,False,SIMULATED,COMPLETED,2026-09-04 11:28:13,,,,,,,,,
TXN001920,669.3,Expired Card,0.0795,DO_NOT_RETRY,DO_NOT_RETRY,Maximum retry limit reached.,0.0,False,SIMULATED,COMPLETED,2026-09-04 11:28:13,,,,,,,,,
TXN001922,1462.1,Network Error,0.6625,DO_NOT_RETRY,DO_NOT_RETRY,Maximum retry limit reached.,0.1,False,SIMULATED,COMPLETED,2026-09-04 11:28:13,,,,,,,,,
TXN001925,1416.54,Expired Card,0.2223,UPDATE_PAYMENT_METHOD,UPDATE_PAYMENT_METHOD,Expired card requires a new payment method.,0.4,True,SIMULATED,COMPLETED,2026-09-04 11:28:13,,,,,,,,,
TXN001927,354.84,Expired Card,0.1417,UPDATE_PAYMENT_METHOD,UPDATE_PAYMENT_METHOD,Expired card requires a new payment method.,0.4,True,SIMULATED,COMPLETED,2026-09-04 11:28:13,,,,,,,,,
TXN001932,1211.73,Expired Card,0.1749,UPDATE_PAYMENT_METHOD,UPDATE_PAYMENT_METHOD,Expired card requires a new payment method.,0.4,True,SIMULATED,COMPLETED,2026-09-04 11:28:13,,,,,,,,,
TXN001939,354.6,Expired Card,0.0957,DO_NOT_RETRY,DO_NOT_RETRY,Maximum retry limit reached.,0.0,False,SIMULATED,COMPLETED,2026-09-04 11:28:13,,,,,,,,,
TXN001941,1924.68,Insufficient Funds,0.5803,UPDATE_PAYMENT_METHOD,UPDATE_PAYMENT_METHOD,AI recommendation approved.,0.6,True,SIMULATED,COMPLETED,2026-09-04 11:28:13,,,,,,,,,
TXN001944,1381.9,Expired Card,0.1478,DO_NOT_RETRY,DO_NOT_RETRY,Maximum retry limit reached.,0.0,False,SIMULATED,COMPLETED,2026-09-04 11:28:13,,,,,,,,,
TXN001947,2853.85,Expired Card,0.0654,DO_NOT_RETRY,DO_NOT_RETRY,Maximum retry limit reached.,0.0,False,SIMULATED,COMPLETED,2026-09-04 11:28:13,,,,,,,,,
TXN001949,1792.36,Network Error,0.6249,DO_NOT_RETRY,DO_NOT_RETRY,Maximum retry limit reached.,0.1,False,SIMULATED,COMPLETED,2026-09-04 11:28:13,,,,,,,,,
TXN001952,672.29,Authentication Failed,0.4162,ADDITIONAL_AUTHENTICATION,ADDITIONAL_AUTHENTICATION,Authentication must be completed before retrying.,0.7,False,SIMULATED,COMPLETED,2026-09-04 11:28:13,,,,,,,,,
TXN001958,298.18,Insufficient Funds,0.5403,DO_NOT_RETRY,DO_NOT_RETRY,Maximum retry limit reached.,0.0,False,SIMULATED,COMPLETED,2026-09-04 11:28:13,,,,,,,,,
TXN001960,1595.88,Expired Card,0.1142,DO_NOT_RETRY,DO_NOT_RETRY,Maximum retry limit reached.,0.0,False,SIMULATED,COMPLETED,2026-09-04 11:28:13,,,,,,,,,
TXN001961,3501.7,Bank Timeout,0.78,RETRY_NOW,RETRY_NOW,AI recommendation approved.,0.78,False,SIMULATED,COMPLETED,2026-09-04 11:28:13,,,,,,,,,
TXN001963,1071.3,Bank Timeout,0.8477,RETRY_NOW,RETRY_NOW,AI recommendation approved.,0.78,True,SIMULATED,COMPLETED,2026-09-04 11:28:13,,,,,,,,,
TXN001965,5510.78,Network Error,0.7362,RETRY_NOW,RETRY_NOW,AI recommendation approved.,0.8,True,SIMULATED,COMPLETED,2026-09-04 11:28:13,,,,,,,,,
TXN001966,1318.74,Network Error,0.5881,DO_NOT_RETRY,DO_NOT_RETRY,Maximum retry limit reached.,0.1,False,SIMULATED,COMPLETED,2026-09-04 11:28:13,,,,,,,,,
TXN001973,324.99,Bank Timeout,0.7623,RETRY_NOW,RETRY_NOW,AI recommendation approved.,0.78,True,SIMULATED,COMPLETED,2026-09-04 11:28:13,,,,,,,,,
TXN001974,2341.31,Bank Timeout,0.8449,DO_NOT_RETRY,DO_NOT_RETRY,Maximum retry limit reached.,0.08,False,SIMULATED,COMPLETED,2026-09-04 11:28:13,,,,,,,,,
TXN001975,2774.65,Bank Timeout,0.62,RETRY_LATER,RETRY_LATER,AI recommendation approved.,0.83,True,SIMULATED,COMPLETED,2026-09-04 11:28:13,,,,,,,,,
TXN001976,1416.34,Authentication Failed,0.3594,ADDITIONAL_AUTHENTICATION,ADDITIONAL_AUTHENTICATION,Authentication must be completed before retrying.,0.7,True,SIMULATED,COMPLETED,2026-09-04 11:28:13,,,,,,,,,
TXN001977,345.56,Bank Timeout,0.7868,RETRY_NOW,RETRY_NOW,AI recommendation approved.,0.78,True,SIMULATED,COMPLETED,2026-09-04 11:28:13,,,,,,,,,
TXN001979,1533.04,Authentication Failed,0.4706,DO_NOT_RETRY,DO_NOT_RETRY,Maximum retry limit reached.,0.05,False,SIMULATED,COMPLETED,2026-09-04 11:28:13,,,,,,,,,
TXN001983,912.31,Authentication Failed,0.4311,DO_NOT_RETRY,DO_NOT_RETRY,Maximum retry limit reached.,0.05,False,SIMULATED,COMPLETED,2026-09-04 11:28:13,,,,,,,,,
TXN001985,848.69,Expired Card,0.1012,DO_NOT_RETRY,DO_NOT_RETRY,Maximum retry limit reached.,0.0,False,SIMULATED,COMPLETED,2026-09-04 11:28:13,,,,,,,,,
TXN001992,1746.73,Bank Timeout,0.773,DO_NOT_RETRY,DO_NOT_RETRY,Maximum retry limit reached.,0.08,False,SIMULATED,COMPLETED,2026-09-04 11:28:13,,,,,,,,,
TXN001995,3492.03,Authentication Failed,0.4218,ADDITIONAL_AUTHENTICATION,ADDITIONAL_AUTHENTICATION,Authentication must be completed before retrying.,0.7,False,SIMULATED,COMPLETED,2026-09-04 11:28:13,,,,,,,,,
TXN001998,300.17,Bank Timeout,0.7507,DO_NOT_RETRY,DO_NOT_RETRY,Maximum retry limit reached.,0.08,False,SIMULATED,COMPLETED,2026-09-04 11:28:13,,,,,,,,,
TXN001999,1103.11,Insufficient Funds,0.6033,UPDATE_PAYMENT_METHOD,UPDATE_PAYMENT_METHOD,AI recommendation approved.,0.6,True,SIMULATED,COMPLETED,2026-09-04 11:28:13,,,,,,,,,
TXN002004,64.65,Expired Card,0.1294,DO_NOT_RETRY,DO_NOT_RETRY,Maximum retry limit reached.,0.0,False,SIMULATED,COMPLETED,2026-09-04 11:28:13,,,,,,,,,
TXN002005,512.37,Bank Timeout,0.6816,DO_NOT_RETRY,DO_NOT_RETRY,Maximum retry limit reached.,0.08,False,SIMULATED,COMPLETED,2026-09-04 11:28:13,,,,,,,,,
TXN002006,834.26,Network Error,0.7453,RETRY_NOW,RETRY_NOW,AI recommendation approved.,0.8,True,SIMULATED,COMPLETED,2026-09-04 11:28:13,,,,,,,,,
TXN002007,2993.25,Authentication Failed,0.4386,DO_NOT_RETRY,DO_NOT_RETRY,Maximum retry limit reached.,0.05,False,SIMULATED,COMPLETED,2026-09-04 11:28:13,,,,,,,,,
TXN002008,736.47,Expired Card,0.0919,DO_NOT_RETRY,DO_NOT_RETRY,Maximum retry limit reached.,0.0,False,SIMULATED,COMPLETED,2026-09-04 11:28:13,,,,,,,,,
TXN002010,1667.65,Expired Card,0.3263,UPDATE_PAYMENT_METHOD,UPDATE_PAYMENT_METHOD,Expired card requires a new payment method.,0.4,True,SIMULATED,COMPLETED,2026-09-04 11:28:13,,,,,,,,,
TXN002013,963.12,Insufficient Funds,0.574,UPDATE_PAYMENT_METHOD,UPDATE_PAYMENT_METHOD,AI recommendation approved.,0.6,True,SIMULATED,COMPLETED,2026-09-04 11:28:13,,,,,,,,,
TXN002017,1175.69,Bank Timeout,0.8301,RETRY_NOW,RETRY_NOW,AI recommendation approved.,0.78,True,SIMULATED,COMPLETED,2026-09-04 11:28:13,,,,,,,,,
TXN002018,478.71,Insufficient Funds,0.5243,UPDATE_PAYMENT_METHOD,UPDATE_PAYMENT_METHOD,AI recommendation approved.,0.6,True,SIMULATED,COMPLETED,2026-09-04 11:28:13,,,,,,,,,
TXN002020,889.44,Bank Timeout,0.4559,DO_NOT_RETRY,DO_NOT_RETRY,Maximum retry limit reached.,0.08,False,SIMULATED,COMPLETED,2026-09-04 11:28:13,,,,,,,,,
TXN002023,848.88,Authentication Failed,0.3572,DO_NOT_RETRY,DO_NOT_RETRY,Maximum retry limit reached.,0.05,False,SIMULATED,COMPLETED,2026-09-04 11:28:13,,,,,,,,,
TXN002024,160.12,Authentication Failed,0.4257,DO_NOT_RETRY,DO_NOT_RETRY,Maximum retry limit reached.,0.05,False,SIMULATED,COMPLETED,2026-09-04 11:28:13,,,,,,,,,
TXN002029,1623.18,Bank Timeout,0.5183,DO_NOT_RETRY,DO_NOT_RETRY,Maximum retry limit reached.,0.08,False,SIMULATED,COMPLETED,2026-09-04 11:28:13,,,,,,,,,
TXN002032,408.92,Authentication Failed,0.4393,DO_NOT_RETRY,DO_NOT_RETRY,Maximum retry limit reached.,0.05,True,SIMULATED,COMPLETED,2026-09-04 11:28:13,,,,,,,,,
TXN002035,685.93,Bank Timeout,0.8562,RETRY_NOW,RETRY_NOW,AI recommendation approved.,0.78,True,SIMULATED,COMPLETED,2026-09-04 11:28:13,,,,,,,,,
TXN002038,299.25,Expired Card,0.1612,UPDATE_PAYMENT_METHOD,UPDATE_PAYMENT_METHOD,Expired card requires a new payment method.,0.4,False,SIMULATED,COMPLETED,2026-09-04 11:28:13,,,,,,,,,
TXN002039,585.31,Bank Timeout,0.7419,RETRY_NOW,RETRY_NOW,AI recommendation approved.,0.78,True,SIMULATED,COMPLETED,2026-09-04 11:28:13,,,,,,,,,
TXN002041,409.1,Network Error,0.7777,RETRY_NOW,RETRY_NOW,AI recommendation approved.,0.8,True,SIMULATED,COMPLETED,2026-09-04 11:28:13,,,,,,,,,
TXN002048,1254.9,Authentication Failed,0.4165,DO_NOT_RETRY,DO_NOT_RETRY,Maximum retry limit reached.,0.05,False,SIMULATED,COMPLETED,2026-09-04 11:28:13,,,,,,,,,
TXN002053,1306.58,Authentication Failed,0.4472,ADDITIONAL_AUTHENTICATION,ADDITIONAL_AUTHENTICATION,Authentication must be completed before retrying.,0.7,True,SIMULATED,COMPLETED,2026-09-04 11:28:13,,,,,,,,,
TXN002057,652.33,Authentication Failed,0.3861,DO_NOT_RETRY,DO_NOT_RETRY,Maximum retry limit reached.,0.05,False,SIMULATED,COMPLETED,2026-09-04 11:28:13,,,,,,,,,
TXN002058,876.76,Expired Card,0.1594,UPDATE_PAYMENT_METHOD,UPDATE_PAYMENT_METHOD,Expired card requires a new payment method.,0.4,True,SIMULATED,COMPLETED,2026-09-04 11:28:13,,,,,,,,,
TXN002059,267.32,Expired Card,0.0911,DO_NOT_RETRY,DO_NOT_RETRY,Maximum retry limit reached.,0.0,False,SIMULATED,COMPLETED,2026-09-04 11:28:13,,,,,,,,,
TXN002060,1384.1,Expired Card,0.3685,UPDATE_PAYMENT_METHOD,UPDATE_PAYMENT_METHOD,Expired card requires a new payment method.,0.4,False,SIMULATED,COMPLETED,2026-09-04 11:28:13,,,,,,,,,
TXN002065,245.91,Bank Timeout,0.5354,DO_NOT_RETRY,DO_NOT_RETRY,Maximum retry limit reached.,0.08,False,SIMULATED,COMPLETED,2026-09-04 11:28:13,,,,,,,,,
TXN002068,260.19,Expired Card,0.114,DO_NOT_RETRY,DO_NOT_RETRY,Maximum retry limit reached.,0.0,False,SIMULATED,COMPLETED,2026-09-04 11:28:13,,,,,,,,,
TXN002070,2364.83,Authentication Failed,0.4794,ADDITIONAL_AUTHENTICATION,ADDITIONAL_AUTHENTICATION,Authentication must be completed before retrying.,0.7,False,SIMULATED,COMPLETED,2026-09-04 11:28:13,,,,,,,,,
TXN002071,648.26,Expired Card,0.1523,DO_NOT_RETRY,DO_NOT_RETRY,Maximum retry limit reached.,0.0,False,SIMULATED,COMPLETED,2026-09-04 11:28:13,,,,,,,,,
TXN002072,627.55,Insufficient Funds,0.3763,DO_NOT_RETRY,DO_NOT_RETRY,Maximum retry limit reached.,0.0,False,SIMULATED,COMPLETED,2026-09-04 11:28:13,,,,,,,,,
TXN002074,500.67,Authentication Failed,0.5249,ADDITIONAL_AUTHENTICATION,ADDITIONAL_AUTHENTICATION,Authentication must be completed before retrying.,0.7,False,SIMULATED,COMPLETED,2026-09-04 11:28:13,,,,,,,,,
TXN002087,1188.95,Authentication Failed,0.3973,DO_NOT_RETRY,DO_NOT_RETRY,Maximum retry limit reached.,0.05,False,SIMULATED,COMPLETED,2026-09-04 11:28:13,,,,,,,,,
TXN002090,455.21,Insufficient Funds,0.4075,DO_NOT_RETRY,DO_NOT_RETRY,Maximum retry limit reached.,0.0,False,SIMULATED,COMPLETED,2026-09-04 11:28:13,,,,,,,,,
TXN002098,4597.82,Expired Card,0.2021,UPDATE_PAYMENT_METHOD,UPDATE_PAYMENT_METHOD,Expired card requires a new payment method.,0.4,True,SIMULATED,COMPLETED,2026-09-04 11:28:13,,,,,,,,,
TXN002101,289.05,Insufficient Funds,0.5386,UPDATE_PAYMENT_METHOD,UPDATE_PAYMENT_METHOD,AI recommendation approved.,0.6,False,SIMULATED,COMPLETED,2026-09-04 11:28:13,,,,,,,,,
TXN002102,331.69,Insufficient Funds,0.6015,UPDATE_PAYMENT_METHOD,UPDATE_PAYMENT_METHOD,AI recommendation approved.,0.6,False,SIMULATED,COMPLETED,2026-09-04 11:28:13,,,,,,,,,
TXN002109,2393.64,Insufficient Funds,0.4649,DO_NOT_RETRY,DO_NOT_RETRY,Maximum retry limit reached.,0.0,False,SIMULATED,COMPLETED,2026-09-04 11:28:13,,,,,,,,,
TXN002110,1097.3,Insufficient Funds,0.4824,UPDATE_PAYMENT_METHOD,UPDATE_PAYMENT_METHOD,AI recommendation approved.,0.6,True,SIMULATED,COMPLETED,2026-09-04 11:28:13,,,,,,,,,
TXN002111,1568.05,Authentication Failed,0.4024,DO_NOT_RETRY,DO_NOT_RETRY,Maximum retry limit reached.,0.05,False,SIMULATED,COMPLETED,2026-09-04 11:28:13,,,,,,,,,
TXN002113,2467.0,Authentication Failed,0.5418,ADDITIONAL_AUTHENTICATION,ADDITIONAL_AUTHENTICATION,Authentication must be completed before retrying.,0.7,True,SIMULATED,COMPLETED,2026-09-04 11:28:13,,,,,,,,,
TXN002115,3914.03,Authentication Failed,0.4648,DO_NOT_RETRY,DO_NOT_RETRY,Maximum retry limit reached.,0.05,False,SIMULATED,COMPLETED,2026-09-04 11:28:13,,,,,,,,,
TXN002118,412.19,Network Error,0.69,DO_NOT_RETRY,DO_NOT_RETRY,Maximum retry limit reached.,0.1,False,SIMULATED,COMPLETED,2026-09-04 11:28:13,,,,,,,,,
TXN002120,430.0,Bank Timeout,0.6443,DO_NOT_RETRY,DO_NOT_RETRY,Maximum retry limit reached.,0.08,False,SIMULATED,COMPLETED,2026-09-04 11:28:13,,,,,,,,,
TXN002123,2642.79,Insufficient Funds,0.5558,UPDATE_PAYMENT_METHOD,UPDATE_PAYMENT_METHOD,AI recommendation approved.,0.6,False,SIMULATED,COMPLETED,2026-09-04 11:28:13,,,,,,,,,
TXN002128,1203.83,Authentication Failed,0.3829,ADDITIONAL_AUTHENTICATION,ADDITIONAL_AUTHENTICATION,Authentication must be completed before retrying.,0.7,False,SIMULATED,COMPLETED,2026-09-04 11:28:13,,,,,,,,,
TXN002129,625.08,Authentication Failed,0.363,ADDITIONAL_AUTHENTICATION,ADDITIONAL_AUTHENTICATION,Authentication must be completed before retrying.,0.7,True,SIMULATED,COMPLETED,2026-09-04 11:28:13,,,,,,,,,
TXN002130,238.83,Bank Timeout,0.6942,RETRY_LATER,RETRY_LATER,AI recommendation approved.,0.83,True,SIMULATED,COMPLETED,2026-09-04 11:28:13,,,,,,,,,
TXN002131,619.18,Bank Timeout,0.599,DO_NOT_RETRY,DO_NOT_RETRY,Maximum retry limit reached.,0.08,False,SIMULATED,COMPLETED,2026-09-04 11:28:13,,,,,,,,,
TXN002135,1098.37,Insufficient Funds,0.6249,UPDATE_PAYMENT_METHOD,UPDATE_PAYMENT_METHOD,AI recommendation approved.,0.6,True,SIMULATED,COMPLETED,2026-09-04 11:28:13,,,,,,,,,
TXN002139,3754.33,Authentication Failed,0.5111,DO_NOT_RETRY,DO_NOT_RETRY,Maximum retry limit reached.,0.05,False,SIMULATED,COMPLETED,2026-09-04 11:28:13,,,,,,,,,
TXN002142,7408.43,Expired Card,0.224,DO_NOT_RETRY,DO_NOT_RETRY,Maximum retry limit reached.,0.0,False,SIMULATED,COMPLETED,2026-09-04 11:28:13,,,,,,,,,
TXN002149,388.59,Authentication Failed,0.468,ADDITIONAL_AUTHENTICATION,ADDITIONAL_AUTHENTICATION,Authentication must be completed before retrying.,0.7,True,SIMULATED,COMPLETED,2026-09-04 11:28:13,,,,,,,,,
TXN002154,546.23,Authentication Failed,0.4248,DO_NOT_RETRY,DO_NOT_RETRY,Maximum retry limit reached.,0.05,False,SIMULATED,COMPLETED,2026-09-04 11:28:13,,,,,,,,,
TXN002158,613.34,Authentication Failed,0.4584,ADDITIONAL_AUTHENTICATION,ADDITIONAL_AUTHENTICATION,Authentication must be completed before retrying.,0.7,True,SIMULATED,COMPLETED,2026-09-04 11:28:13,,,,,,,,,
TXN002160,398.53,Bank Timeout,0.643,DO_NOT_RETRY,DO_NOT_RETRY,Maximum retry limit reached.,0.08,False,SIMULATED,COMPLETED,2026-09-04 11:28:13,,,,,,,,,
TXN002167,429.58,Authentication Failed,0.3349,ADDITIONAL_AUTHENTICATION,ADDITIONAL_AUTHENTICATION,Authentication must be completed before retrying.,0.7,True,SIMULATED,COMPLETED,2026-09-04 11:28:13,,,,,,,,,
TXN002169,744.41,Network Error,0.6362,DO_NOT_RETRY,DO_NOT_RETRY,Maximum retry limit reached.,0.1,False,SIMULATED,COMPLETED,2026-09-04 11:28:13,,,,,,,,,
TXN002171,3171.92,Network Error,0.4902,DO_NOT_RETRY,DO_NOT_RETRY,Maximum retry limit reached.,0.1,False,SIMULATED,COMPLETED,2026-09-04 11:28:13,,,,,,,,,
TXN002172,6421.12,Expired Card,0.1645,DO_NOT_RETRY,DO_NOT_RETRY,Maximum retry limit reached.,0.0,False,SIMULATED,COMPLETED,2026-09-04 11:28:13,,,,,,,,,
TXN002173,741.6,Insufficient Funds,0.6188,UPDATE_PAYMENT_METHOD,UPDATE_PAYMENT_METHOD,AI recommendation approved.,0.6,True,SIMULATED,COMPLETED,2026-09-04 11:28:13,,,,,,,,,
TXN002174,670.09,Bank Timeout,0.8734,RETRY_NOW,RETRY_NOW,AI recommendation approved.,0.78,True,SIMULATED,COMPLETED,2026-09-04 11:28:13,,,,,,,,,
TXN002176,697.28,Insufficient Funds,0.4345,UPDATE_PAYMENT_METHOD,UPDATE_PAYMENT_METHOD,AI recommendation approved.,0.6,False,SIMULATED,COMPLETED,2026-09-04 11:28:13,,,,,,,,,
TXN002181,2721.01,Authentication Failed,0.4301,DO_NOT_RETRY,DO_NOT_RETRY,Maximum retry limit reached.,0.05,False,SIMULATED,COMPLETED,2026-09-04 11:28:13,,,,,,,,,
TXN002182,969.52,Insufficient Funds,0.4931,UPDATE_PAYMENT_METHOD,UPDATE_PAYMENT_METHOD,AI recommendation approved.,0.6,True,SIMULATED,COMPLETED,2026-09-04 11:28:13,,,,,,,,,
TXN002188,2789.72,Network Error,0.7568,RETRY_NOW,RETRY_NOW,AI recommendation approved.,0.8,True,SIMULATED,COMPLETED,2026-09-04 11:28:13,,,,,,,,,
TXN002191,728.98,Expired Card,0.3602,UPDATE_PAYMENT_METHOD,UPDATE_PAYMENT_METHOD,Expired card requires a new payment method.,0.4,False,SIMULATED,COMPLETED,2026-09-04 11:28:13,,,,,,,,,
TXN002193,705.0,Authentication Failed,0.3551,DO_NOT_RETRY,DO_NOT_RETRY,Maximum retry limit reached.,0.05,False,SIMULATED,COMPLETED,2026-09-04 11:28:13,,,,,,,,,
TXN002197,6172.08,Insufficient Funds,0.5882,DO_NOT_RETRY,DO_NOT_RETRY,Maximum retry limit reached.,0.0,False,SIMULATED,COMPLETED,2026-09-04 11:28:13,,,,,,,,,
TXN002198,247.35,Authentication Failed,0.4404,DO_NOT_RETRY,DO_NOT_RETRY,Maximum retry limit reached.,0.05,False,SIMULATED,COMPLETED,2026-09-04 11:28:13,,,,,,,,,
TXN002201,1593.05,Network Error,0.7232,RETRY_NOW,RETRY_NOW,AI recommendation approved.,0.8,True,SIMULATED,COMPLETED,2026-09-04 11:28:13,,,,,,,,,
TXN002202,2063.2,Expired Card,0.0861,DO_NOT_RETRY,DO_NOT_RETRY,Maximum retry limit reached.,0.0,False,SIMULATED,COMPLETED,2026-09-04 11:28:13,,,,,,,,,
TXN002205,2065.9,Network Error,0.7881,RETRY_NOW,RETRY_NOW,AI recommendation approved.,0.8,True,SIMULATED,COMPLETED,2026-09-04 11:28:13,,,,,,,,,
TXN002211,3333.61,Authentication Failed,0.5217,ADDITIONAL_AUTHENTICATION,ADDITIONAL_AUTHENTICATION,Authentication must be completed before retrying.,0.7,True,SIMULATED,COMPLETED,2026-09-04 11:28:13,,,,,,,,,
TXN002215,5585.94,Bank Timeout,0.8036,RETRY_NOW,RETRY_NOW,AI recommendation approved.,0.78,True,SIMULATED,COMPLETED,2026-09-04 11:28:13,,,,,,,,,
TXN002217,1018.85,Authentication Failed,0.5054,ADDITIONAL_AUTHENTICATION,ADDITIONAL_AUTHENTICATION,Authentication must be completed before retrying.,0.7,False,SIMULATED,COMPLETED,2026-09-04 11:28:13,,,,,,,,,
TXN002221,2097.42,Authentication Failed,0.4839,DO_NOT_RETRY,DO_NOT_RETRY,Maximum retry limit reached.,0.05,False,SIMULATED,COMPLETED,2026-09-04 11:28:13,,,,,,,,,
TXN002222,2254.24,Network Error,0.7258,RETRY_NOW,RETRY_NOW,AI recommendation approved.,0.8,False,SIMULATED,COMPLETED,2026-09-04 11:28:13,,,,,,,,,
TXN002225,599.97,Network Error,0.6308,DO_NOT_RETRY,DO_NOT_RETRY,Maximum retry limit reached.,0.1,False,SIMULATED,COMPLETED,2026-09-04 11:28:13,,,,,,,,,
TXN002229,573.4,Network Error,0.6229,DO_NOT_RETRY,DO_NOT_RETRY,Maximum retry limit reached.,0.1,False,SIMULATED,COMPLETED,2026-09-04 11:28:13,,,,,,,,,
TXN002238,1946.26,Network Error,0.6925,RETRY_LATER,RETRY_LATER,AI recommendation approved.,0.85,False,SIMULATED,COMPLETED,2026-09-04 11:28:13,,,,,,,,,
TXN002239,1225.65,Bank Timeout,0.8745,RETRY_NOW,RETRY_NOW,AI recommendation approved.,0.78,True,SIMULATED,COMPLETED,2026-09-04 11:28:13,,,,,,,,,
TXN002242,691.59,Network Error,0.8285,RETRY_NOW,RETRY_NOW,AI recommendation approved.,0.8,True,SIMULATED,COMPLETED,2026-09-04 11:28:13,,,,,,,,,
TXN002245,10137.24,Expired Card,0.1989,UPDATE_PAYMENT_METHOD,UPDATE_PAYMENT_METHOD,Expired card requires a new payment method.,0.4,False,SIMULATED,COMPLETED,2026-09-04 11:28:13,,,,,,,,,
TXN002251,258.13,Authentication Failed,0.4934,DO_NOT_RETRY,DO_NOT_RETRY,Maximum retry limit reached.,0.05,False,SIMULATED,COMPLETED,2026-09-04 11:28:13,,,,,,,,,
TXN002252,2824.47,Insufficient Funds,0.6402,UPDATE_PAYMENT_METHOD,UPDATE_PAYMENT_METHOD,AI recommendation approved.,0.6,False,SIMULATED,COMPLETED,2026-09-04 11:28:13,,,,,,,,,
TXN002253,1505.06,Insufficient Funds,0.4893,DO_NOT_RETRY,DO_NOT_RETRY,Maximum retry limit reached.,0.0,False,SIMULATED,COMPLETED,2026-09-04 11:28:13,,,,,,,,,
TXN002256,1154.71,Network Error,0.6469,DO_NOT_RETRY,DO_NOT_RETRY,Maximum retry limit reached.,0.1,False,SIMULATED,COMPLETED,2026-09-04 11:28:13,,,,,,,,,
TXN002262,4367.92,Expired Card,0.1943,UPDATE_PAYMENT_METHOD,UPDATE_PAYMENT_METHOD,Expired card requires a new payment method.,0.4,False,SIMULATED,COMPLETED,2026-09-04 11:28:13,,,,,,,,,
TXN002264,348.26,Bank Timeout,0.8061,RETRY_NOW,RETRY_NOW,AI recommendation approved.,0.78,True,SIMULATED,COMPLETED,2026-09-04 11:28:13,,,,,,,,,
TXN002268,656.85,Insufficient Funds,0.4012,DO_NOT_RETRY,DO_NOT_RETRY,Maximum retry limit reached.,0.0,False,SIMULATED,COMPLETED,2026-09-04 11:28:13,,,,,,,,,
TXN002269,392.48,Expired Card,0.1396,DO_NOT_RETRY,DO_NOT_RETRY,Maximum retry limit reached.,0.0,False,SIMULATED,COMPLETED,2026-09-04 11:28:13,,,,,,,,,
TXN002270,3571.37,Bank Timeout,0.8842,RETRY_NOW,RETRY_NOW,AI recommendation approved.,0.78,True,SIMULATED,COMPLETED,2026-09-04 11:28:13,,,,,,,,,
TXN002272,1224.31,Bank Timeout,0.7906,RETRY_NOW,RETRY_NOW,AI recommendation approved.,0.78,False,SIMULATED,COMPLETED,2026-09-04 11:28:13,,,,,,,,,
TXN002274,288.68,Network Error,0.6875,RETRY_LATER,RETRY_LATER,AI recommendation approved.,0.85,True,SIMULATED,COMPLETED,2026-09-04 11:28:13,,,,,,,,,
TXN002276,375.56,Bank Timeout,0.6854,RETRY_LATER,RETRY_LATER,AI recommendation approved.,0.83,False,SIMULATED,COMPLETED,2026-09-04 11:28:13,,,,,,,,,
TXN002278,3400.62,Insufficient Funds,0.5216,DO_NOT_RETRY,DO_NOT_RETRY,Maximum retry limit reached.,0.0,False,SIMULATED,COMPLETED,2026-09-04 11:28:13,,,,,,,,,
TXN002281,881.59,Network Error,0.5951,DO_NOT_RETRY,DO_NOT_RETRY,Maximum retry limit reached.,0.1,False,SIMULATED,COMPLETED,2026-09-04 11:28:13,,,,,,,,,
TXN002283,1796.6,Bank Timeout,0.7879,RETRY_NOW,RETRY_NOW,AI recommendation approved.,0.78,True,SIMULATED,COMPLETED,2026-09-04 11:28:13,,,,,,,,,
TXN002285,417.29,Insufficient Funds,0.5079,UPDATE_PAYMENT_METHOD,UPDATE_PAYMENT_METHOD,AI recommendation approved.,0.6,False,SIMULATED,COMPLETED,2026-09-04 11:28:13,,,,,,,,,
TXN002286,2094.96,Bank Timeout,0.8641,RETRY_NOW,RETRY_NOW,AI recommendation approved.,0.78,True,SIMULATED,COMPLETED,2026-09-04 11:28:13,,,,,,,,,
TXN002288,852.56,Bank Timeout,0.7843,RETRY_NOW,RETRY_NOW,AI recommendation approved.,0.78,True,SIMULATED,COMPLETED,2026-09-04 11:28:13,,,,,,,,,
TXN002289,1791.02,Expired Card,0.1521,UPDATE_PAYMENT_METHOD,UPDATE_PAYMENT_METHOD,Expired card requires a new payment method.,0.4,False,SIMULATED,COMPLETED,2026-09-04 11:28:13,,,,,,,,,
TXN002296,1487.93,Expired Card,0.0879,DO_NOT_RETRY,DO_NOT_RETRY,Maximum retry limit reached.,0.0,False,SIMULATED,COMPLETED,2026-09-04 11:28:13,,,,,,,,,
TXN002299,397.44,Expired Card,0.3287,UPDATE_PAYMENT_METHOD,UPDATE_PAYMENT_METHOD,Expired card requires a new payment method.,0.4,False,SIMULATED,COMPLETED,2026-09-04 11:28:13,,,,,,,,,
TXN002302,3427.9,Authentication Failed,0.4579,ADDITIONAL_AUTHENTICATION,ADDITIONAL_AUTHENTICATION,Authentication must be completed before retrying.,0.7,True,SIMULATED,COMPLETED,2026-09-04 11:28:13,,,,,,,,,
TXN002306,272.52,Authentication Failed,0.5951,ADDITIONAL_AUTHENTICATION,ADDITIONAL_AUTHENTICATION,Authentication must be completed before retrying.,0.7,True,SIMULATED,COMPLETED,2026-09-04 11:28:13,,,,,,,,,
TXN002309,633.63,Insufficient Funds,0.5291,DO_NOT_RETRY,DO_NOT_RETRY,Maximum retry limit reached.,0.0,False,SIMULATED,COMPLETED,2026-09-04 11:28:13,,,,,,,,,
TXN002310,2113.79,Bank Timeout,0.8748,RETRY_NOW,RETRY_NOW,AI recommendation approved.,0.78,False,SIMULATED,COMPLETED,2026-09-04 11:28:13,,,,,,,,,
TXN002311,1372.02,Expired Card,0.1735,DO_NOT_RETRY,DO_NOT_RETRY,Maximum retry limit reached.,0.0,False,SIMULATED,COMPLETED,2026-09-04 11:28:13,,,,,,,,,
TXN002312,129.07,Network Error,0.7814,RETRY_NOW,RETRY_NOW,AI recommendation approved.,0.8,True,SIMULATED,COMPLETED,2026-09-04 11:28:13,,,,,,,,,
TXN002323,6090.01,Network Error,0.6536,RETRY_LATER,RETRY_LATER,AI recommendation approved.,0.85,False,SIMULATED,COMPLETED,2026-09-04 11:28:13,,,,,,,,,
TXN002324,753.09,Expired Card,0.1479,UPDATE_PAYMENT_METHOD,UPDATE_PAYMENT_METHOD,Expired card requires a new payment method.,0.4,True,SIMULATED,COMPLETED,2026-09-04 11:28:13,,,,,,,,,
TXN002325,1343.44,Expired Card,0.0909,DO_NOT_RETRY,DO_NOT_RETRY,Maximum retry limit reached.,0.0,False,SIMULATED,COMPLETED,2026-09-04 11:28:13,,,,,,,,,
TXN002326,261.27,Network Error,0.6777,RETRY_LATER,RETRY_LATER,AI recommendation approved.,0.85,True,SIMULATED,COMPLETED,2026-09-04 11:28:13,,,,,,,,,
TXN002328,1191.34,Expired Card,0.3752,UPDATE_PAYMENT_METHOD,UPDATE_PAYMENT_METHOD,Expired card requires a new payment method.,0.4,True,SIMULATED,COMPLETED,2026-09-04 11:28:13,,,,,,,,,
TXN002330,405.94,Insufficient Funds,0.4663,DO_NOT_RETRY,DO_NOT_RETRY,Maximum retry limit reached.,0.0,False,SIMULATED,COMPLETED,2026-09-04 11:28:13,,,,,,,,,
TXN002331,267.12,Expired Card,0.0916,DO_NOT_RETRY,DO_NOT_RETRY,Maximum retry limit reached.,0.0,False,SIMULATED,COMPLETED,2026-09-04 11:28:13,,,,,,,,,
TXN002332,4414.96,Insufficient Funds,0.665,UPDATE_PAYMENT_METHOD,UPDATE_PAYMENT_METHOD,AI recommendation approved.,0.6,False,SIMULATED,COMPLETED,2026-09-04 11:28:13,,,,,,,,,
TXN002333,573.77,Authentication Failed,0.4537,ADDITIONAL_AUTHENTICATION,ADDITIONAL_AUTHENTICATION,Authentication must be completed before retrying.,0.7,True,SIMULATED,COMPLETED,2026-09-04 11:28:13,,,,,,,,,
TXN002338,1927.81,Insufficient Funds,0.6416,UPDATE_PAYMENT_METHOD,UPDATE_PAYMENT_METHOD,AI recommendation approved.,0.6,False,SIMULATED,COMPLETED,2026-09-04 11:28:13,,,,,,,,,
TXN002341,1478.56,Insufficient Funds,0.5281,DO_NOT_RETRY,DO_NOT_RETRY,Maximum retry limit reached.,0.0,False,SIMULATED,COMPLETED,2026-09-04 11:28:13,,,,,,,,,
TXN002342,3513.43,Authentication Failed,0.5276,ADDITIONAL_AUTHENTICATION,ADDITIONAL_AUTHENTICATION,Authentication must be completed before retrying.,0.7,True,SIMULATED,COMPLETED,2026-09-04 11:28:13,,,,,,,,,
TXN002344,595.9,Insufficient Funds,0.5076,UPDATE_PAYMENT_METHOD,UPDATE_PAYMENT_METHOD,AI recommendation approved.,0.6,False,SIMULATED,COMPLETED,2026-09-04 11:28:13,,,,,,,,,
TXN002347,1127.22,Network Error,0.8088,RETRY_NOW,RETRY_NOW,AI recommendation approved.,0.8,True,SIMULATED,COMPLETED,2026-09-04 11:28:13,,,,,,,,,
TXN002352,1436.86,Insufficient Funds,0.3991,DO_NOT_RETRY,DO_NOT_RETRY,Maximum retry limit reached.,0.0,False,SIMULATED,COMPLETED,2026-09-04 11:28:13,,,,,,,,,
TXN002356,307.68,Bank Timeout,0.7857,RETRY_NOW,RETRY_NOW,AI recommendation approved.,0.78,False,SIMULATED,COMPLETED,2026-09-04 11:28:13,,,,,,,,,
TXN002359,1473.23,Expired Card,0.1041,UPDATE_PAYMENT_METHOD,UPDATE_PAYMENT_METHOD,Expired card requires a new payment method.,0.4,False,SIMULATED,COMPLETED,2026-09-04 11:28:13,,,,,,,,,
TXN002361,884.8,Expired Card,0.2786,UPDATE_PAYMENT_METHOD,UPDATE_PAYMENT_METHOD,Expired card requires a new payment method.,0.4,False,SIMULATED,COMPLETED,2026-09-04 11:28:13,,,,,,,,,
TXN002362,1260.97,Bank Timeout,0.8322,DO_NOT_RETRY,DO_NOT_RETRY,Maximum retry limit reached.,0.08,False,SIMULATED,COMPLETED,2026-09-04 11:28:13,,,,,,,,,
TXN002364,1298.09,Authentication Failed,0.4214,ADDITIONAL_AUTHENTICATION,ADDITIONAL_AUTHENTICATION,Authentication must be completed before retrying.,0.7,True,SIMULATED,COMPLETED,2026-09-04 11:28:13,,,,,,,,,
TXN002366,624.95,Network Error,0.7824,DO_NOT_RETRY,DO_NOT_RETRY,Maximum retry limit reached.,0.1,False,SIMULATED,COMPLETED,2026-09-04 11:28:13,,,,,,,,,
TXN002370,2079.1,Expired Card,0.2112,UPDATE_PAYMENT_METHOD,UPDATE_PAYMENT_METHOD,Expired card requires a new payment method.,0.4,True,SIMULATED,COMPLETED,2026-09-04 11:28:13,,,,,,,,,
TXN002373,3454.55,Insufficient Funds,0.5419,DO_NOT_RETRY,DO_NOT_RETRY,Maximum retry limit reached.,0.0,False,SIMULATED,COMPLETED,2026-09-04 11:28:13,,,,,,,,,
TXN002380,625.53,Authentication Failed,0.3758,DO_NOT_RETRY,DO_NOT_RETRY,Maximum retry limit reached.,0.05,False,SIMULATED,COMPLETED,2026-09-04 11:28:13,,,,,,,,,
TXN002385,312.81,Bank Timeout,0.5266,DO_NOT_RETRY,DO_NOT_RETRY,Maximum retry limit reached.,0.08,False,SIMULATED,COMPLETED,2026-09-04 11:28:13,,,,,,,,,
TXN002387,742.57,Insufficient Funds,0.4697,UPDATE_PAYMENT_METHOD,UPDATE_PAYMENT_METHOD,AI recommendation approved.,0.6,True,SIMULATED,COMPLETED,2026-09-04 11:28:13,,,,,,,,,
TXN002388,482.81,Network Error,0.7019,DO_NOT_RETRY,DO_NOT_RETRY,Maximum retry limit reached.,0.1,False,SIMULATED,COMPLETED,2026-09-04 11:28:13,,,,,,,,,
TXN002398,2426.89,Authentication Failed,0.4949,ADDITIONAL_AUTHENTICATION,ADDITIONAL_AUTHENTICATION,Authentication must be completed before retrying.,0.7,True,SIMULATED,COMPLETED,2026-09-04 11:28:13,,,,,,,,,
TXN002402,443.32,Expired Card,0.1198,UPDATE_PAYMENT_METHOD,UPDATE_PAYMENT_METHOD,Expired card requires a new payment method.,0.4,False,SIMULATED,COMPLETED,2026-09-04 11:28:13,,,,,,,,,
TXN002407,1349.25,Expired Card,0.1588,UPDATE_PAYMENT_METHOD,UPDATE_PAYMENT_METHOD,Expired card requires a new payment method.,0.4,False,SIMULATED,COMPLETED,2026-09-04 11:28:13,,,,,,,,,
TXN002409,561.2,Expired Card,0.2603,UPDATE_PAYMENT_METHOD,UPDATE_PAYMENT_METHOD,Expired card requires a new payment method.,0.4,False,SIMULATED,COMPLETED,2026-09-04 11:28:13,,,,,,,,,
TXN002416,781.76,Bank Timeout,0.593,DO_NOT_RETRY,DO_NOT_RETRY,Maximum retry limit reached.,0.08,False,SIMULATED,COMPLETED,2026-09-04 11:28:13,,,,,,,,,
TXN002418,427.81,Bank Timeout,0.8431,RETRY_NOW,RETRY_NOW,AI recommendation approved.,0.78,False,SIMULATED,COMPLETED,2026-09-04 11:28:13,,,,,,,,,
TXN002419,862.46,Expired Card,0.152,DO_NOT_RETRY,DO_NOT_RETRY,Maximum retry limit reached.,0.0,False,SIMULATED,COMPLETED,2026-09-04 11:28:13,,,,,,,,,
TXN002430,380.74,Bank Timeout,0.7165,RETRY_NOW,RETRY_NOW,AI recommendation approved.,0.78,False,SIMULATED,COMPLETED,2026-09-04 11:28:13,,,,,,,,,
TXN002431,563.33,Bank Timeout,0.6897,DO_NOT_RETRY,DO_NOT_RETRY,Maximum retry limit reached.,0.08,False,SIMULATED,COMPLETED,2026-09-04 11:28:13,,,,,,,,,
TXN002436,1014.95,Network Error,0.6293,DO_NOT_RETRY,DO_NOT_RETRY,Maximum retry limit reached.,0.1,False,SIMULATED,COMPLETED,2026-09-04 11:28:13,,,,,,,,,
TXN002437,1318.91,Bank Timeout,0.8569,RETRY_NOW,RETRY_NOW,AI recommendation approved.,0.78,False,SIMULATED,COMPLETED,2026-09-04 11:28:13,,,,,,,,,
TXN002439,616.36,Insufficient Funds,0.6014,UPDATE_PAYMENT_METHOD,UPDATE_PAYMENT_METHOD,AI recommendation approved.,0.6,True,SIMULATED,COMPLETED,2026-09-04 11:28:13,,,,,,,,,
TXN002441,1733.16,Authentication Failed,0.4752,DO_NOT_RETRY,DO_NOT_RETRY,Maximum retry limit reached.,0.05,False,SIMULATED,COMPLETED,2026-09-04 11:28:13,,,,,,,,,
TXN002442,1766.48,Authentication Failed,0.4752,ADDITIONAL_AUTHENTICATION,ADDITIONAL_AUTHENTICATION,Authentication must be completed before retrying.,0.7,False,SIMULATED,COMPLETED,2026-09-04 11:28:13,,,,,,,,,
TXN002447,737.75,Bank Timeout,0.783,RETRY_NOW,RETRY_NOW,AI recommendation approved.,0.78,True,SIMULATED,COMPLETED,2026-09-04 11:28:13,,,,,,,,,
TXN002448,75.34,Authentication Failed,0.6244,ADDITIONAL_AUTHENTICATION,ADDITIONAL_AUTHENTICATION,Authentication must be completed before retrying.,0.7,True,SIMULATED,COMPLETED,2026-09-04 11:28:13,,,,,,,,,
TXN002449,737.29,Insufficient Funds,0.6127,UPDATE_PAYMENT_METHOD,UPDATE_PAYMENT_METHOD,AI recommendation approved.,0.6,False,SIMULATED,COMPLETED,2026-09-04 11:28:13,,,,,,,,,
TXN002453,3488.58,Expired Card,0.0871,DO_NOT_RETRY,DO_NOT_RETRY,Maximum retry limit reached.,0.0,False,SIMULATED,COMPLETED,2026-09-04 11:28:13,,,,,,,,,
TXN002457,658.1,Bank Timeout,0.7629,DO_NOT_RETRY,DO_NOT_RETRY,Maximum retry limit reached.,0.08,False,SIMULATED,COMPLETED,2026-09-04 11:28:13,,,,,,,,,
TXN002459,377.68,Authentication Failed,0.4407,ADDITIONAL_AUTHENTICATION,ADDITIONAL_AUTHENTICATION,Authentication must be completed before retrying.,0.7,True,SIMULATED,COMPLETED,2026-09-04 11:28:13,,,,,,,,,
TXN002463,1184.88,Network Error,0.7356,DO_NOT_RETRY,DO_NOT_RETRY,Maximum retry limit reached.,0.1,False,SIMULATED,COMPLETED,2026-09-04 11:28:13,,,,,,,,,
TXN002465,1281.85,Bank Timeout,0.7421,RETRY_NOW,RETRY_NOW,AI recommendation approved.,0.78,True,SIMULATED,COMPLETED,2026-09-04 11:28:13,,,,,,,,,
TXN002466,1685.78,Expired Card,0.2343,UPDATE_PAYMENT_METHOD,UPDATE_PAYMENT_METHOD,Expired card requires a new payment method.,0.4,False,SIMULATED,COMPLETED,2026-09-04 11:28:13,,,,,,,,,
TXN002467,467.39,Authentication Failed,0.448,ADDITIONAL_AUTHENTICATION,ADDITIONAL_AUTHENTICATION,Authentication must be completed before retrying.,0.7,True,SIMULATED,COMPLETED,2026-09-04 11:28:13,,,,,,,,,
TXN002469,1393.75,Authentication Failed,0.5598,ADDITIONAL_AUTHENTICATION,ADDITIONAL_AUTHENTICATION,Authentication must be completed before retrying.,0.7,True,SIMULATED,COMPLETED,2026-09-04 11:28:13,,,,,,,,,
TXN002471,382.85,Authentication Failed,0.4903,DO_NOT_RETRY,DO_NOT_RETRY,Maximum retry limit reached.,0.05,False,SIMULATED,COMPLETED,2026-09-04 11:28:13,,,,,,,,,
TXN002474,333.66,Network Error,0.5446,DO_NOT_RETRY,DO_NOT_RETRY,Maximum retry limit reached.,0.1,False,SIMULATED,COMPLETED,2026-09-04 11:28:13,,,,,,,,,
TXN002476,2368.18,Authentication Failed,0.512,ADDITIONAL_AUTHENTICATION,ADDITIONAL_AUTHENTICATION,Authentication must be completed before retrying.,0.7,True,SIMULATED,COMPLETED,2026-09-04 11:28:13,,,,,,,,,
TXN002478,1093.56,Insufficient Funds,0.4413,DO_NOT_RETRY,DO_NOT_RETRY,Maximum retry limit reached.,0.0,False,SIMULATED,COMPLETED,2026-09-04 11:28:13,,,,,,,,,
TXN002485,5647.49,Expired Card,0.1874,UPDATE_PAYMENT_METHOD,UPDATE_PAYMENT_METHOD,Expired card requires a new payment method.,0.4,False,SIMULATED,COMPLETED,2026-09-04 11:28:13,,,,,,,,,
TXN002486,298.75,Authentication Failed,0.4675,ADDITIONAL_AUTHENTICATION,ADDITIONAL_AUTHENTICATION,Authentication must be completed before retrying.,0.7,False,SIMULATED,COMPLETED,2026-09-04 11:28:13,,,,,,,,,
TXN002488,1419.42,Bank Timeout,0.8088,RETRY_NOW,RETRY_NOW,AI recommendation approved.,0.78,True,SIMULATED,COMPLETED,2026-09-04 11:28:13,,,,,,,,,
TXN002489,2532.61,Bank Timeout,0.8488,RETRY_NOW,RETRY_NOW,AI recommendation approved.,0.78,True,SIMULATED,COMPLETED,2026-09-04 11:28:13,,,,,,,,,
TXN002497,1229.54,Expired Card,0.2197,UPDATE_PAYMENT_METHOD,UPDATE_PAYMENT_METHOD,Expired card requires a new payment method.,0.4,True,SIMULATED,COMPLETED,2026-09-04 11:28:13,,,,,,,,,
TXN002499,1617.4,Bank Timeout,0.8123,RETRY_NOW,RETRY_NOW,AI recommendation approved.,0.78,True,SIMULATED,COMPLETED,2026-09-04 11:28:13,,,,,,,,,
TXN002500,3971.79,Bank Timeout,0.6019,DO_NOT_RETRY,DO_NOT_RETRY,Maximum retry limit reached.,0.08,False,SIMULATED,COMPLETED,2026-09-04 11:28:13,,,,,,,,,
TXN002503,3079.63,Expired Card,0.1656,UPDATE_PAYMENT_METHOD,UPDATE_PAYMENT_METHOD,Expired card requires a new payment method.,0.4,False,SIMULATED,COMPLETED,2026-09-04 11:28:13,,,,,,,,,
TXN002505,1442.8,Expired Card,0.1535,UPDATE_PAYMENT_METHOD,UPDATE_PAYMENT_METHOD,Expired card requires a new payment method.,0.4,False,SIMULATED,COMPLETED,2026-09-04 11:28:13,,,,,,,,,
TXN002506,2965.42,Authentication Failed,0.4439,ADDITIONAL_AUTHENTICATION,ADDITIONAL_AUTHENTICATION,Authentication must be completed before retrying.,0.7,False,SIMULATED,COMPLETED,2026-09-04 11:28:13,,,,,,,,,
TXN002513,1819.98,Network Error,0.7435,RETRY_NOW,RETRY_NOW,AI recommendation approved.,0.8,True,SIMULATED,COMPLETED,2026-09-04 11:28:13,,,,,,,,,
TXN002518,1413.91,Bank Timeout,0.8702,RETRY_NOW,RETRY_NOW,AI recommendation approved.,0.78,True,SIMULATED,COMPLETED,2026-09-04 11:28:13,,,,,,,,,
TXN002521,1280.18,Expired Card,0.1005,UPDATE_PAYMENT_METHOD,UPDATE_PAYMENT_METHOD,Expired card requires a new payment method.,0.4,False,SIMULATED,COMPLETED,2026-09-04 11:28:13,,,,,,,,,
TXN002525,1189.14,Network Error,0.8159,RETRY_NOW,RETRY_NOW,AI recommendation approved.,0.8,True,SIMULATED,COMPLETED,2026-09-04 11:28:13,,,,,,,,,
TXN002526,150.97,Insufficient Funds,0.3169,DO_NOT_RETRY,DO_NOT_RETRY,Maximum retry limit reached.,0.0,False,SIMULATED,COMPLETED,2026-09-04 11:28:13,,,,,,,,,
TXN002537,658.04,Expired Card,0.3424,UPDATE_PAYMENT_METHOD,UPDATE_PAYMENT_METHOD,Expired card requires a new payment method.,0.4,True,SIMULATED,COMPLETED,2026-09-04 11:28:13,,,,,,,,,
TXN002548,1243.22,Authentication Failed,0.5172,ADDITIONAL_AUTHENTICATION,ADDITIONAL_AUTHENTICATION,Authentication must be completed before retrying.,0.7,False,SIMULATED,COMPLETED,2026-09-04 11:28:13,,,,,,,,,
TXN002553,447.34,Authentication Failed,0.4587,DO_NOT_RETRY,DO_NOT_RETRY,Maximum retry limit reached.,0.05,False,SIMULATED,COMPLETED,2026-09-04 11:28:13,,,,,,,,,
TXN002557,892.8,Bank Timeout,0.696,RETRY_LATER,RETRY_LATER,AI recommendation approved.,0.83,True,SIMULATED,COMPLETED,2026-09-04 11:28:13,,,,,,,,,
TXN002558,1369.28,Bank Timeout,0.8403,RETRY_NOW,RETRY_NOW,AI recommendation approved.,0.78,True,SIMULATED,COMPLETED,2026-09-04 11:28:13,,,,,,,,,
TXN002560,655.54,Expired Card,0.387,UPDATE_PAYMENT_METHOD,UPDATE_PAYMENT_METHOD,Expired card requires a new payment method.,0.4,False,SIMULATED,COMPLETED,2026-09-04 11:28:13,,,,,,,,,
TXN002575,4227.12,Insufficient Funds,0.5425,DO_NOT_RETRY,DO_NOT_RETRY,Maximum retry limit reached.,0.0,False,SIMULATED,COMPLETED,2026-09-04 11:28:13,,,,,,,,,
TXN002581,566.97,Bank Timeout,0.7712,RETRY_NOW,RETRY_NOW,AI recommendation approved.,0.78,True,SIMULATED,COMPLETED,2026-09-04 11:28:13,,,,,,,,,
TXN002585,1060.5,Insufficient Funds,0.4198,DO_NOT_RETRY,DO_NOT_RETRY,Maximum retry limit reached.,0.0,False,SIMULATED,COMPLETED,2026-09-04 11:28:13,,,,,,,,,
TXN002589,1823.04,Insufficient Funds,0.5807,UPDATE_PAYMENT_METHOD,UPDATE_PAYMENT_METHOD,AI recommendation approved.,0.6,False,SIMULATED,COMPLETED,2026-09-04 11:28:13,,,,,,,,,
TXN002597,788.49,Expired Card,0.2006,UPDATE_PAYMENT_METHOD,UPDATE_PAYMENT_METHOD,Expired card requires a new payment method.,0.4,False,SIMULATED,COMPLETED,2026-09-04 11:28:13,,,,,,,,,
TXN002599,533.6,Bank Timeout,0.6868,DO_NOT_RETRY,DO_NOT_RETRY,Maximum retry limit reached.,0.08,False,SIMULATED,COMPLETED,2026-09-04 11:28:13,,,,,,,,,
TXN002602,1889.89,Bank Timeout,0.721,RETRY_NOW,RETRY_NOW,AI recommendation approved.,0.78,True,SIMULATED,COMPLETED,2026-09-04 11:28:13,,,,,,,,,
TXN002605,4369.36,Authentication Failed,0.4471,ADDITIONAL_AUTHENTICATION,ADDITIONAL_AUTHENTICATION,Authentication must be completed before retrying.,0.7,True,SIMULATED,COMPLETED,2026-09-04 11:28:13,,,,,,,,,
TXN002606,753.34,Expired Card,0.1498,DO_NOT_RETRY,DO_NOT_RETRY,Maximum retry limit reached.,0.0,False,SIMULATED,COMPLETED,2026-09-04 11:28:13,,,,,,,,,
TXN002610,1506.64,Authentication Failed,0.4014,DO_NOT_RETRY,DO_NOT_RETRY,Maximum retry limit reached.,0.05,False,SIMULATED,COMPLETED,2026-09-04 11:28:13,,,,,,,,,
TXN002613,866.08,Network Error,0.5334,DO_NOT_RETRY,DO_NOT_RETRY,Maximum retry limit reached.,0.1,False,SIMULATED,COMPLETED,2026-09-04 11:28:13,,,,,,,,,
TXN002615,1487.84,Expired Card,0.3387,DO_NOT_RETRY,DO_NOT_RETRY,Maximum retry limit reached.,0.0,False,SIMULATED,COMPLETED,2026-09-04 11:28:13,,,,,,,,,
TXN002616,3269.59,Insufficient Funds,0.5666,DO_NOT_RETRY,DO_NOT_RETRY,Maximum retry limit reached.,0.0,False,SIMULATED,COMPLETED,2026-09-04 11:28:13,,,,,,,,,
TXN002618,4156.72,Expired Card,0.1942,UPDATE_PAYMENT_METHOD,UPDATE_PAYMENT_METHOD,Expired card requires a new payment method.,0.4,False,SIMULATED,COMPLETED,2026-09-04 11:28:13,,,,,,,,,
TXN002620,182.45,Authentication Failed,0.3428,DO_NOT_RETRY,DO_NOT_RETRY,Maximum retry limit reached.,0.05,False,SIMULATED,COMPLETED,2026-09-04 11:28:13,,,,,,,,,
TXN002621,2050.06,Bank Timeout,0.8105,RETRY_NOW,RETRY_NOW,AI recommendation approved.,0.78,False,SIMULATED,COMPLETED,2026-09-04 11:28:13,,,,,,,,,
TXN002623,1653.93,Expired Card,0.1661,UPDATE_PAYMENT_METHOD,UPDATE_PAYMENT_METHOD,Expired card requires a new payment method.,0.4,False,SIMULATED,COMPLETED,2026-09-04 11:28:13,,,,,,,,,
TXN002626,351.32,Insufficient Funds,0.5225,DO_NOT_RETRY,DO_NOT_RETRY,Maximum retry limit reached.,0.0,False,SIMULATED,COMPLETED,2026-09-04 11:28:13,,,,,,,,,
TXN002630,3117.69,Authentication Failed,0.4431,ADDITIONAL_AUTHENTICATION,ADDITIONAL_AUTHENTICATION,Authentication must be completed before retrying.,0.7,True,SIMULATED,COMPLETED,2026-09-04 11:28:13,,,,,,,,,
TXN002632,894.64,Bank Timeout,0.7275,DO_NOT_RETRY,DO_NOT_RETRY,Maximum retry limit reached.,0.08,False,SIMULATED,COMPLETED,2026-09-04 11:28:13,,,,,,,,,
TXN002633,2535.12,Insufficient Funds,0.7228,RETRY_LATER,RETRY_LATER,AI recommendation approved.,0.75,True,SIMULATED,COMPLETED,2026-09-04 11:28:13,,,,,,,,,
TXN002634,514.62,Insufficient Funds,0.5955,UPDATE_PAYMENT_METHOD,UPDATE_PAYMENT_METHOD,AI recommendation approved.,0.6,True,SIMULATED,COMPLETED,2026-09-04 11:28:13,,,,,,,,,
TXN002636,170.63,Expired Card,0.1602,DO_NOT_RETRY,DO_NOT_RETRY,Maximum retry limit reached.,0.0,False,SIMULATED,COMPLETED,2026-09-04 11:28:13,,,,,,,,,
TXN002637,5937.46,Authentication Failed,0.4578,DO_NOT_RETRY,DO_NOT_RETRY,Maximum retry limit reached.,0.05,False,SIMULATED,COMPLETED,2026-09-04 11:28:13,,,,,,,,,
TXN002638,550.9,Authentication Failed,0.3728,DO_NOT_RETRY,DO_NOT_RETRY,Maximum retry limit reached.,0.05,False,SIMULATED,COMPLETED,2026-09-04 11:28:13,,,,,,,,,
TXN002639,407.82,Network Error,0.7407,RETRY_NOW,RETRY_NOW,AI recommendation approved.,0.8,True,SIMULATED,COMPLETED,2026-09-04 11:28:13,,,,,,,,,
TXN002643,822.03,Authentication Failed,0.4506,ADDITIONAL_AUTHENTICATION,ADDITIONAL_AUTHENTICATION,Authentication must be completed before retrying.,0.7,False,SIMULATED,COMPLETED,2026-09-04 11:28:13,,,,,,,,,
TXN002645,1340.1,Bank Timeout,0.6338,RETRY_LATER,RETRY_LATER,AI recommendation approved.,0.83,True,SIMULATED,COMPLETED,2026-09-04 11:28:13,,,,,,,,,
TXN002651,945.84,Insufficient Funds,0.5383,UPDATE_PAYMENT_METHOD,UPDATE_PAYMENT_METHOD,AI recommendation approved.,0.6,False,SIMULATED,COMPLETED,2026-09-04 11:28:13,,,,,,,,,
TXN002652,1844.7,Expired Card,0.0693,DO_NOT_RETRY,DO_NOT_RETRY,Maximum retry limit reached.,0.0,False,SIMULATED,COMPLETED,2026-09-04 11:28:13,,,,,,,,,
TXN002655,1327.13,Insufficient Funds,0.4951,DO_NOT_RETRY,DO_NOT_RETRY,Maximum retry limit reached.,0.0,False,SIMULATED,COMPLETED,2026-09-04 11:28:13,,,,,,,,,
TXN002657,1034.34,Bank Timeout,0.6816,DO_NOT_RETRY,DO_NOT_RETRY,Maximum retry limit reached.,0.08,False,SIMULATED,COMPLETED,2026-09-04 11:28:13,,,,,,,,,
TXN002658,582.53,Expired Card,0.1696,DO_NOT_RETRY,DO_NOT_RETRY,Maximum retry limit reached.,0.0,False,SIMULATED,COMPLETED,2026-09-04 11:28:13,,,,,,,,,
TXN002661,1176.59,Network Error,0.7262,DO_NOT_RETRY,DO_NOT_RETRY,Maximum retry limit reached.,0.1,False,SIMULATED,COMPLETED,2026-09-04 11:28:13,,,,,,,,,
TXN002663,1068.07,Network Error,0.6987,RETRY_LATER,RETRY_LATER,AI recommendation approved.,0.85,True,SIMULATED,COMPLETED,2026-09-04 11:28:13,,,,,,,,,
TXN002669,3137.01,Insufficient Funds,0.5155,DO_NOT_RETRY,DO_NOT_RETRY,Maximum retry limit reached.,0.0,False,SIMULATED,COMPLETED,2026-09-04 11:28:13,,,,,,,,,
TXN002670,1083.14,Expired Card,0.1405,DO_NOT_RETRY,DO_NOT_RETRY,Maximum retry limit reached.,0.0,False,SIMULATED,COMPLETED,2026-09-04 11:28:13,,,,,,,,,
TXN002671,2387.39,Network Error,0.7601,RETRY_NOW,RETRY_NOW,AI recommendation approved.,0.8,True,SIMULATED,COMPLETED,2026-09-04 11:28:13,,,,,,,,,
TXN002672,2204.44,Authentication Failed,0.5509,ADDITIONAL_AUTHENTICATION,ADDITIONAL_AUTHENTICATION,Authentication must be completed before retrying.,0.7,True,SIMULATED,COMPLETED,2026-09-04 11:28:13,,,,,,,,,
TXN002674,411.58,Authentication Failed,0.3918,ADDITIONAL_AUTHENTICATION,ADDITIONAL_AUTHENTICATION,Authentication must be completed before retrying.,0.7,True,SIMULATED,COMPLETED,2026-09-04 11:28:13,,,,,,,,,
TXN002677,892.54,Authentication Failed,0.5153,ADDITIONAL_AUTHENTICATION,ADDITIONAL_AUTHENTICATION,Authentication must be completed before retrying.,0.7,True,SIMULATED,COMPLETED,2026-09-04 11:28:13,,,,,,,,,
TXN002680,3266.46,Network Error,0.5737,DO_NOT_RETRY,DO_NOT_RETRY,Maximum retry limit reached.,0.1,False,SIMULATED,COMPLETED,2026-09-04 11:28:13,,,,,,,,,
TXN002683,953.85,Expired Card,0.1665,DO_NOT_RETRY,DO_NOT_RETRY,Maximum retry limit reached.,0.0,False,SIMULATED,COMPLETED,2026-09-04 11:28:13,,,,,,,,,
TXN002687,534.79,Authentication Failed,0.4295,DO_NOT_RETRY,DO_NOT_RETRY,Maximum retry limit reached.,0.05,False,SIMULATED,COMPLETED,2026-09-04 11:28:13,,,,,,,,,
TXN002689,216.04,Bank Timeout,0.8261,RETRY_NOW,RETRY_NOW,AI recommendation approved.,0.78,True,SIMULATED,COMPLETED,2026-09-04 11:28:13,,,,,,,,,
TXN002691,383.61,Authentication Failed,0.4206,ADDITIONAL_AUTHENTICATION,ADDITIONAL_AUTHENTICATION,Authentication must be completed before retrying.,0.7,False,SIMULATED,COMPLETED,2026-09-04 11:28:13,,,,,,,,,
TXN002695,550.92,Insufficient Funds,0.296,DO_NOT_RETRY,DO_NOT_RETRY,Maximum retry limit reached.,0.0,False,SIMULATED,COMPLETED,2026-09-04 11:28:13,,,,,,,,,
TXN002696,539.0,Expired Card,0.1242,DO_NOT_RETRY,DO_NOT_RETRY,Maximum retry limit reached.,0.0,False,SIMULATED,COMPLETED,2026-09-04 11:28:13,,,,,,,,,
TXN002698,3570.95,Network Error,0.5733,DO_NOT_RETRY,DO_NOT_RETRY,Maximum retry limit reached.,0.1,False,SIMULATED,COMPLETED,2026-09-04 11:28:13,,,,,,,,,
TXN002699,209.62,Authentication Failed,0.5303,ADDITIONAL_AUTHENTICATION,ADDITIONAL_AUTHENTICATION,Authentication must be completed before retrying.,0.7,True,SIMULATED,COMPLETED,2026-09-04 11:28:13,,,,,,,,,
TXN002704,426.38,Authentication Failed,0.4704,ADDITIONAL_AUTHENTICATION,ADDITIONAL_AUTHENTICATION,Authentication must be completed before retrying.,0.7,False,SIMULATED,COMPLETED,2026-09-04 11:28:13,,,,,,,,,
TXN002705,3287.28,Authentication Failed,0.4711,ADDITIONAL_AUTHENTICATION,ADDITIONAL_AUTHENTICATION,Authentication must be completed before retrying.,0.7,True,SIMULATED,COMPLETED,2026-09-04 11:28:13,,,,,,,,,
TXN002707,212.59,Authentication Failed,0.5087,ADDITIONAL_AUTHENTICATION,ADDITIONAL_AUTHENTICATION,Authentication must be completed before retrying.,0.7,True,SIMULATED,COMPLETED,2026-09-04 11:28:13,,,,,,,,,
TXN002708,635.33,Expired Card,0.0779,DO_NOT_RETRY,DO_NOT_RETRY,Maximum retry limit reached.,0.0,False,SIMULATED,COMPLETED,2026-09-04 11:28:13,,,,,,,,,
TXN002709,330.33,Expired Card,0.0692,DO_NOT_RETRY,DO_NOT_RETRY,Maximum retry limit reached.,0.0,False,SIMULATED,COMPLETED,2026-09-04 11:28:13,,,,,,,,,
TXN002715,1798.46,Expired Card,0.1902,UPDATE_PAYMENT_METHOD,UPDATE_PAYMENT_METHOD,Expired card requires a new payment method.,0.4,False,SIMULATED,COMPLETED,2026-09-04 11:28:13,,,,,,,,,
TXN002716,3513.89,Insufficient Funds,0.5297,DO_NOT_RETRY,DO_NOT_RETRY,Maximum retry limit reached.,0.0,False,SIMULATED,COMPLETED,2026-09-04 11:28:13,,,,,,,,,
TXN002720,862.85,Expired Card,0.1035,DO_NOT_RETRY,DO_NOT_RETRY,Maximum retry limit reached.,0.0,False,SIMULATED,COMPLETED,2026-09-04 11:28:13,,,,,,,,,
TXN002730,1236.32,Insufficient Funds,0.5545,UPDATE_PAYMENT_METHOD,UPDATE_PAYMENT_METHOD,AI recommendation approved.,0.6,False,SIMULATED,COMPLETED,2026-09-04 11:28:13,,,,,,,,,
TXN002740,388.2,Expired Card,0.1143,DO_NOT_RETRY,DO_NOT_RETRY,Maximum retry limit reached.,0.0,False,SIMULATED,COMPLETED,2026-09-04 11:28:13,,,,,,,,,
TXN002747,6467.94,Authentication Failed,0.5603,ADDITIONAL_AUTHENTICATION,ADDITIONAL_AUTHENTICATION,Authentication must be completed before retrying.,0.7,True,SIMULATED,COMPLETED,2026-09-04 11:28:13,,,,,,,,,
TXN002749,1201.32,Insufficient Funds,0.4229,DO_NOT_RETRY,DO_NOT_RETRY,Maximum retry limit reached.,0.0,False,SIMULATED,COMPLETED,2026-09-04 11:28:13,,,,,,,,,
TXN002751,1781.95,Expired Card,0.0768,DO_NOT_RETRY,DO_NOT_RETRY,Maximum retry limit reached.,0.0,False,SIMULATED,COMPLETED,2026-09-04 11:28:13,,,,,,,,,
TXN002752,2368.12,Authentication Failed,0.5103,DO_NOT_RETRY,DO_NOT_RETRY,Maximum retry limit reached.,0.05,False,SIMULATED,COMPLETED,2026-09-04 11:28:13,,,,,,,,,
TXN002754,1209.6,Expired Card,0.201,UPDATE_PAYMENT_METHOD,UPDATE_PAYMENT_METHOD,Expired card requires a new payment method.,0.4,True,SIMULATED,COMPLETED,2026-09-04 11:28:13,,,,,,,,,
TXN002758,797.41,Authentication Failed,0.4242,ADDITIONAL_AUTHENTICATION,ADDITIONAL_AUTHENTICATION,Authentication must be completed before retrying.,0.7,True,SIMULATED,COMPLETED,2026-09-04 11:28:13,,,,,,,,,
TXN002763,492.79,Network Error,0.7184,DO_NOT_RETRY,DO_NOT_RETRY,Maximum retry limit reached.,0.1,False,SIMULATED,COMPLETED,2026-09-04 11:28:13,,,,,,,,,
TXN002764,6341.57,Bank Timeout,0.52,DO_NOT_RETRY,DO_NOT_RETRY,Maximum retry limit reached.,0.08,False,SIMULATED,COMPLETED,2026-09-04 11:28:13,,,,,,,,,
TXN002766,2413.58,Bank Timeout,0.5644,DO_NOT_RETRY,DO_NOT_RETRY,Maximum retry limit reached.,0.08,False,SIMULATED,COMPLETED,2026-09-04 11:28:13,,,,,,,,,
TXN002771,5672.33,Authentication Failed,0.4373,ADDITIONAL_AUTHENTICATION,ADDITIONAL_AUTHENTICATION,Authentication must be completed before retrying.,0.7,False,SIMULATED,COMPLETED,2026-09-04 11:28:13,,,,,,,,,
TXN002781,240.93,Network Error,0.6579,RETRY_LATER,RETRY_LATER,AI recommendation approved.,0.85,True,SIMULATED,COMPLETED,2026-09-04 11:28:13,,,,,,,,,
TXN002782,1814.76,Authentication Failed,0.4243,DO_NOT_RETRY,DO_NOT_RETRY,Maximum retry limit reached.,0.05,False,SIMULATED,COMPLETED,2026-09-04 11:28:13,,,,,,,,,
TXN002785,698.19,Network Error,0.6965,RETRY_LATER,RETRY_LATER,AI recommendation approved.,0.85,True,SIMULATED,COMPLETED,2026-09-04 11:28:13,,,,,,,,,
TXN002789,925.49,Insufficient Funds,0.4922,DO_NOT_RETRY,DO_NOT_RETRY,Maximum retry limit reached.,0.0,False,SIMULATED,COMPLETED,2026-09-04 11:28:13,,,,,,,,,
TXN002790,1692.16,Network Error,0.7891,RETRY_NOW,RETRY_NOW,AI recommendation approved.,0.8,True,SIMULATED,COMPLETED,2026-09-04 11:28:13,,,,,,,,,
TXN002794,3075.93,Insufficient Funds,0.5142,DO_NOT_RETRY,DO_NOT_RETRY,Maximum retry limit reached.,0.0,False,SIMULATED,COMPLETED,2026-09-04 11:28:13,,,,,,,,,
TXN002796,734.01,Insufficient Funds,0.5822,UPDATE_PAYMENT_METHOD,UPDATE_PAYMENT_METHOD,AI recommendation approved.,0.6,True,SIMULATED,COMPLETED,2026-09-04 11:28:13,,,,,,,,,
TXN002799,3627.75,Expired Card,0.118,DO_NOT_RETRY,DO_NOT_RETRY,Maximum retry limit reached.,0.0,False,SIMULATED,COMPLETED,2026-09-04 11:28:13,,,,,,,,,
TXN002804,2760.36,Authentication Failed,0.3421,DO_NOT_RETRY,DO_NOT_RETRY,Maximum retry limit reached.,0.05,True,SIMULATED,COMPLETED,2026-09-04 11:28:13,,,,,,,,,
TXN002807,662.24,Network Error,0.6966,DO_NOT_RETRY,DO_NOT_RETRY,Maximum retry limit reached.,0.1,False,SIMULATED,COMPLETED,2026-09-04 11:28:13,,,,,,,,,
TXN002808,4062.96,Insufficient Funds,0.5394,UPDATE_PAYMENT_METHOD,UPDATE_PAYMENT_METHOD,AI recommendation approved.,0.6,True,SIMULATED,COMPLETED,2026-09-04 11:28:13,,,,,,,,,
TXN002810,2714.18,Authentication Failed,0.4162,ADDITIONAL_AUTHENTICATION,ADDITIONAL_AUTHENTICATION,Authentication must be completed before retrying.,0.7,False,SIMULATED,COMPLETED,2026-09-04 11:28:13,,,,,,,,,
TXN002812,1136.65,Expired Card,0.2316,UPDATE_PAYMENT_METHOD,UPDATE_PAYMENT_METHOD,Expired card requires a new payment method.,0.4,False,SIMULATED,COMPLETED,2026-09-04 11:28:13,,,,,,,,,
TXN002813,521.58,Network Error,0.7604,RETRY_NOW,RETRY_NOW,AI recommendation approved.,0.8,True,SIMULATED,COMPLETED,2026-09-04 11:28:13,,,,,,,,,
TXN002814,732.67,Network Error,0.6704,RETRY_LATER,RETRY_LATER,AI recommendation approved.,0.85,True,SIMULATED,COMPLETED,2026-09-04 11:28:13,,,,,,,,,
TXN002816,559.69,Expired Card,0.2079,UPDATE_PAYMENT_METHOD,UPDATE_PAYMENT_METHOD,Expired card requires a new payment method.,0.4,True,SIMULATED,COMPLETED,2026-09-04 11:28:13,,,,,,,,,
TXN002819,1787.21,Bank Timeout,0.8436,RETRY_NOW,RETRY_NOW,AI recommendation approved.,0.78,True,SIMULATED,COMPLETED,2026-09-04 11:28:13,,,,,,,,,
TXN002825,870.92,Authentication Failed,0.4429,ADDITIONAL_AUTHENTICATION,ADDITIONAL_AUTHENTICATION,Authentication must be completed before retrying.,0.7,True,SIMULATED,COMPLETED,2026-09-04 11:28:13,,,,,,,,,
TXN002826,1548.15,Bank Timeout,0.6783,DO_NOT_RETRY,DO_NOT_RETRY,Maximum retry limit reached.,0.08,False,SIMULATED,COMPLETED,2026-09-04 11:28:13,,,,,,,,,
TXN002827,5983.7,Network Error,0.5724,DO_NOT_RETRY,DO_NOT_RETRY,Maximum retry limit reached.,0.1,False,SIMULATED,COMPLETED,2026-09-04 11:28:13,,,,,,,,,
TXN002828,2397.73,Bank Timeout,0.7,DO_NOT_RETRY,DO_NOT_RETRY,Maximum retry limit reached.,0.08,True,SIMULATED,COMPLETED,2026-09-04 11:28:13,,,,,,,,,
TXN002829,89.05,Bank Timeout,0.7265,RETRY_NOW,RETRY_NOW,AI recommendation approved.,0.78,True,SIMULATED,COMPLETED,2026-09-04 11:28:13,,,,,,,,,
TXN002830,982.8,Expired Card,0.1871,UPDATE_PAYMENT_METHOD,UPDATE_PAYMENT_METHOD,Expired card requires a new payment method.,0.4,False,SIMULATED,COMPLETED,2026-09-04 11:28:13,,,,,,,,,
TXN002835,932.74,Insufficient Funds,0.4306,DO_NOT_RETRY,DO_NOT_RETRY,Maximum retry limit reached.,0.0,False,SIMULATED,COMPLETED,2026-09-04 11:28:13,,,,,,,,,
TXN002837,1263.33,Insufficient Funds,0.6207,UPDATE_PAYMENT_METHOD,UPDATE_PAYMENT_METHOD,AI recommendation approved.,0.6,False,SIMULATED,COMPLETED,2026-09-04 11:28:13,,,,,,,,,
TXN002838,1450.09,Authentication Failed,0.5762,ADDITIONAL_AUTHENTICATION,ADDITIONAL_AUTHENTICATION,Authentication must be completed before retrying.,0.7,True,SIMULATED,COMPLETED,2026-09-04 11:28:13,,,,,,,,,
TXN002840,749.06,Insufficient Funds,0.4163,DO_NOT_RETRY,DO_NOT_RETRY,Maximum retry limit reached.,0.0,False,SIMULATED,COMPLETED,2026-09-04 11:28:13,,,,,,,,,
TXN002844,1178.79,Insufficient Funds,0.4868,DO_NOT_RETRY,DO_NOT_RETRY,Maximum retry limit reached.,0.0,False,SIMULATED,COMPLETED,2026-09-04 11:28:13,,,,,,,,,
TXN002845,4666.86,Authentication Failed,0.4268,DO_NOT_RETRY,DO_NOT_RETRY,Maximum retry limit reached.,0.05,False,SIMULATED,COMPLETED,2026-09-04 11:28:13,,,,,,,,,
TXN002849,718.29,Bank Timeout,0.735,RETRY_NOW,RETRY_NOW,AI recommendation approved.,0.78,True,SIMULATED,COMPLETED,2026-09-04 11:28:13,,,,,,,,,
TXN002864,5540.81,Bank Timeout,0.5471,DO_NOT_RETRY,DO_NOT_RETRY,Maximum retry limit reached.,0.08,False,SIMULATED,COMPLETED,2026-09-04 11:28:13,,,,,,,,,
TXN002865,2215.45,Authentication Failed,0.4901,ADDITIONAL_AUTHENTICATION,ADDITIONAL_AUTHENTICATION,Authentication must be completed before retrying.,0.7,True,SIMULATED,COMPLETED,2026-09-04 11:28:13,,,,,,,,,
TXN002870,373.56,Authentication Failed,0.375,DO_NOT_RETRY,DO_NOT_RETRY,Maximum retry limit reached.,0.05,False,SIMULATED,COMPLETED,2026-09-04 11:28:13,,,,,,,,,
TXN002874,701.32,Network Error,0.6606,DO_NOT_RETRY,DO_NOT_RETRY,Maximum retry limit reached.,0.1,True,SIMULATED,COMPLETED,2026-09-04 11:28:13,,,,,,,,,
TXN002878,2059.95,Authentication Failed,0.4759,ADDITIONAL_AUTHENTICATION,ADDITIONAL_AUTHENTICATION,Authentication must be completed before retrying.,0.7,True,SIMULATED,COMPLETED,2026-09-04 11:28:13,,,,,,,,,
TXN002892,1168.78,Network Error,0.6699,DO_NOT_RETRY,DO_NOT_RETRY,Maximum retry limit reached.,0.1,False,SIMULATED,COMPLETED,2026-09-04 11:28:13,,,,,,,,,
TXN002899,2642.75,Expired Card,0.1543,DO_NOT_RETRY,DO_NOT_RETRY,Maximum retry limit reached.,0.0,False,SIMULATED,COMPLETED,2026-09-04 11:28:13,,,,,,,,,
TXN002907,954.23,Insufficient Funds,0.4576,DO_NOT_RETRY,DO_NOT_RETRY,Maximum retry limit reached.,0.0,False,SIMULATED,COMPLETED,2026-09-04 11:28:13,,,,,,,,,
TXN002909,1578.22,Bank Timeout,0.8775,RETRY_NOW,RETRY_NOW,AI recommendation approved.,0.78,True,SIMULATED,COMPLETED,2026-09-04 11:28:13,,,,,,,,,
TXN002912,3435.31,Authentication Failed,0.4683,ADDITIONAL_AUTHENTICATION,ADDITIONAL_AUTHENTICATION,Authentication must be completed before retrying.,0.7,True,SIMULATED,COMPLETED,2026-09-04 11:28:13,,,,,,,,,
TXN002913,270.1,Bank Timeout,0.6379,DO_NOT_RETRY,DO_NOT_RETRY,Maximum retry limit reached.,0.08,False,SIMULATED,COMPLETED,2026-09-04 11:28:13,,,,,,,,,
TXN002917,336.53,Insufficient Funds,0.6374,UPDATE_PAYMENT_METHOD,UPDATE_PAYMENT_METHOD,AI recommendation approved.,0.6,False,SIMULATED,COMPLETED,2026-09-04 11:28:13,,,,,,,,,
TXN002919,1195.98,Bank Timeout,0.7419,DO_NOT_RETRY,DO_NOT_RETRY,Maximum retry limit reached.,0.08,False,SIMULATED,COMPLETED,2026-09-04 11:28:13,,,,,,,,,
TXN002920,399.41,Authentication Failed,0.3296,DO_NOT_RETRY,DO_NOT_RETRY,Maximum retry limit reached.,0.05,False,SIMULATED,COMPLETED,2026-09-04 11:28:13,,,,,,,,,
TXN002929,1215.32,Authentication Failed,0.4598,DO_NOT_RETRY,DO_NOT_RETRY,Maximum retry limit reached.,0.05,False,SIMULATED,COMPLETED,2026-09-04 11:28:13,,,,,,,,,
TXN002944,1430.67,Authentication Failed,0.5002,ADDITIONAL_AUTHENTICATION,ADDITIONAL_AUTHENTICATION,Authentication must be completed before retrying.,0.7,True,SIMULATED,COMPLETED,2026-09-04 11:28:13,,,,,,,,,
TXN002947,583.81,Expired Card,0.449,UPDATE_PAYMENT_METHOD,UPDATE_PAYMENT_METHOD,Expired card requires a new payment method.,0.4,True,SIMULATED,COMPLETED,2026-09-04 11:28:13,,,,,,,,,
TXN002959,3863.46,Authentication Failed,0.3661,DO_NOT_RETRY,DO_NOT_RETRY,Maximum retry limit reached.,0.05,False,SIMULATED,COMPLETED,2026-09-04 11:28:13,,,,,,,,,
TXN002965,5975.32,Insufficient Funds,0.647,UPDATE_PAYMENT_METHOD,UPDATE_PAYMENT_METHOD,AI recommendation approved.,0.6,False,SIMULATED,COMPLETED,2026-09-04 11:28:13,,,,,,,,,
TXN002966,379.96,Bank Timeout,0.7585,RETRY_NOW,RETRY_NOW,AI recommendation approved.,0.78,False,SIMULATED,COMPLETED,2026-09-04 11:28:13,,,,,,,,,
TXN002967,657.52,Network Error,0.7798,RETRY_NOW,RETRY_NOW,AI recommendation approved.,0.8,True,SIMULATED,COMPLETED,2026-09-04 11:28:13,,,,,,,,,
TXN002971,264.13,Insufficient Funds,0.464,DO_NOT_RETRY,DO_NOT_RETRY,Maximum retry limit reached.,0.0,False,SIMULATED,COMPLETED,2026-09-04 11:28:13,,,,,,,,,
TXN002975,438.93,Bank Timeout,0.824,RETRY_NOW,RETRY_NOW,AI recommendation approved.,0.78,True,SIMULATED,COMPLETED,2026-09-04 11:28:13,,,,,,,,,
TXN002977,1867.34,Network Error,0.7415,RETRY_NOW,RETRY_NOW,AI recommendation approved.,0.8,True,SIMULATED,COMPLETED,2026-09-04 11:28:13,,,,,,,,,
TXN002981,299.7,Insufficient Funds,0.5494,UPDATE_PAYMENT_METHOD,UPDATE_PAYMENT_METHOD,AI recommendation approved.,0.6,True,SIMULATED,COMPLETED,2026-09-04 11:28:13,,,,,,,,,
TXN002988,373.09,Authentication Failed,0.4924,ADDITIONAL_AUTHENTICATION,ADDITIONAL_AUTHENTICATION,Authentication must be completed before retrying.,0.7,True,SIMULATED,COMPLETED,2026-09-04 11:28:13,,,,,,,,,
TXN002989,2727.05,Bank Timeout,0.8257,DO_NOT_RETRY,DO_NOT_RETRY,Maximum retry limit reached.,0.08,False,SIMULATED,COMPLETED,2026-09-04 11:28:13,,,,,,,,,
TXN002991,3020.96,Network Error,0.5513,DO_NOT_RETRY,DO_NOT_RETRY,Maximum retry limit reached.,0.1,False,SIMULATED,COMPLETED,2026-09-04 11:28:13,,,,,,,,,
TXN002995,682.87,Expired Card,0.1342,DO_NOT_RETRY,DO_NOT_RETRY,Maximum retry limit reached.,0.0,False,SIMULATED,COMPLETED,2026-09-04 11:28:13,,,,,,,,,
TXN002999,776.01,Bank Timeout,0.6077,DO_NOT_RETRY,DO_NOT_RETRY,Maximum retry limit reached.,0.08,False,SIMULATED,COMPLETED,2026-09-04 11:28:13,,,,,,,,,
TXN003001,2507.15,Network Error,0.8354,RETRY_NOW,RETRY_NOW,AI recommendation approved.,0.8,True,SIMULATED,COMPLETED,2026-09-04 11:28:13,,,,,,,,,
TXN003008,4264.58,Expired Card,0.1243,DO_NOT_RETRY,DO_NOT_RETRY,Maximum retry limit reached.,0.0,False,SIMULATED,COMPLETED,2026-09-04 11:28:13,,,,,,,,,
TXN003009,1498.5,Insufficient Funds,0.4385,DO_NOT_RETRY,DO_NOT_RETRY,Maximum retry limit reached.,0.0,False,SIMULATED,COMPLETED,2026-09-04 11:28:13,,,,,,,,,
TXN003011,774.28,Authentication Failed,0.3777,ADDITIONAL_AUTHENTICATION,ADDITIONAL_AUTHENTICATION,Authentication must be completed before retrying.,0.7,True,SIMULATED,COMPLETED,2026-09-04 11:28:13,,,,,,,,,
TXN003018,639.75,Authentication Failed,0.3832,DO_NOT_RETRY,DO_NOT_RETRY,Maximum retry limit reached.,0.05,False,SIMULATED,COMPLETED,2026-09-04 11:28:13,,,,,,,,,
TXN003024,1548.14,Bank Timeout,0.7364,DO_NOT_RETRY,DO_NOT_RETRY,Maximum retry limit reached.,0.08,False,SIMULATED,COMPLETED,2026-09-04 11:28:13,,,,,,,,,
TXN003025,751.14,Network Error,0.7174,RETRY_NOW,RETRY_NOW,AI recommendation approved.,0.8,True,SIMULATED,COMPLETED,2026-09-04 11:28:13,,,,,,,,,
TXN003026,251.02,Authentication Failed,0.4891,ADDITIONAL_AUTHENTICATION,ADDITIONAL_AUTHENTICATION,Authentication must be completed before retrying.,0.7,True,SIMULATED,COMPLETED,2026-09-04 11:28:13,,,,,,,,,
TXN003027,1440.98,Bank Timeout,0.805,DO_NOT_RETRY,DO_NOT_RETRY,Maximum retry limit reached.,0.08,False,SIMULATED,COMPLETED,2026-09-04 11:28:13,,,,,,,,,
TXN003028,8137.29,Expired Card,0.2667,UPDATE_PAYMENT_METHOD,UPDATE_PAYMENT_METHOD,Expired card requires a new payment method.,0.4,True,SIMULATED,COMPLETED,2026-09-04 11:28:13,,,,,,,,,
TXN003029,3035.73,Insufficient Funds,0.6412,UPDATE_PAYMENT_METHOD,UPDATE_PAYMENT_METHOD,AI recommendation approved.,0.6,True,SIMULATED,COMPLETED,2026-09-04 11:28:13,,,,,,,,,
TXN003033,147.35,Insufficient Funds,0.5336,DO_NOT_RETRY,DO_NOT_RETRY,Maximum retry limit reached.,0.0,False,SIMULATED,COMPLETED,2026-09-04 11:28:13,,,,,,,,,
TXN003034,592.88,Insufficient Funds,0.4814,DO_NOT_RETRY,DO_NOT_RETRY,Maximum retry limit reached.,0.0,False,SIMULATED,COMPLETED,2026-09-04 11:28:13,,,,,,,,,
TXN003040,2365.5,Insufficient Funds,0.4554,DO_NOT_RETRY,DO_NOT_RETRY,Maximum retry limit reached.,0.0,False,SIMULATED,COMPLETED,2026-09-04 11:28:13,,,,,,,,,
TXN003044,1249.57,Insufficient Funds,0.5141,UPDATE_PAYMENT_METHOD,UPDATE_PAYMENT_METHOD,AI recommendation approved.,0.6,False,SIMULATED,COMPLETED,2026-09-04 11:28:13,,,,,,,,,
TXN003047,188.23,Network Error,0.8036,RETRY_NOW,RETRY_NOW,AI recommendation approved.,0.8,True,SIMULATED,COMPLETED,2026-09-04 11:28:13,,,,,,,,,
TXN003049,769.2,Insufficient Funds,0.5028,UPDATE_PAYMENT_METHOD,UPDATE_PAYMENT_METHOD,AI recommendation approved.,0.6,True,SIMULATED,COMPLETED,2026-09-04 11:28:13,,,,,,,,,
TXN003054,2181.36,Authentication Failed,0.4207,ADDITIONAL_AUTHENTICATION,ADDITIONAL_AUTHENTICATION,Authentication must be completed before retrying.,0.7,True,SIMULATED,COMPLETED,2026-09-04 11:28:13,,,,,,,,,
TXN003057,1802.83,Insufficient Funds,0.4931,DO_NOT_RETRY,DO_NOT_RETRY,Maximum retry limit reached.,0.0,False,SIMULATED,COMPLETED,2026-09-04 11:28:13,,,,,,,,,
TXN003058,931.0,Network Error,0.7364,RETRY_NOW,RETRY_NOW,AI recommendation approved.,0.8,True,SIMULATED,COMPLETED,2026-09-04 11:28:13,,,,,,,,,
TXN003065,105.83,Bank Timeout,0.8052,RETRY_NOW,RETRY_NOW,AI recommendation approved.,0.78,True,SIMULATED,COMPLETED,2026-09-04 11:28:13,,,,,,,,,
TXN003066,439.17,Insufficient Funds,0.5371,DO_NOT_RETRY,DO_NOT_RETRY,Maximum retry limit reached.,0.0,False,SIMULATED,COMPLETED,2026-09-04 11:28:13,,,,,,,,,
TXN003071,355.8,Network Error,0.7472,RETRY_NOW,RETRY_NOW,AI recommendation approved.,0.8,True,SIMULATED,COMPLETED,2026-09-04 11:28:13,,,,,,,,,
TXN003074,1232.97,Insufficient Funds,0.6403,UPDATE_PAYMENT_METHOD,UPDATE_PAYMENT_METHOD,AI recommendation approved.,0.6,True,SIMULATED,COMPLETED,2026-09-04 11:28:13,,,,,,,,,
TXN003075,1205.21,Network Error,0.709,DO_NOT_RETRY,DO_NOT_RETRY,Maximum retry limit reached.,0.1,False,SIMULATED,COMPLETED,2026-09-04 11:28:13,,,,,,,,,
TXN003076,204.45,Expired Card,0.15,UPDATE_PAYMENT_METHOD,UPDATE_PAYMENT_METHOD,Expired card requires a new payment method.,0.4,False,SIMULATED,COMPLETED,2026-09-04 11:28:13,,,,,,,,,
TXN003077,157.42,Network Error,0.5173,DO_NOT_RETRY,DO_NOT_RETRY,Maximum retry limit reached.,0.1,False,SIMULATED,COMPLETED,2026-09-04 11:28:13,,,,,,,,,
TXN003078,2117.4,Authentication Failed,0.5309,DO_NOT_RETRY,DO_NOT_RETRY,Maximum retry limit reached.,0.05,False,SIMULATED,COMPLETED,2026-09-04 11:28:13,,,,,,,,,
TXN003081,1537.38,Network Error,0.7763,RETRY_NOW,RETRY_NOW,AI recommendation approved.,0.8,True,SIMULATED,COMPLETED,2026-09-04 11:28:13,,,,,,,,,
TXN003085,648.8,Network Error,0.7113,RETRY_NOW,RETRY_NOW,AI recommendation approved.,0.8,False,SIMULATED,COMPLETED,2026-09-04 11:28:13,,,,,,,,,
TXN003086,3027.23,Expired Card,0.1105,DO_NOT_RETRY,DO_NOT_RETRY,Maximum retry limit reached.,0.0,False,SIMULATED,COMPLETED,2026-09-04 11:28:13,,,,,,,,,
TXN003090,2046.45,Bank Timeout,0.8806,DO_NOT_RETRY,DO_NOT_RETRY,Maximum retry limit reached.,0.08,False,SIMULATED,COMPLETED,2026-09-04 11:28:13,,,,,,,,,
TXN003094,424.0,Expired Card,0.1442,UPDATE_PAYMENT_METHOD,UPDATE_PAYMENT_METHOD,Expired card requires a new payment method.,0.4,False,SIMULATED,COMPLETED,2026-09-04 11:28:13,,,,,,,,,
TXN003096,621.35,Expired Card,0.094,DO_NOT_RETRY,DO_NOT_RETRY,Maximum retry limit reached.,0.0,False,SIMULATED,COMPLETED,2026-09-04 11:28:13,,,,,,,,,
TXN003099,1663.17,Expired Card,0.1236,DO_NOT_RETRY,DO_NOT_RETRY,Maximum retry limit reached.,0.0,False,SIMULATED,COMPLETED,2026-09-04 11:28:13,,,,,,,,,
TXN003101,1510.41,Expired Card,0.1604,UPDATE_PAYMENT_METHOD,UPDATE_PAYMENT_METHOD,Expired card requires a new payment method.,0.4,False,SIMULATED,COMPLETED,2026-09-04 11:28:13,,,,,,,,,
TXN003107,4495.78,Expired Card,0.2374,UPDATE_PAYMENT_METHOD,UPDATE_PAYMENT_METHOD,Expired card requires a new payment method.,0.4,False,SIMULATED,COMPLETED,2026-09-04 11:28:13,,,,,,,,,
TXN003110,1434.65,Insufficient Funds,0.5495,UPDATE_PAYMENT_METHOD,UPDATE_PAYMENT_METHOD,AI recommendation approved.,0.6,False,SIMULATED,COMPLETED,2026-09-04 11:28:13,,,,,,,,,
TXN003111,979.02,Bank Timeout,0.8226,RETRY_NOW,RETRY_NOW,AI recommendation approved.,0.78,True,SIMULATED,COMPLETED,2026-09-04 11:28:13,,,,,,,,,
TXN003117,289.43,Authentication Failed,0.415,DO_NOT_RETRY,DO_NOT_RETRY,Maximum retry limit reached.,0.05,False,SIMULATED,COMPLETED,2026-09-04 11:28:13,,,,,,,,,
TXN003119,4313.24,Authentication Failed,0.501,ADDITIONAL_AUTHENTICATION,ADDITIONAL_AUTHENTICATION,Authentication must be completed before retrying.,0.7,True,SIMULATED,COMPLETED,2026-09-04 11:28:13,,,,,,,,,
TXN003129,1038.33,Bank Timeout,0.7363,DO_NOT_RETRY,DO_NOT_RETRY,Maximum retry limit reached.,0.08,False,SIMULATED,COMPLETED,2026-09-04 11:28:13,,,,,,,,,
TXN003134,759.06,Network Error,0.8267,RETRY_NOW,RETRY_NOW,AI recommendation approved.,0.8,True,SIMULATED,COMPLETED,2026-09-04 11:28:13,,,,,,,,,
TXN003136,320.48,Expired Card,0.1233,UPDATE_PAYMENT_METHOD,UPDATE_PAYMENT_METHOD,Expired card requires a new payment method.,0.4,True,SIMULATED,COMPLETED,2026-09-04 11:28:13,,,,,,,,,
TXN003141,1309.52,Expired Card,0.2105,DO_NOT_RETRY,DO_NOT_RETRY,Maximum retry limit reached.,0.0,False,SIMULATED,COMPLETED,2026-09-04 11:28:13,,,,,,,,,
TXN003142,362.74,Expired Card,0.1737,DO_NOT_RETRY,DO_NOT_RETRY,Maximum retry limit reached.,0.0,False,SIMULATED,COMPLETED,2026-09-04 11:28:13,,,,,,,,,
TXN003146,649.6,Network Error,0.6743,DO_NOT_RETRY,DO_NOT_RETRY,Maximum retry limit reached.,0.1,False,SIMULATED,COMPLETED,2026-09-04 11:28:13,,,,,,,,,
TXN003147,976.25,Network Error,0.4789,DO_NOT_RETRY,DO_NOT_RETRY,Maximum retry limit reached.,0.1,False,SIMULATED,COMPLETED,2026-09-04 11:28:13,,,,,,,,,
TXN003149,601.52,Authentication Failed,0.4035,ADDITIONAL_AUTHENTICATION,ADDITIONAL_AUTHENTICATION,Authentication must be completed before retrying.,0.7,True,SIMULATED,COMPLETED,2026-09-04 11:28:13,,,,,,,,,
TXN003153,1346.72,Insufficient Funds,0.6297,UPDATE_PAYMENT_METHOD,UPDATE_PAYMENT_METHOD,AI recommendation approved.,0.6,True,SIMULATED,COMPLETED,2026-09-04 11:28:13,,,,,,,,,
TXN003158,642.11,Insufficient Funds,0.452,DO_NOT_RETRY,DO_NOT_RETRY,Maximum retry limit reached.,0.0,False,SIMULATED,COMPLETED,2026-09-04 11:28:13,,,,,,,,,
TXN003165,2789.94,Insufficient Funds,0.5901,UPDATE_PAYMENT_METHOD,UPDATE_PAYMENT_METHOD,AI recommendation approved.,0.6,True,SIMULATED,COMPLETED,2026-09-04 11:28:13,,,,,,,,,
TXN003170,1479.32,Insufficient Funds,0.6,UPDATE_PAYMENT_METHOD,UPDATE_PAYMENT_METHOD,AI recommendation approved.,0.6,True,SIMULATED,COMPLETED,2026-09-04 11:28:13,,,,,,,,,
TXN003171,281.32,Expired Card,0.1955,UPDATE_PAYMENT_METHOD,UPDATE_PAYMENT_METHOD,Expired card requires a new payment method.,0.4,False,SIMULATED,COMPLETED,2026-09-04 11:28:13,,,,,,,,,
TXN003173,3032.27,Authentication Failed,0.3296,DO_NOT_RETRY,DO_NOT_RETRY,Maximum retry limit reached.,0.05,False,SIMULATED,COMPLETED,2026-09-04 11:28:13,,,,,,,,,
TXN003181,1537.42,Expired Card,0.0996,DO_NOT_RETRY,DO_NOT_RETRY,Maximum retry limit reached.,0.0,False,SIMULATED,COMPLETED,2026-09-04 11:28:13,,,,,,,,,
TXN003183,1764.38,Authentication Failed,0.4339,DO_NOT_RETRY,DO_NOT_RETRY,Maximum retry limit reached.,0.05,True,SIMULATED,COMPLETED,2026-09-04 11:28:13,,,,,,,,,
TXN003184,874.46,Authentication Failed,0.3451,DO_NOT_RETRY,DO_NOT_RETRY,Maximum retry limit reached.,0.05,False,SIMULATED,COMPLETED,2026-09-04 11:28:13,,,,,,,,,
TXN003185,480.5,Network Error,0.8026,RETRY_NOW,RETRY_NOW,AI recommendation approved.,0.8,True,SIMULATED,COMPLETED,2026-09-04 11:28:13,,,,,,,,,
TXN003192,285.15,Expired Card,0.1703,DO_NOT_RETRY,DO_NOT_RETRY,Maximum retry limit reached.,0.0,False,SIMULATED,COMPLETED,2026-09-04 11:28:13,,,,,,,,,
TXN003193,1321.66,Bank Timeout,0.8592,RETRY_NOW,RETRY_NOW,AI recommendation approved.,0.78,True,SIMULATED,COMPLETED,2026-09-04 11:28:13,,,,,,,,,
TXN003199,1971.49,Bank Timeout,0.8692,RETRY_NOW,RETRY_NOW,AI recommendation approved.,0.78,True,SIMULATED,COMPLETED,2026-09-04 11:28:13,,,,,,,,,
TXN003201,1206.35,Bank Timeout,0.8128,RETRY_NOW,RETRY_NOW,AI recommendation approved.,0.78,True,SIMULATED,COMPLETED,2026-09-04 11:28:13,,,,,,,,,
TXN003215,899.32,Authentication Failed,0.43,ADDITIONAL_AUTHENTICATION,ADDITIONAL_AUTHENTICATION,Authentication must be completed before retrying.,0.7,True,SIMULATED,COMPLETED,2026-09-04 11:28:13,,,,,,,,,
TXN003225,746.49,Expired Card,0.4049,UPDATE_PAYMENT_METHOD,UPDATE_PAYMENT_METHOD,Expired card requires a new payment method.,0.4,False,SIMULATED,COMPLETED,2026-09-04 11:28:13,,,,,,,,,
TXN003226,2864.03,Expired Card,0.1122,UPDATE_PAYMENT_METHOD,UPDATE_PAYMENT_METHOD,Expired card requires a new payment method.,0.4,False,SIMULATED,COMPLETED,2026-09-04 11:28:13,,,,,,,,,
TXN003227,609.46,Expired Card,0.2467,DO_NOT_RETRY,DO_NOT_RETRY,Maximum retry limit reached.,0.0,False,SIMULATED,COMPLETED,2026-09-04 11:28:13,,,,,,,,,
TXN003228,650.39,Authentication Failed,0.3347,DO_NOT_RETRY,DO_NOT_RETRY,Maximum retry limit reached.,0.05,False,SIMULATED,COMPLETED,2026-09-04 11:28:13,,,,,,,,,
TXN003229,1246.61,Bank Timeout,0.6725,DO_NOT_RETRY,DO_NOT_RETRY,Maximum retry limit reached.,0.08,False,SIMULATED,COMPLETED,2026-09-04 11:28:13,,,,,,,,,
TXN003230,449.39,Authentication Failed,0.4143,DO_NOT_RETRY,DO_NOT_RETRY,Maximum retry limit reached.,0.05,False,SIMULATED,COMPLETED,2026-09-04 11:28:13,,,,,,,,,
TXN003236,1066.48,Authentication Failed,0.5511,DO_NOT_RETRY,DO_NOT_RETRY,Maximum retry limit reached.,0.05,False,SIMULATED,COMPLETED,2026-09-04 11:28:13,,,,,,,,,
TXN003240,2228.9,Expired Card,0.0787,DO_NOT_RETRY,DO_NOT_RETRY,Maximum retry limit reached.,0.0,False,SIMULATED,COMPLETED,2026-09-04 11:28:13,,,,,,,,,
TXN003243,789.05,Bank Timeout,0.8258,RETRY_NOW,RETRY_NOW,AI recommendation approved.,0.78,True,SIMULATED,COMPLETED,2026-09-04 11:28:13,,,,,,,,,
TXN003245,331.82,Insufficient Funds,0.3929,DO_NOT_RETRY,DO_NOT_RETRY,Maximum retry limit reached.,0.0,False,SIMULATED,COMPLETED,2026-09-04 11:28:13,,,,,,,,,
TXN003248,1047.78,Network Error,0.6964,DO_NOT_RETRY,DO_NOT_RETRY,Maximum retry limit reached.,0.1,False,SIMULATED,COMPLETED,2026-09-04 11:28:13,,,,,,,,,
TXN003250,415.66,Authentication Failed,0.5381,DO_NOT_RETRY,DO_NOT_RETRY,Maximum retry limit reached.,0.05,False,SIMULATED,COMPLETED,2026-09-04 11:28:13,,,,,,,,,
TXN003251,501.0,Bank Timeout,0.8438,RETRY_NOW,RETRY_NOW,AI recommendation approved.,0.78,True,SIMULATED,COMPLETED,2026-09-04 11:28:13,,,,,,,,,
TXN003253,3177.45,Authentication Failed,0.4654,ADDITIONAL_AUTHENTICATION,ADDITIONAL_AUTHENTICATION,Authentication must be completed before retrying.,0.7,True,SIMULATED,COMPLETED,2026-09-04 11:28:13,,,,,,,,,
TXN003256,959.67,Bank Timeout,0.7095,RETRY_NOW,RETRY_NOW,AI recommendation approved.,0.78,True,SIMULATED,COMPLETED,2026-09-04 11:28:13,,,,,,,,,
TXN003263,780.8,Network Error,0.7474,RETRY_NOW,RETRY_NOW,AI recommendation approved.,0.8,True,SIMULATED,COMPLETED,2026-09-04 11:28:13,,,,,,,,,
TXN003265,1548.23,Bank Timeout,0.6909,DO_NOT_RETRY,DO_NOT_RETRY,Maximum retry limit reached.,0.08,False,SIMULATED,COMPLETED,2026-09-04 11:28:13,,,,,,,,,
TXN003267,1114.43,Insufficient Funds,0.6411,UPDATE_PAYMENT_METHOD,UPDATE_PAYMENT_METHOD,AI recommendation approved.,0.6,True,SIMULATED,COMPLETED,2026-09-04 11:28:13,,,,,,,,,
TXN003269,374.32,Network Error,0.817,RETRY_NOW,RETRY_NOW,AI recommendation approved.,0.8,False,SIMULATED,COMPLETED,2026-09-04 11:28:13,,,,,,,,,
TXN003270,1984.12,Authentication Failed,0.3996,ADDITIONAL_AUTHENTICATION,ADDITIONAL_AUTHENTICATION,Authentication must be completed before retrying.,0.7,True,SIMULATED,COMPLETED,2026-09-04 11:28:13,,,,,,,,,
TXN003278,376.23,Bank Timeout,0.7378,RETRY_NOW,RETRY_NOW,AI recommendation approved.,0.78,True,SIMULATED,COMPLETED,2026-09-04 11:28:13,,,,,,,,,
TXN003280,455.53,Insufficient Funds,0.4392,UPDATE_PAYMENT_METHOD,UPDATE_PAYMENT_METHOD,AI recommendation approved.,0.6,False,SIMULATED,COMPLETED,2026-09-04 11:28:13,,,,,,,,,
TXN003285,504.02,Authentication Failed,0.5011,DO_NOT_RETRY,DO_NOT_RETRY,Maximum retry limit reached.,0.05,False,SIMULATED,COMPLETED,2026-09-04 11:28:13,,,,,,,,,
TXN003287,1125.77,Expired Card,0.0967,DO_NOT_RETRY,DO_NOT_RETRY,Maximum retry limit reached.,0.0,False,SIMULATED,COMPLETED,2026-09-04 11:28:13,,,,,,,,,
TXN003288,1115.41,Network Error,0.6723,DO_NOT_RETRY,DO_NOT_RETRY,Maximum retry limit reached.,0.1,False,SIMULATED,COMPLETED,2026-09-04 11:28:13,,,,,,,,,
TXN003290,963.51,Bank Timeout,0.7881,RETRY_NOW,RETRY_NOW,AI recommendation approved.,0.78,True,SIMULATED,COMPLETED,2026-09-04 11:28:13,,,,,,,,,
TXN003291,694.26,Insufficient Funds,0.5074,DO_NOT_RETRY,DO_NOT_RETRY,Maximum retry limit reached.,0.0,False,SIMULATED,COMPLETED,2026-09-04 11:28:13,,,,,,,,,
TXN003295,799.48,Network Error,0.793,RETRY_NOW,RETRY_NOW,AI recommendation approved.,0.8,True,SIMULATED,COMPLETED,2026-09-04 11:28:13,,,,,,,,,
TXN003300,478.11,Insufficient Funds,0.6381,UPDATE_PAYMENT_METHOD,UPDATE_PAYMENT_METHOD,AI recommendation approved.,0.6,False,SIMULATED,COMPLETED,2026-09-04 11:28:13,,,,,,,,,
TXN003301,684.08,Bank Timeout,0.6742,DO_NOT_RETRY,DO_NOT_RETRY,Maximum retry limit reached.,0.08,True,SIMULATED,COMPLETED,2026-09-04 11:28:13,,,,,,,,,
TXN003303,201.6,Insufficient Funds,0.5388,UPDATE_PAYMENT_METHOD,UPDATE_PAYMENT_METHOD,AI recommendation approved.,0.6,True,SIMULATED,COMPLETED,2026-09-04 11:28:13,,,,,,,,,
TXN003304,1087.69,Expired Card,0.3761,UPDATE_PAYMENT_METHOD,UPDATE_PAYMENT_METHOD,Expired card requires a new payment method.,0.4,False,SIMULATED,COMPLETED,2026-09-04 11:28:13,,,,,,,,,
TXN003309,1436.93,Authentication Failed,0.3929,ADDITIONAL_AUTHENTICATION,ADDITIONAL_AUTHENTICATION,Authentication must be completed before retrying.,0.7,True,SIMULATED,COMPLETED,2026-09-04 11:28:13,,,,,,,,,
TXN003312,929.04,Network Error,0.5546,DO_NOT_RETRY,DO_NOT_RETRY,Maximum retry limit reached.,0.1,False,SIMULATED,COMPLETED,2026-09-04 11:28:13,,,,,,,,,
TXN003313,1678.31,Bank Timeout,0.8412,RETRY_NOW,RETRY_NOW,AI recommendation approved.,0.78,True,SIMULATED,COMPLETED,2026-09-04 11:28:13,,,,,,,,,
TXN003314,693.79,Network Error,0.7988,RETRY_NOW,RETRY_NOW,AI recommendation approved.,0.8,True,SIMULATED,COMPLETED,2026-09-04 11:28:13,,,,,,,,,
TXN003321,884.92,Network Error,0.7214,RETRY_NOW,RETRY_NOW,AI recommendation approved.,0.8,True,SIMULATED,COMPLETED,2026-09-04 11:28:13,,,,,,,,,
TXN003324,1005.44,Insufficient Funds,0.6053,UPDATE_PAYMENT_METHOD,UPDATE_PAYMENT_METHOD,AI recommendation approved.,0.6,True,SIMULATED,COMPLETED,2026-09-04 11:28:13,,,,,,,,,
TXN003325,1105.02,Insufficient Funds,0.4058,DO_NOT_RETRY,DO_NOT_RETRY,Maximum retry limit reached.,0.0,False,SIMULATED,COMPLETED,2026-09-04 11:28:13,,,,,,,,,
TXN003326,974.98,Insufficient Funds,0.5963,UPDATE_PAYMENT_METHOD,UPDATE_PAYMENT_METHOD,AI recommendation approved.,0.6,False,SIMULATED,COMPLETED,2026-09-04 11:28:13,,,,,,,,,
TXN003328,959.91,Expired Card,0.1362,UPDATE_PAYMENT_METHOD,UPDATE_PAYMENT_METHOD,Expired card requires a new payment method.,0.4,False,SIMULATED,COMPLETED,2026-09-04 11:28:13,,,,,,,,,
TXN003334,247.71,Network Error,0.6849,RETRY_LATER,RETRY_LATER,AI recommendation approved.,0.85,True,SIMULATED,COMPLETED,2026-09-04 11:28:13,,,,,,,,,
TXN003342,568.19,Expired Card,0.1208,DO_NOT_RETRY,DO_NOT_RETRY,Maximum retry limit reached.,0.0,False,SIMULATED,COMPLETED,2026-09-04 11:28:13,,,,,,,,,
TXN003348,1962.03,Bank Timeout,0.8553,DO_NOT_RETRY,DO_NOT_RETRY,Maximum retry limit reached.,0.08,False,SIMULATED,COMPLETED,2026-09-04 11:28:13,,,,,,,,,
TXN003350,884.69,Insufficient Funds,0.5498,DO_NOT_RETRY,DO_NOT_RETRY,Maximum retry limit reached.,0.0,False,SIMULATED,COMPLETED,2026-09-04 11:28:13,,,,,,,,,
TXN003351,4809.24,Expired Card,0.1384,DO_NOT_RETRY,DO_NOT_RETRY,Maximum retry limit reached.,0.0,False,SIMULATED,COMPLETED,2026-09-04 11:28:13,,,,,,,,,
TXN003354,2816.43,Insufficient Funds,0.4972,DO_NOT_RETRY,DO_NOT_RETRY,Maximum retry limit reached.,0.0,False,SIMULATED,COMPLETED,2026-09-04 11:28:13,,,,,,,,,
TXN003359,579.08,Bank Timeout,0.7002,DO_NOT_RETRY,DO_NOT_RETRY,Maximum retry limit reached.,0.08,False,SIMULATED,COMPLETED,2026-09-04 11:28:13,,,,,,,,,
TXN003360,2477.07,Network Error,0.7103,RETRY_NOW,RETRY_NOW,AI recommendation approved.,0.8,True,SIMULATED,COMPLETED,2026-09-04 11:28:13,,,,,,,,,
TXN003365,777.17,Authentication Failed,0.351,DO_NOT_RETRY,DO_NOT_RETRY,Maximum retry limit reached.,0.05,False,SIMULATED,COMPLETED,2026-09-04 11:28:13,,,,,,,,,
TXN003366,5468.6,Network Error,0.6169,DO_NOT_RETRY,DO_NOT_RETRY,Maximum retry limit reached.,0.1,False,SIMULATED,COMPLETED,2026-09-04 11:28:13,,,,,,,,,
TXN003370,1658.15,Insufficient Funds,0.4812,DO_NOT_RETRY,DO_NOT_RETRY,Maximum retry limit reached.,0.0,False,SIMULATED,COMPLETED,2026-09-04 11:28:13,,,,,,,,,
TXN003371,768.88,Network Error,0.6612,DO_NOT_RETRY,DO_NOT_RETRY,Maximum retry limit reached.,0.1,False,SIMULATED,COMPLETED,2026-09-04 11:28:13,,,,,,,,,
TXN003372,313.7,Authentication Failed,0.441,DO_NOT_RETRY,DO_NOT_RETRY,Maximum retry limit reached.,0.05,False,SIMULATED,COMPLETED,2026-09-04 11:28:13,,,,,,,,,
TXN003377,367.53,Authentication Failed,0.4567,DO_NOT_RETRY,DO_NOT_RETRY,Maximum retry limit reached.,0.05,False,SIMULATED,COMPLETED,2026-09-04 11:28:13,,,,,,,,,
TXN003379,1190.94,Bank Timeout,0.8161,RETRY_NOW,RETRY_NOW,AI recommendation approved.,0.78,True,SIMULATED,COMPLETED,2026-09-04 11:28:13,,,,,,,,,
TXN003384,356.06,Authentication Failed,0.3759,DO_NOT_RETRY,DO_NOT_RETRY,Maximum retry limit reached.,0.05,True,SIMULATED,COMPLETED,2026-09-04 11:28:13,,,,,,,,,
TXN003387,1465.51,Expired Card,0.0686,DO_NOT_RETRY,DO_NOT_RETRY,Maximum retry limit reached.,0.0,False,SIMULATED,COMPLETED,2026-09-04 11:28:13,,,,,,,,,
TXN003391,765.0,Insufficient Funds,0.5879,UPDATE_PAYMENT_METHOD,UPDATE_PAYMENT_METHOD,AI recommendation approved.,0.6,True,SIMULATED,COMPLETED,2026-09-04 11:28:13,,,,,,,,,
TXN003392,107.52,Network Error,0.8353,RETRY_NOW,RETRY_NOW,AI recommendation approved.,0.8,True,SIMULATED,COMPLETED,2026-09-04 11:28:13,,,,,,,,,
TXN003395,1973.96,Insufficient Funds,0.6524,DO_NOT_RETRY,DO_NOT_RETRY,Maximum retry limit reached.,0.0,False,SIMULATED,COMPLETED,2026-09-04 11:28:13,,,,,,,,,
TXN003398,1302.43,Insufficient Funds,0.6208,UPDATE_PAYMENT_METHOD,UPDATE_PAYMENT_METHOD,AI recommendation approved.,0.6,True,SIMULATED,COMPLETED,2026-09-04 11:28:13,,,,,,,,,
TXN003401,3419.87,Authentication Failed,0.4233,DO_NOT_RETRY,DO_NOT_RETRY,Maximum retry limit reached.,0.05,True,SIMULATED,COMPLETED,2026-09-04 11:28:13,,,,,,,,,
TXN003403,1051.99,Insufficient Funds,0.5259,DO_NOT_RETRY,DO_NOT_RETRY,Maximum retry limit reached.,0.0,False,SIMULATED,COMPLETED,2026-09-04 11:28:13,,,,,,,,,
TXN003404,1373.45,Expired Card,0.1533,UPDATE_PAYMENT_METHOD,UPDATE_PAYMENT_METHOD,Expired card requires a new payment method.,0.4,False,SIMULATED,COMPLETED,2026-09-04 11:28:13,,,,,,,,,
TXN003405,523.25,Bank Timeout,0.7301,DO_NOT_RETRY,DO_NOT_RETRY,Maximum retry limit reached.,0.08,False,SIMULATED,COMPLETED,2026-09-04 11:28:13,,,,,,,,,
TXN003406,1359.7,Authentication Failed,0.4056,DO_NOT_RETRY,DO_NOT_RETRY,Maximum retry limit reached.,0.05,False,SIMULATED,COMPLETED,2026-09-04 11:28:13,,,,,,,,,
TXN003410,362.27,Network Error,0.6822,DO_NOT_RETRY,DO_NOT_RETRY,Maximum retry limit reached.,0.1,False,SIMULATED,COMPLETED,2026-09-04 11:28:13,,,,,,,,,
TXN003413,1076.99,Authentication Failed,0.5454,ADDITIONAL_AUTHENTICATION,ADDITIONAL_AUTHENTICATION,Authentication must be completed before retrying.,0.7,True,SIMULATED,COMPLETED,2026-09-04 11:28:13,,,,,,,,,
TXN003418,574.11,Bank Timeout,0.6626,DO_NOT_RETRY,DO_NOT_RETRY,Maximum retry limit reached.,0.08,False,SIMULATED,COMPLETED,2026-09-04 11:28:13,,,,,,,,,
TXN003419,800.06,Expired Card,0.1433,DO_NOT_RETRY,DO_NOT_RETRY,Maximum retry limit reached.,0.0,False,SIMULATED,COMPLETED,2026-09-04 11:28:13,,,,,,,,,
TXN003422,467.48,Bank Timeout,0.6913,RETRY_LATER,RETRY_LATER,AI recommendation approved.,0.83,False,SIMULATED,COMPLETED,2026-09-04 11:28:13,,,,,,,,,
TXN003427,783.51,Network Error,0.7252,DO_NOT_RETRY,DO_NOT_RETRY,Maximum retry limit reached.,0.1,False,SIMULATED,COMPLETED,2026-09-04 11:28:13,,,,,,,,,
TXN003428,5708.1,Bank Timeout,0.4115,DO_NOT_RETRY,DO_NOT_RETRY,Maximum retry limit reached.,0.08,False,SIMULATED,COMPLETED,2026-09-04 11:28:13,,,,,,,,,
TXN003434,711.34,Network Error,0.487,DO_NOT_RETRY,DO_NOT_RETRY,Maximum retry limit reached.,0.1,True,SIMULATED,COMPLETED,2026-09-04 11:28:13,,,,,,,,,
TXN003435,990.95,Insufficient Funds,0.4266,DO_NOT_RETRY,DO_NOT_RETRY,Maximum retry limit reached.,0.0,False,SIMULATED,COMPLETED,2026-09-04 11:28:13,,,,,,,,,
TXN003436,705.64,Authentication Failed,0.4653,ADDITIONAL_AUTHENTICATION,ADDITIONAL_AUTHENTICATION,Authentication must be completed before retrying.,0.7,True,SIMULATED,COMPLETED,2026-09-04 11:28:13,,,,,,,,,
TXN003443,451.33,Bank Timeout,0.7376,RETRY_NOW,RETRY_NOW,AI recommendation approved.,0.78,False,SIMULATED,COMPLETED,2026-09-04 11:28:13,,,,,,,,,
TXN003445,884.75,Network Error,0.7364,RETRY_NOW,RETRY_NOW,AI recommendation approved.,0.8,True,SIMULATED,COMPLETED,2026-09-04 11:28:13,,,,,,,,,
TXN003454,625.43,Expired Card,0.2685,UPDATE_PAYMENT_METHOD,UPDATE_PAYMENT_METHOD,Expired card requires a new payment method.,0.4,False,SIMULATED,COMPLETED,2026-09-04 11:28:13,,,,,,,,,
TXN003457,693.38,Expired Card,0.2314,UPDATE_PAYMENT_METHOD,UPDATE_PAYMENT_METHOD,Expired card requires a new payment method.,0.4,False,SIMULATED,COMPLETED,2026-09-04 11:28:13,,,,,,,,,
TXN003458,2271.51,Bank Timeout,0.8441,RETRY_NOW,RETRY_NOW,AI recommendation approved.,0.78,True,SIMULATED,COMPLETED,2026-09-04 11:28:13,,,,,,,,,
TXN003459,615.41,Expired Card,0.4927,UPDATE_PAYMENT_METHOD,UPDATE_PAYMENT_METHOD,Expired card requires a new payment method.,0.4,False,SIMULATED,COMPLETED,2026-09-04 11:28:13,,,,,,,,,
TXN003463,707.86,Authentication Failed,0.3698,ADDITIONAL_AUTHENTICATION,ADDITIONAL_AUTHENTICATION,Authentication must be completed before retrying.,0.7,False,SIMULATED,COMPLETED,2026-09-04 11:28:13,,,,,,,,,
TXN003465,1170.26,Expired Card,0.1765,DO_NOT_RETRY,DO_NOT_RETRY,Maximum retry limit reached.,0.0,False,SIMULATED,COMPLETED,2026-09-04 11:28:13,,,,,,,,,
TXN003467,695.42,Insufficient Funds,0.6718,UPDATE_PAYMENT_METHOD,UPDATE_PAYMENT_METHOD,AI recommendation approved.,0.6,True,SIMULATED,COMPLETED,2026-09-04 11:28:13,,,,,,,,,
TXN003470,1335.93,Authentication Failed,0.3659,ADDITIONAL_AUTHENTICATION,ADDITIONAL_AUTHENTICATION,Authentication must be completed before retrying.,0.7,False,SIMULATED,COMPLETED,2026-09-04 11:28:13,,,,,,,,,
TXN003477,1137.71,Bank Timeout,0.5109,DO_NOT_RETRY,DO_NOT_RETRY,Maximum retry limit reached.,0.08,False,SIMULATED,COMPLETED,2026-09-04 11:28:13,,,,,,,,,
TXN003478,903.19,Insufficient Funds,0.5317,UPDATE_PAYMENT_METHOD,UPDATE_PAYMENT_METHOD,AI recommendation approved.,0.6,False,SIMULATED,COMPLETED,2026-09-04 11:28:13,,,,,,,,,
TXN003481,820.13,Authentication Failed,0.2977,DO_NOT_RETRY,DO_NOT_RETRY,Maximum retry limit reached.,0.05,False,SIMULATED,COMPLETED,2026-09-04 11:28:13,,,,,,,,,
TXN003482,922.29,Bank Timeout,0.8198,RETRY_NOW,RETRY_NOW,AI recommendation approved.,0.78,True,SIMULATED,COMPLETED,2026-09-04 11:28:13,,,,,,,,,
TXN003484,2338.57,Authentication Failed,0.544,ADDITIONAL_AUTHENTICATION,ADDITIONAL_AUTHENTICATION,Authentication must be completed before retrying.,0.7,True,SIMULATED,COMPLETED,2026-09-04 11:28:13,,,,,,,,,
TXN003492,1138.68,Network Error,0.7126,DO_NOT_RETRY,DO_NOT_RETRY,Maximum retry limit reached.,0.1,False,SIMULATED,COMPLETED,2026-09-04 11:28:13,,,,,,,,,
TXN003498,2178.99,Bank Timeout,0.5198,DO_NOT_RETRY,DO_NOT_RETRY,Maximum retry limit reached.,0.08,False,SIMULATED,COMPLETED,2026-09-04 11:28:13,,,,,,,,,
TXN003499,4435.65,Expired Card,0.134,DO_NOT_RETRY,DO_NOT_RETRY,Maximum retry limit reached.,0.0,False,SIMULATED,COMPLETED,2026-09-04 11:28:13,,,,,,,,,
TXN003500,211.07,Expired Card,0.1908,UPDATE_PAYMENT_METHOD,UPDATE_PAYMENT_METHOD,Expired card requires a new payment method.,0.4,False,SIMULATED,COMPLETED,2026-09-04 11:28:13,,,,,,,,,
TXN003502,479.23,Network Error,0.7476,DO_NOT_RETRY,DO_NOT_RETRY,Maximum retry limit reached.,0.1,False,SIMULATED,COMPLETED,2026-09-04 11:28:13,,,,,,,,,
TXN003504,508.45,Bank Timeout,0.8005,RETRY_NOW,RETRY_NOW,AI recommendation approved.,0.78,True,SIMULATED,COMPLETED,2026-09-04 11:28:13,,,,,,,,,
TXN003506,2018.78,Authentication Failed,0.4091,DO_NOT_RETRY,DO_NOT_RETRY,Maximum retry limit reached.,0.05,False,SIMULATED,COMPLETED,2026-09-04 11:28:13,,,,,,,,,
TXN003508,909.04,Bank Timeout,0.7424,DO_NOT_RETRY,DO_NOT_RETRY,Maximum retry limit reached.,0.08,False,SIMULATED,COMPLETED,2026-09-04 11:28:13,,,,,,,,,
TXN003512,3604.38,Insufficient Funds,0.5386,DO_NOT_RETRY,DO_NOT_RETRY,Maximum retry limit reached.,0.0,False,SIMULATED,COMPLETED,2026-09-04 11:28:13,,,,,,,,,
TXN003514,732.91,Expired Card,0.2084,UPDATE_PAYMENT_METHOD,UPDATE_PAYMENT_METHOD,Expired card requires a new payment method.,0.4,True,SIMULATED,COMPLETED,2026-09-04 11:28:13,,,,,,,,,
TXN003519,2443.34,Expired Card,0.2608,DO_NOT_RETRY,DO_NOT_RETRY,Maximum retry limit reached.,0.0,False,SIMULATED,COMPLETED,2026-09-04 11:28:13,,,,,,,,,
TXN003520,760.61,Insufficient Funds,0.472,UPDATE_PAYMENT_METHOD,UPDATE_PAYMENT_METHOD,AI recommendation approved.,0.6,False,SIMULATED,COMPLETED,2026-09-04 11:28:13,,,,,,,,,
TXN003528,4399.48,Expired Card,0.1409,DO_NOT_RETRY,DO_NOT_RETRY,Maximum retry limit reached.,0.0,False,SIMULATED,COMPLETED,2026-09-04 11:28:13,,,,,,,,,
TXN003531,1641.71,Bank Timeout,0.6927,DO_NOT_RETRY,DO_NOT_RETRY,Maximum retry limit reached.,0.08,False,SIMULATED,COMPLETED,2026-09-04 11:28:13,,,,,,,,,
TXN003533,480.21,Insufficient Funds,0.4881,UPDATE_PAYMENT_METHOD,UPDATE_PAYMENT_METHOD,AI recommendation approved.,0.6,True,SIMULATED,COMPLETED,2026-09-04 11:28:13,,,,,,,,,
TXN003534,1224.39,Insufficient Funds,0.5017,DO_NOT_RETRY,DO_NOT_RETRY,Maximum retry limit reached.,0.0,False,SIMULATED,COMPLETED,2026-09-04 11:28:13,,,,,,,,,
TXN003538,627.92,Bank Timeout,0.763,RETRY_NOW,RETRY_NOW,AI recommendation approved.,0.78,False,SIMULATED,COMPLETED,2026-09-04 11:28:13,,,,,,,,,
TXN003543,770.68,Authentication Failed,0.3522,DO_NOT_RETRY,DO_NOT_RETRY,Maximum retry limit reached.,0.05,False,SIMULATED,COMPLETED,2026-09-04 11:28:13,,,,,,,,,
TXN003545,794.22,Expired Card,0.3649,UPDATE_PAYMENT_METHOD,UPDATE_PAYMENT_METHOD,Expired card requires a new payment method.,0.4,False,SIMULATED,COMPLETED,2026-09-04 11:28:13,,,,,,,,,
TXN003553,1879.02,Insufficient Funds,0.6904,UPDATE_PAYMENT_METHOD,UPDATE_PAYMENT_METHOD,AI recommendation approved.,0.6,True,SIMULATED,COMPLETED,2026-09-04 11:28:13,,,,,,,,,
TXN003554,1399.78,Bank Timeout,0.6646,DO_NOT_RETRY,DO_NOT_RETRY,Maximum retry limit reached.,0.08,False,SIMULATED,COMPLETED,2026-09-04 11:28:13,,,,,,,,,
TXN003555,203.96,Expired Card,0.1018,DO_NOT_RETRY,DO_NOT_RETRY,Maximum retry limit reached.,0.0,False,SIMULATED,COMPLETED,2026-09-04 11:28:13,,,,,,,,,
TXN003560,1856.51,Insufficient Funds,0.4849,DO_NOT_RETRY,DO_NOT_RETRY,Maximum retry limit reached.,0.0,False,SIMULATED,COMPLETED,2026-09-04 11:28:13,,,,,,,,,
TXN003561,876.83,Authentication Failed,0.3805,ADDITIONAL_AUTHENTICATION,ADDITIONAL_AUTHENTICATION,Authentication must be completed before retrying.,0.7,True,SIMULATED,COMPLETED,2026-09-04 11:28:13,,,,,,,,,
TXN003563,427.52,Bank Timeout,0.761,RETRY_NOW,RETRY_NOW,AI recommendation approved.,0.78,True,SIMULATED,COMPLETED,2026-09-04 11:28:13,,,,,,,,,
TXN003565,553.14,Network Error,0.8273,RETRY_NOW,RETRY_NOW,AI recommendation approved.,0.8,False,SIMULATED,COMPLETED,2026-09-04 11:28:13,,,,,,,,,
TXN003566,881.04,Insufficient Funds,0.3919,DO_NOT_RETRY,DO_NOT_RETRY,Maximum retry limit reached.,0.0,False,SIMULATED,COMPLETED,2026-09-04 11:28:13,,,,,,,,,
TXN003567,950.56,Insufficient Funds,0.4385,DO_NOT_RETRY,DO_NOT_RETRY,Maximum retry limit reached.,0.0,False,SIMULATED,COMPLETED,2026-09-04 11:28:13,,,,,,,,,
TXN003570,432.31,Expired Card,0.1856,DO_NOT_RETRY,DO_NOT_RETRY,Maximum retry limit reached.,0.0,False,SIMULATED,COMPLETED,2026-09-04 11:28:13,,,,,,,,,
TXN003572,355.46,Expired Card,0.0667,DO_NOT_RETRY,DO_NOT_RETRY,Maximum retry limit reached.,0.0,False,SIMULATED,COMPLETED,2026-09-04 11:28:13,,,,,,,,,
TXN003573,690.04,Network Error,0.5736,DO_NOT_RETRY,DO_NOT_RETRY,Maximum retry limit reached.,0.1,False,SIMULATED,COMPLETED,2026-09-04 11:28:13,,,,,,,,,
TXN003575,3697.71,Authentication Failed,0.4739,ADDITIONAL_AUTHENTICATION,ADDITIONAL_AUTHENTICATION,Authentication must be completed before retrying.,0.7,False,SIMULATED,COMPLETED,2026-09-04 11:28:13,,,,,,,,,
TXN003581,486.57,Expired Card,0.0905,DO_NOT_RETRY,DO_NOT_RETRY,Maximum retry limit reached.,0.0,False,SIMULATED,COMPLETED,2026-09-04 11:28:13,,,,,,,,,
TXN003584,5963.68,Expired Card,0.1227,DO_NOT_RETRY,DO_NOT_RETRY,Maximum retry limit reached.,0.0,False,SIMULATED,COMPLETED,2026-09-04 11:28:13,,,,,,,,,
TXN003587,155.32,Authentication Failed,0.4435,DO_NOT_RETRY,DO_NOT_RETRY,Maximum retry limit reached.,0.05,False,SIMULATED,COMPLETED,2026-09-04 11:28:13,,,,,,,,,
TXN003593,3040.33,Expired Card,0.1948,UPDATE_PAYMENT_METHOD,UPDATE_PAYMENT_METHOD,Expired card requires a new payment method.,0.4,True,SIMULATED,COMPLETED,2026-09-04 11:28:13,,,,,,,,,
TXN003594,2297.96,Insufficient Funds,0.4828,DO_NOT_RETRY,DO_NOT_RETRY,Maximum retry limit reached.,0.0,False,SIMULATED,COMPLETED,2026-09-04 11:28:13,,,,,,,,,
TXN003595,536.44,Authentication Failed,0.3883,DO_NOT_RETRY,DO_NOT_RETRY,Maximum retry limit reached.,0.05,False,SIMULATED,COMPLETED,2026-09-04 11:28:13,,,,,,,,,
TXN003596,453.4,Bank Timeout,0.4645,DO_NOT_RETRY,DO_NOT_RETRY,Maximum retry limit reached.,0.08,False,SIMULATED,COMPLETED,2026-09-04 11:28:13,,,,,,,,,
TXN003599,747.82,Authentication Failed,0.3459,ADDITIONAL_AUTHENTICATION,ADDITIONAL_AUTHENTICATION,Authentication must be completed before retrying.,0.7,True,SIMULATED,COMPLETED,2026-09-04 11:28:13,,,,,,,,,
TXN003603,850.42,Insufficient Funds,0.3067,DO_NOT_RETRY,DO_NOT_RETRY,Maximum retry limit reached.,0.0,False,SIMULATED,COMPLETED,2026-09-04 11:28:13,,,,,,,,,
TXN003605,1898.3,Network Error,0.8133,RETRY_NOW,RETRY_NOW,AI recommendation approved.,0.8,True,SIMULATED,COMPLETED,2026-09-04 11:28:13,,,,,,,,,
TXN003615,1689.7,Bank Timeout,0.7619,RETRY_NOW,RETRY_NOW,AI recommendation approved.,0.78,False,SIMULATED,COMPLETED,2026-09-04 11:28:13,,,,,,,,,
TXN003616,5161.7,Network Error,0.8186,RETRY_NOW,RETRY_NOW,AI recommendation approved.,0.8,True,SIMULATED,COMPLETED,2026-09-04 11:28:13,,,,,,,,,
TXN003617,472.85,Expired Card,0.2139,UPDATE_PAYMENT_METHOD,UPDATE_PAYMENT_METHOD,Expired card requires a new payment method.,0.4,False,SIMULATED,COMPLETED,2026-09-04 11:28:13,,,,,,,,,
TXN003632,2571.74,Authentication Failed,0.4158,DO_NOT_RETRY,DO_NOT_RETRY,Maximum retry limit reached.,0.05,False,SIMULATED,COMPLETED,2026-09-04 11:28:13,,,,,,,,,
TXN003633,492.43,Insufficient Funds,0.4369,UPDATE_PAYMENT_METHOD,UPDATE_PAYMENT_METHOD,AI recommendation approved.,0.6,True,SIMULATED,COMPLETED,2026-09-04 11:28:13,,,,,,,,,
TXN003635,718.98,Bank Timeout,0.7164,RETRY_NOW,RETRY_NOW,AI recommendation approved.,0.78,False,SIMULATED,COMPLETED,2026-09-04 11:28:13,,,,,,,,,
TXN003636,445.04,Bank Timeout,0.7026,DO_NOT_RETRY,DO_NOT_RETRY,Maximum retry limit reached.,0.08,False,SIMULATED,COMPLETED,2026-09-04 11:28:13,,,,,,,,,
TXN003640,3356.95,Authentication Failed,0.5435,ADDITIONAL_AUTHENTICATION,ADDITIONAL_AUTHENTICATION,Authentication must be completed before retrying.,0.7,True,SIMULATED,COMPLETED,2026-09-04 11:28:13,,,,,,,,,
TXN003644,1143.83,Network Error,0.6011,DO_NOT_RETRY,DO_NOT_RETRY,Maximum retry limit reached.,0.1,False,SIMULATED,COMPLETED,2026-09-04 11:28:13,,,,,,,,,
TXN003645,1334.4,Authentication Failed,0.4351,ADDITIONAL_AUTHENTICATION,ADDITIONAL_AUTHENTICATION,Authentication must be completed before retrying.,0.7,False,SIMULATED,COMPLETED,2026-09-04 11:28:13,,,,,,,,,
TXN003649,579.88,Authentication Failed,0.3627,DO_NOT_RETRY,DO_NOT_RETRY,Maximum retry limit reached.,0.05,False,SIMULATED,COMPLETED,2026-09-04 11:28:13,,,,,,,,,
TXN003651,2364.9,Insufficient Funds,0.6447,UPDATE_PAYMENT_METHOD,UPDATE_PAYMENT_METHOD,AI recommendation approved.,0.6,False,SIMULATED,COMPLETED,2026-09-04 11:28:13,,,,,,,,,
TXN003654,443.41,Network Error,0.6246,DO_NOT_RETRY,DO_NOT_RETRY,Maximum retry limit reached.,0.1,False,SIMULATED,COMPLETED,2026-09-04 11:28:13,,,,,,,,,
TXN003659,882.37,Bank Timeout,0.7647,RETRY_NOW,RETRY_NOW,AI recommendation approved.,0.78,True,SIMULATED,COMPLETED,2026-09-04 11:28:13,,,,,,,,,
TXN003665,194.59,Authentication Failed,0.4092,DO_NOT_RETRY,DO_NOT_RETRY,Maximum retry limit reached.,0.05,False,SIMULATED,COMPLETED,2026-09-04 11:28:13,,,,,,,,,
TXN003670,1645.06,Bank Timeout,0.613,DO_NOT_RETRY,DO_NOT_RETRY,Maximum retry limit reached.,0.08,True,SIMULATED,COMPLETED,2026-09-04 11:28:13,,,,,,,,,
TXN003674,2296.23,Expired Card,0.1709,DO_NOT_RETRY,DO_NOT_RETRY,Maximum retry limit reached.,0.0,False,SIMULATED,COMPLETED,2026-09-04 11:28:13,,,,,,,,,
TXN003675,1022.89,Bank Timeout,0.8104,DO_NOT_RETRY,DO_NOT_RETRY,Maximum retry limit reached.,0.08,False,SIMULATED,COMPLETED,2026-09-04 11:28:13,,,,,,,,,
TXN003676,687.8,Bank Timeout,0.7157,DO_NOT_RETRY,DO_NOT_RETRY,Maximum retry limit reached.,0.08,False,SIMULATED,COMPLETED,2026-09-04 11:28:13,,,,,,,,,
TXN003681,398.1,Expired Card,0.08,DO_NOT_RETRY,DO_NOT_RETRY,Maximum retry limit reached.,0.0,False,SIMULATED,COMPLETED,2026-09-04 11:28:13,,,,,,,,,
TXN003682,496.85,Bank Timeout,0.636,DO_NOT_RETRY,DO_NOT_RETRY,Maximum retry limit reached.,0.08,False,SIMULATED,COMPLETED,2026-09-04 11:28:13,,,,,,,,,
TXN003688,1502.13,Bank Timeout,0.8531,RETRY_NOW,RETRY_NOW,AI recommendation approved.,0.78,True,SIMULATED,COMPLETED,2026-09-04 11:28:13,,,,,,,,,
TXN003690,322.41,Expired Card,0.1122,DO_NOT_RETRY,DO_NOT_RETRY,Maximum retry limit reached.,0.0,False,SIMULATED,COMPLETED,2026-09-04 11:28:13,,,,,,,,,
TXN003691,489.56,Network Error,0.7561,RETRY_NOW,RETRY_NOW,AI recommendation approved.,0.8,True,SIMULATED,COMPLETED,2026-09-04 11:28:13,,,,,,,,,
TXN003707,2523.58,Bank Timeout,0.4635,DO_NOT_RETRY,DO_NOT_RETRY,Maximum retry limit reached.,0.08,False,SIMULATED,COMPLETED,2026-09-04 11:28:13,,,,,,,,,
TXN003713,804.33,Network Error,0.6739,DO_NOT_RETRY,DO_NOT_RETRY,Maximum retry limit reached.,0.1,False,SIMULATED,COMPLETED,2026-09-04 11:28:13,,,,,,,,,
TXN003722,309.1,Insufficient Funds,0.471,DO_NOT_RETRY,DO_NOT_RETRY,Maximum retry limit reached.,0.0,False,SIMULATED,COMPLETED,2026-09-04 11:28:13,,,,,,,,,
TXN003723,1496.55,Bank Timeout,0.6373,RETRY_LATER,RETRY_LATER,AI recommendation approved.,0.83,True,SIMULATED,COMPLETED,2026-09-04 11:28:13,,,,,,,,,
TXN003724,884.57,Insufficient Funds,0.5106,DO_NOT_RETRY,DO_NOT_RETRY,Maximum retry limit reached.,0.0,False,SIMULATED,COMPLETED,2026-09-04 11:28:13,,,,,,,,,
TXN003727,1508.65,Bank Timeout,0.7044,DO_NOT_RETRY,DO_NOT_RETRY,Maximum retry limit reached.,0.08,False,SIMULATED,COMPLETED,2026-09-04 11:28:13,,,,,,,,,
TXN003733,606.22,Bank Timeout,0.5671,DO_NOT_RETRY,DO_NOT_RETRY,Maximum retry limit reached.,0.08,False,SIMULATED,COMPLETED,2026-09-04 11:28:13,,,,,,,,,
TXN003739,3056.75,Network Error,0.623,DO_NOT_RETRY,DO_NOT_RETRY,Maximum retry limit reached.,0.1,False,SIMULATED,COMPLETED,2026-09-04 11:28:13,,,,,,,,,
TXN003741,866.3,Insufficient Funds,0.5367,DO_NOT_RETRY,DO_NOT_RETRY,Maximum retry limit reached.,0.0,False,SIMULATED,COMPLETED,2026-09-04 11:28:13,,,,,,,,,
TXN003751,820.34,Bank Timeout,0.8098,RETRY_NOW,RETRY_NOW,AI recommendation approved.,0.78,True,SIMULATED,COMPLETED,2026-09-04 11:28:13,,,,,,,,,
TXN003755,495.55,Expired Card,0.0681,DO_NOT_RETRY,DO_NOT_RETRY,Maximum retry limit reached.,0.0,False,SIMULATED,COMPLETED,2026-09-04 11:28:13,,,,,,,,,
TXN003760,678.13,Insufficient Funds,0.478,DO_NOT_RETRY,DO_NOT_RETRY,Maximum retry limit reached.,0.0,False,SIMULATED,COMPLETED,2026-09-04 11:28:13,,,,,,,,,
TXN003765,813.53,Authentication Failed,0.3382,DO_NOT_RETRY,DO_NOT_RETRY,Maximum retry limit reached.,0.05,True,SIMULATED,COMPLETED,2026-09-04 11:28:13,,,,,,,,,
TXN003769,3302.32,Bank Timeout,0.7763,DO_NOT_RETRY,DO_NOT_RETRY,Maximum retry limit reached.,0.08,True,SIMULATED,COMPLETED,2026-09-04 11:28:13,,,,,,,,,
TXN003771,1816.08,Insufficient Funds,0.5334,DO_NOT_RETRY,DO_NOT_RETRY,Maximum retry limit reached.,0.0,False,SIMULATED,COMPLETED,2026-09-04 11:28:13,,,,,,,,,
TXN003776,325.47,Authentication Failed,0.4256,ADDITIONAL_AUTHENTICATION,ADDITIONAL_AUTHENTICATION,Authentication must be completed before retrying.,0.7,True,SIMULATED,COMPLETED,2026-09-04 11:28:13,,,,,,,,,
TXN003779,530.44,Network Error,0.6665,RETRY_LATER,RETRY_LATER,AI recommendation approved.,0.85,True,SIMULATED,COMPLETED,2026-09-04 11:28:13,,,,,,,,,
TXN003780,1573.56,Authentication Failed,0.433,ADDITIONAL_AUTHENTICATION,ADDITIONAL_AUTHENTICATION,Authentication must be completed before retrying.,0.7,True,SIMULATED,COMPLETED,2026-09-04 11:28:13,,,,,,,,,
TXN003783,3136.81,Expired Card,0.1248,DO_NOT_RETRY,DO_NOT_RETRY,Maximum retry limit reached.,0.0,False,SIMULATED,COMPLETED,2026-09-04 11:28:13,,,,,,,,,
TXN003784,199.88,Expired Card,0.1083,DO_NOT_RETRY,DO_NOT_RETRY,Maximum retry limit reached.,0.0,False,SIMULATED,COMPLETED,2026-09-04 11:28:13,,,,,,,,,
TXN003785,804.78,Insufficient Funds,0.4033,DO_NOT_RETRY,DO_NOT_RETRY,Maximum retry limit reached.,0.0,False,SIMULATED,COMPLETED,2026-09-04 11:28:13,,,,,,,,,
TXN003786,1090.74,Bank Timeout,0.7948,RETRY_NOW,RETRY_NOW,AI recommendation approved.,0.78,True,SIMULATED,COMPLETED,2026-09-04 11:28:13,,,,,,,,,
TXN003788,1969.57,Insufficient Funds,0.6596,UPDATE_PAYMENT_METHOD,UPDATE_PAYMENT_METHOD,AI recommendation approved.,0.6,False,SIMULATED,COMPLETED,2026-09-04 11:28:13,,,,,,,,,
TXN003792,1093.58,Expired Card,0.4389,UPDATE_PAYMENT_METHOD,UPDATE_PAYMENT_METHOD,Expired card requires a new payment method.,0.4,False,SIMULATED,COMPLETED,2026-09-04 11:28:13,,,,,,,,,
TXN003800,3263.12,Network Error,0.6822,DO_NOT_RETRY,DO_NOT_RETRY,Maximum retry limit reached.,0.1,False,SIMULATED,COMPLETED,2026-09-04 11:28:13,,,,,,,,,
TXN003804,761.91,Expired Card,0.084,DO_NOT_RETRY,DO_NOT_RETRY,Maximum retry limit reached.,0.0,False,SIMULATED,COMPLETED,2026-09-04 11:28:13,,,,,,,,,
TXN003816,3180.52,Bank Timeout,0.8348,RETRY_NOW,RETRY_NOW,AI recommendation approved.,0.78,True,SIMULATED,COMPLETED,2026-09-04 11:28:13,,,,,,,,,
TXN003817,3458.83,Insufficient Funds,0.4511,DO_NOT_RETRY,DO_NOT_RETRY,Maximum retry limit reached.,0.0,False,SIMULATED,COMPLETED,2026-09-04 11:28:13,,,,,,,,,
TXN003818,1376.99,Expired Card,0.2447,DO_NOT_RETRY,DO_NOT_RETRY,Maximum retry limit reached.,0.0,False,SIMULATED,COMPLETED,2026-09-04 11:28:13,,,,,,,,,
TXN003819,706.77,Network Error,0.5363,DO_NOT_RETRY,DO_NOT_RETRY,Maximum retry limit reached.,0.1,False,SIMULATED,COMPLETED,2026-09-04 11:28:13,,,,,,,,,
TXN003821,823.55,Authentication Failed,0.4478,DO_NOT_RETRY,DO_NOT_RETRY,Maximum retry limit reached.,0.05,False,SIMULATED,COMPLETED,2026-09-04 11:28:13,,,,,,,,,
TXN003825,930.98,Bank Timeout,0.6332,DO_NOT_RETRY,DO_NOT_RETRY,Maximum retry limit reached.,0.08,False,SIMULATED,COMPLETED,2026-09-04 11:28:13,,,,,,,,,
TXN003826,804.97,Insufficient Funds,0.5203,UPDATE_PAYMENT_METHOD,UPDATE_PAYMENT_METHOD,AI recommendation approved.,0.6,False,SIMULATED,COMPLETED,2026-09-04 11:28:13,,,,,,,,,
TXN003830,3559.47,Authentication Failed,0.412,DO_NOT_RETRY,DO_NOT_RETRY,Maximum retry limit reached.,0.05,False,SIMULATED,COMPLETED,2026-09-04 11:28:13,,,,,,,,,
TXN003834,1428.56,Insufficient Funds,0.3536,DO_NOT_RETRY,DO_NOT_RETRY,Maximum retry limit reached.,0.0,False,SIMULATED,COMPLETED,2026-09-04 11:28:13,,,,,,,,,
TXN003835,555.23,Authentication Failed,0.3397,DO_NOT_RETRY,DO_NOT_RETRY,Maximum retry limit reached.,0.05,False,SIMULATED,COMPLETED,2026-09-04 11:28:13,,,,,,,,,
TXN003841,3433.96,Authentication Failed,0.4808,DO_NOT_RETRY,DO_NOT_RETRY,Maximum retry limit reached.,0.05,False,SIMULATED,COMPLETED,2026-09-04 11:28:13,,,,,,,,,
TXN003842,990.96,Expired Card,0.0776,DO_NOT_RETRY,DO_NOT_RETRY,Maximum retry limit reached.,0.0,False,SIMULATED,COMPLETED,2026-09-04 11:28:13,,,,,,,,,
TXN003843,1428.75,Bank Timeout,0.6854,DO_NOT_RETRY,DO_NOT_RETRY,Maximum retry limit reached.,0.08,False,SIMULATED,COMPLETED,2026-09-04 11:28:13,,,,,,,,,
TXN003844,416.8,Bank Timeout,0.8229,DO_NOT_RETRY,DO_NOT_RETRY,Maximum retry limit reached.,0.08,False,SIMULATED,COMPLETED,2026-09-04 11:28:13,,,,,,,,,
TXN003846,301.67,Insufficient Funds,0.5404,UPDATE_PAYMENT_METHOD,UPDATE_PAYMENT_METHOD,AI recommendation approved.,0.6,True,SIMULATED,COMPLETED,2026-09-04 11:28:13,,,,,,,,,
TXN003850,890.89,Expired Card,0.0869,DO_NOT_RETRY,DO_NOT_RETRY,Maximum retry limit reached.,0.0,False,SIMULATED,COMPLETED,2026-09-04 11:28:13,,,,,,,,,
TXN003852,607.19,Bank Timeout,0.8223,RETRY_NOW,RETRY_NOW,AI recommendation approved.,0.78,True,SIMULATED,COMPLETED,2026-09-04 11:28:13,,,,,,,,,
TXN003859,2153.89,Bank Timeout,0.7084,DO_NOT_RETRY,DO_NOT_RETRY,Maximum retry limit reached.,0.08,False,SIMULATED,COMPLETED,2026-09-04 11:28:13,,,,,,,,,
TXN003862,1830.12,Bank Timeout,0.6086,RETRY_LATER,RETRY_LATER,AI recommendation approved.,0.83,False,SIMULATED,COMPLETED,2026-09-04 11:28:13,,,,,,,,,
TXN003865,4743.81,Expired Card,0.2717,UPDATE_PAYMENT_METHOD,UPDATE_PAYMENT_METHOD,Expired card requires a new payment method.,0.4,True,SIMULATED,COMPLETED,2026-09-04 11:28:13,,,,,,,,,
TXN003866,1627.1,Network Error,0.5227,DO_NOT_RETRY,DO_NOT_RETRY,Maximum retry limit reached.,0.1,False,SIMULATED,COMPLETED,2026-09-04 11:28:13,,,,,,,,,
TXN003868,1488.65,Expired Card,0.1847,DO_NOT_RETRY,DO_NOT_RETRY,Maximum retry limit reached.,0.0,False,SIMULATED,COMPLETED,2026-09-04 11:28:13,,,,,,,,,
TXN003872,1802.04,Bank Timeout,0.7868,RETRY_NOW,RETRY_NOW,AI recommendation approved.,0.78,False,SIMULATED,COMPLETED,2026-09-04 11:28:13,,,,,,,,,
TXN003874,782.07,Network Error,0.5452,DO_NOT_RETRY,DO_NOT_RETRY,Maximum retry limit reached.,0.1,False,SIMULATED,COMPLETED,2026-09-04 11:28:13,,,,,,,,,
TXN003875,270.05,Expired Card,0.1938,UPDATE_PAYMENT_METHOD,UPDATE_PAYMENT_METHOD,Expired card requires a new payment method.,0.4,False,SIMULATED,COMPLETED,2026-09-04 11:28:13,,,,,,,,,
TXN003876,2705.57,Bank Timeout,0.8052,DO_NOT_RETRY,DO_NOT_RETRY,Maximum retry limit reached.,0.08,False,SIMULATED,COMPLETED,2026-09-04 11:28:13,,,,,,,,,
TXN003877,794.1,Expired Card,0.3293,UPDATE_PAYMENT_METHOD,UPDATE_PAYMENT_METHOD,Expired card requires a new payment method.,0.4,False,SIMULATED,COMPLETED,2026-09-04 11:28:13,,,,,,,,,
TXN003878,3652.82,Expired Card,0.1461,DO_NOT_RETRY,DO_NOT_RETRY,Maximum retry limit reached.,0.0,False,SIMULATED,COMPLETED,2026-09-04 11:28:13,,,,,,,,,
TXN003887,1527.83,Expired Card,0.2526,UPDATE_PAYMENT_METHOD,UPDATE_PAYMENT_METHOD,Expired card requires a new payment method.,0.4,True,SIMULATED,COMPLETED,2026-09-04 11:28:13,,,,,,,,,
TXN003889,543.21,Expired Card,0.3761,UPDATE_PAYMENT_METHOD,UPDATE_PAYMENT_METHOD,Expired card requires a new payment method.,0.4,True,SIMULATED,COMPLETED,2026-09-04 11:28:13,,,,,,,,,
TXN003890,498.72,Expired Card,0.2418,UPDATE_PAYMENT_METHOD,UPDATE_PAYMENT_METHOD,Expired card requires a new payment method.,0.4,False,SIMULATED,COMPLETED,2026-09-04 11:28:13,,,,,,,,,
TXN003894,2180.98,Insufficient Funds,0.4044,DO_NOT_RETRY,DO_NOT_RETRY,Maximum retry limit reached.,0.0,False,SIMULATED,COMPLETED,2026-09-04 11:28:13,,,,,,,,,
TXN003897,927.11,Insufficient Funds,0.5251,DO_NOT_RETRY,DO_NOT_RETRY,Maximum retry limit reached.,0.0,False,SIMULATED,COMPLETED,2026-09-04 11:28:13,,,,,,,,,
TXN003898,1453.1,Authentication Failed,0.5107,ADDITIONAL_AUTHENTICATION,ADDITIONAL_AUTHENTICATION,Authentication must be completed before retrying.,0.7,True,SIMULATED,COMPLETED,2026-09-04 11:28:13,,,,,,,,,
TXN003899,1403.85,Expired Card,0.1002,DO_NOT_RETRY,DO_NOT_RETRY,Maximum retry limit reached.,0.0,False,SIMULATED,COMPLETED,2026-09-04 11:28:13,,,,,,,,,
TXN003901,3031.53,Expired Card,0.2344,DO_NOT_RETRY,DO_NOT_RETRY,Maximum retry limit reached.,0.0,False,SIMULATED,COMPLETED,2026-09-04 11:28:13,,,,,,,,,
TXN003902,844.16,Authentication Failed,0.4587,DO_NOT_RETRY,DO_NOT_RETRY,Maximum retry limit reached.,0.05,False,SIMULATED,COMPLETED,2026-09-04 11:28:13,,,,,,,,,
TXN003903,449.39,Authentication Failed,0.3129,DO_NOT_RETRY,DO_NOT_RETRY,Maximum retry limit reached.,0.05,True,SIMULATED,COMPLETED,2026-09-04 11:28:13,,,,,,,,,
TXN003904,1162.79,Expired Card,0.0711,DO_NOT_RETRY,DO_NOT_RETRY,Maximum retry limit reached.,0.0,False,SIMULATED,COMPLETED,2026-09-04 11:28:13,,,,,,,,,
TXN003911,680.06,Insufficient Funds,0.6172,UPDATE_PAYMENT_METHOD,UPDATE_PAYMENT_METHOD,AI recommendation approved.,0.6,False,SIMULATED,COMPLETED,2026-09-04 11:28:13,,,,,,,,,
TXN003912,1795.9,Authentication Failed,0.5319,ADDITIONAL_AUTHENTICATION,ADDITIONAL_AUTHENTICATION,Authentication must be completed before retrying.,0.7,True,SIMULATED,COMPLETED,2026-09-04 11:28:13,,,,,,,,,
TXN003921,485.61,Insufficient Funds,0.575,UPDATE_PAYMENT_METHOD,UPDATE_PAYMENT_METHOD,AI recommendation approved.,0.6,True,SIMULATED,COMPLETED,2026-09-04 11:28:13,,,,,,,,,
TXN003923,410.88,Insufficient Funds,0.4897,UPDATE_PAYMENT_METHOD,UPDATE_PAYMENT_METHOD,AI recommendation approved.,0.6,True,SIMULATED,COMPLETED,2026-09-04 11:28:13,,,,,,,,,
TXN003924,1513.4,Network Error,0.6692,RETRY_LATER,RETRY_LATER,AI recommendation approved.,0.85,True,SIMULATED,COMPLETED,2026-09-04 11:28:13,,,,,,,,,
TXN003928,2656.79,Expired Card,0.2586,UPDATE_PAYMENT_METHOD,UPDATE_PAYMENT_METHOD,Expired card requires a new payment method.,0.4,False,SIMULATED,COMPLETED,2026-09-04 11:28:13,,,,,,,,,
TXN003929,411.99,Insufficient Funds,0.4739,UPDATE_PAYMENT_METHOD,UPDATE_PAYMENT_METHOD,AI recommendation approved.,0.6,False,SIMULATED,COMPLETED,2026-09-04 11:28:13,,,,,,,,,
TXN003933,3406.97,Authentication Failed,0.3756,DO_NOT_RETRY,DO_NOT_RETRY,Maximum retry limit reached.,0.05,False,SIMULATED,COMPLETED,2026-09-04 11:28:13,,,,,,,,,
TXN003939,755.23,Network Error,0.7356,RETRY_NOW,RETRY_NOW,AI recommendation approved.,0.8,True,SIMULATED,COMPLETED,2026-09-04 11:28:13,,,,,,,,,
TXN003941,817.13,Network Error,0.6876,RETRY_LATER,RETRY_LATER,AI recommendation approved.,0.85,True,SIMULATED,COMPLETED,2026-09-04 11:28:13,,,,,,,,,
TXN003942,2024.22,Insufficient Funds,0.5348,UPDATE_PAYMENT_METHOD,UPDATE_PAYMENT_METHOD,AI recommendation approved.,0.6,True,SIMULATED,COMPLETED,2026-09-04 11:28:13,,,,,,,,,
TXN003946,4843.9,Network Error,0.7738,RETRY_NOW,RETRY_NOW,AI recommendation approved.,0.8,False,SIMULATED,COMPLETED,2026-09-04 11:28:13,,,,,,,,,
TXN003951,1832.62,Network Error,0.6418,DO_NOT_RETRY,DO_NOT_RETRY,Maximum retry limit reached.,0.1,False,SIMULATED,COMPLETED,2026-09-04 11:28:13,,,,,,,,,
TXN003952,807.16,Network Error,0.7613,RETRY_NOW,RETRY_NOW,AI recommendation approved.,0.8,True,SIMULATED,COMPLETED,2026-09-04 11:28:13,,,,,,,,,
TXN003954,119.84,Network Error,0.6248,DO_NOT_RETRY,DO_NOT_RETRY,Maximum retry limit reached.,0.1,False,SIMULATED,COMPLETED,2026-09-04 11:28:13,,,,,,,,,
TXN003959,3739.85,Network Error,0.8144,RETRY_NOW,RETRY_NOW,AI recommendation approved.,0.8,True,SIMULATED,COMPLETED,2026-09-04 11:28:13,,,,,,,,,
TXN003964,892.32,Expired Card,0.3383,UPDATE_PAYMENT_METHOD,UPDATE_PAYMENT_METHOD,Expired card requires a new payment method.,0.4,True,SIMULATED,COMPLETED,2026-09-04 11:28:13,,,,,,,,,
TXN003965,1097.92,Insufficient Funds,0.6271,UPDATE_PAYMENT_METHOD,UPDATE_PAYMENT_METHOD,AI recommendation approved.,0.6,False,SIMULATED,COMPLETED,2026-09-04 11:28:13,,,,,,,,,
TXN003966,232.7,Authentication Failed,0.5865,ADDITIONAL_AUTHENTICATION,ADDITIONAL_AUTHENTICATION,Authentication must be completed before retrying.,0.7,True,SIMULATED,COMPLETED,2026-09-04 11:28:13,,,,,,,,,
TXN003969,683.2,Network Error,0.7343,RETRY_NOW,RETRY_NOW,AI recommendation approved.,0.8,True,SIMULATED,COMPLETED,2026-09-04 11:28:13,,,,,,,,,
TXN003970,5267.46,Authentication Failed,0.4615,DO_NOT_RETRY,DO_NOT_RETRY,Maximum retry limit reached.,0.05,False,SIMULATED,COMPLETED,2026-09-04 11:28:13,,,,,,,,,
TXN003972,1745.71,Expired Card,0.1731,UPDATE_PAYMENT_METHOD,UPDATE_PAYMENT_METHOD,Expired card requires a new payment method.,0.4,True,SIMULATED,COMPLETED,2026-09-04 11:28:13,,,,,,,,,
TXN003973,6052.68,Insufficient Funds,0.5074,DO_NOT_RETRY,DO_NOT_RETRY,Maximum retry limit reached.,0.0,False,SIMULATED,COMPLETED,2026-09-04 11:28:13,,,,,,,,,
TXN003974,837.79,Authentication Failed,0.5002,ADDITIONAL_AUTHENTICATION,ADDITIONAL_AUTHENTICATION,Authentication must be completed before retrying.,0.7,True,SIMULATED,COMPLETED,2026-09-04 11:28:13,,,,,,,,,
TXN003976,5214.35,Network Error,0.6184,DO_NOT_RETRY,DO_NOT_RETRY,Maximum retry limit reached.,0.1,False,SIMULATED,COMPLETED,2026-09-04 11:28:13,,,,,,,,,
TXN003979,344.61,Network Error,0.7144,RETRY_NOW,RETRY_NOW,AI recommendation approved.,0.8,True,SIMULATED,COMPLETED,2026-09-04 11:28:13,,,,,,,,,
TXN003980,527.56,Bank Timeout,0.8213,RETRY_NOW,RETRY_NOW,AI recommendation approved.,0.78,True,SIMULATED,COMPLETED,2026-09-04 11:28:13,,,,,,,,,
TXN003982,1643.09,Insufficient Funds,0.5137,DO_NOT_RETRY,DO_NOT_RETRY,Maximum retry limit reached.,0.0,False,SIMULATED,COMPLETED,2026-09-04 11:28:13,,,,,,,,,
TXN003983,899.95,Insufficient Funds,0.4217,DO_NOT_RETRY,DO_NOT_RETRY,Maximum retry limit reached.,0.0,False,SIMULATED,COMPLETED,2026-09-04 11:28:13,,,,,,,,,
TXN003984,444.2,Expired Card,0.1099,DO_NOT_RETRY,DO_NOT_RETRY,Maximum retry limit reached.,0.0,False,SIMULATED,COMPLETED,2026-09-04 11:28:13,,,,,,,,,
TXN003985,969.91,Insufficient Funds,0.4804,DO_NOT_RETRY,DO_NOT_RETRY,Maximum retry limit reached.,0.0,False,SIMULATED,COMPLETED,2026-09-04 11:28:13,,,,,,,,,
TXN003987,1799.22,Network Error,0.7749,RETRY_NOW,RETRY_NOW,AI recommendation approved.,0.8,True,SIMULATED,COMPLETED,2026-09-04 11:28:13,,,,,,,,,
TXN003991,1584.0,Authentication Failed,0.4158,ADDITIONAL_AUTHENTICATION,ADDITIONAL_AUTHENTICATION,Authentication must be completed before retrying.,0.7,True,SIMULATED,COMPLETED,2026-09-04 11:28:13,,,,,,,,,
TXN003992,2277.62,Authentication Failed,0.4509,ADDITIONAL_AUTHENTICATION,ADDITIONAL_AUTHENTICATION,Authentication must be completed before retrying.,0.7,True,SIMULATED,COMPLETED,2026-09-04 11:28:13,,,,,,,,,
TXN003994,1441.85,Bank Timeout,0.7299,DO_NOT_RETRY,DO_NOT_RETRY,Maximum retry limit reached.,0.08,False,SIMULATED,COMPLETED,2026-09-04 11:28:13,,,,,,,,,
TXN003998,1003.58,Network Error,0.4721,DO_NOT_RETRY,DO_NOT_RETRY,Maximum retry limit reached.,0.1,True,SIMULATED,COMPLETED,2026-09-04 11:28:13,,,,,,,,,
TXN004000,3214.5,Bank Timeout,0.7473,DO_NOT_RETRY,DO_NOT_RETRY,Maximum retry limit reached.,0.08,False,SIMULATED,COMPLETED,2026-09-04 11:28:13,,,,,,,,,
TXN004003,5404.36,Bank Timeout,0.4817,DO_NOT_RETRY,DO_NOT_RETRY,Maximum retry limit reached.,0.08,False,SIMULATED,COMPLETED,2026-09-04 11:28:13,,,,,,,,,
TXN004004,1564.96,Bank Timeout,0.8328,RETRY_NOW,RETRY_NOW,AI recommendation approved.,0.78,False,SIMULATED,COMPLETED,2026-09-04 11:28:13,,,,,,,,,
TXN004011,1028.2,Expired Card,0.2301,UPDATE_PAYMENT_METHOD,UPDATE_PAYMENT_METHOD,Expired card requires a new payment method.,0.4,True,SIMULATED,COMPLETED,2026-09-04 11:28:13,,,,,,,,,
TXN004016,162.26,Insufficient Funds,0.467,DO_NOT_RETRY,DO_NOT_RETRY,Maximum retry limit reached.,0.0,False,SIMULATED,COMPLETED,2026-09-04 11:28:13,,,,,,,,,
TXN004017,878.23,Insufficient Funds,0.46,DO_NOT_RETRY,DO_NOT_RETRY,Maximum retry limit reached.,0.0,False,SIMULATED,COMPLETED,2026-09-04 11:28:13,,,,,,,,,
TXN004020,462.1,Network Error,0.6576,RETRY_LATER,RETRY_LATER,AI recommendation approved.,0.85,True,SIMULATED,COMPLETED,2026-09-04 11:28:13,,,,,,,,,
TXN004025,1771.12,Bank Timeout,0.8428,RETRY_NOW,RETRY_NOW,AI recommendation approved.,0.78,False,SIMULATED,COMPLETED,2026-09-04 11:28:13,,,,,,,,,
TXN004026,1266.75,Network Error,0.771,RETRY_NOW,RETRY_NOW,AI recommendation approved.,0.8,False,SIMULATED,COMPLETED,2026-09-04 11:28:13,,,,,,,,,
TXN004031,3170.56,Bank Timeout,0.8709,RETRY_NOW,RETRY_NOW,AI recommendation approved.,0.78,False,SIMULATED,COMPLETED,2026-09-04 11:28:13,,,,,,,,,
TXN004032,128.45,Network Error,0.6114,DO_NOT_RETRY,DO_NOT_RETRY,Maximum retry limit reached.,0.1,False,SIMULATED,COMPLETED,2026-09-04 11:28:13,,,,,,,,,
TXN004033,1672.09,Insufficient Funds,0.5696,UPDATE_PAYMENT_METHOD,UPDATE_PAYMENT_METHOD,AI recommendation approved.,0.6,True,SIMULATED,COMPLETED,2026-09-04 11:28:13,,,,,,,,,
TXN004034,813.11,Authentication Failed,0.3598,DO_NOT_RETRY,DO_NOT_RETRY,Maximum retry limit reached.,0.05,False,SIMULATED,COMPLETED,2026-09-04 11:28:13,,,,,,,,,
TXN004036,192.83,Insufficient Funds,0.5169,DO_NOT_RETRY,DO_NOT_RETRY,Maximum retry limit reached.,0.0,False,SIMULATED,COMPLETED,2026-09-04 11:28:13,,,,,,,,,
TXN004039,845.06,Insufficient Funds,0.5404,DO_NOT_RETRY,DO_NOT_RETRY,Maximum retry limit reached.,0.0,False,SIMULATED,COMPLETED,2026-09-04 11:28:13,,,,,,,,,
TXN004044,2303.75,Insufficient Funds,0.537,DO_NOT_RETRY,DO_NOT_RETRY,Maximum retry limit reached.,0.0,False,SIMULATED,COMPLETED,2026-09-04 11:28:13,,,,,,,,,
TXN004051,749.65,Bank Timeout,0.7613,RETRY_NOW,RETRY_NOW,AI recommendation approved.,0.78,True,SIMULATED,COMPLETED,2026-09-04 11:28:13,,,,,,,,,
TXN004055,1440.85,Authentication Failed,0.5,DO_NOT_RETRY,DO_NOT_RETRY,Maximum retry limit reached.,0.05,False,SIMULATED,COMPLETED,2026-09-04 11:28:13,,,,,,,,,
TXN004059,412.32,Authentication Failed,0.4694,ADDITIONAL_AUTHENTICATION,ADDITIONAL_AUTHENTICATION,Authentication must be completed before retrying.,0.7,False,SIMULATED,COMPLETED,2026-09-04 11:28:13,,,,,,,,,
TXN004061,2162.09,Bank Timeout,0.876,RETRY_NOW,RETRY_NOW,AI recommendation approved.,0.78,False,SIMULATED,COMPLETED,2026-09-04 11:28:13,,,,,,,,,
TXN004073,1271.32,Authentication Failed,0.5367,ADDITIONAL_AUTHENTICATION,ADDITIONAL_AUTHENTICATION,Authentication must be completed before retrying.,0.7,True,SIMULATED,COMPLETED,2026-09-04 11:28:13,,,,,,,,,
TXN004074,899.35,Network Error,0.7049,RETRY_NOW,RETRY_NOW,AI recommendation approved.,0.8,False,SIMULATED,COMPLETED,2026-09-04 11:28:13,,,,,,,,,
TXN004075,783.78,Authentication Failed,0.4898,ADDITIONAL_AUTHENTICATION,ADDITIONAL_AUTHENTICATION,Authentication must be completed before retrying.,0.7,True,SIMULATED,COMPLETED,2026-09-04 11:28:13,,,,,,,,,
TXN004078,778.67,Bank Timeout,0.7703,RETRY_NOW,RETRY_NOW,AI recommendation approved.,0.78,True,SIMULATED,COMPLETED,2026-09-04 11:28:13,,,,,,,,,
TXN004080,505.63,Authentication Failed,0.5882,ADDITIONAL_AUTHENTICATION,ADDITIONAL_AUTHENTICATION,Authentication must be completed before retrying.,0.7,True,SIMULATED,COMPLETED,2026-09-04 11:28:13,,,,,,,,,
TXN004082,1232.03,Expired Card,0.1477,DO_NOT_RETRY,DO_NOT_RETRY,Maximum retry limit reached.,0.0,False,SIMULATED,COMPLETED,2026-09-04 11:28:13,,,,,,,,,
TXN004084,995.86,Expired Card,0.0989,DO_NOT_RETRY,DO_NOT_RETRY,Maximum retry limit reached.,0.0,False,SIMULATED,COMPLETED,2026-09-04 11:28:13,,,,,,,,,
TXN004089,1583.84,Authentication Failed,0.4071,ADDITIONAL_AUTHENTICATION,ADDITIONAL_AUTHENTICATION,Authentication must be completed before retrying.,0.7,True,SIMULATED,COMPLETED,2026-09-04 11:28:13,,,,,,,,,
TXN004092,2267.16,Insufficient Funds,0.6055,UPDATE_PAYMENT_METHOD,UPDATE_PAYMENT_METHOD,AI recommendation approved.,0.6,False,SIMULATED,COMPLETED,2026-09-04 11:28:13,,,,,,,,,
TXN004093,513.25,Network Error,0.785,DO_NOT_RETRY,DO_NOT_RETRY,Maximum retry limit reached.,0.1,True,SIMULATED,COMPLETED,2026-09-04 11:28:13,,,,,,,,,
TXN004096,841.74,Authentication Failed,0.3949,ADDITIONAL_AUTHENTICATION,ADDITIONAL_AUTHENTICATION,Authentication must be completed before retrying.,0.7,True,SIMULATED,COMPLETED,2026-09-04 11:28:13,,,,,,,,,
TXN004098,964.99,Bank Timeout,0.7941,DO_NOT_RETRY,DO_NOT_RETRY,Maximum retry limit reached.,0.08,False,SIMULATED,COMPLETED,2026-09-04 11:28:13,,,,,,,,,
TXN004100,102.17,Expired Card,0.2564,UPDATE_PAYMENT_METHOD,UPDATE_PAYMENT_METHOD,Expired card requires a new payment method.,0.4,True,SIMULATED,COMPLETED,2026-09-04 11:28:13,,,,,,,,,
TXN004102,5901.78,Bank Timeout,0.6854,RETRY_LATER,RETRY_LATER,AI recommendation approved.,0.83,True,SIMULATED,COMPLETED,2026-09-04 11:28:13,,,,,,,,,
TXN004109,1014.27,Insufficient Funds,0.4358,DO_NOT_RETRY,DO_NOT_RETRY,Maximum retry limit reached.,0.0,False,SIMULATED,COMPLETED,2026-09-04 11:28:13,,,,,,,,,
TXN004111,207.65,Bank Timeout,0.6594,DO_NOT_RETRY,DO_NOT_RETRY,Maximum retry limit reached.,0.08,False,SIMULATED,COMPLETED,2026-09-04 11:28:13,,,,,,,,,
TXN004112,1370.84,Insufficient Funds,0.6954,UPDATE_PAYMENT_METHOD,UPDATE_PAYMENT_METHOD,AI recommendation approved.,0.6,True,SIMULATED,COMPLETED,2026-09-04 11:28:13,,,,,,,,,
TXN004116,666.92,Authentication Failed,0.3839,DO_NOT_RETRY,DO_NOT_RETRY,Maximum retry limit reached.,0.05,False,SIMULATED,COMPLETED,2026-09-04 11:28:13,,,,,,,,,
TXN004120,3788.99,Bank Timeout,0.8299,DO_NOT_RETRY,DO_NOT_RETRY,Maximum retry limit reached.,0.08,False,SIMULATED,COMPLETED,2026-09-04 11:28:13,,,,,,,,,
TXN004122,2723.85,Insufficient Funds,0.5381,UPDATE_PAYMENT_METHOD,UPDATE_PAYMENT_METHOD,AI recommendation approved.,0.6,True,SIMULATED,COMPLETED,2026-09-04 11:28:13,,,,,,,,,
TXN004123,1475.63,Insufficient Funds,0.5538,DO_NOT_RETRY,DO_NOT_RETRY,Maximum retry limit reached.,0.0,False,SIMULATED,COMPLETED,2026-09-04 11:28:13,,,,,,,,,
TXN004124,609.12,Insufficient Funds,0.4268,DO_NOT_RETRY,DO_NOT_RETRY,Maximum retry limit reached.,0.0,False,SIMULATED,COMPLETED,2026-09-04 11:28:13,,,,,,,,,
TXN004131,411.4,Network Error,0.7331,RETRY_NOW,RETRY_NOW,AI recommendation approved.,0.8,True,SIMULATED,COMPLETED,2026-09-04 11:28:13,,,,,,,,,
TXN004132,1221.51,Bank Timeout,0.6527,DO_NOT_RETRY,DO_NOT_RETRY,Maximum retry limit reached.,0.08,False,SIMULATED,COMPLETED,2026-09-04 11:28:13,,,,,,,,,
TXN004134,1785.02,Authentication Failed,0.4793,ADDITIONAL_AUTHENTICATION,ADDITIONAL_AUTHENTICATION,Authentication must be completed before retrying.,0.7,True,SIMULATED,COMPLETED,2026-09-04 11:28:13,,,,,,,,,
TXN004140,12759.12,Network Error,0.7699,RETRY_NOW,RETRY_NOW,AI recommendation approved.,0.8,True,SIMULATED,COMPLETED,2026-09-04 11:28:13,,,,,,,,,
TXN004144,1593.48,Authentication Failed,0.4526,DO_NOT_RETRY,DO_NOT_RETRY,Maximum retry limit reached.,0.05,False,SIMULATED,COMPLETED,2026-09-04 11:28:13,,,,,,,,,
TXN004145,535.16,Authentication Failed,0.5587,DO_NOT_RETRY,DO_NOT_RETRY,Maximum retry limit reached.,0.05,False,SIMULATED,COMPLETED,2026-09-04 11:28:13,,,,,,,,,
TXN004147,441.82,Bank Timeout,0.7361,DO_NOT_RETRY,DO_NOT_RETRY,Maximum retry limit reached.,0.08,False,SIMULATED,COMPLETED,2026-09-04 11:28:13,,,,,,,,,
TXN004153,338.79,Network Error,0.5758,DO_NOT_RETRY,DO_NOT_RETRY,Maximum retry limit reached.,0.1,False,SIMULATED,COMPLETED,2026-09-04 11:28:13,,,,,,,,,
TXN004154,1066.1,Insufficient Funds,0.4997,DO_NOT_RETRY,DO_NOT_RETRY,Maximum retry limit reached.,0.0,False,SIMULATED,COMPLETED,2026-09-04 11:28:13,,,,,,,,,
TXN004160,1573.65,Authentication Failed,0.5355,ADDITIONAL_AUTHENTICATION,ADDITIONAL_AUTHENTICATION,Authentication must be completed before retrying.,0.7,True,SIMULATED,COMPLETED,2026-09-04 11:28:13,,,,,,,,,
TXN004162,2116.54,Expired Card,0.1263,DO_NOT_RETRY,DO_NOT_RETRY,Maximum retry limit reached.,0.0,False,SIMULATED,COMPLETED,2026-09-04 11:28:13,,,,,,,,,
TXN004164,565.25,Expired Card,0.1064,DO_NOT_RETRY,DO_NOT_RETRY,Maximum retry limit reached.,0.0,False,SIMULATED,COMPLETED,2026-09-04 11:28:13,,,,,,,,,
TXN004178,938.99,Authentication Failed,0.3849,DO_NOT_RETRY,DO_NOT_RETRY,Maximum retry limit reached.,0.05,False,SIMULATED,COMPLETED,2026-09-04 11:28:13,,,,,,,,,
TXN004179,820.79,Expired Card,0.1776,DO_NOT_RETRY,DO_NOT_RETRY,Maximum retry limit reached.,0.0,False,SIMULATED,COMPLETED,2026-09-04 11:28:13,,,,,,,,,
TXN004182,1169.45,Network Error,0.6341,DO_NOT_RETRY,DO_NOT_RETRY,Maximum retry limit reached.,0.1,False,SIMULATED,COMPLETED,2026-09-04 11:28:13,,,,,,,,,
TXN004184,485.64,Expired Card,0.1563,UPDATE_PAYMENT_METHOD,UPDATE_PAYMENT_METHOD,Expired card requires a new payment method.,0.4,True,SIMULATED,COMPLETED,2026-09-04 11:28:13,,,,,,,,,
TXN004191,984.38,Authentication Failed,0.4748,ADDITIONAL_AUTHENTICATION,ADDITIONAL_AUTHENTICATION,Authentication must be completed before retrying.,0.7,True,SIMULATED,COMPLETED,2026-09-04 11:28:13,,,,,,,,,
TXN004193,1648.68,Network Error,0.7853,RETRY_NOW,RETRY_NOW,AI recommendation approved.,0.8,True,SIMULATED,COMPLETED,2026-09-04 11:28:13,,,,,,,,,
TXN004194,2397.22,Bank Timeout,0.8257,RETRY_NOW,RETRY_NOW,AI recommendation approved.,0.78,True,SIMULATED,COMPLETED,2026-09-04 11:28:13,,,,,,,,,
TXN004205,446.5,Insufficient Funds,0.5186,DO_NOT_RETRY,DO_NOT_RETRY,Maximum retry limit reached.,0.0,False,SIMULATED,COMPLETED,2026-09-04 11:28:13,,,,,,,,,
TXN004207,794.85,Bank Timeout,0.8262,RETRY_NOW,RETRY_NOW,AI recommendation approved.,0.78,True,SIMULATED,COMPLETED,2026-09-04 11:28:13,,,,,,,,,
TXN004212,2865.2,Insufficient Funds,0.6207,UPDATE_PAYMENT_METHOD,UPDATE_PAYMENT_METHOD,AI recommendation approved.,0.6,False,SIMULATED,COMPLETED,2026-09-04 11:28:13,,,,,,,,,
TXN004215,1353.05,Authentication Failed,0.5723,ADDITIONAL_AUTHENTICATION,ADDITIONAL_AUTHENTICATION,Authentication must be completed before retrying.,0.7,True,SIMULATED,COMPLETED,2026-09-04 11:28:13,,,,,,,,,
TXN004216,343.77,Network Error,0.5058,DO_NOT_RETRY,DO_NOT_RETRY,Maximum retry limit reached.,0.1,False,SIMULATED,COMPLETED,2026-09-04 11:28:13,,,,,,,,,
TXN004220,862.0,Network Error,0.7042,RETRY_NOW,RETRY_NOW,AI recommendation approved.,0.8,True,SIMULATED,COMPLETED,2026-09-04 11:28:13,,,,,,,,,
TXN004225,2498.68,Insufficient Funds,0.4886,DO_NOT_RETRY,DO_NOT_RETRY,Maximum retry limit reached.,0.0,False,SIMULATED,COMPLETED,2026-09-04 11:28:13,,,,,,,,,
TXN004228,514.37,Expired Card,0.0976,DO_NOT_RETRY,DO_NOT_RETRY,Maximum retry limit reached.,0.0,False,SIMULATED,COMPLETED,2026-09-04 11:28:13,,,,,,,,,
TXN004229,313.3,Authentication Failed,0.5359,DO_NOT_RETRY,DO_NOT_RETRY,Maximum retry limit reached.,0.05,False,SIMULATED,COMPLETED,2026-09-04 11:28:13,,,,,,,,,
TXN004230,8678.75,Bank Timeout,0.7499,DO_NOT_RETRY,DO_NOT_RETRY,Maximum retry limit reached.,0.08,False,SIMULATED,COMPLETED,2026-09-04 11:28:13,,,,,,,,,
TXN004236,709.91,Insufficient Funds,0.483,DO_NOT_RETRY,DO_NOT_RETRY,Maximum retry limit reached.,0.0,False,SIMULATED,COMPLETED,2026-09-04 11:28:13,,,,,,,,,
TXN004247,691.18,Bank Timeout,0.7473,RETRY_NOW,RETRY_NOW,AI recommendation approved.,0.78,True,SIMULATED,COMPLETED,2026-09-04 11:28:13,,,,,,,,,
TXN004249,555.14,Insufficient Funds,0.4221,UPDATE_PAYMENT_METHOD,UPDATE_PAYMENT_METHOD,AI recommendation approved.,0.6,False,SIMULATED,COMPLETED,2026-09-04 11:28:13,,,,,,,,,
TXN004250,1636.96,Expired Card,0.062,DO_NOT_RETRY,DO_NOT_RETRY,Maximum retry limit reached.,0.0,False,SIMULATED,COMPLETED,2026-09-04 11:28:13,,,,,,,,,
TXN004251,3326.91,Bank Timeout,0.7744,RETRY_NOW,RETRY_NOW,AI recommendation approved.,0.78,True,SIMULATED,COMPLETED,2026-09-04 11:28:13,,,,,,,,,
TXN004256,1960.25,Authentication Failed,0.3778,ADDITIONAL_AUTHENTICATION,ADDITIONAL_AUTHENTICATION,Authentication must be completed before retrying.,0.7,False,SIMULATED,COMPLETED,2026-09-04 11:28:13,,,,,,,,,
TXN004257,1301.96,Network Error,0.7519,RETRY_NOW,RETRY_NOW,AI recommendation approved.,0.8,False,SIMULATED,COMPLETED,2026-09-04 11:28:13,,,,,,,,,
TXN004263,296.42,Authentication Failed,0.4918,DO_NOT_RETRY,DO_NOT_RETRY,Maximum retry limit reached.,0.05,True,SIMULATED,COMPLETED,2026-09-04 11:28:13,,,,,,,,,
TXN004269,1302.88,Bank Timeout,0.8415,RETRY_NOW,RETRY_NOW,AI recommendation approved.,0.78,True,SIMULATED,COMPLETED,2026-09-04 11:28:13,,,,,,,,,
TXN004275,5259.27,Expired Card,0.2064,UPDATE_PAYMENT_METHOD,UPDATE_PAYMENT_METHOD,Expired card requires a new payment method.,0.4,False,SIMULATED,COMPLETED,2026-09-04 11:28:13,,,,,,,,,
TXN004280,1234.92,Authentication Failed,0.5484,DO_NOT_RETRY,DO_NOT_RETRY,Maximum retry limit reached.,0.05,False,SIMULATED,COMPLETED,2026-09-04 11:28:13,,,,,,,,,
TXN004283,1193.75,Insufficient Funds,0.4839,DO_NOT_RETRY,DO_NOT_RETRY,Maximum retry limit reached.,0.0,False,SIMULATED,COMPLETED,2026-09-04 11:28:13,,,,,,,,,
TXN004296,1362.37,Insufficient Funds,0.5101,UPDATE_PAYMENT_METHOD,UPDATE_PAYMENT_METHOD,AI recommendation approved.,0.6,False,SIMULATED,COMPLETED,2026-09-04 11:28:13,,,,,,,,,
TXN004297,647.57,Expired Card,0.1589,UPDATE_PAYMENT_METHOD,UPDATE_PAYMENT_METHOD,Expired card requires a new payment method.,0.4,True,SIMULATED,COMPLETED,2026-09-04 11:28:13,,,,,,,,,
TXN004301,1448.62,Bank Timeout,0.5069,DO_NOT_RETRY,DO_NOT_RETRY,Maximum retry limit reached.,0.08,False,SIMULATED,COMPLETED,2026-09-04 11:28:13,,,,,,,,,
TXN004302,1405.39,Network Error,0.6481,DO_NOT_RETRY,DO_NOT_RETRY,Maximum retry limit reached.,0.1,False,SIMULATED,COMPLETED,2026-09-04 11:28:13,,,,,,,,,
TXN004303,279.59,Authentication Failed,0.4818,DO_NOT_RETRY,DO_NOT_RETRY,Maximum retry limit reached.,0.05,False,SIMULATED,COMPLETED,2026-09-04 11:28:13,,,,,,,,,
TXN004307,674.81,Expired Card,0.1314,DO_NOT_RETRY,DO_NOT_RETRY,Maximum retry limit reached.,0.0,False,SIMULATED,COMPLETED,2026-09-04 11:28:13,,,,,,,,,
TXN004309,881.92,Insufficient Funds,0.4386,DO_NOT_RETRY,DO_NOT_RETRY,Maximum retry limit reached.,0.0,False,SIMULATED,COMPLETED,2026-09-04 11:28:13,,,,,,,,,
TXN004311,2450.25,Expired Card,0.138,UPDATE_PAYMENT_METHOD,UPDATE_PAYMENT_METHOD,Expired card requires a new payment method.,0.4,False,SIMULATED,COMPLETED,2026-09-04 11:28:13,,,,,,,,,
TXN004314,1124.06,Expired Card,0.2078,UPDATE_PAYMENT_METHOD,UPDATE_PAYMENT_METHOD,Expired card requires a new payment method.,0.4,True,SIMULATED,COMPLETED,2026-09-04 11:28:13,,,,,,,,,
TXN004316,388.49,Authentication Failed,0.4305,ADDITIONAL_AUTHENTICATION,ADDITIONAL_AUTHENTICATION,Authentication must be completed before retrying.,0.7,True,SIMULATED,COMPLETED,2026-09-04 11:28:13,,,,,,,,,
TXN004318,2168.79,Authentication Failed,0.424,ADDITIONAL_AUTHENTICATION,ADDITIONAL_AUTHENTICATION,Authentication must be completed before retrying.,0.7,True,SIMULATED,COMPLETED,2026-09-04 11:28:13,,,,,,,,,
TXN004319,230.93,Network Error,0.7555,RETRY_NOW,RETRY_NOW,AI recommendation approved.,0.8,True,SIMULATED,COMPLETED,2026-09-04 11:28:13,,,,,,,,,
TXN004322,2246.52,Network Error,0.7758,RETRY_NOW,RETRY_NOW,AI recommendation approved.,0.8,True,SIMULATED,COMPLETED,2026-09-04 11:28:13,,,,,,,,,
TXN004329,840.66,Expired Card,0.1696,UPDATE_PAYMENT_METHOD,UPDATE_PAYMENT_METHOD,Expired card requires a new payment method.,0.4,False,SIMULATED,COMPLETED,2026-09-04 11:28:13,,,,,,,,,
TXN004331,3738.07,Authentication Failed,0.6441,ADDITIONAL_AUTHENTICATION,ADDITIONAL_AUTHENTICATION,Authentication must be completed before retrying.,0.7,True,SIMULATED,COMPLETED,2026-09-04 11:28:13,,,,,,,,,
TXN004337,4056.22,Expired Card,0.1333,DO_NOT_RETRY,DO_NOT_RETRY,Maximum retry limit reached.,0.0,False,SIMULATED,COMPLETED,2026-09-04 11:28:13,,,,,,,,,
TXN004342,305.32,Insufficient Funds,0.321,DO_NOT_RETRY,DO_NOT_RETRY,Maximum retry limit reached.,0.0,False,SIMULATED,COMPLETED,2026-09-04 11:28:13,,,,,,,,,
TXN004343,818.42,Authentication Failed,0.4493,ADDITIONAL_AUTHENTICATION,ADDITIONAL_AUTHENTICATION,Authentication must be completed before retrying.,0.7,False,SIMULATED,COMPLETED,2026-09-04 11:28:13,,,,,,,,,
TXN004345,2273.37,Authentication Failed,0.486,ADDITIONAL_AUTHENTICATION,ADDITIONAL_AUTHENTICATION,Authentication must be completed before retrying.,0.7,True,SIMULATED,COMPLETED,2026-09-04 11:28:13,,,,,,,,,
TXN004347,806.95,Insufficient Funds,0.3974,UPDATE_PAYMENT_METHOD,UPDATE_PAYMENT_METHOD,AI recommendation approved.,0.6,True,SIMULATED,COMPLETED,2026-09-04 11:28:13,,,,,,,,,
TXN004349,672.22,Authentication Failed,0.4907,DO_NOT_RETRY,DO_NOT_RETRY,Maximum retry limit reached.,0.05,False,SIMULATED,COMPLETED,2026-09-04 11:28:13,,,,,,,,,
TXN004350,343.91,Authentication Failed,0.522,ADDITIONAL_AUTHENTICATION,ADDITIONAL_AUTHENTICATION,Authentication must be completed before retrying.,0.7,True,SIMULATED,COMPLETED,2026-09-04 11:28:13,,,,,,,,,
TXN004353,1233.49,Expired Card,0.1735,UPDATE_PAYMENT_METHOD,UPDATE_PAYMENT_METHOD,Expired card requires a new payment method.,0.4,True,SIMULATED,COMPLETED,2026-09-04 11:28:13,,,,,,,,,
TXN004355,1998.1,Network Error,0.6482,DO_NOT_RETRY,DO_NOT_RETRY,Maximum retry limit reached.,0.1,False,SIMULATED,COMPLETED,2026-09-04 11:28:13,,,,,,,,,
TXN004356,284.43,Bank Timeout,0.7692,RETRY_NOW,RETRY_NOW,AI recommendation approved.,0.78,True,SIMULATED,COMPLETED,2026-09-04 11:28:13,,,,,,,,,
TXN004357,1982.94,Authentication Failed,0.5375,ADDITIONAL_AUTHENTICATION,ADDITIONAL_AUTHENTICATION,Authentication must be completed before retrying.,0.7,True,SIMULATED,COMPLETED,2026-09-04 11:28:13,,,,,,,,,
TXN004358,1874.14,Bank Timeout,0.8292,DO_NOT_RETRY,DO_NOT_RETRY,Maximum retry limit reached.,0.08,False,SIMULATED,COMPLETED,2026-09-04 11:28:13,,,,,,,,,
TXN004361,1030.88,Authentication Failed,0.3617,DO_NOT_RETRY,DO_NOT_RETRY,Maximum retry limit reached.,0.05,False,SIMULATED,COMPLETED,2026-09-04 11:28:13,,,,,,,,,
TXN004362,7328.84,Expired Card,0.1197,UPDATE_PAYMENT_METHOD,UPDATE_PAYMENT_METHOD,Expired card requires a new payment method.,0.4,False,SIMULATED,COMPLETED,2026-09-04 11:28:13,,,,,,,,,
TXN004365,3191.92,Network Error,0.7025,RETRY_NOW,RETRY_NOW,AI recommendation approved.,0.8,True,SIMULATED,COMPLETED,2026-09-04 11:28:13,,,,,,,,,
TXN004369,1206.24,Authentication Failed,0.3932,DO_NOT_RETRY,DO_NOT_RETRY,Maximum retry limit reached.,0.05,False,SIMULATED,COMPLETED,2026-09-04 11:28:13,,,,,,,,,
TXN004373,712.27,Insufficient Funds,0.5416,UPDATE_PAYMENT_METHOD,UPDATE_PAYMENT_METHOD,AI recommendation approved.,0.6,False,SIMULATED,COMPLETED,2026-09-04 11:28:13,,,,,,,,,
TXN004374,1259.48,Insufficient Funds,0.6001,UPDATE_PAYMENT_METHOD,UPDATE_PAYMENT_METHOD,AI recommendation approved.,0.6,False,SIMULATED,COMPLETED,2026-09-04 11:28:13,,,,,,,,,
TXN004375,412.8,Network Error,0.788,RETRY_NOW,RETRY_NOW,AI recommendation approved.,0.8,True,SIMULATED,COMPLETED,2026-09-04 11:28:13,,,,,,,,,
TXN004381,865.18,Network Error,0.7842,DO_NOT_RETRY,DO_NOT_RETRY,Maximum retry limit reached.,0.1,False,SIMULATED,COMPLETED,2026-09-04 11:28:13,,,,,,,,,
TXN004382,1179.08,Bank Timeout,0.5533,DO_NOT_RETRY,DO_NOT_RETRY,Maximum retry limit reached.,0.08,False,SIMULATED,COMPLETED,2026-09-04 11:28:13,,,,,,,,,
TXN004385,357.23,Expired Card,0.366,UPDATE_PAYMENT_METHOD,UPDATE_PAYMENT_METHOD,Expired card requires a new payment method.,0.4,False,SIMULATED,COMPLETED,2026-09-04 11:28:13,,,,,,,,,
TXN004388,1055.05,Network Error,0.6024,DO_NOT_RETRY,DO_NOT_RETRY,Maximum retry limit reached.,0.1,True,SIMULATED,COMPLETED,2026-09-04 11:28:13,,,,,,,,,
TXN004391,2793.66,Expired Card,0.2723,UPDATE_PAYMENT_METHOD,UPDATE_PAYMENT_METHOD,Expired card requires a new payment method.,0.4,False,SIMULATED,COMPLETED,2026-09-04 11:28:13,,,,,,,,,
TXN004393,1452.26,Network Error,0.6557,DO_NOT_RETRY,DO_NOT_RETRY,Maximum retry limit reached.,0.1,False,SIMULATED,COMPLETED,2026-09-04 11:28:13,,,,,,,,,
TXN004394,3297.72,Authentication Failed,0.6097,ADDITIONAL_AUTHENTICATION,ADDITIONAL_AUTHENTICATION,Authentication must be completed before retrying.,0.7,True,SIMULATED,COMPLETED,2026-09-04 11:28:13,,,,,,,,,
TXN004395,525.17,Bank Timeout,0.5528,DO_NOT_RETRY,DO_NOT_RETRY,Maximum retry limit reached.,0.08,False,SIMULATED,COMPLETED,2026-09-04 11:28:13,,,,,,,,,
TXN004398,1090.3,Insufficient Funds,0.5542,DO_NOT_RETRY,DO_NOT_RETRY,Maximum retry limit reached.,0.0,False,SIMULATED,COMPLETED,2026-09-04 11:28:13,,,,,,,,,
TXN004402,485.72,Network Error,0.6002,DO_NOT_RETRY,DO_NOT_RETRY,Maximum retry limit reached.,0.1,False,SIMULATED,COMPLETED,2026-09-04 11:28:13,,,,,,,,,
TXN004403,780.87,Expired Card,0.1729,UPDATE_PAYMENT_METHOD,UPDATE_PAYMENT_METHOD,Expired card requires a new payment method.,0.4,False,SIMULATED,COMPLETED,2026-09-04 11:28:13,,,,,,,,,
TXN004404,1064.62,Network Error,0.6505,DO_NOT_RETRY,DO_NOT_RETRY,Maximum retry limit reached.,0.1,False,SIMULATED,COMPLETED,2026-09-04 11:28:13,,,,,,,,,
TXN004409,1257.5,Expired Card,0.2508,UPDATE_PAYMENT_METHOD,UPDATE_PAYMENT_METHOD,Expired card requires a new payment method.,0.4,True,SIMULATED,COMPLETED,2026-09-04 11:28:13,,,,,,,,,
TXN004412,321.59,Bank Timeout,0.6515,RETRY_LATER,RETRY_LATER,AI recommendation approved.,0.83,False,SIMULATED,COMPLETED,2026-09-04 11:28:13,,,,,,,,,
TXN004413,592.19,Insufficient Funds,0.6426,UPDATE_PAYMENT_METHOD,UPDATE_PAYMENT_METHOD,AI recommendation approved.,0.6,False,SIMULATED,COMPLETED,2026-09-04 11:28:13,,,,,,,,,
TXN004414,544.33,Expired Card,0.3908,UPDATE_PAYMENT_METHOD,UPDATE_PAYMENT_METHOD,Expired card requires a new payment method.,0.4,True,SIMULATED,COMPLETED,2026-09-04 11:28:13,,,,,,,,,
TXN004418,1387.45,Insufficient Funds,0.5241,DO_NOT_RETRY,DO_NOT_RETRY,Maximum retry limit reached.,0.0,False,SIMULATED,COMPLETED,2026-09-04 11:28:13,,,,,,,,,
TXN004420,1089.89,Authentication Failed,0.2984,DO_NOT_RETRY,DO_NOT_RETRY,Maximum retry limit reached.,0.05,False,SIMULATED,COMPLETED,2026-09-04 11:28:13,,,,,,,,,
TXN004421,1036.31,Network Error,0.7632,RETRY_NOW,RETRY_NOW,AI recommendation approved.,0.8,True,SIMULATED,COMPLETED,2026-09-04 11:28:13,,,,,,,,,
TXN004423,287.84,Insufficient Funds,0.5324,UPDATE_PAYMENT_METHOD,UPDATE_PAYMENT_METHOD,AI recommendation approved.,0.6,False,SIMULATED,COMPLETED,2026-09-04 11:28:13,,,,,,,,,
TXN004426,5532.27,Bank Timeout,0.8037,RETRY_NOW,RETRY_NOW,AI recommendation approved.,0.78,True,SIMULATED,COMPLETED,2026-09-04 11:28:13,,,,,,,,,
TXN004428,801.88,Network Error,0.8333,RETRY_NOW,RETRY_NOW,AI recommendation approved.,0.8,True,SIMULATED,COMPLETED,2026-09-04 11:28:13,,,,,,,,,
TXN004434,1196.87,Expired Card,0.1914,UPDATE_PAYMENT_METHOD,UPDATE_PAYMENT_METHOD,Expired card requires a new payment method.,0.4,False,SIMULATED,COMPLETED,2026-09-04 11:28:13,,,,,,,,,
TXN004440,1717.47,Authentication Failed,0.3359,DO_NOT_RETRY,DO_NOT_RETRY,Maximum retry limit reached.,0.05,False,SIMULATED,COMPLETED,2026-09-04 11:28:13,,,,,,,,,
TXN004442,325.32,Bank Timeout,0.6841,DO_NOT_RETRY,DO_NOT_RETRY,Maximum retry limit reached.,0.08,False,SIMULATED,COMPLETED,2026-09-04 11:28:13,,,,,,,,,
TXN004445,5132.85,Authentication Failed,0.4663,ADDITIONAL_AUTHENTICATION,ADDITIONAL_AUTHENTICATION,Authentication must be completed before retrying.,0.7,True,SIMULATED,COMPLETED,2026-09-04 11:28:13,,,,,,,,,
TXN004451,541.67,Expired Card,0.3175,UPDATE_PAYMENT_METHOD,UPDATE_PAYMENT_METHOD,Expired card requires a new payment method.,0.4,False,SIMULATED,COMPLETED,2026-09-04 11:28:13,,,,,,,,,
TXN004456,1795.64,Expired Card,0.142,UPDATE_PAYMENT_METHOD,UPDATE_PAYMENT_METHOD,Expired card requires a new payment method.,0.4,True,SIMULATED,COMPLETED,2026-09-04 11:28:13,,,,,,,,,
TXN004457,984.52,Network Error,0.658,DO_NOT_RETRY,DO_NOT_RETRY,Maximum retry limit reached.,0.1,False,SIMULATED,COMPLETED,2026-09-04 11:28:13,,,,,,,,,
TXN004458,1040.28,Network Error,0.8143,RETRY_NOW,RETRY_NOW,AI recommendation approved.,0.8,True,SIMULATED,COMPLETED,2026-09-04 11:28:13,,,,,,,,,
TXN004460,1165.18,Expired Card,0.2647,UPDATE_PAYMENT_METHOD,UPDATE_PAYMENT_METHOD,Expired card requires a new payment method.,0.4,True,SIMULATED,COMPLETED,2026-09-04 11:28:13,,,,,,,,,
TXN004467,2801.25,Insufficient Funds,0.6062,UPDATE_PAYMENT_METHOD,UPDATE_PAYMENT_METHOD,AI recommendation approved.,0.6,False,SIMULATED,COMPLETED,2026-09-04 11:28:13,,,,,,,,,
TXN004469,841.72,Network Error,0.777,RETRY_NOW,RETRY_NOW,AI recommendation approved.,0.8,False,SIMULATED,COMPLETED,2026-09-04 11:28:13,,,,,,,,,
TXN004476,2194.54,Authentication Failed,0.5383,ADDITIONAL_AUTHENTICATION,ADDITIONAL_AUTHENTICATION,Authentication must be completed before retrying.,0.7,False,SIMULATED,COMPLETED,2026-09-04 11:28:13,,,,,,,,,
TXN004484,287.13,Authentication Failed,0.4845,DO_NOT_RETRY,DO_NOT_RETRY,Maximum retry limit reached.,0.05,False,SIMULATED,COMPLETED,2026-09-04 11:28:13,,,,,,,,,
TXN004489,348.48,Network Error,0.5751,DO_NOT_RETRY,DO_NOT_RETRY,Maximum retry limit reached.,0.1,False,SIMULATED,COMPLETED,2026-09-04 11:28:13,,,,,,,,,
TXN004491,622.5,Network Error,0.6001,DO_NOT_RETRY,DO_NOT_RETRY,Maximum retry limit reached.,0.1,False,SIMULATED,COMPLETED,2026-09-04 11:28:13,,,,,,,,,
TXN004498,1415.25,Expired Card,0.2215,UPDATE_PAYMENT_METHOD,UPDATE_PAYMENT_METHOD,Expired card requires a new payment method.,0.4,True,SIMULATED,COMPLETED,2026-09-04 11:28:13,,,,,,,,,
TXN004499,254.36,Insufficient Funds,0.461,UPDATE_PAYMENT_METHOD,UPDATE_PAYMENT_METHOD,AI recommendation approved.,0.6,False,SIMULATED,COMPLETED,2026-09-04 11:28:13,,,,,,,,,
TXN004506,833.98,Insufficient Funds,0.6566,UPDATE_PAYMENT_METHOD,UPDATE_PAYMENT_METHOD,AI recommendation approved.,0.6,True,SIMULATED,COMPLETED,2026-09-04 11:28:13,,,,,,,,,
TXN004509,552.87,Authentication Failed,0.3618,DO_NOT_RETRY,DO_NOT_RETRY,Maximum retry limit reached.,0.05,False,SIMULATED,COMPLETED,2026-09-04 11:28:13,,,,,,,,,
TXN004510,943.96,Bank Timeout,0.8147,DO_NOT_RETRY,DO_NOT_RETRY,Maximum retry limit reached.,0.08,False,SIMULATED,COMPLETED,2026-09-04 11:28:13,,,,,,,,,
TXN004515,2939.3,Expired Card,0.1366,DO_NOT_RETRY,DO_NOT_RETRY,Maximum retry limit reached.,0.0,False,SIMULATED,COMPLETED,2026-09-04 11:28:13,,,,,,,,,
TXN004520,678.96,Authentication Failed,0.3642,DO_NOT_RETRY,DO_NOT_RETRY,Maximum retry limit reached.,0.05,False,SIMULATED,COMPLETED,2026-09-04 11:28:13,,,,,,,,,
TXN004524,349.3,Insufficient Funds,0.5157,DO_NOT_RETRY,DO_NOT_RETRY,Maximum retry limit reached.,0.0,False,SIMULATED,COMPLETED,2026-09-04 11:28:13,,,,,,,,,
TXN004525,1948.33,Network Error,0.7637,RETRY_NOW,RETRY_NOW,AI recommendation approved.,0.8,False,SIMULATED,COMPLETED,2026-09-04 11:28:13,,,,,,,,,
TXN004529,1332.0,Insufficient Funds,0.6663,UPDATE_PAYMENT_METHOD,UPDATE_PAYMENT_METHOD,AI recommendation approved.,0.6,False,SIMULATED,COMPLETED,2026-09-04 11:28:13,,,,,,,,,
TXN004536,2153.48,Expired Card,0.2228,UPDATE_PAYMENT_METHOD,UPDATE_PAYMENT_METHOD,Expired card requires a new payment method.,0.4,True,SIMULATED,COMPLETED,2026-09-04 11:28:13,,,,,,,,,
TXN004537,1113.76,Authentication Failed,0.3862,DO_NOT_RETRY,DO_NOT_RETRY,Maximum retry limit reached.,0.05,False,SIMULATED,COMPLETED,2026-09-04 11:28:13,,,,,,,,,
TXN004541,403.86,Expired Card,0.2467,UPDATE_PAYMENT_METHOD,UPDATE_PAYMENT_METHOD,Expired card requires a new payment method.,0.4,True,SIMULATED,COMPLETED,2026-09-04 11:28:13,,,,,,,,,
TXN004543,567.54,Bank Timeout,0.8274,RETRY_NOW,RETRY_NOW,AI recommendation approved.,0.78,True,SIMULATED,COMPLETED,2026-09-04 11:28:13,,,,,,,,,
TXN004546,623.04,Expired Card,0.2459,DO_NOT_RETRY,DO_NOT_RETRY,Maximum retry limit reached.,0.0,False,SIMULATED,COMPLETED,2026-09-04 11:28:13,,,,,,,,,
TXN004547,429.14,Authentication Failed,0.3535,DO_NOT_RETRY,DO_NOT_RETRY,Maximum retry limit reached.,0.05,False,SIMULATED,COMPLETED,2026-09-04 11:28:13,,,,,,,,,
TXN004548,3114.49,Insufficient Funds,0.5899,UPDATE_PAYMENT_METHOD,UPDATE_PAYMENT_METHOD,AI recommendation approved.,0.6,False,SIMULATED,COMPLETED,2026-09-04 11:28:13,,,,,,,,,
TXN004549,111.32,Expired Card,0.2982,UPDATE_PAYMENT_METHOD,UPDATE_PAYMENT_METHOD,Expired card requires a new payment method.,0.4,False,SIMULATED,COMPLETED,2026-09-04 11:28:13,,,,,,,,,
TXN004552,184.24,Insufficient Funds,0.5832,UPDATE_PAYMENT_METHOD,UPDATE_PAYMENT_METHOD,AI recommendation approved.,0.6,True,SIMULATED,COMPLETED,2026-09-04 11:28:13,,,,,,,,,
TXN004559,419.03,Bank Timeout,0.7489,DO_NOT_RETRY,DO_NOT_RETRY,Maximum retry limit reached.,0.08,False,SIMULATED,COMPLETED,2026-09-04 11:28:13,,,,,,,,,
TXN004560,5967.1,Authentication Failed,0.49,DO_NOT_RETRY,DO_NOT_RETRY,Maximum retry limit reached.,0.05,False,SIMULATED,COMPLETED,2026-09-04 11:28:13,,,,,,,,,
TXN004563,640.94,Expired Card,0.2248,UPDATE_PAYMENT_METHOD,UPDATE_PAYMENT_METHOD,Expired card requires a new payment method.,0.4,True,SIMULATED,COMPLETED,2026-09-04 11:28:13,,,,,,,,,
TXN004565,944.2,Bank Timeout,0.8323,RETRY_NOW,RETRY_NOW,AI recommendation approved.,0.78,True,SIMULATED,COMPLETED,2026-09-04 11:28:13,,,,,,,,,
TXN004566,2134.36,Insufficient Funds,0.6343,UPDATE_PAYMENT_METHOD,UPDATE_PAYMENT_METHOD,AI recommendation approved.,0.6,True,SIMULATED,COMPLETED,2026-09-04 11:28:13,,,,,,,,,
TXN004569,1668.76,Network Error,0.6667,DO_NOT_RETRY,DO_NOT_RETRY,Maximum retry limit reached.,0.1,False,SIMULATED,COMPLETED,2026-09-04 11:28:13,,,,,,,,,
TXN004574,257.28,Authentication Failed,0.5353,ADDITIONAL_AUTHENTICATION,ADDITIONAL_AUTHENTICATION,Authentication must be completed before retrying.,0.7,False,SIMULATED,COMPLETED,2026-09-04 11:28:13,,,,,,,,,
TXN004577,302.23,Authentication Failed,0.485,DO_NOT_RETRY,DO_NOT_RETRY,Maximum retry limit reached.,0.05,False,SIMULATED,COMPLETED,2026-09-04 11:28:13,,,,,,,,,
TXN004578,525.36,Authentication Failed,0.3801,DO_NOT_RETRY,DO_NOT_RETRY,Maximum retry limit reached.,0.05,False,SIMULATED,COMPLETED,2026-09-04 11:28:13,,,,,,,,,
TXN004580,493.63,Network Error,0.5666,DO_NOT_RETRY,DO_NOT_RETRY,Maximum retry limit reached.,0.1,False,SIMULATED,COMPLETED,2026-09-04 11:28:13,,,,,,,,,
TXN004593,1084.71,Bank Timeout,0.4834,DO_NOT_RETRY,DO_NOT_RETRY,Maximum retry limit reached.,0.08,False,SIMULATED,COMPLETED,2026-09-04 11:28:13,,,,,,,,,
TXN004604,1682.04,Insufficient Funds,0.6945,UPDATE_PAYMENT_METHOD,UPDATE_PAYMENT_METHOD,AI recommendation approved.,0.6,False,SIMULATED,COMPLETED,2026-09-04 11:28:13,,,,,,,,,
TXN004607,3536.86,Insufficient Funds,0.5834,UPDATE_PAYMENT_METHOD,UPDATE_PAYMENT_METHOD,AI recommendation approved.,0.6,True,SIMULATED,COMPLETED,2026-09-04 11:28:13,,,,,,,,,
TXN004611,1460.69,Expired Card,0.079,DO_NOT_RETRY,DO_NOT_RETRY,Maximum retry limit reached.,0.0,False,SIMULATED,COMPLETED,2026-09-04 11:28:13,,,,,,,,,
TXN004612,199.75,Authentication Failed,0.424,DO_NOT_RETRY,DO_NOT_RETRY,Maximum retry limit reached.,0.05,True,SIMULATED,COMPLETED,2026-09-04 11:28:13,,,,,,,,,
TXN004618,1075.18,Authentication Failed,0.507,ADDITIONAL_AUTHENTICATION,ADDITIONAL_AUTHENTICATION,Authentication must be completed before retrying.,0.7,False,SIMULATED,COMPLETED,2026-09-04 11:28:13,,,,,,,,,
TXN004621,514.72,Insufficient Funds,0.438,DO_NOT_RETRY,DO_NOT_RETRY,Maximum retry limit reached.,0.0,False,SIMULATED,COMPLETED,2026-09-04 11:28:13,,,,,,,,,
TXN004623,1126.48,Insufficient Funds,0.4449,DO_NOT_RETRY,DO_NOT_RETRY,Maximum retry limit reached.,0.0,False,SIMULATED,COMPLETED,2026-09-04 11:28:13,,,,,,,,,
TXN004629,4964.9,Authentication Failed,0.4988,DO_NOT_RETRY,DO_NOT_RETRY,Maximum retry limit reached.,0.05,False,SIMULATED,COMPLETED,2026-09-04 11:28:13,,,,,,,,,
TXN004633,505.52,Insufficient Funds,0.499,UPDATE_PAYMENT_METHOD,UPDATE_PAYMENT_METHOD,AI recommendation approved.,0.6,True,SIMULATED,COMPLETED,2026-09-04 11:28:13,,,,,,,,,
TXN004636,912.84,Bank Timeout,0.5806,DO_NOT_RETRY,DO_NOT_RETRY,Maximum retry limit reached.,0.08,True,SIMULATED,COMPLETED,2026-09-04 11:28:13,,,,,,,,,
TXN004644,1798.61,Expired Card,0.1113,UPDATE_PAYMENT_METHOD,UPDATE_PAYMENT_METHOD,Expired card requires a new payment method.,0.4,False,SIMULATED,COMPLETED,2026-09-04 11:28:13,,,,,,,,,
TXN004645,7803.2,Insufficient Funds,0.4519,UPDATE_PAYMENT_METHOD,UPDATE_PAYMENT_METHOD,AI recommendation approved.,0.6,False,SIMULATED,COMPLETED,2026-09-04 11:28:13,,,,,,,,,
TXN004649,1216.95,Insufficient Funds,0.5792,UPDATE_PAYMENT_METHOD,UPDATE_PAYMENT_METHOD,AI recommendation approved.,0.6,True,SIMULATED,COMPLETED,2026-09-04 11:28:13,,,,,,,,,
TXN004653,1137.34,Bank Timeout,0.6827,RETRY_LATER,RETRY_LATER,AI recommendation approved.,0.83,True,SIMULATED,COMPLETED,2026-09-04 11:28:13,,,,,,,,,
TXN004655,686.06,Authentication Failed,0.3968,ADDITIONAL_AUTHENTICATION,ADDITIONAL_AUTHENTICATION,Authentication must be completed before retrying.,0.7,True,SIMULATED,COMPLETED,2026-09-04 11:28:13,,,,,,,,,
TXN004660,2141.43,Network Error,0.6935,RETRY_LATER,RETRY_LATER,AI recommendation approved.,0.85,True,SIMULATED,COMPLETED,2026-09-04 11:28:13,,,,,,,,,
TXN004664,1185.02,Network Error,0.6753,DO_NOT_RETRY,DO_NOT_RETRY,Maximum retry limit reached.,0.1,False,SIMULATED,COMPLETED,2026-09-04 11:28:13,,,,,,,,,
TXN004670,1372.51,Expired Card,0.1581,DO_NOT_RETRY,DO_NOT_RETRY,Maximum retry limit reached.,0.0,False,SIMULATED,COMPLETED,2026-09-04 11:28:13,,,,,,,,,
TXN004671,3206.91,Expired Card,0.1282,DO_NOT_RETRY,DO_NOT_RETRY,Maximum retry limit reached.,0.0,False,SIMULATED,COMPLETED,2026-09-04 11:28:13,,,,,,,,,
TXN004673,1244.46,Bank Timeout,0.4692,DO_NOT_RETRY,DO_NOT_RETRY,Maximum retry limit reached.,0.08,False,SIMULATED,COMPLETED,2026-09-04 11:28:13,,,,,,,,,
TXN004674,596.31,Bank Timeout,0.8161,RETRY_NOW,RETRY_NOW,AI recommendation approved.,0.78,True,SIMULATED,COMPLETED,2026-09-04 11:28:13,,,,,,,,,
TXN004676,2026.33,Insufficient Funds,0.5205,UPDATE_PAYMENT_METHOD,UPDATE_PAYMENT_METHOD,AI recommendation approved.,0.6,True,SIMULATED,COMPLETED,2026-09-04 11:28:13,,,,,,,,,
TXN004679,461.59,Authentication Failed,0.5126,DO_NOT_RETRY,DO_NOT_RETRY,Maximum retry limit reached.,0.05,False,SIMULATED,COMPLETED,2026-09-04 11:28:13,,,,,,,,,
TXN004683,2732.47,Insufficient Funds,0.5132,DO_NOT_RETRY,DO_NOT_RETRY,Maximum retry limit reached.,0.0,False,SIMULATED,COMPLETED,2026-09-04 11:28:13,,,,,,,,,
TXN004685,7089.91,Authentication Failed,0.4282,DO_NOT_RETRY,DO_NOT_RETRY,Maximum retry limit reached.,0.05,False,SIMULATED,COMPLETED,2026-09-04 11:28:13,,,,,,,,,
TXN004690,1500.51,Insufficient Funds,0.5697,UPDATE_PAYMENT_METHOD,UPDATE_PAYMENT_METHOD,AI recommendation approved.,0.6,True,SIMULATED,COMPLETED,2026-09-04 11:28:13,,,,,,,,,
TXN004695,700.45,Bank Timeout,0.7812,DO_NOT_RETRY,DO_NOT_RETRY,Maximum retry limit reached.,0.08,False,SIMULATED,COMPLETED,2026-09-04 11:28:13,,,,,,,,,
TXN004700,612.03,Network Error,0.6288,DO_NOT_RETRY,DO_NOT_RETRY,Maximum retry limit reached.,0.1,False,SIMULATED,COMPLETED,2026-09-04 11:28:13,,,,,,,,,
TXN004701,328.32,Bank Timeout,0.8298,RETRY_NOW,RETRY_NOW,AI recommendation approved.,0.78,False,SIMULATED,COMPLETED,2026-09-04 11:28:13,,,,,,,,,
TXN004702,2424.75,Bank Timeout,0.8766,RETRY_NOW,RETRY_NOW,AI recommendation approved.,0.78,False,SIMULATED,COMPLETED,2026-09-04 11:28:13,,,,,,,,,
TXN004703,1135.04,Expired Card,0.1622,DO_NOT_RETRY,DO_NOT_RETRY,Maximum retry limit reached.,0.0,False,SIMULATED,COMPLETED,2026-09-04 11:28:13,,,,,,,,,
TXN004711,2052.67,Expired Card,0.1341,DO_NOT_RETRY,DO_NOT_RETRY,Maximum retry limit reached.,0.0,False,SIMULATED,COMPLETED,2026-09-04 11:28:13,,,,,,,,,
TXN004716,2804.76,Insufficient Funds,0.6167,UPDATE_PAYMENT_METHOD,UPDATE_PAYMENT_METHOD,AI recommendation approved.,0.6,True,SIMULATED,COMPLETED,2026-09-04 11:28:13,,,,,,,,,
TXN004717,1748.79,Bank Timeout,0.8069,DO_NOT_RETRY,DO_NOT_RETRY,Maximum retry limit reached.,0.08,False,SIMULATED,COMPLETED,2026-09-04 11:28:13,,,,,,,,,
TXN004718,844.12,Bank Timeout,0.835,RETRY_NOW,RETRY_NOW,AI recommendation approved.,0.78,False,SIMULATED,COMPLETED,2026-09-04 11:28:13,,,,,,,,,
TXN004732,640.39,Bank Timeout,0.725,DO_NOT_RETRY,DO_NOT_RETRY,Maximum retry limit reached.,0.08,False,SIMULATED,COMPLETED,2026-09-04 11:28:13,,,,,,,,,
TXN004736,572.21,Bank Timeout,0.5925,DO_NOT_RETRY,DO_NOT_RETRY,Maximum retry limit reached.,0.08,True,SIMULATED,COMPLETED,2026-09-04 11:28:13,,,,,,,,,
TXN004747,1287.72,Authentication Failed,0.5111,ADDITIONAL_AUTHENTICATION,ADDITIONAL_AUTHENTICATION,Authentication must be completed before retrying.,0.7,True,SIMULATED,COMPLETED,2026-09-04 11:28:13,,,,,,,,,
TXN004748,286.93,Authentication Failed,0.5514,DO_NOT_RETRY,DO_NOT_RETRY,Maximum retry limit reached.,0.05,False,SIMULATED,COMPLETED,2026-09-04 11:28:13,,,,,,,,,
TXN004749,1133.92,Insufficient Funds,0.6098,UPDATE_PAYMENT_METHOD,UPDATE_PAYMENT_METHOD,AI recommendation approved.,0.6,False,SIMULATED,COMPLETED,2026-09-04 11:28:13,,,,,,,,,
TXN004755,446.61,Network Error,0.6851,DO_NOT_RETRY,DO_NOT_RETRY,Maximum retry limit reached.,0.1,False,SIMULATED,COMPLETED,2026-09-04 11:28:13,,,,,,,,,
TXN004756,4164.03,Network Error,0.6717,DO_NOT_RETRY,DO_NOT_RETRY,Maximum retry limit reached.,0.1,False,SIMULATED,COMPLETED,2026-09-04 11:28:13,,,,,,,,,
TXN004759,3048.18,Bank Timeout,0.7632,DO_NOT_RETRY,DO_NOT_RETRY,Maximum retry limit reached.,0.08,False,SIMULATED,COMPLETED,2026-09-04 11:28:13,,,,,,,,,
TXN004778,722.09,Bank Timeout,0.6417,DO_NOT_RETRY,DO_NOT_RETRY,Maximum retry limit reached.,0.08,False,SIMULATED,COMPLETED,2026-09-04 11:28:13,,,,,,,,,
TXN004783,1951.16,Authentication Failed,0.3788,DO_NOT_RETRY,DO_NOT_RETRY,Maximum retry limit reached.,0.05,False,SIMULATED,COMPLETED,2026-09-04 11:28:13,,,,,,,,,
TXN004786,854.83,Insufficient Funds,0.6177,UPDATE_PAYMENT_METHOD,UPDATE_PAYMENT_METHOD,AI recommendation approved.,0.6,True,SIMULATED,COMPLETED,2026-09-04 11:28:13,,,,,,,,,
TXN004787,1253.38,Insufficient Funds,0.6484,UPDATE_PAYMENT_METHOD,UPDATE_PAYMENT_METHOD,AI recommendation approved.,0.6,True,SIMULATED,COMPLETED,2026-09-04 11:28:13,,,,,,,,,
TXN004792,1841.33,Network Error,0.6945,DO_NOT_RETRY,DO_NOT_RETRY,Maximum retry limit reached.,0.1,False,SIMULATED,COMPLETED,2026-09-04 11:28:13,,,,,,,,,
TXN004805,1116.17,Expired Card,0.1538,UPDATE_PAYMENT_METHOD,UPDATE_PAYMENT_METHOD,Expired card requires a new payment method.,0.4,False,SIMULATED,COMPLETED,2026-09-04 11:28:13,,,,,,,,,
TXN004810,2893.05,Network Error,0.7976,RETRY_NOW,RETRY_NOW,AI recommendation approved.,0.8,True,SIMULATED,COMPLETED,2026-09-04 11:28:13,,,,,,,,,
TXN004811,1586.02,Insufficient Funds,0.4246,DO_NOT_RETRY,DO_NOT_RETRY,Maximum retry limit reached.,0.0,False,SIMULATED,COMPLETED,2026-09-04 11:28:13,,,,,,,,,
TXN004819,439.75,Network Error,0.5915,DO_NOT_RETRY,DO_NOT_RETRY,Maximum retry limit reached.,0.1,False,SIMULATED,COMPLETED,2026-09-04 11:28:13,,,,,,,,,
TXN004820,1488.18,Insufficient Funds,0.5702,UPDATE_PAYMENT_METHOD,UPDATE_PAYMENT_METHOD,AI recommendation approved.,0.6,False,SIMULATED,COMPLETED,2026-09-04 11:28:13,,,,,,,,,
TXN004821,2428.86,Insufficient Funds,0.4953,DO_NOT_RETRY,DO_NOT_RETRY,Maximum retry limit reached.,0.0,False,SIMULATED,COMPLETED,2026-09-04 11:28:13,,,,,,,,,
TXN004824,1389.86,Authentication Failed,0.4591,ADDITIONAL_AUTHENTICATION,ADDITIONAL_AUTHENTICATION,Authentication must be completed before retrying.,0.7,True,SIMULATED,COMPLETED,2026-09-04 11:28:13,,,,,,,,,
TXN004829,653.37,Bank Timeout,0.8063,RETRY_NOW,RETRY_NOW,AI recommendation approved.,0.78,True,SIMULATED,COMPLETED,2026-09-04 11:28:13,,,,,,,,,
TXN004831,851.7,Expired Card,0.3465,UPDATE_PAYMENT_METHOD,UPDATE_PAYMENT_METHOD,Expired card requires a new payment method.,0.4,True,SIMULATED,COMPLETED,2026-09-04 11:28:13,,,,,,,,,
TXN004837,1062.18,Expired Card,0.1132,DO_NOT_RETRY,DO_NOT_RETRY,Maximum retry limit reached.,0.0,False,SIMULATED,COMPLETED,2026-09-04 11:28:13,,,,,,,,,
TXN004841,610.64,Expired Card,0.4288,UPDATE_PAYMENT_METHOD,UPDATE_PAYMENT_METHOD,Expired card requires a new payment method.,0.4,False,SIMULATED,COMPLETED,2026-09-04 11:28:13,,,,,,,,,
TXN004844,169.04,Authentication Failed,0.4534,ADDITIONAL_AUTHENTICATION,ADDITIONAL_AUTHENTICATION,Authentication must be completed before retrying.,0.7,True,SIMULATED,COMPLETED,2026-09-04 11:28:13,,,,,,,,,
TXN004845,932.31,Network Error,0.6715,DO_NOT_RETRY,DO_NOT_RETRY,Maximum retry limit reached.,0.1,True,SIMULATED,COMPLETED,2026-09-04 11:28:13,,,,,,,,,
TXN004849,1822.75,Expired Card,0.1815,UPDATE_PAYMENT_METHOD,UPDATE_PAYMENT_METHOD,Expired card requires a new payment method.,0.4,False,SIMULATED,COMPLETED,2026-09-04 11:28:13,,,,,,,,,
TXN004851,593.78,Expired Card,0.1315,DO_NOT_RETRY,DO_NOT_RETRY,Maximum retry limit reached.,0.0,False,SIMULATED,COMPLETED,2026-09-04 11:28:13,,,,,,,,,
TXN004853,1866.84,Bank Timeout,0.8775,RETRY_NOW,RETRY_NOW,AI recommendation approved.,0.78,False,SIMULATED,COMPLETED,2026-09-04 11:28:13,,,,,,,,,
TXN004854,1133.18,Expired Card,0.1442,UPDATE_PAYMENT_METHOD,UPDATE_PAYMENT_METHOD,Expired card requires a new payment method.,0.4,True,SIMULATED,COMPLETED,2026-09-04 11:28:13,,,,,,,,,
TXN004866,5745.67,Expired Card,0.4156,UPDATE_PAYMENT_METHOD,UPDATE_PAYMENT_METHOD,Expired card requires a new payment method.,0.4,False,SIMULATED,COMPLETED,2026-09-04 11:28:13,,,,,,,,,
TXN004882,930.54,Network Error,0.7239,DO_NOT_RETRY,DO_NOT_RETRY,Maximum retry limit reached.,0.1,False,SIMULATED,COMPLETED,2026-09-04 11:28:13,,,,,,,,,
TXN004888,1248.59,Bank Timeout,0.7967,DO_NOT_RETRY,DO_NOT_RETRY,Maximum retry limit reached.,0.08,True,SIMULATED,COMPLETED,2026-09-04 11:28:13,,,,,,,,,
TXN004889,1216.29,Bank Timeout,0.7368,DO_NOT_RETRY,DO_NOT_RETRY,Maximum retry limit reached.,0.08,False,SIMULATED,COMPLETED,2026-09-04 11:28:13,,,,,,,,,
TXN004890,903.24,Authentication Failed,0.433,DO_NOT_RETRY,DO_NOT_RETRY,Maximum retry limit reached.,0.05,False,SIMULATED,COMPLETED,2026-09-04 11:28:13,,,,,,,,,
TXN004894,757.8,Bank Timeout,0.6881,RETRY_LATER,RETRY_LATER,AI recommendation approved.,0.83,True,SIMULATED,COMPLETED,2026-09-04 11:28:13,,,,,,,,,
TXN004895,630.13,Authentication Failed,0.4611,DO_NOT_RETRY,DO_NOT_RETRY,Maximum retry limit reached.,0.05,False,SIMULATED,COMPLETED,2026-09-04 11:28:13,,,,,,,,,
TXN004898,578.37,Network Error,0.4877,DO_NOT_RETRY,DO_NOT_RETRY,Maximum retry limit reached.,0.1,False,SIMULATED,COMPLETED,2026-09-04 11:28:13,,,,,,,,,
TXN004905,641.5,Insufficient Funds,0.5623,UPDATE_PAYMENT_METHOD,UPDATE_PAYMENT_METHOD,AI recommendation approved.,0.6,False,SIMULATED,COMPLETED,2026-09-04 11:28:13,,,,,,,,,
TXN004907,1269.77,Network Error,0.7181,RETRY_NOW,RETRY_NOW,AI recommendation approved.,0.8,True,SIMULATED,COMPLETED,2026-09-04 11:28:13,,,,,,,,,
TXN004908,261.77,Network Error,0.7615,RETRY_NOW,RETRY_NOW,AI recommendation approved.,0.8,True,SIMULATED,COMPLETED,2026-09-04 11:28:13,,,,,,,,,
TXN004912,721.63,Bank Timeout,0.7747,DO_NOT_RETRY,DO_NOT_RETRY,Maximum retry limit reached.,0.08,False,SIMULATED,COMPLETED,2026-09-04 11:28:13,,,,,,,,,
TXN004913,3547.17,Expired Card,0.1618,UPDATE_PAYMENT_METHOD,UPDATE_PAYMENT_METHOD,Expired card requires a new payment method.,0.4,False,SIMULATED,COMPLETED,2026-09-04 11:28:13,,,,,,,,,
TXN004914,11728.43,Expired Card,0.1815,UPDATE_PAYMENT_METHOD,UPDATE_PAYMENT_METHOD,Expired card requires a new payment method.,0.4,False,SIMULATED,COMPLETED,2026-09-04 11:28:13,,,,,,,,,
TXN004918,2410.98,Network Error,0.7641,RETRY_NOW,RETRY_NOW,AI recommendation approved.,0.8,True,SIMULATED,COMPLETED,2026-09-04 11:28:13,,,,,,,,,
TXN004930,805.57,Authentication Failed,0.3886,DO_NOT_RETRY,DO_NOT_RETRY,Maximum retry limit reached.,0.05,False,SIMULATED,COMPLETED,2026-09-04 11:28:13,,,,,,,,,
TXN004931,788.38,Network Error,0.7747,RETRY_NOW,RETRY_NOW,AI recommendation approved.,0.8,True,SIMULATED,COMPLETED,2026-09-04 11:28:13,,,,,,,,,
TXN004933,722.25,Authentication Failed,0.3103,DO_NOT_RETRY,DO_NOT_RETRY,Maximum retry limit reached.,0.05,False,SIMULATED,COMPLETED,2026-09-04 11:28:13,,,,,,,,,
TXN004936,2423.09,Insufficient Funds,0.6442,UPDATE_PAYMENT_METHOD,UPDATE_PAYMENT_METHOD,AI recommendation approved.,0.6,True,SIMULATED,COMPLETED,2026-09-04 11:28:13,,,,,,,,,
TXN004938,2495.66,Network Error,0.5021,DO_NOT_RETRY,DO_NOT_RETRY,Maximum retry limit reached.,0.1,False,SIMULATED,COMPLETED,2026-09-04 11:28:13,,,,,,,,,
TXN004941,426.66,Authentication Failed,0.4511,ADDITIONAL_AUTHENTICATION,ADDITIONAL_AUTHENTICATION,Authentication must be completed before retrying.,0.7,True,SIMULATED,COMPLETED,2026-09-04 11:28:13,,,,,,,,,
TXN004943,2156.68,Authentication Failed,0.3565,DO_NOT_RETRY,DO_NOT_RETRY,Maximum retry limit reached.,0.05,False,SIMULATED,COMPLETED,2026-09-04 11:28:13,,,,,,,,,
TXN004946,1248.98,Network Error,0.7873,RETRY_NOW,RETRY_NOW,AI recommendation approved.,0.8,False,SIMULATED,COMPLETED,2026-09-04 11:28:13,,,,,,,,,
TXN004947,1378.87,Bank Timeout,0.8702,RETRY_NOW,RETRY_NOW,AI recommendation approved.,0.78,False,SIMULATED,COMPLETED,2026-09-04 11:28:13,,,,,,,,,
TXN004949,1584.49,Bank Timeout,0.5862,DO_NOT_RETRY,DO_NOT_RETRY,Maximum retry limit reached.,0.08,False,SIMULATED,COMPLETED,2026-09-04 11:28:13,,,,,,,,,
TXN004953,496.84,Authentication Failed,0.5349,ADDITIONAL_AUTHENTICATION,ADDITIONAL_AUTHENTICATION,Authentication must be completed before retrying.,0.7,True,SIMULATED,COMPLETED,2026-09-04 11:28:13,,,,,,,,,
TXN004957,1989.92,Insufficient Funds,0.4939,DO_NOT_RETRY,DO_NOT_RETRY,Maximum retry limit reached.,0.0,False,SIMULATED,COMPLETED,2026-09-04 11:28:13,,,,,,,,,
TXN004958,448.73,Expired Card,0.1037,DO_NOT_RETRY,DO_NOT_RETRY,Maximum retry limit reached.,0.0,False,SIMULATED,COMPLETED,2026-09-04 11:28:13,,,,,,,,,
TXN004959,416.49,Insufficient Funds,0.3949,DO_NOT_RETRY,DO_NOT_RETRY,Maximum retry limit reached.,0.0,False,SIMULATED,COMPLETED,2026-09-04 11:28:13,,,,,,,,,
TXN004960,1915.85,Insufficient Funds,0.648,UPDATE_PAYMENT_METHOD,UPDATE_PAYMENT_METHOD,AI recommendation approved.,0.6,True,SIMULATED,COMPLETED,2026-09-04 11:28:13,,,,,,,,,
TXN004967,1886.16,Network Error,0.7815,RETRY_NOW,RETRY_NOW,AI recommendation approved.,0.8,False,SIMULATED,COMPLETED,2026-09-04 11:28:13,,,,,,,,,
TXN004968,1162.66,Insufficient Funds,0.6197,UPDATE_PAYMENT_METHOD,UPDATE_PAYMENT_METHOD,AI recommendation approved.,0.6,False,SIMULATED,COMPLETED,2026-09-04 11:28:13,,,,,,,,,
TXN004969,1220.46,Insufficient Funds,0.5861,UPDATE_PAYMENT_METHOD,UPDATE_PAYMENT_METHOD,AI recommendation approved.,0.6,False,SIMULATED,COMPLETED,2026-09-04 11:28:13,,,,,,,,,
TXN004971,1694.13,Authentication Failed,0.4342,ADDITIONAL_AUTHENTICATION,ADDITIONAL_AUTHENTICATION,Authentication must be completed before retrying.,0.7,True,SIMULATED,COMPLETED,2026-09-04 11:28:13,,,,,,,,,
TXN004973,1025.57,Insufficient Funds,0.4175,DO_NOT_RETRY,DO_NOT_RETRY,Maximum retry limit reached.,0.0,False,SIMULATED,COMPLETED,2026-09-04 11:28:13,,,,,,,,,
TXN004979,970.68,Insufficient Funds,0.6828,UPDATE_PAYMENT_METHOD,UPDATE_PAYMENT_METHOD,AI recommendation approved.,0.6,False,SIMULATED,COMPLETED,2026-09-04 11:28:13,,,,,,,,,
TXN004981,4763.46,Bank Timeout,0.818,RETRY_NOW,RETRY_NOW,AI recommendation approved.,0.78,True,SIMULATED,COMPLETED,2026-09-04 11:28:13,,,,,,,,,
TXN004986,1985.91,Insufficient Funds,0.5731,DO_NOT_RETRY,DO_NOT_RETRY,Maximum retry limit reached.,0.0,False,SIMULATED,COMPLETED,2026-09-04 11:28:13,,,,,,,,,
TXN004994,4635.4,Network Error,0.7809,RETRY_NOW,RETRY_NOW,AI recommendation approved.,0.8,True,SIMULATED,COMPLETED,2026-09-04 11:28:13,,,,,,,,,
TXN005001,358.0,Authentication Failed,0.4997,ADDITIONAL_AUTHENTICATION,ADDITIONAL_AUTHENTICATION,Authentication must be completed before retrying.,0.7,False,SIMULATED,COMPLETED,2026-09-04 11:28:13,,,,,,,,,
TXN005005,1582.49,Insufficient Funds,0.6227,UPDATE_PAYMENT_METHOD,UPDATE_PAYMENT_METHOD,AI recommendation approved.,0.6,True,SIMULATED,COMPLETED,2026-09-04 11:28:13,,,,,,,,,
TXN005010,4276.02,Network Error,0.6931,DO_NOT_RETRY,DO_NOT_RETRY,Maximum retry limit reached.,0.1,False,SIMULATED,COMPLETED,2026-09-04 11:28:13,,,,,,,,,
TXN005014,1873.55,Network Error,0.7708,DO_NOT_RETRY,DO_NOT_RETRY,Maximum retry limit reached.,0.1,False,SIMULATED,COMPLETED,2026-09-04 11:28:13,,,,,,,,,
TXN005022,2930.66,Expired Card,0.1704,UPDATE_PAYMENT_METHOD,UPDATE_PAYMENT_METHOD,Expired card requires a new payment method.,0.4,True,SIMULATED,COMPLETED,2026-09-04 11:28:13,,,,,,,,,
TXN005023,2237.58,Authentication Failed,0.4953,ADDITIONAL_AUTHENTICATION,ADDITIONAL_AUTHENTICATION,Authentication must be completed before retrying.,0.7,True,SIMULATED,COMPLETED,2026-09-04 11:28:13,,,,,,,,,
TXN005034,1352.2,Network Error,0.7566,RETRY_NOW,RETRY_NOW,AI recommendation approved.,0.8,False,SIMULATED,COMPLETED,2026-09-04 11:28:13,,,,,,,,,
TXN005036,1291.67,Expired Card,0.1743,DO_NOT_RETRY,DO_NOT_RETRY,Maximum retry limit reached.,0.0,False,SIMULATED,COMPLETED,2026-09-04 11:28:13,,,,,,,,,
TXN005037,1229.83,Insufficient Funds,0.4635,DO_NOT_RETRY,DO_NOT_RETRY,Maximum retry limit reached.,0.0,False,SIMULATED,COMPLETED,2026-09-04 11:28:13,,,,,,,,,
TXN005038,598.59,Bank Timeout,0.7576,DO_NOT_RETRY,DO_NOT_RETRY,Maximum retry limit reached.,0.08,False,SIMULATED,COMPLETED,2026-09-04 11:28:13,,,,,,,,,
TXN005039,433.71,Bank Timeout,0.5904,DO_NOT_RETRY,DO_NOT_RETRY,Maximum retry limit reached.,0.08,False,SIMULATED,COMPLETED,2026-09-04 11:28:13,,,,,,,,,
TXN005040,876.54,Bank Timeout,0.7416,DO_NOT_RETRY,DO_NOT_RETRY,Maximum retry limit reached.,0.08,False,SIMULATED,COMPLETED,2026-09-04 11:28:13,,,,,,,,,
TXN005050,465.72,Authentication Failed,0.3305,ADDITIONAL_AUTHENTICATION,ADDITIONAL_AUTHENTICATION,Authentication must be completed before retrying.,0.7,True,SIMULATED,COMPLETED,2026-09-04 11:28:13,,,,,,,,,
TXN005054,524.14,Expired Card,0.1263,UPDATE_PAYMENT_METHOD,UPDATE_PAYMENT_METHOD,Expired card requires a new payment method.,0.4,False,SIMULATED,COMPLETED,2026-09-04 11:28:13,,,,,,,,,
TXN005057,1135.13,Expired Card,0.0853,DO_NOT_RETRY,DO_NOT_RETRY,Maximum retry limit reached.,0.0,False,SIMULATED,COMPLETED,2026-09-04 11:28:13,,,,,,,,,
TXN005058,1396.25,Bank Timeout,0.8545,RETRY_NOW,RETRY_NOW,AI recommendation approved.,0.78,True,SIMULATED,COMPLETED,2026-09-04 11:28:13,,,,,,,,,
TXN005059,583.19,Bank Timeout,0.642,DO_NOT_RETRY,DO_NOT_RETRY,Maximum retry limit reached.,0.08,False,SIMULATED,COMPLETED,2026-09-04 11:28:13,,,,,,,,,
TXN005060,346.98,Authentication Failed,0.4564,DO_NOT_RETRY,DO_NOT_RETRY,Maximum retry limit reached.,0.05,False,SIMULATED,COMPLETED,2026-09-04 11:28:13,,,,,,,,,
TXN005063,3499.14,Insufficient Funds,0.5797,UPDATE_PAYMENT_METHOD,UPDATE_PAYMENT_METHOD,AI recommendation approved.,0.6,True,SIMULATED,COMPLETED,2026-09-04 11:28:13,,,,,,,,,
TXN005068,257.74,Expired Card,0.2429,DO_NOT_RETRY,DO_NOT_RETRY,Maximum retry limit reached.,0.0,False,SIMULATED,COMPLETED,2026-09-04 11:28:13,,,,,,,,,
TXN005070,664.34,Authentication Failed,0.4842,ADDITIONAL_AUTHENTICATION,ADDITIONAL_AUTHENTICATION,Authentication must be completed before retrying.,0.7,True,SIMULATED,COMPLETED,2026-09-04 11:28:13,,,,,,,,,
TXN005072,3441.93,Authentication Failed,0.4294,ADDITIONAL_AUTHENTICATION,ADDITIONAL_AUTHENTICATION,Authentication must be completed before retrying.,0.7,True,SIMULATED,COMPLETED,2026-09-04 11:28:13,,,,,,,,,
TXN005076,2726.09,Insufficient Funds,0.7032,RETRY_LATER,RETRY_LATER,AI recommendation approved.,0.75,True,SIMULATED,COMPLETED,2026-09-04 11:28:13,,,,,,,,,
TXN005077,2148.95,Insufficient Funds,0.6762,UPDATE_PAYMENT_METHOD,UPDATE_PAYMENT_METHOD,AI recommendation approved.,0.6,True,SIMULATED,COMPLETED,2026-09-04 11:28:13,,,,,,,,,
TXN005079,1222.98,Authentication Failed,0.4966,ADDITIONAL_AUTHENTICATION,ADDITIONAL_AUTHENTICATION,Authentication must be completed before retrying.,0.7,False,SIMULATED,COMPLETED,2026-09-04 11:28:13,,,,,,,,,
TXN005081,3021.88,Authentication Failed,0.5039,ADDITIONAL_AUTHENTICATION,ADDITIONAL_AUTHENTICATION,Authentication must be completed before retrying.,0.7,False,SIMULATED,COMPLETED,2026-09-04 11:28:13,,,,,,,,,
TXN005088,1736.54,Expired Card,0.1936,UPDATE_PAYMENT_METHOD,UPDATE_PAYMENT_METHOD,Expired card requires a new payment method.,0.4,False,SIMULATED,COMPLETED,2026-09-04 11:28:13,,,,,,,,,
TXN005090,916.08,Expired Card,0.1116,DO_NOT_RETRY,DO_NOT_RETRY,Maximum retry limit reached.,0.0,False,SIMULATED,COMPLETED,2026-09-04 11:28:13,,,,,,,,,
TXN005102,1625.31,Bank Timeout,0.8609,RETRY_NOW,RETRY_NOW,AI recommendation approved.,0.78,True,SIMULATED,COMPLETED,2026-09-04 11:28:13,,,,,,,,,
TXN005103,2129.06,Insufficient Funds,0.5679,DO_NOT_RETRY,DO_NOT_RETRY,Maximum retry limit reached.,0.0,False,SIMULATED,COMPLETED,2026-09-04 11:28:13,,,,,,,,,
TXN005113,1107.93,Authentication Failed,0.4932,ADDITIONAL_AUTHENTICATION,ADDITIONAL_AUTHENTICATION,Authentication must be completed before retrying.,0.7,True,SIMULATED,COMPLETED,2026-09-04 11:28:13,,,,,,,,,
TXN005116,629.64,Expired Card,0.0672,DO_NOT_RETRY,DO_NOT_RETRY,Maximum retry limit reached.,0.0,False,SIMULATED,COMPLETED,2026-09-04 11:28:13,,,,,,,,,
TXN005120,2834.56,Authentication Failed,0.3417,DO_NOT_RETRY,DO_NOT_RETRY,Maximum retry limit reached.,0.05,False,SIMULATED,COMPLETED,2026-09-04 11:28:13,,,,,,,,,
TXN005124,1656.42,Expired Card,0.1931,UPDATE_PAYMENT_METHOD,UPDATE_PAYMENT_METHOD,Expired card requires a new payment method.,0.4,False,SIMULATED,COMPLETED,2026-09-04 11:28:13,,,,,,,,,
TXN005125,332.97,Network Error,0.8304,RETRY_NOW,RETRY_NOW,AI recommendation approved.,0.8,False,SIMULATED,COMPLETED,2026-09-04 11:28:13,,,,,,,,,
TXN005133,1269.33,Network Error,0.7478,DO_NOT_RETRY,DO_NOT_RETRY,Maximum retry limit reached.,0.1,False,SIMULATED,COMPLETED,2026-09-04 11:28:13,,,,,,,,,
TXN005138,301.53,Network Error,0.5345,DO_NOT_RETRY,DO_NOT_RETRY,Maximum retry limit reached.,0.1,False,SIMULATED,COMPLETED,2026-09-04 11:28:13,,,,,,,,,
TXN005140,509.55,Bank Timeout,0.5483,DO_NOT_RETRY,DO_NOT_RETRY,Maximum retry limit reached.,0.08,False,SIMULATED,COMPLETED,2026-09-04 11:28:13,,,,,,,,,
TXN005141,1291.37,Insufficient Funds,0.4794,DO_NOT_RETRY,DO_NOT_RETRY,Maximum retry limit reached.,0.0,False,SIMULATED,COMPLETED,2026-09-04 11:28:13,,,,,,,,,
TXN005142,424.24,Expired Card,0.1335,UPDATE_PAYMENT_METHOD,UPDATE_PAYMENT_METHOD,Expired card requires a new payment method.,0.4,True,SIMULATED,COMPLETED,2026-09-04 11:28:13,,,,,,,,,
TXN005144,76.43,Authentication Failed,0.5354,ADDITIONAL_AUTHENTICATION,ADDITIONAL_AUTHENTICATION,Authentication must be completed before retrying.,0.7,True,SIMULATED,COMPLETED,2026-09-04 11:28:13,,,,,,,,,
TXN005145,1382.43,Insufficient Funds,0.4534,DO_NOT_RETRY,DO_NOT_RETRY,Maximum retry limit reached.,0.0,False,SIMULATED,COMPLETED,2026-09-04 11:28:13,,,,,,,,,
TXN005148,260.45,Network Error,0.7627,RETRY_NOW,RETRY_NOW,AI recommendation approved.,0.8,True,SIMULATED,COMPLETED,2026-09-04 11:28:13,,,,,,,,,
TXN005157,1363.99,Network Error,0.7045,DO_NOT_RETRY,DO_NOT_RETRY,Maximum retry limit reached.,0.1,False,SIMULATED,COMPLETED,2026-09-04 11:28:13,,,,,,,,,
TXN005164,687.56,Authentication Failed,0.2835,DO_NOT_RETRY,DO_NOT_RETRY,Maximum retry limit reached.,0.05,False,SIMULATED,COMPLETED,2026-09-04 11:28:13,,,,,,,,,
TXN005165,2917.52,Network Error,0.6475,RETRY_LATER,RETRY_LATER,AI recommendation approved.,0.85,True,SIMULATED,COMPLETED,2026-09-04 11:28:13,,,,,,,,,
TXN005172,1275.98,Bank Timeout,0.6589,DO_NOT_RETRY,DO_NOT_RETRY,Maximum retry limit reached.,0.08,False,SIMULATED,COMPLETED,2026-09-04 11:28:13,,,,,,,,,
TXN005174,1648.89,Insufficient Funds,0.6288,UPDATE_PAYMENT_METHOD,UPDATE_PAYMENT_METHOD,AI recommendation approved.,0.6,True,SIMULATED,COMPLETED,2026-09-04 11:28:13,,,,,,,,,
TXN005180,1739.32,Authentication Failed,0.4934,ADDITIONAL_AUTHENTICATION,ADDITIONAL_AUTHENTICATION,Authentication must be completed before retrying.,0.7,False,SIMULATED,COMPLETED,2026-09-04 11:28:13,,,,,,,,,
TXN005182,390.15,Authentication Failed,0.5238,ADDITIONAL_AUTHENTICATION,ADDITIONAL_AUTHENTICATION,Authentication must be completed before retrying.,0.7,True,SIMULATED,COMPLETED,2026-09-04 11:28:13,,,,,,,,,
TXN005185,2637.69,Expired Card,0.2421,UPDATE_PAYMENT_METHOD,UPDATE_PAYMENT_METHOD,Expired card requires a new payment method.,0.4,True,SIMULATED,COMPLETED,2026-09-04 11:28:13,,,,,,,,,
TXN005191,1742.94,Insufficient Funds,0.6413,UPDATE_PAYMENT_METHOD,UPDATE_PAYMENT_METHOD,AI recommendation approved.,0.6,True,SIMULATED,COMPLETED,2026-09-04 11:28:13,,,,,,,,,
TXN005199,1547.0,Bank Timeout,0.555,DO_NOT_RETRY,DO_NOT_RETRY,Maximum retry limit reached.,0.08,False,SIMULATED,COMPLETED,2026-09-04 11:28:13,,,,,,,,,
TXN005202,1499.5,Bank Timeout,0.6582,DO_NOT_RETRY,DO_NOT_RETRY,Maximum retry limit reached.,0.08,False,SIMULATED,COMPLETED,2026-09-04 11:28:13,,,,,,,,,
TXN005208,1811.41,Expired Card,0.1764,DO_NOT_RETRY,DO_NOT_RETRY,Maximum retry limit reached.,0.0,False,SIMULATED,COMPLETED,2026-09-04 11:28:13,,,,,,,,,
TXN005214,561.04,Expired Card,0.2439,UPDATE_PAYMENT_METHOD,UPDATE_PAYMENT_METHOD,Expired card requires a new payment method.,0.4,True,SIMULATED,COMPLETED,2026-09-04 11:28:13,,,,,,,,,
TXN005224,1096.77,Insufficient Funds,0.3994,DO_NOT_RETRY,DO_NOT_RETRY,Maximum retry limit reached.,0.0,False,SIMULATED,COMPLETED,2026-09-04 11:28:13,,,,,,,,,
TXN005225,2849.84,Insufficient Funds,0.4663,DO_NOT_RETRY,DO_NOT_RETRY,Maximum retry limit reached.,0.0,False,SIMULATED,COMPLETED,2026-09-04 11:28:13,,,,,,,,,
TXN005226,401.94,Insufficient Funds,0.3727,DO_NOT_RETRY,DO_NOT_RETRY,Maximum retry limit reached.,0.0,False,SIMULATED,COMPLETED,2026-09-04 11:28:13,,,,,,,,,
TXN005228,1594.15,Authentication Failed,0.4868,ADDITIONAL_AUTHENTICATION,ADDITIONAL_AUTHENTICATION,Authentication must be completed before retrying.,0.7,False,SIMULATED,COMPLETED,2026-09-04 11:28:13,,,,,,,,,
TXN005229,4511.31,Expired Card,0.1701,UPDATE_PAYMENT_METHOD,UPDATE_PAYMENT_METHOD,Expired card requires a new payment method.,0.4,True,SIMULATED,COMPLETED,2026-09-04 11:28:13,,,,,,,,,
TXN005233,1914.44,Authentication Failed,0.3967,DO_NOT_RETRY,DO_NOT_RETRY,Maximum retry limit reached.,0.05,False,SIMULATED,COMPLETED,2026-09-04 11:28:13,,,,,,,,,
TXN005245,1555.29,Expired Card,0.151,UPDATE_PAYMENT_METHOD,UPDATE_PAYMENT_METHOD,Expired card requires a new payment method.,0.4,True,SIMULATED,COMPLETED,2026-09-04 11:28:13,,,,,,,,,
TXN005246,1201.57,Authentication Failed,0.4303,ADDITIONAL_AUTHENTICATION,ADDITIONAL_AUTHENTICATION,Authentication must be completed before retrying.,0.7,True,SIMULATED,COMPLETED,2026-09-04 11:28:13,,,,,,,,,
TXN005253,1007.37,Authentication Failed,0.4263,ADDITIONAL_AUTHENTICATION,ADDITIONAL_AUTHENTICATION,Authentication must be completed before retrying.,0.7,True,SIMULATED,COMPLETED,2026-09-04 11:28:13,,,,,,,,,
TXN005257,193.22,Authentication Failed,0.3896,DO_NOT_RETRY,DO_NOT_RETRY,Maximum retry limit reached.,0.05,False,SIMULATED,COMPLETED,2026-09-04 11:28:13,,,,,,,,,
TXN005259,1731.99,Insufficient Funds,0.5007,UPDATE_PAYMENT_METHOD,UPDATE_PAYMENT_METHOD,AI recommendation approved.,0.6,True,SIMULATED,COMPLETED,2026-09-04 11:28:13,,,,,,,,,
TXN005260,299.72,Network Error,0.7332,RETRY_NOW,RETRY_NOW,AI recommendation approved.,0.8,True,SIMULATED,COMPLETED,2026-09-04 11:28:13,,,,,,,,,
TXN005262,545.62,Expired Card,0.1655,UPDATE_PAYMENT_METHOD,UPDATE_PAYMENT_METHOD,Expired card requires a new payment method.,0.4,False,SIMULATED,COMPLETED,2026-09-04 11:28:13,,,,,,,,,
TXN005265,1170.75,Network Error,0.5584,DO_NOT_RETRY,DO_NOT_RETRY,Maximum retry limit reached.,0.1,False,SIMULATED,COMPLETED,2026-09-04 11:28:13,,,,,,,,,
TXN005270,184.67,Insufficient Funds,0.3566,DO_NOT_RETRY,DO_NOT_RETRY,Maximum retry limit reached.,0.0,False,SIMULATED,COMPLETED,2026-09-04 11:28:13,,,,,,,,,
TXN005276,1252.3,Expired Card,0.0632,DO_NOT_RETRY,DO_NOT_RETRY,Maximum retry limit reached.,0.0,False,SIMULATED,COMPLETED,2026-09-04 11:28:13,,,,,,,,,
TXN005281,1048.16,Authentication Failed,0.4831,ADDITIONAL_AUTHENTICATION,ADDITIONAL_AUTHENTICATION,Authentication must be completed before retrying.,0.7,False,SIMULATED,COMPLETED,2026-09-04 11:28:13,,,,,,,,,
TXN005286,2193.07,Bank Timeout,0.7958,RETRY_NOW,RETRY_NOW,AI recommendation approved.,0.78,True,SIMULATED,COMPLETED,2026-09-04 11:28:13,,,,,,,,,
TXN005287,508.78,Expired Card,0.1143,UPDATE_PAYMENT_METHOD,UPDATE_PAYMENT_METHOD,Expired card requires a new payment method.,0.4,True,SIMULATED,COMPLETED,2026-09-04 11:28:13,,,,,,,,,
TXN005288,1468.97,Authentication Failed,0.4645,ADDITIONAL_AUTHENTICATION,ADDITIONAL_AUTHENTICATION,Authentication must be completed before retrying.,0.7,True,SIMULATED,COMPLETED,2026-09-04 11:28:13,,,,,,,,,
TXN005289,348.84,Bank Timeout,0.5861,DO_NOT_RETRY,DO_NOT_RETRY,Maximum retry limit reached.,0.08,False,SIMULATED,COMPLETED,2026-09-04 11:28:13,,,,,,,,,
TXN005295,924.75,Insufficient Funds,0.4199,DO_NOT_RETRY,DO_NOT_RETRY,Maximum retry limit reached.,0.0,False,SIMULATED,COMPLETED,2026-09-04 11:28:13,,,,,,,,,
TXN005298,557.2,Insufficient Funds,0.4774,DO_NOT_RETRY,DO_NOT_RETRY,Maximum retry limit reached.,0.0,False,SIMULATED,COMPLETED,2026-09-04 11:28:13,,,,,,,,,
TXN005300,949.42,Bank Timeout,0.7473,DO_NOT_RETRY,DO_NOT_RETRY,Maximum retry limit reached.,0.08,True,SIMULATED,COMPLETED,2026-09-04 11:28:13,,,,,,,,,
TXN005301,2113.24,Expired Card,0.2826,UPDATE_PAYMENT_METHOD,UPDATE_PAYMENT_METHOD,Expired card requires a new payment method.,0.4,True,SIMULATED,COMPLETED,2026-09-04 11:28:13,,,,,,,,,
TXN005302,2337.87,Authentication Failed,0.4723,ADDITIONAL_AUTHENTICATION,ADDITIONAL_AUTHENTICATION,Authentication must be completed before retrying.,0.7,False,SIMULATED,COMPLETED,2026-09-04 11:28:13,,,,,,,,,
TXN005306,440.04,Insufficient Funds,0.5474,UPDATE_PAYMENT_METHOD,UPDATE_PAYMENT_METHOD,AI recommendation approved.,0.6,True,SIMULATED,COMPLETED,2026-09-04 11:28:13,,,,,,,,,
TXN005307,2026.64,Authentication Failed,0.4293,DO_NOT_RETRY,DO_NOT_RETRY,Maximum retry limit reached.,0.05,False,SIMULATED,COMPLETED,2026-09-04 11:28:13,,,,,,,,,
TXN005310,2915.38,Expired Card,0.2423,UPDATE_PAYMENT_METHOD,UPDATE_PAYMENT_METHOD,Expired card requires a new payment method.,0.4,True,SIMULATED,COMPLETED,2026-09-04 11:28:13,,,,,,,,,
TXN005311,295.71,Bank Timeout,0.6936,DO_NOT_RETRY,DO_NOT_RETRY,Maximum retry limit reached.,0.08,False,SIMULATED,COMPLETED,2026-09-04 11:28:13,,,,,,,,,
TXN005313,1280.55,Expired Card,0.1809,DO_NOT_RETRY,DO_NOT_RETRY,Maximum retry limit reached.,0.0,False,SIMULATED,COMPLETED,2026-09-04 11:28:13,,,,,,,,,
TXN005315,671.05,Insufficient Funds,0.4781,DO_NOT_RETRY,DO_NOT_RETRY,Maximum retry limit reached.,0.0,False,SIMULATED,COMPLETED,2026-09-04 11:28:13,,,,,,,,,
TXN005316,1036.25,Insufficient Funds,0.6344,UPDATE_PAYMENT_METHOD,UPDATE_PAYMENT_METHOD,AI recommendation approved.,0.6,True,SIMULATED,COMPLETED,2026-09-04 11:28:13,,,,,,,,,
TXN005322,1369.17,Network Error,0.7138,RETRY_NOW,RETRY_NOW,AI recommendation approved.,0.8,True,SIMULATED,COMPLETED,2026-09-04 11:28:13,,,,,,,,,
TXN005323,816.75,Expired Card,0.0894,DO_NOT_RETRY,DO_NOT_RETRY,Maximum retry limit reached.,0.0,False,SIMULATED,COMPLETED,2026-09-04 11:28:13,,,,,,,,,
TXN005324,746.74,Insufficient Funds,0.4857,DO_NOT_RETRY,DO_NOT_RETRY,Maximum retry limit reached.,0.0,False,SIMULATED,COMPLETED,2026-09-04 11:28:13,,,,,,,,,
TXN005325,282.12,Bank Timeout,0.7717,DO_NOT_RETRY,DO_NOT_RETRY,Maximum retry limit reached.,0.08,False,SIMULATED,COMPLETED,2026-09-04 11:28:13,,,,,,,,,
TXN005330,874.82,Bank Timeout,0.8255,RETRY_NOW,RETRY_NOW,AI recommendation approved.,0.78,True,SIMULATED,COMPLETED,2026-09-04 11:28:13,,,,,,,,,
TXN005335,1774.0,Insufficient Funds,0.5632,UPDATE_PAYMENT_METHOD,UPDATE_PAYMENT_METHOD,AI recommendation approved.,0.6,False,SIMULATED,COMPLETED,2026-09-04 11:28:13,,,,,,,,,
TXN005336,4863.59,Authentication Failed,0.4994,DO_NOT_RETRY,DO_NOT_RETRY,Maximum retry limit reached.,0.05,False,SIMULATED,COMPLETED,2026-09-04 11:28:13,,,,,,,,,
TXN005337,4696.74,Network Error,0.5987,DO_NOT_RETRY,DO_NOT_RETRY,Maximum retry limit reached.,0.1,False,SIMULATED,COMPLETED,2026-09-04 11:28:13,,,,,,,,,
TXN005338,1278.9,Insufficient Funds,0.5897,UPDATE_PAYMENT_METHOD,UPDATE_PAYMENT_METHOD,AI recommendation approved.,0.6,True,SIMULATED,COMPLETED,2026-09-04 11:28:13,,,,,,,,,
TXN005340,742.4,Authentication Failed,0.3944,ADDITIONAL_AUTHENTICATION,ADDITIONAL_AUTHENTICATION,Authentication must be completed before retrying.,0.7,False,SIMULATED,COMPLETED,2026-09-04 11:28:13,,,,,,,,,
TXN005342,953.27,Bank Timeout,0.7782,RETRY_NOW,RETRY_NOW,AI recommendation approved.,0.78,True,SIMULATED,COMPLETED,2026-09-04 11:28:13,,,,,,,,,
TXN005343,754.2,Bank Timeout,0.6281,DO_NOT_RETRY,DO_NOT_RETRY,Maximum retry limit reached.,0.08,False,SIMULATED,COMPLETED,2026-09-04 11:28:13,,,,,,,,,
TXN005349,2279.99,Bank Timeout,0.8437,RETRY_NOW,RETRY_NOW,AI recommendation approved.,0.78,True,SIMULATED,COMPLETED,2026-09-04 11:28:13,,,,,,,,,
TXN005350,440.94,Insufficient Funds,0.5591,UPDATE_PAYMENT_METHOD,UPDATE_PAYMENT_METHOD,AI recommendation approved.,0.6,True,SIMULATED,COMPLETED,2026-09-04 11:28:13,,,,,,,,,
TXN005351,2186.12,Bank Timeout,0.6121,RETRY_LATER,RETRY_LATER,AI recommendation approved.,0.83,True,SIMULATED,COMPLETED,2026-09-04 11:28:13,,,,,,,,,
TXN005354,1010.49,Network Error,0.6603,DO_NOT_RETRY,DO_NOT_RETRY,Maximum retry limit reached.,0.1,False,SIMULATED,COMPLETED,2026-09-04 11:28:13,,,,,,,,,
TXN005355,3116.66,Insufficient Funds,0.6398,UPDATE_PAYMENT_METHOD,UPDATE_PAYMENT_METHOD,AI recommendation approved.,0.6,True,SIMULATED,COMPLETED,2026-09-04 11:28:13,,,,,,,,,
TXN005362,1169.47,Insufficient Funds,0.6344,UPDATE_PAYMENT_METHOD,UPDATE_PAYMENT_METHOD,AI recommendation approved.,0.6,False,SIMULATED,COMPLETED,2026-09-04 11:28:13,,,,,,,,,
TXN005363,2970.53,Network Error,0.5776,DO_NOT_RETRY,DO_NOT_RETRY,Maximum retry limit reached.,0.1,False,SIMULATED,COMPLETED,2026-09-04 11:28:13,,,,,,,,,
TXN005364,1592.59,Authentication Failed,0.3623,DO_NOT_RETRY,DO_NOT_RETRY,Maximum retry limit reached.,0.05,False,SIMULATED,COMPLETED,2026-09-04 11:28:13,,,,,,,,,
TXN005365,895.61,Insufficient Funds,0.5938,UPDATE_PAYMENT_METHOD,UPDATE_PAYMENT_METHOD,AI recommendation approved.,0.6,True,SIMULATED,COMPLETED,2026-09-04 11:28:13,,,,,,,,,
TXN005368,1912.63,Bank Timeout,0.5717,DO_NOT_RETRY,DO_NOT_RETRY,Maximum retry limit reached.,0.08,False,SIMULATED,COMPLETED,2026-09-04 11:28:13,,,,,,,,,
TXN005369,2087.02,Bank Timeout,0.7408,DO_NOT_RETRY,DO_NOT_RETRY,Maximum retry limit reached.,0.08,False,SIMULATED,COMPLETED,2026-09-04 11:28:13,,,,,,,,,
TXN005372,2940.05,Insufficient Funds,0.4429,DO_NOT_RETRY,DO_NOT_RETRY,Maximum retry limit reached.,0.0,False,SIMULATED,COMPLETED,2026-09-04 11:28:13,,,,,,,,,
TXN005379,2858.9,Insufficient Funds,0.7003,RETRY_LATER,RETRY_LATER,AI recommendation approved.,0.75,False,SIMULATED,COMPLETED,2026-09-04 11:28:13,,,,,,,,,
TXN005381,1693.06,Insufficient Funds,0.6639,UPDATE_PAYMENT_METHOD,UPDATE_PAYMENT_METHOD,AI recommendation approved.,0.6,False,SIMULATED,COMPLETED,2026-09-04 11:28:13,,,,,,,,,
TXN005382,1072.85,Expired Card,0.1702,DO_NOT_RETRY,DO_NOT_RETRY,Maximum retry limit reached.,0.0,False,SIMULATED,COMPLETED,2026-09-04 11:28:13,,,,,,,,,
TXN005393,438.16,Network Error,0.8017,RETRY_NOW,RETRY_NOW,AI recommendation approved.,0.8,True,SIMULATED,COMPLETED,2026-09-04 11:28:13,,,,,,,,,
TXN005394,322.23,Bank Timeout,0.8216,RETRY_NOW,RETRY_NOW,AI recommendation approved.,0.78,True,SIMULATED,COMPLETED,2026-09-04 11:28:13,,,,,,,,,
TXN005397,2438.12,Network Error,0.5871,DO_NOT_RETRY,DO_NOT_RETRY,Maximum retry limit reached.,0.1,False,SIMULATED,COMPLETED,2026-09-04 11:28:13,,,,,,,,,
TXN005405,2341.95,Network Error,0.7227,RETRY_NOW,RETRY_NOW,AI recommendation approved.,0.8,True,SIMULATED,COMPLETED,2026-09-04 11:28:13,,,,,,,,,
TXN005411,92.26,Expired Card,0.1255,DO_NOT_RETRY,DO_NOT_RETRY,Maximum retry limit reached.,0.0,False,SIMULATED,COMPLETED,2026-09-04 11:28:13,,,,,,,,,
TXN005415,1129.49,Expired Card,0.0989,DO_NOT_RETRY,DO_NOT_RETRY,Maximum retry limit reached.,0.0,False,SIMULATED,COMPLETED,2026-09-04 11:28:13,,,,,,,,,
TXN005416,2482.74,Insufficient Funds,0.5496,DO_NOT_RETRY,DO_NOT_RETRY,Maximum retry limit reached.,0.0,False,SIMULATED,COMPLETED,2026-09-04 11:28:13,,,,,,,,,
TXN005419,2892.59,Authentication Failed,0.4683,ADDITIONAL_AUTHENTICATION,ADDITIONAL_AUTHENTICATION,Authentication must be completed before retrying.,0.7,True,SIMULATED,COMPLETED,2026-09-04 11:28:13,,,,,,,,,
TXN005420,218.85,Insufficient Funds,0.5342,DO_NOT_RETRY,DO_NOT_RETRY,Maximum retry limit reached.,0.0,False,SIMULATED,COMPLETED,2026-09-04 11:28:13,,,,,,,,,
TXN005423,310.71,Network Error,0.534,DO_NOT_RETRY,DO_NOT_RETRY,Maximum retry limit reached.,0.1,False,SIMULATED,COMPLETED,2026-09-04 11:28:13,,,,,,,,,
TXN005424,304.23,Bank Timeout,0.5427,DO_NOT_RETRY,DO_NOT_RETRY,Maximum retry limit reached.,0.08,False,SIMULATED,COMPLETED,2026-09-04 11:28:13,,,,,,,,,
TXN005426,2189.2,Insufficient Funds,0.6113,DO_NOT_RETRY,DO_NOT_RETRY,Maximum retry limit reached.,0.0,False,SIMULATED,COMPLETED,2026-09-04 11:28:13,,,,,,,,,
TXN005428,1159.31,Authentication Failed,0.3841,DO_NOT_RETRY,DO_NOT_RETRY,Maximum retry limit reached.,0.05,False,SIMULATED,COMPLETED,2026-09-04 11:28:13,,,,,,,,,
TXN005430,874.59,Authentication Failed,0.5031,ADDITIONAL_AUTHENTICATION,ADDITIONAL_AUTHENTICATION,Authentication must be completed before retrying.,0.7,True,SIMULATED,COMPLETED,2026-09-04 11:28:13,,,,,,,,,
TXN005431,372.88,Bank Timeout,0.7148,RETRY_NOW,RETRY_NOW,AI recommendation approved.,0.78,True,SIMULATED,COMPLETED,2026-09-04 11:28:13,,,,,,,,,
TXN005435,2215.95,Network Error,0.7193,RETRY_NOW,RETRY_NOW,AI recommendation approved.,0.8,False,SIMULATED,COMPLETED,2026-09-04 11:28:13,,,,,,,,,
TXN005438,447.19,Expired Card,0.1514,UPDATE_PAYMENT_METHOD,UPDATE_PAYMENT_METHOD,Expired card requires a new payment method.,0.4,True,SIMULATED,COMPLETED,2026-09-04 11:28:13,,,,,,,,,
TXN005439,3441.92,Authentication Failed,0.4333,DO_NOT_RETRY,DO_NOT_RETRY,Maximum retry limit reached.,0.05,False,SIMULATED,COMPLETED,2026-09-04 11:28:13,,,,,,,,,
TXN005440,1345.17,Expired Card,0.1382,DO_NOT_RETRY,DO_NOT_RETRY,Maximum retry limit reached.,0.0,False,SIMULATED,COMPLETED,2026-09-04 11:28:13,,,,,,,,,
TXN005442,2371.21,Authentication Failed,0.5084,ADDITIONAL_AUTHENTICATION,ADDITIONAL_AUTHENTICATION,Authentication must be completed before retrying.,0.7,False,SIMULATED,COMPLETED,2026-09-04 11:28:13,,,,,,,,,
TXN005444,4808.44,Network Error,0.6108,DO_NOT_RETRY,DO_NOT_RETRY,Maximum retry limit reached.,0.1,False,SIMULATED,COMPLETED,2026-09-04 11:28:13,,,,,,,,,
TXN005447,411.38,Authentication Failed,0.4315,DO_NOT_RETRY,DO_NOT_RETRY,Maximum retry limit reached.,0.05,False,SIMULATED,COMPLETED,2026-09-04 11:28:13,,,,,,,,,
TXN005451,968.7,Bank Timeout,0.8248,RETRY_NOW,RETRY_NOW,AI recommendation approved.,0.78,False,SIMULATED,COMPLETED,2026-09-04 11:28:13,,,,,,,,,
TXN005452,2837.79,Authentication Failed,0.425,DO_NOT_RETRY,DO_NOT_RETRY,Maximum retry limit reached.,0.05,False,SIMULATED,COMPLETED,2026-09-04 11:28:13,,,,,,,,,
TXN005455,3757.41,Expired Card,0.3103,DO_NOT_RETRY,DO_NOT_RETRY,Maximum retry limit reached.,0.0,False,SIMULATED,COMPLETED,2026-09-04 11:28:13,,,,,,,,,
TXN005456,1555.6,Bank Timeout,0.774,RETRY_NOW,RETRY_NOW,AI recommendation approved.,0.78,True,SIMULATED,COMPLETED,2026-09-04 11:28:13,,,,,,,,,
TXN005457,2318.74,Bank Timeout,0.8315,RETRY_NOW,RETRY_NOW,AI recommendation approved.,0.78,False,SIMULATED,COMPLETED,2026-09-04 11:28:13,,,,,,,,,
TXN005460,877.26,Network Error,0.6983,DO_NOT_RETRY,DO_NOT_RETRY,Maximum retry limit reached.,0.1,False,SIMULATED,COMPLETED,2026-09-04 11:28:13,,,,,,,,,
TXN005461,1058.17,Bank Timeout,0.748,DO_NOT_RETRY,DO_NOT_RETRY,Maximum retry limit reached.,0.08,False,SIMULATED,COMPLETED,2026-09-04 11:28:13,,,,,,,,,
TXN005464,1874.93,Bank Timeout,0.8299,RETRY_NOW,RETRY_NOW,AI recommendation approved.,0.78,True,SIMULATED,COMPLETED,2026-09-04 11:28:13,,,,,,,,,
TXN005466,492.69,Authentication Failed,0.4795,ADDITIONAL_AUTHENTICATION,ADDITIONAL_AUTHENTICATION,Authentication must be completed before retrying.,0.7,False,SIMULATED,COMPLETED,2026-09-04 11:28:13,,,,,,,,,
TXN005467,138.98,Bank Timeout,0.7345,DO_NOT_RETRY,DO_NOT_RETRY,Maximum retry limit reached.,0.08,True,SIMULATED,COMPLETED,2026-09-04 11:28:13,,,,,,,,,
TXN005475,4147.34,Network Error,0.6703,RETRY_LATER,RETRY_LATER,AI recommendation approved.,0.85,False,SIMULATED,COMPLETED,2026-09-04 11:28:13,,,,,,,,,
TXN005477,2816.69,Authentication Failed,0.4206,DO_NOT_RETRY,DO_NOT_RETRY,Maximum retry limit reached.,0.05,False,SIMULATED,COMPLETED,2026-09-04 11:28:13,,,,,,,,,
TXN005482,450.57,Expired Card,0.1559,DO_NOT_RETRY,DO_NOT_RETRY,Maximum retry limit reached.,0.0,False,SIMULATED,COMPLETED,2026-09-04 11:28:13,,,,,,,,,
TXN005484,644.42,Network Error,0.738,RETRY_NOW,RETRY_NOW,AI recommendation approved.,0.8,True,SIMULATED,COMPLETED,2026-09-04 11:28:13,,,,,,,,,
TXN005488,172.89,Network Error,0.7429,RETRY_NOW,RETRY_NOW,AI recommendation approved.,0.8,True,SIMULATED,COMPLETED,2026-09-04 11:28:13,,,,,,,,,
TXN005490,346.53,Authentication Failed,0.4817,ADDITIONAL_AUTHENTICATION,ADDITIONAL_AUTHENTICATION,Authentication must be completed before retrying.,0.7,False,SIMULATED,COMPLETED,2026-09-04 11:28:13,,,,,,,,,
TXN005498,1735.44,Insufficient Funds,0.4995,DO_NOT_RETRY,DO_NOT_RETRY,Maximum retry limit reached.,0.0,False,SIMULATED,COMPLETED,2026-09-04 11:28:13,,,,,,,,,
TXN005499,1373.73,Bank Timeout,0.836,RETRY_NOW,RETRY_NOW,AI recommendation approved.,0.78,False,SIMULATED,COMPLETED,2026-09-04 11:28:13,,,,,,,,,
TXN005500,1137.82,Network Error,0.6595,DO_NOT_RETRY,DO_NOT_RETRY,Maximum retry limit reached.,0.1,False,SIMULATED,COMPLETED,2026-09-04 11:28:13,,,,,,,,,
TXN005503,2209.22,Bank Timeout,0.7933,RETRY_NOW,RETRY_NOW,AI recommendation approved.,0.78,False,SIMULATED,COMPLETED,2026-09-04 11:28:13,,,,,,,,,
TXN005507,6088.57,Expired Card,0.1738,UPDATE_PAYMENT_METHOD,UPDATE_PAYMENT_METHOD,Expired card requires a new payment method.,0.4,True,SIMULATED,COMPLETED,2026-09-04 11:28:13,,,,,,,,,
TXN005508,3469.2,Authentication Failed,0.51,ADDITIONAL_AUTHENTICATION,ADDITIONAL_AUTHENTICATION,Authentication must be completed before retrying.,0.7,True,SIMULATED,COMPLETED,2026-09-04 11:28:13,,,,,,,,,
TXN005510,1092.71,Network Error,0.7456,RETRY_NOW,RETRY_NOW,AI recommendation approved.,0.8,False,SIMULATED,COMPLETED,2026-09-04 11:28:13,,,,,,,,,
TXN005512,968.48,Bank Timeout,0.7827,RETRY_NOW,RETRY_NOW,AI recommendation approved.,0.78,True,SIMULATED,COMPLETED,2026-09-04 11:28:13,,,,,,,,,
TXN005515,858.1,Insufficient Funds,0.4272,DO_NOT_RETRY,DO_NOT_RETRY,Maximum retry limit reached.,0.0,False,SIMULATED,COMPLETED,2026-09-04 11:28:13,,,,,,,,,
TXN005521,1426.09,Insufficient Funds,0.5841,UPDATE_PAYMENT_METHOD,UPDATE_PAYMENT_METHOD,AI recommendation approved.,0.6,True,SIMULATED,COMPLETED,2026-09-04 11:28:13,,,,,,,,,
TXN005522,277.81,Insufficient Funds,0.5318,DO_NOT_RETRY,DO_NOT_RETRY,Maximum retry limit reached.,0.0,False,SIMULATED,COMPLETED,2026-09-04 11:28:13,,,,,,,,,
TXN005524,1468.96,Authentication Failed,0.3631,DO_NOT_RETRY,DO_NOT_RETRY,Maximum retry limit reached.,0.05,False,SIMULATED,COMPLETED,2026-09-04 11:28:13,,,,,,,,,
TXN005530,203.4,Network Error,0.7764,RETRY_NOW,RETRY_NOW,AI recommendation approved.,0.8,True,SIMULATED,COMPLETED,2026-09-04 11:28:13,,,,,,,,,
TXN005531,301.73,Network Error,0.7734,RETRY_NOW,RETRY_NOW,AI recommendation approved.,0.8,True,SIMULATED,COMPLETED,2026-09-04 11:28:13,,,,,,,,,
TXN005532,768.31,Insufficient Funds,0.5325,UPDATE_PAYMENT_METHOD,UPDATE_PAYMENT_METHOD,AI recommendation approved.,0.6,True,SIMULATED,COMPLETED,2026-09-04 11:28:13,,,,,,,,,
TXN005535,1602.93,Insufficient Funds,0.719,RETRY_LATER,RETRY_LATER,AI recommendation approved.,0.75,True,SIMULATED,COMPLETED,2026-09-04 11:28:13,,,,,,,,,
TXN005536,3792.95,Expired Card,0.2219,DO_NOT_RETRY,DO_NOT_RETRY,Maximum retry limit reached.,0.0,False,SIMULATED,COMPLETED,2026-09-04 11:28:13,,,,,,,,,
TXN005538,2292.37,Network Error,0.6431,DO_NOT_RETRY,DO_NOT_RETRY,Maximum retry limit reached.,0.1,False,SIMULATED,COMPLETED,2026-09-04 11:28:13,,,,,,,,,
TXN005541,513.42,Insufficient Funds,0.5165,DO_NOT_RETRY,DO_NOT_RETRY,Maximum retry limit reached.,0.0,False,SIMULATED,COMPLETED,2026-09-04 11:28:13,,,,,,,,,
TXN005549,730.74,Authentication Failed,0.4428,ADDITIONAL_AUTHENTICATION,ADDITIONAL_AUTHENTICATION,Authentication must be completed before retrying.,0.7,True,SIMULATED,COMPLETED,2026-09-04 11:28:13,,,,,,,,,
TXN005551,3283.84,Insufficient Funds,0.6146,UPDATE_PAYMENT_METHOD,UPDATE_PAYMENT_METHOD,AI recommendation approved.,0.6,True,SIMULATED,COMPLETED,2026-09-04 11:28:13,,,,,,,,,
TXN005553,1208.34,Bank Timeout,0.7808,RETRY_NOW,RETRY_NOW,AI recommendation approved.,0.78,True,SIMULATED,COMPLETED,2026-09-04 11:28:13,,,,,,,,,
TXN005560,1232.26,Network Error,0.7551,RETRY_NOW,RETRY_NOW,AI recommendation approved.,0.8,True,SIMULATED,COMPLETED,2026-09-04 11:28:13,,,,,,,,,
TXN005562,977.9,Expired Card,0.0808,DO_NOT_RETRY,DO_NOT_RETRY,Maximum retry limit reached.,0.0,False,SIMULATED,COMPLETED,2026-09-04 11:28:13,,,,,,,,,
TXN005567,400.76,Bank Timeout,0.7703,RETRY_NOW,RETRY_NOW,AI recommendation approved.,0.78,True,SIMULATED,COMPLETED,2026-09-04 11:28:13,,,,,,,,,
TXN005569,1453.36,Insufficient Funds,0.492,DO_NOT_RETRY,DO_NOT_RETRY,Maximum retry limit reached.,0.0,False,SIMULATED,COMPLETED,2026-09-04 11:28:13,,,,,,,,,
TXN005570,655.04,Bank Timeout,0.6717,RETRY_LATER,RETRY_LATER,AI recommendation approved.,0.83,True,SIMULATED,COMPLETED,2026-09-04 11:28:13,,,,,,,,,
TXN005572,1567.71,Insufficient Funds,0.4565,DO_NOT_RETRY,DO_NOT_RETRY,Maximum retry limit reached.,0.0,False,SIMULATED,COMPLETED,2026-09-04 11:28:13,,,,,,,,,
TXN005574,421.12,Expired Card,0.1624,UPDATE_PAYMENT_METHOD,UPDATE_PAYMENT_METHOD,Expired card requires a new payment method.,0.4,False,SIMULATED,COMPLETED,2026-09-04 11:28:13,,,,,,,,,
TXN005576,877.25,Bank Timeout,0.6053,DO_NOT_RETRY,DO_NOT_RETRY,Maximum retry limit reached.,0.08,False,SIMULATED,COMPLETED,2026-09-04 11:28:13,,,,,,,,,
TXN005577,336.64,Expired Card,0.1897,DO_NOT_RETRY,DO_NOT_RETRY,Maximum retry limit reached.,0.0,False,SIMULATED,COMPLETED,2026-09-04 11:28:13,,,,,,,,,
TXN005579,860.34,Bank Timeout,0.7478,DO_NOT_RETRY,DO_NOT_RETRY,Maximum retry limit reached.,0.08,False,SIMULATED,COMPLETED,2026-09-04 11:28:13,,,,,,,,,
TXN005582,4436.62,Authentication Failed,0.3033,DO_NOT_RETRY,DO_NOT_RETRY,Maximum retry limit reached.,0.05,False,SIMULATED,COMPLETED,2026-09-04 11:28:13,,,,,,,,,
TXN005588,420.67,Network Error,0.7838,RETRY_NOW,RETRY_NOW,AI recommendation approved.,0.8,True,SIMULATED,COMPLETED,2026-09-04 11:28:13,,,,,,,,,
TXN005591,1142.37,Expired Card,0.1384,UPDATE_PAYMENT_METHOD,UPDATE_PAYMENT_METHOD,Expired card requires a new payment method.,0.4,False,SIMULATED,COMPLETED,2026-09-04 11:28:13,,,,,,,,,
TXN005601,272.01,Bank Timeout,0.6335,DO_NOT_RETRY,DO_NOT_RETRY,Maximum retry limit reached.,0.08,False,SIMULATED,COMPLETED,2026-09-04 11:28:13,,,,,,,,,
TXN005603,1153.34,Authentication Failed,0.5348,ADDITIONAL_AUTHENTICATION,ADDITIONAL_AUTHENTICATION,Authentication must be completed before retrying.,0.7,True,SIMULATED,COMPLETED,2026-09-04 11:28:13,,,,,,,,,
TXN005604,1667.28,Bank Timeout,0.5122,DO_NOT_RETRY,DO_NOT_RETRY,Maximum retry limit reached.,0.08,False,SIMULATED,COMPLETED,2026-09-04 11:28:13,,,,,,,,,
TXN005605,875.65,Network Error,0.7144,RETRY_NOW,RETRY_NOW,AI recommendation approved.,0.8,True,SIMULATED,COMPLETED,2026-09-04 11:28:13,,,,,,,,,
TXN005606,997.42,Authentication Failed,0.4256,ADDITIONAL_AUTHENTICATION,ADDITIONAL_AUTHENTICATION,Authentication must be completed before retrying.,0.7,True,SIMULATED,COMPLETED,2026-09-04 11:28:13,,,,,,,,,
TXN005607,621.46,Authentication Failed,0.403,DO_NOT_RETRY,DO_NOT_RETRY,Maximum retry limit reached.,0.05,False,SIMULATED,COMPLETED,2026-09-04 11:28:13,,,,,,,,,
TXN005610,1256.81,Expired Card,0.3062,DO_NOT_RETRY,DO_NOT_RETRY,Maximum retry limit reached.,0.0,False,SIMULATED,COMPLETED,2026-09-04 11:28:13,,,,,,,,,
TXN005611,1832.96,Network Error,0.6345,DO_NOT_RETRY,DO_NOT_RETRY,Maximum retry limit reached.,0.1,True,SIMULATED,COMPLETED,2026-09-04 11:28:13,,,,,,,,,
TXN005612,391.54,Network Error,0.5385,DO_NOT_RETRY,DO_NOT_RETRY,Maximum retry limit reached.,0.1,False,SIMULATED,COMPLETED,2026-09-04 11:28:13,,,,,,,,,
TXN005614,1229.17,Network Error,0.6536,DO_NOT_RETRY,DO_NOT_RETRY,Maximum retry limit reached.,0.1,False,SIMULATED,COMPLETED,2026-09-04 11:28:13,,,,,,,,,
TXN005616,3275.99,Expired Card,0.1751,UPDATE_PAYMENT_METHOD,UPDATE_PAYMENT_METHOD,Expired card requires a new payment method.,0.4,False,SIMULATED,COMPLETED,2026-09-04 11:28:13,,,,,,,,,
TXN005617,505.67,Expired Card,0.2208,UPDATE_PAYMENT_METHOD,UPDATE_PAYMENT_METHOD,Expired card requires a new payment method.,0.4,True,SIMULATED,COMPLETED,2026-09-04 11:28:13,,,,,,,,,
TXN005620,1348.46,Insufficient Funds,0.6391,UPDATE_PAYMENT_METHOD,UPDATE_PAYMENT_METHOD,AI recommendation approved.,0.6,False,SIMULATED,COMPLETED,2026-09-04 11:28:13,,,,,,,,,
TXN005627,400.44,Insufficient Funds,0.6224,UPDATE_PAYMENT_METHOD,UPDATE_PAYMENT_METHOD,AI recommendation approved.,0.6,False,SIMULATED,COMPLETED,2026-09-04 11:28:13,,,,,,,,,
TXN005635,595.39,Bank Timeout,0.5779,RETRY_LATER,RETRY_LATER,AI recommendation approved.,0.83,True,SIMULATED,COMPLETED,2026-09-04 11:28:13,,,,,,,,,
TXN005638,642.25,Authentication Failed,0.5028,ADDITIONAL_AUTHENTICATION,ADDITIONAL_AUTHENTICATION,Authentication must be completed before retrying.,0.7,True,SIMULATED,COMPLETED,2026-09-04 11:28:13,,,,,,,,,
TXN005641,632.08,Network Error,0.6391,RETRY_LATER,RETRY_LATER,AI recommendation approved.,0.85,True,SIMULATED,COMPLETED,2026-09-04 11:28:13,,,,,,,,,
TXN005644,1152.2,Network Error,0.7909,RETRY_NOW,RETRY_NOW,AI recommendation approved.,0.8,True,SIMULATED,COMPLETED,2026-09-04 11:28:13,,,,,,,,,
TXN005648,532.24,Bank Timeout,0.5349,DO_NOT_RETRY,DO_NOT_RETRY,Maximum retry limit reached.,0.08,False,SIMULATED,COMPLETED,2026-09-04 11:28:13,,,,,,,,,
TXN005650,1825.41,Insufficient Funds,0.7185,RETRY_LATER,RETRY_LATER,AI recommendation approved.,0.75,True,SIMULATED,COMPLETED,2026-09-04 11:28:13,,,,,,,,,
TXN005652,1773.47,Insufficient Funds,0.4912,DO_NOT_RETRY,DO_NOT_RETRY,Maximum retry limit reached.,0.0,False,SIMULATED,COMPLETED,2026-09-04 11:28:13,,,,,,,,,
TXN005653,1442.72,Expired Card,0.1772,DO_NOT_RETRY,DO_NOT_RETRY,Maximum retry limit reached.,0.0,False,SIMULATED,COMPLETED,2026-09-04 11:28:13,,,,,,,,,
TXN005655,1197.27,Insufficient Funds,0.5393,DO_NOT_RETRY,DO_NOT_RETRY,Maximum retry limit reached.,0.0,False,SIMULATED,COMPLETED,2026-09-04 11:28:13,,,,,,,,,
TXN005658,569.55,Bank Timeout,0.7768,RETRY_NOW,RETRY_NOW,AI recommendation approved.,0.78,True,SIMULATED,COMPLETED,2026-09-04 11:28:13,,,,,,,,,
TXN005661,897.35,Network Error,0.4901,DO_NOT_RETRY,DO_NOT_RETRY,Maximum retry limit reached.,0.1,False,SIMULATED,COMPLETED,2026-09-04 11:28:13,,,,,,,,,
TXN005664,427.01,Authentication Failed,0.4283,ADDITIONAL_AUTHENTICATION,ADDITIONAL_AUTHENTICATION,Authentication must be completed before retrying.,0.7,True,SIMULATED,COMPLETED,2026-09-04 11:28:13,,,,,,,,,
TXN005672,2933.59,Authentication Failed,0.3328,DO_NOT_RETRY,DO_NOT_RETRY,Maximum retry limit reached.,0.05,False,SIMULATED,COMPLETED,2026-09-04 11:28:13,,,,,,,,,
TXN005678,1339.59,Authentication Failed,0.4045,DO_NOT_RETRY,DO_NOT_RETRY,Maximum retry limit reached.,0.05,False,SIMULATED,COMPLETED,2026-09-04 11:28:13,,,,,,,,,
TXN005681,986.7,Expired Card,0.1064,UPDATE_PAYMENT_METHOD,UPDATE_PAYMENT_METHOD,Expired card requires a new payment method.,0.4,False,SIMULATED,COMPLETED,2026-09-04 11:28:13,,,,,,,,,
TXN005690,1673.41,Insufficient Funds,0.6551,UPDATE_PAYMENT_METHOD,UPDATE_PAYMENT_METHOD,AI recommendation approved.,0.6,True,SIMULATED,COMPLETED,2026-09-04 11:28:13,,,,,,,,,
TXN005694,157.77,Insufficient Funds,0.4402,UPDATE_PAYMENT_METHOD,UPDATE_PAYMENT_METHOD,AI recommendation approved.,0.6,True,SIMULATED,COMPLETED,2026-09-04 11:28:13,,,,,,,,,
TXN005701,460.85,Expired Card,0.2119,UPDATE_PAYMENT_METHOD,UPDATE_PAYMENT_METHOD,Expired card requires a new payment method.,0.4,True,SIMULATED,COMPLETED,2026-09-04 11:28:13,,,,,,,,,
TXN005702,1158.71,Bank Timeout,0.5552,DO_NOT_RETRY,DO_NOT_RETRY,Maximum retry limit reached.,0.08,False,SIMULATED,COMPLETED,2026-09-04 11:28:13,,,,,,,,,
TXN005703,446.99,Insufficient Funds,0.6177,UPDATE_PAYMENT_METHOD,UPDATE_PAYMENT_METHOD,AI recommendation approved.,0.6,True,SIMULATED,COMPLETED,2026-09-04 11:28:13,,,,,,,,,
TXN005705,1465.72,Network Error,0.7048,RETRY_NOW,RETRY_NOW,AI recommendation approved.,0.8,True,SIMULATED,COMPLETED,2026-09-04 11:28:13,,,,,,,,,
TXN005706,3086.34,Bank Timeout,0.833,DO_NOT_RETRY,DO_NOT_RETRY,Maximum retry limit reached.,0.08,False,SIMULATED,COMPLETED,2026-09-04 11:28:13,,,,,,,,,
TXN005711,706.63,Authentication Failed,0.4829,ADDITIONAL_AUTHENTICATION,ADDITIONAL_AUTHENTICATION,Authentication must be completed before retrying.,0.7,False,SIMULATED,COMPLETED,2026-09-04 11:28:13,,,,,,,,,
TXN005713,455.72,Bank Timeout,0.5853,DO_NOT_RETRY,DO_NOT_RETRY,Maximum retry limit reached.,0.08,False,SIMULATED,COMPLETED,2026-09-04 11:28:13,,,,,,,,,
TXN005715,2735.64,Authentication Failed,0.3624,DO_NOT_RETRY,DO_NOT_RETRY,Maximum retry limit reached.,0.05,False,SIMULATED,COMPLETED,2026-09-04 11:28:13,,,,,,,,,
TXN005718,598.97,Bank Timeout,0.7419,RETRY_NOW,RETRY_NOW,AI recommendation approved.,0.78,True,SIMULATED,COMPLETED,2026-09-04 11:28:13,,,,,,,,,
TXN005720,1074.31,Authentication Failed,0.2945,DO_NOT_RETRY,DO_NOT_RETRY,Maximum retry limit reached.,0.05,False,SIMULATED,COMPLETED,2026-09-04 11:28:13,,,,,,,,,
TXN005722,714.03,Insufficient Funds,0.4724,DO_NOT_RETRY,DO_NOT_RETRY,Maximum retry limit reached.,0.0,False,SIMULATED,COMPLETED,2026-09-04 11:28:13,,,,,,,,,
TXN005725,1205.95,Authentication Failed,0.4926,DO_NOT_RETRY,DO_NOT_RETRY,Maximum retry limit reached.,0.05,False,SIMULATED,COMPLETED,2026-09-04 11:28:13,,,,,,,,,
TXN005727,4147.79,Expired Card,0.0919,DO_NOT_RETRY,DO_NOT_RETRY,Maximum retry limit reached.,0.0,False,SIMULATED,COMPLETED,2026-09-04 11:28:13,,,,,,,,,
TXN005731,2727.52,Bank Timeout,0.8651,RETRY_NOW,RETRY_NOW,AI recommendation approved.,0.78,True,SIMULATED,COMPLETED,2026-09-04 11:28:13,,,,,,,,,
TXN005736,637.17,Bank Timeout,0.5216,DO_NOT_RETRY,DO_NOT_RETRY,Maximum retry limit reached.,0.08,False,SIMULATED,COMPLETED,2026-09-04 11:28:13,,,,,,,,,
TXN005738,3037.14,Expired Card,0.3335,UPDATE_PAYMENT_METHOD,UPDATE_PAYMENT_METHOD,Expired card requires a new payment method.,0.4,True,SIMULATED,COMPLETED,2026-09-04 11:28:13,,,,,,,,,
TXN005740,140.62,Expired Card,0.1486,DO_NOT_RETRY,DO_NOT_RETRY,Maximum retry limit reached.,0.0,False,SIMULATED,COMPLETED,2026-09-04 11:28:13,,,,,,,,,
TXN005741,534.6,Expired Card,0.1516,DO_NOT_RETRY,DO_NOT_RETRY,Maximum retry limit reached.,0.0,False,SIMULATED,COMPLETED,2026-09-04 11:28:13,,,,,,,,,
TXN005744,176.51,Insufficient Funds,0.477,DO_NOT_RETRY,DO_NOT_RETRY,Maximum retry limit reached.,0.0,False,SIMULATED,COMPLETED,2026-09-04 11:28:13,,,,,,,,,
TXN005749,2208.12,Authentication Failed,0.5021,ADDITIONAL_AUTHENTICATION,ADDITIONAL_AUTHENTICATION,Authentication must be completed before retrying.,0.7,True,SIMULATED,COMPLETED,2026-09-04 11:28:13,,,,,,,,,
TXN005751,419.38,Expired Card,0.0911,DO_NOT_RETRY,DO_NOT_RETRY,Maximum retry limit reached.,0.0,False,SIMULATED,COMPLETED,2026-09-04 11:28:13,,,,,,,,,
TXN005752,376.39,Insufficient Funds,0.5545,DO_NOT_RETRY,DO_NOT_RETRY,Maximum retry limit reached.,0.0,False,SIMULATED,COMPLETED,2026-09-04 11:28:13,,,,,,,,,
TXN005753,3701.45,Authentication Failed,0.5094,ADDITIONAL_AUTHENTICATION,ADDITIONAL_AUTHENTICATION,Authentication must be completed before retrying.,0.7,True,SIMULATED,COMPLETED,2026-09-04 11:28:13,,,,,,,,,
TXN005754,3009.14,Authentication Failed,0.6083,ADDITIONAL_AUTHENTICATION,ADDITIONAL_AUTHENTICATION,Authentication must be completed before retrying.,0.7,True,SIMULATED,COMPLETED,2026-09-04 11:28:13,,,,,,,,,
TXN005756,725.3,Expired Card,0.1903,UPDATE_PAYMENT_METHOD,UPDATE_PAYMENT_METHOD,Expired card requires a new payment method.,0.4,True,SIMULATED,COMPLETED,2026-09-04 11:28:13,,,,,,,,,
TXN005757,6416.32,Insufficient Funds,0.5155,DO_NOT_RETRY,DO_NOT_RETRY,Maximum retry limit reached.,0.0,False,SIMULATED,COMPLETED,2026-09-04 11:28:13,,,,,,,,,
TXN005758,619.81,Authentication Failed,0.3516,DO_NOT_RETRY,DO_NOT_RETRY,Maximum retry limit reached.,0.05,False,SIMULATED,COMPLETED,2026-09-04 11:28:13,,,,,,,,,
TXN005759,806.13,Expired Card,0.2404,UPDATE_PAYMENT_METHOD,UPDATE_PAYMENT_METHOD,Expired card requires a new payment method.,0.4,False,SIMULATED,COMPLETED,2026-09-04 11:28:13,,,,,,,,,
TXN005770,3637.92,Insufficient Funds,0.576,UPDATE_PAYMENT_METHOD,UPDATE_PAYMENT_METHOD,AI recommendation approved.,0.6,True,SIMULATED,COMPLETED,2026-09-04 11:28:13,,,,,,,,,
TXN005771,523.31,Network Error,0.6629,DO_NOT_RETRY,DO_NOT_RETRY,Maximum retry limit reached.,0.1,False,SIMULATED,COMPLETED,2026-09-04 11:28:13,,,,,,,,,
TXN005773,767.3,Network Error,0.7402,DO_NOT_RETRY,DO_NOT_RETRY,Maximum retry limit reached.,0.1,False,SIMULATED,COMPLETED,2026-09-04 11:28:13,,,,,,,,,
TXN005777,161.9,Authentication Failed,0.48,DO_NOT_RETRY,DO_NOT_RETRY,Maximum retry limit reached.,0.05,False,SIMULATED,COMPLETED,2026-09-04 11:28:13,,,,,,,,,
TXN005781,2473.31,Insufficient Funds,0.6307,UPDATE_PAYMENT_METHOD,UPDATE_PAYMENT_METHOD,AI recommendation approved.,0.6,False,SIMULATED,COMPLETED,2026-09-04 11:28:13,,,,,,,,,
TXN005785,1599.5,Expired Card,0.192,UPDATE_PAYMENT_METHOD,UPDATE_PAYMENT_METHOD,Expired card requires a new payment method.,0.4,True,SIMULATED,COMPLETED,2026-09-04 11:28:13,,,,,,,,,
TXN005786,2637.91,Network Error,0.818,RETRY_NOW,RETRY_NOW,AI recommendation approved.,0.8,True,SIMULATED,COMPLETED,2026-09-04 11:28:13,,,,,,,,,
TXN005788,802.04,Expired Card,0.1711,UPDATE_PAYMENT_METHOD,UPDATE_PAYMENT_METHOD,Expired card requires a new payment method.,0.4,False,SIMULATED,COMPLETED,2026-09-04 11:28:13,,,,,,,,,
TXN005794,4008.32,Bank Timeout,0.5271,DO_NOT_RETRY,DO_NOT_RETRY,Maximum retry limit reached.,0.08,True,SIMULATED,COMPLETED,2026-09-04 11:28:13,,,,,,,,,
TXN005796,6247.08,Network Error,0.6149,DO_NOT_RETRY,DO_NOT_RETRY,Maximum retry limit reached.,0.1,False,SIMULATED,COMPLETED,2026-09-04 11:28:13,,,,,,,,,
TXN005797,1533.75,Bank Timeout,0.659,DO_NOT_RETRY,DO_NOT_RETRY,Maximum retry limit reached.,0.08,True,SIMULATED,COMPLETED,2026-09-04 11:28:13,,,,,,,,,
TXN005803,2891.59,Authentication Failed,0.4591,ADDITIONAL_AUTHENTICATION,ADDITIONAL_AUTHENTICATION,Authentication must be completed before retrying.,0.7,True,SIMULATED,COMPLETED,2026-09-04 11:28:13,,,,,,,,,
TXN005810,276.39,Network Error,0.5249,DO_NOT_RETRY,DO_NOT_RETRY,Maximum retry limit reached.,0.1,False,SIMULATED,COMPLETED,2026-09-04 11:28:13,,,,,,,,,
TXN005811,6022.9,Network Error,0.657,DO_NOT_RETRY,DO_NOT_RETRY,Maximum retry limit reached.,0.1,False,SIMULATED,COMPLETED,2026-09-04 11:28:13,,,,,,,,,
TXN005812,1232.8,Expired Card,0.0978,UPDATE_PAYMENT_METHOD,UPDATE_PAYMENT_METHOD,Expired card requires a new payment method.,0.4,True,SIMULATED,COMPLETED,2026-09-04 11:28:13,,,,,,,,,
TXN005813,1456.44,Insufficient Funds,0.5543,UPDATE_PAYMENT_METHOD,UPDATE_PAYMENT_METHOD,AI recommendation approved.,0.6,False,SIMULATED,COMPLETED,2026-09-04 11:28:13,,,,,,,,,
TXN005817,573.75,Insufficient Funds,0.5284,DO_NOT_RETRY,DO_NOT_RETRY,Maximum retry limit reached.,0.0,False,SIMULATED,COMPLETED,2026-09-04 11:28:13,,,,,,,,,
TXN005826,2040.03,Network Error,0.7336,RETRY_NOW,RETRY_NOW,AI recommendation approved.,0.8,True,SIMULATED,COMPLETED,2026-09-04 11:28:13,,,,,,,,,
TXN005828,4693.1,Network Error,0.8056,RETRY_NOW,RETRY_NOW,AI recommendation approved.,0.8,True,SIMULATED,COMPLETED,2026-09-04 11:28:13,,,,,,,,,
TXN005834,6848.58,Expired Card,0.2175,UPDATE_PAYMENT_METHOD,UPDATE_PAYMENT_METHOD,Expired card requires a new payment method.,0.4,True,SIMULATED,COMPLETED,2026-09-04 11:28:13,,,,,,,,,
TXN005844,3058.2,Network Error,0.5913,DO_NOT_RETRY,DO_NOT_RETRY,Maximum retry limit reached.,0.1,False,SIMULATED,COMPLETED,2026-09-04 11:28:13,,,,,,,,,
TXN005848,807.05,Authentication Failed,0.3512,ADDITIONAL_AUTHENTICATION,ADDITIONAL_AUTHENTICATION,Authentication must be completed before retrying.,0.7,False,SIMULATED,COMPLETED,2026-09-04 11:28:13,,,,,,,,,
TXN005849,420.85,Network Error,0.8338,RETRY_NOW,RETRY_NOW,AI recommendation approved.,0.8,True,SIMULATED,COMPLETED,2026-09-04 11:28:13,,,,,,,,,
TXN005851,599.68,Bank Timeout,0.732,DO_NOT_RETRY,DO_NOT_RETRY,Maximum retry limit reached.,0.08,False,SIMULATED,COMPLETED,2026-09-04 11:28:13,,,,,,,,,
TXN005852,1476.49,Bank Timeout,0.6385,DO_NOT_RETRY,DO_NOT_RETRY,Maximum retry limit reached.,0.08,False,SIMULATED,COMPLETED,2026-09-04 11:28:13,,,,,,,,,
TXN005853,800.64,Authentication Failed,0.4413,ADDITIONAL_AUTHENTICATION,ADDITIONAL_AUTHENTICATION,Authentication must be completed before retrying.,0.7,True,SIMULATED,COMPLETED,2026-09-04 11:28:13,,,,,,,,,
TXN005855,571.82,Network Error,0.4867,DO_NOT_RETRY,DO_NOT_RETRY,Maximum retry limit reached.,0.1,False,SIMULATED,COMPLETED,2026-09-04 11:28:13,,,,,,,,,
TXN005865,372.79,Insufficient Funds,0.5067,DO_NOT_RETRY,DO_NOT_RETRY,Maximum retry limit reached.,0.0,False,SIMULATED,COMPLETED,2026-09-04 11:28:13,,,,,,,,,
TXN005866,460.29,Authentication Failed,0.4741,ADDITIONAL_AUTHENTICATION,ADDITIONAL_AUTHENTICATION,Authentication must be completed before retrying.,0.7,False,SIMULATED,COMPLETED,2026-09-04 11:28:13,,,,,,,,,
TXN005871,2941.26,Expired Card,0.1868,UPDATE_PAYMENT_METHOD,UPDATE_PAYMENT_METHOD,Expired card requires a new payment method.,0.4,True,SIMULATED,COMPLETED,2026-09-04 11:28:13,,,,,,,,,
TXN005872,2860.18,Bank Timeout,0.8879,RETRY_NOW,RETRY_NOW,AI recommendation approved.,0.78,True,SIMULATED,COMPLETED,2026-09-04 11:28:13,,,,,,,,,
TXN005876,1219.98,Expired Card,0.1115,DO_NOT_RETRY,DO_NOT_RETRY,Maximum retry limit reached.,0.0,False,SIMULATED,COMPLETED,2026-09-04 11:28:13,,,,,,,,,
TXN005877,668.66,Network Error,0.7789,RETRY_NOW,RETRY_NOW,AI recommendation approved.,0.8,True,SIMULATED,COMPLETED,2026-09-04 11:28:13,,,,,,,,,
TXN005881,772.71,Network Error,0.6441,DO_NOT_RETRY,DO_NOT_RETRY,Maximum retry limit reached.,0.1,False,SIMULATED,COMPLETED,2026-09-04 11:28:13,,,,,,,,,
TXN005882,2324.92,Insufficient Funds,0.5361,DO_NOT_RETRY,DO_NOT_RETRY,Maximum retry limit reached.,0.0,False,SIMULATED,COMPLETED,2026-09-04 11:28:13,,,,,,,,,
TXN005884,2408.69,Authentication Failed,0.5284,DO_NOT_RETRY,DO_NOT_RETRY,Maximum retry limit reached.,0.05,False,SIMULATED,COMPLETED,2026-09-04 11:28:13,,,,,,,,,
TXN005889,4553.86,Authentication Failed,0.5902,ADDITIONAL_AUTHENTICATION,ADDITIONAL_AUTHENTICATION,Authentication must be completed before retrying.,0.7,True,SIMULATED,COMPLETED,2026-09-04 11:28:13,,,,,,,,,
TXN005893,1798.02,Insufficient Funds,0.6537,UPDATE_PAYMENT_METHOD,UPDATE_PAYMENT_METHOD,AI recommendation approved.,0.6,True,SIMULATED,COMPLETED,2026-09-04 11:28:13,,,,,,,,,
TXN005895,1174.25,Authentication Failed,0.4746,DO_NOT_RETRY,DO_NOT_RETRY,Maximum retry limit reached.,0.05,False,SIMULATED,COMPLETED,2026-09-04 11:28:13,,,,,,,,,
TXN005896,942.71,Network Error,0.7868,RETRY_NOW,RETRY_NOW,AI recommendation approved.,0.8,True,SIMULATED,COMPLETED,2026-09-04 11:28:13,,,,,,,,,
TXN005897,549.56,Network Error,0.7591,RETRY_NOW,RETRY_NOW,AI recommendation approved.,0.8,False,SIMULATED,COMPLETED,2026-09-04 11:28:13,,,,,,,,,
TXN005901,2097.95,Bank Timeout,0.6192,DO_NOT_RETRY,DO_NOT_RETRY,Maximum retry limit reached.,0.08,False,SIMULATED,COMPLETED,2026-09-04 11:28:13,,,,,,,,,
TXN005904,1083.08,Network Error,0.8098,RETRY_NOW,RETRY_NOW,AI recommendation approved.,0.8,True,SIMULATED,COMPLETED,2026-09-04 11:28:13,,,,,,,,,
TXN005909,1041.05,Authentication Failed,0.4612,ADDITIONAL_AUTHENTICATION,ADDITIONAL_AUTHENTICATION,Authentication must be completed before retrying.,0.7,True,SIMULATED,COMPLETED,2026-09-04 11:28:13,,,,,,,,,
TXN005910,1772.16,Bank Timeout,0.8314,RETRY_NOW,RETRY_NOW,AI recommendation approved.,0.78,True,SIMULATED,COMPLETED,2026-09-04 11:28:13,,,,,,,,,
TXN005913,2735.68,Bank Timeout,0.7528,DO_NOT_RETRY,DO_NOT_RETRY,Maximum retry limit reached.,0.08,True,SIMULATED,COMPLETED,2026-09-04 11:28:13,,,,,,,,,
TXN005915,785.75,Insufficient Funds,0.5708,DO_NOT_RETRY,DO_NOT_RETRY,Maximum retry limit reached.,0.0,False,SIMULATED,COMPLETED,2026-09-04 11:28:13,,,,,,,,,
TXN005918,612.26,Bank Timeout,0.7659,DO_NOT_RETRY,DO_NOT_RETRY,Maximum retry limit reached.,0.08,False,SIMULATED,COMPLETED,2026-09-04 11:28:13,,,,,,,,,
TXN005922,1090.84,Insufficient Funds,0.4735,DO_NOT_RETRY,DO_NOT_RETRY,Maximum retry limit reached.,0.0,False,SIMULATED,COMPLETED,2026-09-04 11:28:13,,,,,,,,,
TXN005923,379.52,Expired Card,0.1148,DO_NOT_RETRY,DO_NOT_RETRY,Maximum retry limit reached.,0.0,False,SIMULATED,COMPLETED,2026-09-04 11:28:13,,,,,,,,,
TXN005926,893.02,Expired Card,0.1426,UPDATE_PAYMENT_METHOD,UPDATE_PAYMENT_METHOD,Expired card requires a new payment method.,0.4,False,SIMULATED,COMPLETED,2026-09-04 11:28:13,,,,,,,,,
TXN005928,412.37,Bank Timeout,0.6845,DO_NOT_RETRY,DO_NOT_RETRY,Maximum retry limit reached.,0.08,True,SIMULATED,COMPLETED,2026-09-04 11:28:13,,,,,,,,,
TXN005931,1147.05,Insufficient Funds,0.4598,DO_NOT_RETRY,DO_NOT_RETRY,Maximum retry limit reached.,0.0,False,SIMULATED,COMPLETED,2026-09-04 11:28:13,,,,,,,,,
TXN005933,3737.84,Expired Card,0.2121,DO_NOT_RETRY,DO_NOT_RETRY,Maximum retry limit reached.,0.0,False,SIMULATED,COMPLETED,2026-09-04 11:28:13,,,,,,,,,
TXN005939,6080.1,Bank Timeout,0.7603,DO_NOT_RETRY,DO_NOT_RETRY,Maximum retry limit reached.,0.08,False,SIMULATED,COMPLETED,2026-09-04 11:28:13,,,,,,,,,
TXN005941,2115.16,Authentication Failed,0.3952,DO_NOT_RETRY,DO_NOT_RETRY,Maximum retry limit reached.,0.05,False,SIMULATED,COMPLETED,2026-09-04 11:28:13,,,,,,,,,
TXN005949,3672.34,Expired Card,0.0961,DO_NOT_RETRY,DO_NOT_RETRY,Maximum retry limit reached.,0.0,False,SIMULATED,COMPLETED,2026-09-04 11:28:13,,,,,,,,,
TXN005950,1355.41,Authentication Failed,0.5106,ADDITIONAL_AUTHENTICATION,ADDITIONAL_AUTHENTICATION,Authentication must be completed before retrying.,0.7,False,SIMULATED,COMPLETED,2026-09-04 11:28:13,,,,,,,,,
TXN005955,329.67,Insufficient Funds,0.4511,UPDATE_PAYMENT_METHOD,UPDATE_PAYMENT_METHOD,AI recommendation approved.,0.6,True,SIMULATED,COMPLETED,2026-09-04 11:28:13,,,,,,,,,
TXN005959,760.85,Expired Card,0.0992,DO_NOT_RETRY,DO_NOT_RETRY,Maximum retry limit reached.,0.0,False,SIMULATED,COMPLETED,2026-09-04 11:28:13,,,,,,,,,
TXN005961,940.26,Bank Timeout,0.7772,RETRY_NOW,RETRY_NOW,AI recommendation approved.,0.78,False,SIMULATED,COMPLETED,2026-09-04 11:28:13,,,,,,,,,
TXN005962,1695.43,Insufficient Funds,0.4934,DO_NOT_RETRY,DO_NOT_RETRY,Maximum retry limit reached.,0.0,False,SIMULATED,COMPLETED,2026-09-04 11:28:13,,,,,,,,,
TXN005963,1205.05,Bank Timeout,0.799,DO_NOT_RETRY,DO_NOT_RETRY,Maximum retry limit reached.,0.08,False,SIMULATED,COMPLETED,2026-09-04 11:28:13,,,,,,,,,
TXN005964,477.24,Network Error,0.7919,RETRY_NOW,RETRY_NOW,AI recommendation approved.,0.8,True,SIMULATED,COMPLETED,2026-09-04 11:28:13,,,,,,,,,
TXN005969,506.58,Expired Card,0.1284,UPDATE_PAYMENT_METHOD,UPDATE_PAYMENT_METHOD,Expired card requires a new payment method.,0.4,False,SIMULATED,COMPLETED,2026-09-04 11:28:13,,,,,,,,,
TXN005974,1393.48,Insufficient Funds,0.3946,DO_NOT_RETRY,DO_NOT_RETRY,Maximum retry limit reached.,0.0,False,SIMULATED,COMPLETED,2026-09-04 11:28:13,,,,,,,,,
TXN005980,1182.98,Expired Card,0.1484,DO_NOT_RETRY,DO_NOT_RETRY,Maximum retry limit reached.,0.0,False,SIMULATED,COMPLETED,2026-09-04 11:28:13,,,,,,,,,
TXN005981,807.5,Network Error,0.7447,RETRY_NOW,RETRY_NOW,AI recommendation approved.,0.8,True,SIMULATED,COMPLETED,2026-09-04 11:28:13,,,,,,,,,
TXN005983,712.1,Network Error,0.7878,RETRY_NOW,RETRY_NOW,AI recommendation approved.,0.8,True,SIMULATED,COMPLETED,2026-09-04 11:28:13,,,,,,,,,
TXN005985,460.06,Insufficient Funds,0.5412,UPDATE_PAYMENT_METHOD,UPDATE_PAYMENT_METHOD,AI recommendation approved.,0.6,True,SIMULATED,COMPLETED,2026-09-04 11:28:13,,,,,,,,,
TXN005986,2218.11,Insufficient Funds,0.4028,DO_NOT_RETRY,DO_NOT_RETRY,Maximum retry limit reached.,0.0,False,SIMULATED,COMPLETED,2026-09-04 11:28:13,,,,,,,,,
TXN005988,840.08,Bank Timeout,0.7907,RETRY_NOW,RETRY_NOW,AI recommendation approved.,0.78,True,SIMULATED,COMPLETED,2026-09-04 11:28:13,,,,,,,,,
TXN005990,454.86,Expired Card,0.2107,UPDATE_PAYMENT_METHOD,UPDATE_PAYMENT_METHOD,Expired card requires a new payment method.,0.4,False,SIMULATED,COMPLETED,2026-09-04 11:28:13,,,,,,,,,
TXN005992,516.44,Insufficient Funds,0.3862,DO_NOT_RETRY,DO_NOT_RETRY,Maximum retry limit reached.,0.0,False,SIMULATED,COMPLETED,2026-09-04 11:28:13,,,,,,,,,
TXN006000,1574.36,Network Error,0.5311,DO_NOT_RETRY,DO_NOT_RETRY,Maximum retry limit reached.,0.1,False,SIMULATED,COMPLETED,2026-09-04 11:28:13,,,,,,,,,
TXN006002,642.38,Network Error,0.7835,RETRY_NOW,RETRY_NOW,AI recommendation approved.,0.8,True,SIMULATED,COMPLETED,2026-09-04 11:28:13,,,,,,,,,
TXN006004,1625.39,Expired Card,0.1315,DO_NOT_RETRY,DO_NOT_RETRY,Maximum retry limit reached.,0.0,False,SIMULATED,COMPLETED,2026-09-04 11:28:13,,,,,,,,,
TXN006007,435.7,Network Error,0.6458,DO_NOT_RETRY,DO_NOT_RETRY,Maximum retry limit reached.,0.1,False,SIMULATED,COMPLETED,2026-09-04 11:28:13,,,,,,,,,
TXN006009,400.79,Authentication Failed,0.4536,ADDITIONAL_AUTHENTICATION,ADDITIONAL_AUTHENTICATION,Authentication must be completed before retrying.,0.7,True,SIMULATED,COMPLETED,2026-09-04 11:28:13,,,,,,,,,
TXN006011,1513.25,Expired Card,0.131,UPDATE_PAYMENT_METHOD,UPDATE_PAYMENT_METHOD,Expired card requires a new payment method.,0.4,False,SIMULATED,COMPLETED,2026-09-04 11:28:13,,,,,,,,,
TXN006015,654.11,Network Error,0.7521,RETRY_NOW,RETRY_NOW,AI recommendation approved.,0.8,False,SIMULATED,COMPLETED,2026-09-04 11:28:13,,,,,,,,,
TXN006016,2491.93,Expired Card,0.1779,UPDATE_PAYMENT_METHOD,UPDATE_PAYMENT_METHOD,Expired card requires a new payment method.,0.4,False,SIMULATED,COMPLETED,2026-09-04 11:28:13,,,,,,,,,
TXN006017,1324.37,Network Error,0.6807,DO_NOT_RETRY,DO_NOT_RETRY,Maximum retry limit reached.,0.1,False,SIMULATED,COMPLETED,2026-09-04 11:28:13,,,,,,,,,
TXN006019,2289.32,Expired Card,0.1436,UPDATE_PAYMENT_METHOD,UPDATE_PAYMENT_METHOD,Expired card requires a new payment method.,0.4,True,SIMULATED,COMPLETED,2026-09-04 11:28:13,,,,,,,,,
TXN006020,2269.6,Authentication Failed,0.3685,ADDITIONAL_AUTHENTICATION,ADDITIONAL_AUTHENTICATION,Authentication must be completed before retrying.,0.7,False,SIMULATED,COMPLETED,2026-09-04 11:28:13,,,,,,,,,
TXN006021,350.06,Authentication Failed,0.4482,DO_NOT_RETRY,DO_NOT_RETRY,Maximum retry limit reached.,0.05,False,SIMULATED,COMPLETED,2026-09-04 11:28:13,,,,,,,,,
TXN006022,1673.77,Expired Card,0.2486,UPDATE_PAYMENT_METHOD,UPDATE_PAYMENT_METHOD,Expired card requires a new payment method.,0.4,False,SIMULATED,COMPLETED,2026-09-04 11:28:13,,,,,,,,,
TXN006026,545.11,Network Error,0.773,RETRY_NOW,RETRY_NOW,AI recommendation approved.,0.8,False,SIMULATED,COMPLETED,2026-09-04 11:28:13,,,,,,,,,
TXN006032,862.34,Network Error,0.727,RETRY_NOW,RETRY_NOW,AI recommendation approved.,0.8,False,SIMULATED,COMPLETED,2026-09-04 11:28:13,,,,,,,,,
TXN006033,1662.02,Bank Timeout,0.6757,RETRY_LATER,RETRY_LATER,AI recommendation approved.,0.83,True,SIMULATED,COMPLETED,2026-09-04 11:28:13,,,,,,,,,
TXN006041,2663.19,Insufficient Funds,0.4724,DO_NOT_RETRY,DO_NOT_RETRY,Maximum retry limit reached.,0.0,False,SIMULATED,COMPLETED,2026-09-04 11:28:13,,,,,,,,,
TXN006050,1607.4,Insufficient Funds,0.4727,DO_NOT_RETRY,DO_NOT_RETRY,Maximum retry limit reached.,0.0,False,SIMULATED,COMPLETED,2026-09-04 11:28:13,,,,,,,,,
TXN006054,751.45,Bank Timeout,0.7218,DO_NOT_RETRY,DO_NOT_RETRY,Maximum retry limit reached.,0.08,False,SIMULATED,COMPLETED,2026-09-04 11:28:13,,,,,,,,,
TXN006060,1071.69,Network Error,0.8075,RETRY_NOW,RETRY_NOW,AI recommendation approved.,0.8,True,SIMULATED,COMPLETED,2026-09-04 11:28:13,,,,,,,,,
TXN006064,7131.24,Authentication Failed,0.5176,ADDITIONAL_AUTHENTICATION,ADDITIONAL_AUTHENTICATION,Authentication must be completed before retrying.,0.7,True,SIMULATED,COMPLETED,2026-09-04 11:28:13,,,,,,,,,
TXN006067,418.13,Authentication Failed,0.4973,DO_NOT_RETRY,DO_NOT_RETRY,Maximum retry limit reached.,0.05,False,SIMULATED,COMPLETED,2026-09-04 11:28:13,,,,,,,,,
TXN006069,794.62,Bank Timeout,0.6263,DO_NOT_RETRY,DO_NOT_RETRY,Maximum retry limit reached.,0.08,False,SIMULATED,COMPLETED,2026-09-04 11:28:13,,,,,,,,,
TXN006072,1237.5,Network Error,0.7313,DO_NOT_RETRY,DO_NOT_RETRY,Maximum retry limit reached.,0.1,False,SIMULATED,COMPLETED,2026-09-04 11:28:13,,,,,,,,,
TXN006073,708.69,Network Error,0.7748,RETRY_NOW,RETRY_NOW,AI recommendation approved.,0.8,True,SIMULATED,COMPLETED,2026-09-04 11:28:13,,,,,,,,,
TXN006080,609.6,Insufficient Funds,0.4728,DO_NOT_RETRY,DO_NOT_RETRY,Maximum retry limit reached.,0.0,False,SIMULATED,COMPLETED,2026-09-04 11:28:13,,,,,,,,,
TXN006085,1360.8,Bank Timeout,0.8369,RETRY_NOW,RETRY_NOW,AI recommendation approved.,0.78,True,SIMULATED,COMPLETED,2026-09-04 11:28:13,,,,,,,,,
TXN006090,427.85,Authentication Failed,0.3662,DO_NOT_RETRY,DO_NOT_RETRY,Maximum retry limit reached.,0.05,False,SIMULATED,COMPLETED,2026-09-04 11:28:13,,,,,,,,,
TXN006091,3116.98,Authentication Failed,0.3615,DO_NOT_RETRY,DO_NOT_RETRY,Maximum retry limit reached.,0.05,True,SIMULATED,COMPLETED,2026-09-04 11:28:13,,,,,,,,,
TXN006093,1514.19,Authentication Failed,0.5101,ADDITIONAL_AUTHENTICATION,ADDITIONAL_AUTHENTICATION,Authentication must be completed before retrying.,0.7,True,SIMULATED,COMPLETED,2026-09-04 11:28:13,,,,,,,,,
TXN006094,2253.43,Network Error,0.7887,RETRY_NOW,RETRY_NOW,AI recommendation approved.,0.8,True,SIMULATED,COMPLETED,2026-09-04 11:28:13,,,,,,,,,
TXN006096,820.61,Insufficient Funds,0.5458,DO_NOT_RETRY,DO_NOT_RETRY,Maximum retry limit reached.,0.0,False,SIMULATED,COMPLETED,2026-09-04 11:28:13,,,,,,,,,
TXN006098,683.13,Insufficient Funds,0.5643,UPDATE_PAYMENT_METHOD,UPDATE_PAYMENT_METHOD,AI recommendation approved.,0.6,True,SIMULATED,COMPLETED,2026-09-04 11:28:13,,,,,,,,,
TXN006100,772.9,Insufficient Funds,0.3985,DO_NOT_RETRY,DO_NOT_RETRY,Maximum retry limit reached.,0.0,False,SIMULATED,COMPLETED,2026-09-04 11:28:13,,,,,,,,,
TXN006105,617.81,Network Error,0.4905,DO_NOT_RETRY,DO_NOT_RETRY,Maximum retry limit reached.,0.1,False,SIMULATED,COMPLETED,2026-09-04 11:28:13,,,,,,,,,
TXN006106,1859.77,Insufficient Funds,0.5525,UPDATE_PAYMENT_METHOD,UPDATE_PAYMENT_METHOD,AI recommendation approved.,0.6,True,SIMULATED,COMPLETED,2026-09-04 11:28:13,,,,,,,,,
TXN006107,639.04,Network Error,0.6858,RETRY_LATER,RETRY_LATER,AI recommendation approved.,0.85,True,SIMULATED,COMPLETED,2026-09-04 11:28:13,,,,,,,,,
TXN006111,2777.44,Network Error,0.7445,RETRY_NOW,RETRY_NOW,AI recommendation approved.,0.8,True,SIMULATED,COMPLETED,2026-09-04 11:28:13,,,,,,,,,
TXN006115,2120.21,Expired Card,0.3403,UPDATE_PAYMENT_METHOD,UPDATE_PAYMENT_METHOD,Expired card requires a new payment method.,0.4,True,SIMULATED,COMPLETED,2026-09-04 11:28:13,,,,,,,,,
TXN006116,1397.62,Bank Timeout,0.6067,DO_NOT_RETRY,DO_NOT_RETRY,Maximum retry limit reached.,0.08,False,SIMULATED,COMPLETED,2026-09-04 11:28:13,,,,,,,,,
TXN006119,4475.0,Insufficient Funds,0.5609,DO_NOT_RETRY,DO_NOT_RETRY,Maximum retry limit reached.,0.0,False,SIMULATED,COMPLETED,2026-09-04 11:28:13,,,,,,,,,
TXN006130,548.91,Insufficient Funds,0.5456,UPDATE_PAYMENT_METHOD,UPDATE_PAYMENT_METHOD,AI recommendation approved.,0.6,False,SIMULATED,COMPLETED,2026-09-04 11:28:13,,,,,,,,,
TXN006133,1204.27,Insufficient Funds,0.6679,UPDATE_PAYMENT_METHOD,UPDATE_PAYMENT_METHOD,AI recommendation approved.,0.6,True,SIMULATED,COMPLETED,2026-09-04 11:28:13,,,,,,,,,
TXN006136,2219.62,Insufficient Funds,0.562,DO_NOT_RETRY,DO_NOT_RETRY,Maximum retry limit reached.,0.0,False,SIMULATED,COMPLETED,2026-09-04 11:28:13,,,,,,,,,
TXN006138,1917.66,Network Error,0.8139,RETRY_NOW,RETRY_NOW,AI recommendation approved.,0.8,True,SIMULATED,COMPLETED,2026-09-04 11:28:13,,,,,,,,,
TXN006140,2054.19,Expired Card,0.1869,UPDATE_PAYMENT_METHOD,UPDATE_PAYMENT_METHOD,Expired card requires a new payment method.,0.4,False,SIMULATED,COMPLETED,2026-09-04 11:28:13,,,,,,,,,
TXN006142,2346.82,Expired Card,0.1744,DO_NOT_RETRY,DO_NOT_RETRY,Maximum retry limit reached.,0.0,False,SIMULATED,COMPLETED,2026-09-04 11:28:13,,,,,,,,,
TXN006152,4176.81,Bank Timeout,0.5171,DO_NOT_RETRY,DO_NOT_RETRY,Maximum retry limit reached.,0.08,False,SIMULATED,COMPLETED,2026-09-04 11:28:13,,,,,,,,,
TXN006153,1499.71,Bank Timeout,0.556,DO_NOT_RETRY,DO_NOT_RETRY,Maximum retry limit reached.,0.08,False,SIMULATED,COMPLETED,2026-09-04 11:28:13,,,,,,,,,
TXN006159,1927.98,Authentication Failed,0.4068,ADDITIONAL_AUTHENTICATION,ADDITIONAL_AUTHENTICATION,Authentication must be completed before retrying.,0.7,True,SIMULATED,COMPLETED,2026-09-04 11:28:13,,,,,,,,,
TXN006161,254.23,Insufficient Funds,0.614,UPDATE_PAYMENT_METHOD,UPDATE_PAYMENT_METHOD,AI recommendation approved.,0.6,True,SIMULATED,COMPLETED,2026-09-04 11:28:13,,,,,,,,,
TXN006163,1112.26,Network Error,0.5506,DO_NOT_RETRY,DO_NOT_RETRY,Maximum retry limit reached.,0.1,False,SIMULATED,COMPLETED,2026-09-04 11:28:13,,,,,,,,,
TXN006168,4120.41,Expired Card,0.1437,DO_NOT_RETRY,DO_NOT_RETRY,Maximum retry limit reached.,0.0,False,SIMULATED,COMPLETED,2026-09-04 11:28:13,,,,,,,,,
TXN006169,349.13,Bank Timeout,0.7184,DO_NOT_RETRY,DO_NOT_RETRY,Maximum retry limit reached.,0.08,False,SIMULATED,COMPLETED,2026-09-04 11:28:13,,,,,,,,,
TXN006171,1005.26,Insufficient Funds,0.6192,UPDATE_PAYMENT_METHOD,UPDATE_PAYMENT_METHOD,AI recommendation approved.,0.6,False,SIMULATED,COMPLETED,2026-09-04 11:28:13,,,,,,,,,
TXN006172,230.42,Bank Timeout,0.7498,DO_NOT_RETRY,DO_NOT_RETRY,Maximum retry limit reached.,0.08,False,SIMULATED,COMPLETED,2026-09-04 11:28:13,,,,,,,,,
TXN006177,615.33,Insufficient Funds,0.5531,UPDATE_PAYMENT_METHOD,UPDATE_PAYMENT_METHOD,AI recommendation approved.,0.6,True,SIMULATED,COMPLETED,2026-09-04 11:28:13,,,,,,,,,
TXN006178,690.27,Insufficient Funds,0.5768,UPDATE_PAYMENT_METHOD,UPDATE_PAYMENT_METHOD,AI recommendation approved.,0.6,False,SIMULATED,COMPLETED,2026-09-04 11:28:13,,,,,,,,,
TXN006179,342.33,Expired Card,0.2925,UPDATE_PAYMENT_METHOD,UPDATE_PAYMENT_METHOD,Expired card requires a new payment method.,0.4,False,SIMULATED,COMPLETED,2026-09-04 11:28:13,,,,,,,,,
TXN006184,787.62,Network Error,0.773,RETRY_NOW,RETRY_NOW,AI recommendation approved.,0.8,True,SIMULATED,COMPLETED,2026-09-04 11:28:13,,,,,,,,,
TXN006187,827.58,Insufficient Funds,0.5417,UPDATE_PAYMENT_METHOD,UPDATE_PAYMENT_METHOD,AI recommendation approved.,0.6,False,SIMULATED,COMPLETED,2026-09-04 11:28:13,,,,,,,,,
TXN006188,2336.83,Expired Card,0.1337,DO_NOT_RETRY,DO_NOT_RETRY,Maximum retry limit reached.,0.0,False,SIMULATED,COMPLETED,2026-09-04 11:28:13,,,,,,,,,
TXN006190,496.43,Bank Timeout,0.8117,RETRY_NOW,RETRY_NOW,AI recommendation approved.,0.78,True,SIMULATED,COMPLETED,2026-09-04 11:28:13,,,,,,,,,
TXN006196,1419.27,Expired Card,0.2073,UPDATE_PAYMENT_METHOD,UPDATE_PAYMENT_METHOD,Expired card requires a new payment method.,0.4,False,SIMULATED,COMPLETED,2026-09-04 11:28:13,,,,,,,,,
TXN006197,1370.2,Bank Timeout,0.8512,RETRY_NOW,RETRY_NOW,AI recommendation approved.,0.78,True,SIMULATED,COMPLETED,2026-09-04 11:28:13,,,,,,,,,
TXN006205,1941.64,Expired Card,0.1395,DO_NOT_RETRY,DO_NOT_RETRY,Maximum retry limit reached.,0.0,False,SIMULATED,COMPLETED,2026-09-04 11:28:13,,,,,,,,,
TXN006206,1568.2,Authentication Failed,0.5028,DO_NOT_RETRY,DO_NOT_RETRY,Maximum retry limit reached.,0.05,False,SIMULATED,COMPLETED,2026-09-04 11:28:13,,,,,,,,,
TXN006208,648.02,Bank Timeout,0.6265,DO_NOT_RETRY,DO_NOT_RETRY,Maximum retry limit reached.,0.08,False,SIMULATED,COMPLETED,2026-09-04 11:28:13,,,,,,,,,
TXN006210,1024.81,Insufficient Funds,0.4988,DO_NOT_RETRY,DO_NOT_RETRY,Maximum retry limit reached.,0.0,False,SIMULATED,COMPLETED,2026-09-04 11:28:13,,,,,,,,,
TXN006211,543.12,Authentication Failed,0.4138,DO_NOT_RETRY,DO_NOT_RETRY,Maximum retry limit reached.,0.05,False,SIMULATED,COMPLETED,2026-09-04 11:28:13,,,,,,,,,
TXN006212,5126.36,Bank Timeout,0.7682,DO_NOT_RETRY,DO_NOT_RETRY,Maximum retry limit reached.,0.08,False,SIMULATED,COMPLETED,2026-09-04 11:28:13,,,,,,,,,
TXN006214,567.01,Authentication Failed,0.4372,DO_NOT_RETRY,DO_NOT_RETRY,Maximum retry limit reached.,0.05,False,SIMULATED,COMPLETED,2026-09-04 11:28:13,,,,,,,,,
TXN006220,302.06,Network Error,0.7481,RETRY_NOW,RETRY_NOW,AI recommendation approved.,0.8,True,SIMULATED,COMPLETED,2026-09-04 11:28:13,,,,,,,,,
TXN006221,277.39,Network Error,0.6371,RETRY_LATER,RETRY_LATER,AI recommendation approved.,0.85,True,SIMULATED,COMPLETED,2026-09-04 11:28:13,,,,,,,,,
TXN006223,740.25,Bank Timeout,0.6041,DO_NOT_RETRY,DO_NOT_RETRY,Maximum retry limit reached.,0.08,False,SIMULATED,COMPLETED,2026-09-04 11:28:13,,,,,,,,,
TXN006230,827.57,Insufficient Funds,0.4757,DO_NOT_RETRY,DO_NOT_RETRY,Maximum retry limit reached.,0.0,False,SIMULATED,COMPLETED,2026-09-04 11:28:13,,,,,,,,,
TXN006231,675.84,Expired Card,0.1627,UPDATE_PAYMENT_METHOD,UPDATE_PAYMENT_METHOD,Expired card requires a new payment method.,0.4,True,SIMULATED,COMPLETED,2026-09-04 11:28:13,,,,,,,,,
TXN006232,699.75,Network Error,0.7212,RETRY_NOW,RETRY_NOW,AI recommendation approved.,0.8,True,SIMULATED,COMPLETED,2026-09-04 11:28:13,,,,,,,,,
TXN006234,1058.24,Authentication Failed,0.3418,DO_NOT_RETRY,DO_NOT_RETRY,Maximum retry limit reached.,0.05,False,SIMULATED,COMPLETED,2026-09-04 11:28:13,,,,,,,,,
TXN006236,1474.07,Bank Timeout,0.8198,RETRY_NOW,RETRY_NOW,AI recommendation approved.,0.78,True,SIMULATED,COMPLETED,2026-09-04 11:28:13,,,,,,,,,
TXN006238,5493.34,Expired Card,0.3205,UPDATE_PAYMENT_METHOD,UPDATE_PAYMENT_METHOD,Expired card requires a new payment method.,0.4,False,SIMULATED,COMPLETED,2026-09-04 11:28:13,,,,,,,,,
TXN006242,1109.02,Insufficient Funds,0.5123,UPDATE_PAYMENT_METHOD,UPDATE_PAYMENT_METHOD,AI recommendation approved.,0.6,True,SIMULATED,COMPLETED,2026-09-04 11:28:13,,,,,,,,,
TXN006253,709.44,Network Error,0.7691,RETRY_NOW,RETRY_NOW,AI recommendation approved.,0.8,False,SIMULATED,COMPLETED,2026-09-04 11:28:13,,,,,,,,,
TXN006265,577.47,Insufficient Funds,0.4099,DO_NOT_RETRY,DO_NOT_RETRY,Maximum retry limit reached.,0.0,False,SIMULATED,COMPLETED,2026-09-04 11:28:13,,,,,,,,,
TXN006267,2692.48,Insufficient Funds,0.639,UPDATE_PAYMENT_METHOD,UPDATE_PAYMENT_METHOD,AI recommendation approved.,0.6,True,SIMULATED,COMPLETED,2026-09-04 11:28:13,,,,,,,,,
TXN006271,902.46,Authentication Failed,0.3907,DO_NOT_RETRY,DO_NOT_RETRY,Maximum retry limit reached.,0.05,False,SIMULATED,COMPLETED,2026-09-04 11:28:13,,,,,,,,,
TXN006272,3709.66,Expired Card,0.2185,UPDATE_PAYMENT_METHOD,UPDATE_PAYMENT_METHOD,Expired card requires a new payment method.,0.4,True,SIMULATED,COMPLETED,2026-09-04 11:28:13,,,,,,,,,
TXN006273,2296.81,Bank Timeout,0.8777,DO_NOT_RETRY,DO_NOT_RETRY,Maximum retry limit reached.,0.08,False,SIMULATED,COMPLETED,2026-09-04 11:28:13,,,,,,,,,
TXN006276,1898.9,Network Error,0.6786,DO_NOT_RETRY,DO_NOT_RETRY,Maximum retry limit reached.,0.1,False,SIMULATED,COMPLETED,2026-09-04 11:28:13,,,,,,,,,
TXN006281,3265.15,Bank Timeout,0.842,RETRY_NOW,RETRY_NOW,AI recommendation approved.,0.78,True,SIMULATED,COMPLETED,2026-09-04 11:28:13,,,,,,,,,
TXN006293,325.09,Authentication Failed,0.4577,DO_NOT_RETRY,DO_NOT_RETRY,Maximum retry limit reached.,0.05,False,SIMULATED,COMPLETED,2026-09-04 11:28:13,,,,,,,,,
TXN006295,3210.31,Network Error,0.6421,DO_NOT_RETRY,DO_NOT_RETRY,Maximum retry limit reached.,0.1,False,SIMULATED,COMPLETED,2026-09-04 11:28:13,,,,,,,,,
TXN006298,1508.07,Expired Card,0.2305,UPDATE_PAYMENT_METHOD,UPDATE_PAYMENT_METHOD,Expired card requires a new payment method.,0.4,False,SIMULATED,COMPLETED,2026-09-04 11:28:13,,,,,,,,,
TXN006305,995.76,Authentication Failed,0.4055,ADDITIONAL_AUTHENTICATION,ADDITIONAL_AUTHENTICATION,Authentication must be completed before retrying.,0.7,False,SIMULATED,COMPLETED,2026-09-04 11:28:13,,,,,,,,,
TXN006306,484.99,Bank Timeout,0.7312,RETRY_NOW,RETRY_NOW,AI recommendation approved.,0.78,False,SIMULATED,COMPLETED,2026-09-04 11:28:13,,,,,,,,,
TXN006307,1875.21,Expired Card,0.0911,DO_NOT_RETRY,DO_NOT_RETRY,Maximum retry limit reached.,0.0,False,SIMULATED,COMPLETED,2026-09-04 11:28:13,,,,,,,,,
TXN006312,1456.11,Insufficient Funds,0.6172,UPDATE_PAYMENT_METHOD,UPDATE_PAYMENT_METHOD,AI recommendation approved.,0.6,False,SIMULATED,COMPLETED,2026-09-04 11:28:13,,,,,,,,,
TXN006313,1288.14,Authentication Failed,0.4338,DO_NOT_RETRY,DO_NOT_RETRY,Maximum retry limit reached.,0.05,False,SIMULATED,COMPLETED,2026-09-04 11:28:13,,,,,,,,,
TXN006316,543.64,Bank Timeout,0.8281,RETRY_NOW,RETRY_NOW,AI recommendation approved.,0.78,True,SIMULATED,COMPLETED,2026-09-04 11:28:13,,,,,,,,,
TXN006318,312.28,Bank Timeout,0.8202,RETRY_NOW,RETRY_NOW,AI recommendation approved.,0.78,True,SIMULATED,COMPLETED,2026-09-04 11:28:13,,,,,,,,,
TXN006324,3199.02,Bank Timeout,0.6746,DO_NOT_RETRY,DO_NOT_RETRY,Maximum retry limit reached.,0.08,False,SIMULATED,COMPLETED,2026-09-04 11:28:13,,,,,,,,,
TXN006325,2234.23,Network Error,0.7801,RETRY_NOW,RETRY_NOW,AI recommendation approved.,0.8,True,SIMULATED,COMPLETED,2026-09-04 11:28:13,,,,,,,,,
TXN006326,1194.56,Insufficient Funds,0.459,DO_NOT_RETRY,DO_NOT_RETRY,Maximum retry limit reached.,0.0,False,SIMULATED,COMPLETED,2026-09-04 11:28:13,,,,,,,,,
TXN006329,743.06,Authentication Failed,0.4534,ADDITIONAL_AUTHENTICATION,ADDITIONAL_AUTHENTICATION,Authentication must be completed before retrying.,0.7,True,SIMULATED,COMPLETED,2026-09-04 11:28:13,,,,,,,,,
TXN006330,2506.49,Bank Timeout,0.7379,DO_NOT_RETRY,DO_NOT_RETRY,Maximum retry limit reached.,0.08,False,SIMULATED,COMPLETED,2026-09-04 11:28:13,,,,,,,,,
TXN006332,558.1,Expired Card,0.0953,DO_NOT_RETRY,DO_NOT_RETRY,Maximum retry limit reached.,0.0,False,SIMULATED,COMPLETED,2026-09-04 11:28:13,,,,,,,,,
TXN006335,860.52,Bank Timeout,0.7193,RETRY_NOW,RETRY_NOW,AI recommendation approved.,0.78,True,SIMULATED,COMPLETED,2026-09-04 11:28:13,,,,,,,,,
TXN006337,2547.81,Authentication Failed,0.6293,ADDITIONAL_AUTHENTICATION,ADDITIONAL_AUTHENTICATION,Authentication must be completed before retrying.,0.7,True,SIMULATED,COMPLETED,2026-09-04 11:28:13,,,,,,,,,
TXN006339,1146.64,Expired Card,0.1892,UPDATE_PAYMENT_METHOD,UPDATE_PAYMENT_METHOD,Expired card requires a new payment method.,0.4,False,SIMULATED,COMPLETED,2026-09-04 11:28:13,,,,,,,,,
TXN006343,3805.76,Network Error,0.704,DO_NOT_RETRY,DO_NOT_RETRY,Maximum retry limit reached.,0.1,True,SIMULATED,COMPLETED,2026-09-04 11:28:13,,,,,,,,,
TXN006344,851.55,Insufficient Funds,0.4449,DO_NOT_RETRY,DO_NOT_RETRY,Maximum retry limit reached.,0.0,False,SIMULATED,COMPLETED,2026-09-04 11:28:13,,,,,,,,,
TXN006352,456.89,Network Error,0.6951,DO_NOT_RETRY,DO_NOT_RETRY,Maximum retry limit reached.,0.1,True,SIMULATED,COMPLETED,2026-09-04 11:28:13,,,,,,,,,
TXN006353,5866.0,Insufficient Funds,0.5004,DO_NOT_RETRY,DO_NOT_RETRY,Maximum retry limit reached.,0.0,False,SIMULATED,COMPLETED,2026-09-04 11:28:13,,,,,,,,,
TXN006354,747.73,Network Error,0.7668,DO_NOT_RETRY,DO_NOT_RETRY,Maximum retry limit reached.,0.1,False,SIMULATED,COMPLETED,2026-09-04 11:28:13,,,,,,,,,
TXN006357,2121.56,Bank Timeout,0.8474,RETRY_NOW,RETRY_NOW,AI recommendation approved.,0.78,True,SIMULATED,COMPLETED,2026-09-04 11:28:13,,,,,,,,,
TXN006358,545.42,Insufficient Funds,0.4861,DO_NOT_RETRY,DO_NOT_RETRY,Maximum retry limit reached.,0.0,False,SIMULATED,COMPLETED,2026-09-04 11:28:13,,,,,,,,,
TXN006361,849.28,Expired Card,0.1593,DO_NOT_RETRY,DO_NOT_RETRY,Maximum retry limit reached.,0.0,False,SIMULATED,COMPLETED,2026-09-04 11:28:13,,,,,,,,,
TXN006364,2925.78,Bank Timeout,0.7136,DO_NOT_RETRY,DO_NOT_RETRY,Maximum retry limit reached.,0.08,False,SIMULATED,COMPLETED,2026-09-04 11:28:13,,,,,,,,,
TXN006365,402.46,Insufficient Funds,0.5383,UPDATE_PAYMENT_METHOD,UPDATE_PAYMENT_METHOD,AI recommendation approved.,0.6,False,SIMULATED,COMPLETED,2026-09-04 11:28:13,,,,,,,,,
TXN006369,2605.97,Insufficient Funds,0.6133,UPDATE_PAYMENT_METHOD,UPDATE_PAYMENT_METHOD,AI recommendation approved.,0.6,False,SIMULATED,COMPLETED,2026-09-04 11:28:13,,,,,,,,,
TXN006374,1278.05,Authentication Failed,0.5175,ADDITIONAL_AUTHENTICATION,ADDITIONAL_AUTHENTICATION,Authentication must be completed before retrying.,0.7,False,SIMULATED,COMPLETED,2026-09-04 11:28:13,,,,,,,,,
TXN006376,581.28,Network Error,0.4658,DO_NOT_RETRY,DO_NOT_RETRY,Maximum retry limit reached.,0.1,False,SIMULATED,COMPLETED,2026-09-04 11:28:13,,,,,,,,,
TXN006379,1997.48,Insufficient Funds,0.6849,UPDATE_PAYMENT_METHOD,UPDATE_PAYMENT_METHOD,AI recommendation approved.,0.6,False,SIMULATED,COMPLETED,2026-09-04 11:28:13,,,,,,,,,
TXN006383,2062.82,Network Error,0.6544,DO_NOT_RETRY,DO_NOT_RETRY,Maximum retry limit reached.,0.1,False,SIMULATED,COMPLETED,2026-09-04 11:28:13,,,,,,,,,
TXN006386,392.11,Authentication Failed,0.5042,ADDITIONAL_AUTHENTICATION,ADDITIONAL_AUTHENTICATION,Authentication must be completed before retrying.,0.7,False,SIMULATED,COMPLETED,2026-09-04 11:28:13,,,,,,,,,
TXN006387,1246.37,Expired Card,0.2158,DO_NOT_RETRY,DO_NOT_RETRY,Maximum retry limit reached.,0.0,False,SIMULATED,COMPLETED,2026-09-04 11:28:13,,,,,,,,,
TXN006388,1766.26,Authentication Failed,0.4653,DO_NOT_RETRY,DO_NOT_RETRY,Maximum retry limit reached.,0.05,False,SIMULATED,COMPLETED,2026-09-04 11:28:13,,,,,,,,,
TXN006389,285.59,Bank Timeout,0.7186,RETRY_NOW,RETRY_NOW,AI recommendation approved.,0.78,True,SIMULATED,COMPLETED,2026-09-04 11:28:13,,,,,,,,,
TXN006390,1959.0,Bank Timeout,0.8617,DO_NOT_RETRY,DO_NOT_RETRY,Maximum retry limit reached.,0.08,False,SIMULATED,COMPLETED,2026-09-04 11:28:13,,,,,,,,,
TXN006393,333.4,Insufficient Funds,0.4663,DO_NOT_RETRY,DO_NOT_RETRY,Maximum retry limit reached.,0.0,False,SIMULATED,COMPLETED,2026-09-04 11:28:13,,,,,,,,,
TXN006395,3254.49,Insufficient Funds,0.3153,DO_NOT_RETRY,DO_NOT_RETRY,Maximum retry limit reached.,0.0,False,SIMULATED,COMPLETED,2026-09-04 11:28:13,,,,,,,,,
TXN006396,1540.16,Insufficient Funds,0.6162,UPDATE_PAYMENT_METHOD,UPDATE_PAYMENT_METHOD,AI recommendation approved.,0.6,False,SIMULATED,COMPLETED,2026-09-04 11:28:13,,,,,,,,,
TXN006401,1218.31,Insufficient Funds,0.4239,DO_NOT_RETRY,DO_NOT_RETRY,Maximum retry limit reached.,0.0,False,SIMULATED,COMPLETED,2026-09-04 11:28:13,,,,,,,,,
TXN006402,953.08,Insufficient Funds,0.5782,UPDATE_PAYMENT_METHOD,UPDATE_PAYMENT_METHOD,AI recommendation approved.,0.6,True,SIMULATED,COMPLETED,2026-09-04 11:28:13,,,,,,,,,
TXN006404,907.85,Expired Card,0.3438,UPDATE_PAYMENT_METHOD,UPDATE_PAYMENT_METHOD,Expired card requires a new payment method.,0.4,True,SIMULATED,COMPLETED,2026-09-04 11:28:13,,,,,,,,,
TXN006406,558.21,Insufficient Funds,0.5669,UPDATE_PAYMENT_METHOD,UPDATE_PAYMENT_METHOD,AI recommendation approved.,0.6,True,SIMULATED,COMPLETED,2026-09-04 11:28:13,,,,,,,,,
TXN006411,678.34,Expired Card,0.2419,UPDATE_PAYMENT_METHOD,UPDATE_PAYMENT_METHOD,Expired card requires a new payment method.,0.4,True,SIMULATED,COMPLETED,2026-09-04 11:28:13,,,,,,,,,
TXN006413,804.56,Expired Card,0.0784,DO_NOT_RETRY,DO_NOT_RETRY,Maximum retry limit reached.,0.0,False,SIMULATED,COMPLETED,2026-09-04 11:28:13,,,,,,,,,
TXN006416,3352.81,Authentication Failed,0.5018,ADDITIONAL_AUTHENTICATION,ADDITIONAL_AUTHENTICATION,Authentication must be completed before retrying.,0.7,True,SIMULATED,COMPLETED,2026-09-04 11:28:13,,,,,,,,,
TXN006420,1274.35,Insufficient Funds,0.5013,DO_NOT_RETRY,DO_NOT_RETRY,Maximum retry limit reached.,0.0,False,SIMULATED,COMPLETED,2026-09-04 11:28:13,,,,,,,,,
TXN006421,1231.15,Insufficient Funds,0.732,RETRY_LATER,RETRY_LATER,AI recommendation approved.,0.75,True,SIMULATED,COMPLETED,2026-09-04 11:28:13,,,,,,,,,
TXN006429,2815.67,Expired Card,0.111,DO_NOT_RETRY,DO_NOT_RETRY,Maximum retry limit reached.,0.0,False,SIMULATED,COMPLETED,2026-09-04 11:28:13,,,,,,,,,
TXN006431,2299.95,Expired Card,0.1645,UPDATE_PAYMENT_METHOD,UPDATE_PAYMENT_METHOD,Expired card requires a new payment method.,0.4,True,SIMULATED,COMPLETED,2026-09-04 11:28:13,,,,,,,,,
TXN006436,1615.85,Expired Card,0.0782,DO_NOT_RETRY,DO_NOT_RETRY,Maximum retry limit reached.,0.0,False,SIMULATED,COMPLETED,2026-09-04 11:28:13,,,,,,,,,
TXN006439,733.98,Expired Card,0.0872,DO_NOT_RETRY,DO_NOT_RETRY,Maximum retry limit reached.,0.0,False,SIMULATED,COMPLETED,2026-09-04 11:28:13,,,,,,,,,
TXN006442,799.84,Authentication Failed,0.4827,ADDITIONAL_AUTHENTICATION,ADDITIONAL_AUTHENTICATION,Authentication must be completed before retrying.,0.7,True,SIMULATED,COMPLETED,2026-09-04 11:28:13,,,,,,,,,
TXN006445,1298.15,Expired Card,0.0806,DO_NOT_RETRY,DO_NOT_RETRY,Maximum retry limit reached.,0.0,False,SIMULATED,COMPLETED,2026-09-04 11:28:13,,,,,,,,,
TXN006452,1883.91,Insufficient Funds,0.5161,DO_NOT_RETRY,DO_NOT_RETRY,Maximum retry limit reached.,0.0,False,SIMULATED,COMPLETED,2026-09-04 11:28:13,,,,,,,,,
TXN006458,809.5,Authentication Failed,0.5258,ADDITIONAL_AUTHENTICATION,ADDITIONAL_AUTHENTICATION,Authentication must be completed before retrying.,0.7,True,SIMULATED,COMPLETED,2026-09-04 11:28:13,,,,,,,,,
TXN006459,4203.2,Authentication Failed,0.5054,ADDITIONAL_AUTHENTICATION,ADDITIONAL_AUTHENTICATION,Authentication must be completed before retrying.,0.7,True,SIMULATED,COMPLETED,2026-09-04 11:28:13,,,,,,,,,
TXN006460,862.3,Bank Timeout,0.7265,DO_NOT_RETRY,DO_NOT_RETRY,Maximum retry limit reached.,0.08,True,SIMULATED,COMPLETED,2026-09-04 11:28:13,,,,,,,,,
TXN006463,2469.76,Bank Timeout,0.8007,RETRY_NOW,RETRY_NOW,AI recommendation approved.,0.78,True,SIMULATED,COMPLETED,2026-09-04 11:28:13,,,,,,,,,
TXN006470,936.34,Authentication Failed,0.502,ADDITIONAL_AUTHENTICATION,ADDITIONAL_AUTHENTICATION,Authentication must be completed before retrying.,0.7,False,SIMULATED,COMPLETED,2026-09-04 11:28:13,,,,,,,,,
TXN006476,134.81,Authentication Failed,0.6112,ADDITIONAL_AUTHENTICATION,ADDITIONAL_AUTHENTICATION,Authentication must be completed before retrying.,0.7,True,SIMULATED,COMPLETED,2026-09-04 11:28:13,,,,,,,,,
TXN006477,883.22,Authentication Failed,0.4773,ADDITIONAL_AUTHENTICATION,ADDITIONAL_AUTHENTICATION,Authentication must be completed before retrying.,0.7,False,SIMULATED,COMPLETED,2026-09-04 11:28:13,,,,,,,,,
TXN006478,1805.52,Bank Timeout,0.671,DO_NOT_RETRY,DO_NOT_RETRY,Maximum retry limit reached.,0.08,False,SIMULATED,COMPLETED,2026-09-04 11:28:13,,,,,,,,,
TXN006479,1490.59,Network Error,0.7942,RETRY_NOW,RETRY_NOW,AI recommendation approved.,0.8,True,SIMULATED,COMPLETED,2026-09-04 11:28:13,,,,,,,,,
TXN006483,1183.96,Insufficient Funds,0.6133,UPDATE_PAYMENT_METHOD,UPDATE_PAYMENT_METHOD,AI recommendation approved.,0.6,True,SIMULATED,COMPLETED,2026-09-04 11:28:13,,,,,,,,,
TXN006491,552.87,Authentication Failed,0.3841,DO_NOT_RETRY,DO_NOT_RETRY,Maximum retry limit reached.,0.05,False,SIMULATED,COMPLETED,2026-09-04 11:28:13,,,,,,,,,
TXN006493,1311.73,Bank Timeout,0.7942,RETRY_NOW,RETRY_NOW,AI recommendation approved.,0.78,False,SIMULATED,COMPLETED,2026-09-04 11:28:13,,,,,,,,,
TXN006497,1559.62,Insufficient Funds,0.4585,DO_NOT_RETRY,DO_NOT_RETRY,Maximum retry limit reached.,0.0,False,SIMULATED,COMPLETED,2026-09-04 11:28:13,,,,,,,,,
TXN006502,1684.59,Network Error,0.8443,RETRY_NOW,RETRY_NOW,AI recommendation approved.,0.8,True,SIMULATED,COMPLETED,2026-09-04 11:28:13,,,,,,,,,
TXN006503,1258.83,Network Error,0.7718,RETRY_NOW,RETRY_NOW,AI recommendation approved.,0.8,True,SIMULATED,COMPLETED,2026-09-04 11:28:13,,,,,,,,,
TXN006504,1335.74,Authentication Failed,0.3015,DO_NOT_RETRY,DO_NOT_RETRY,Maximum retry limit reached.,0.05,False,SIMULATED,COMPLETED,2026-09-04 11:28:13,,,,,,,,,
TXN006505,2258.68,Bank Timeout,0.7251,DO_NOT_RETRY,DO_NOT_RETRY,Maximum retry limit reached.,0.08,False,SIMULATED,COMPLETED,2026-09-04 11:28:13,,,,,,,,,
TXN006506,219.29,Network Error,0.6685,DO_NOT_RETRY,DO_NOT_RETRY,Maximum retry limit reached.,0.1,False,SIMULATED,COMPLETED,2026-09-04 11:28:13,,,,,,,,,
TXN006507,1379.52,Network Error,0.6501,DO_NOT_RETRY,DO_NOT_RETRY,Maximum retry limit reached.,0.1,False,SIMULATED,COMPLETED,2026-09-04 11:28:13,,,,,,,,,
TXN006508,3165.96,Insufficient Funds,0.5787,UPDATE_PAYMENT_METHOD,UPDATE_PAYMENT_METHOD,AI recommendation approved.,0.6,False,SIMULATED,COMPLETED,2026-09-04 11:28:13,,,,,,,,,
TXN006516,2226.92,Authentication Failed,0.5346,ADDITIONAL_AUTHENTICATION,ADDITIONAL_AUTHENTICATION,Authentication must be completed before retrying.,0.7,True,SIMULATED,COMPLETED,2026-09-04 11:28:13,,,,,,,,,
TXN006519,664.91,Bank Timeout,0.8045,RETRY_NOW,RETRY_NOW,AI recommendation approved.,0.78,True,SIMULATED,COMPLETED,2026-09-04 11:28:13,,,,,,,,,
TXN006525,1131.84,Authentication Failed,0.4729,ADDITIONAL_AUTHENTICATION,ADDITIONAL_AUTHENTICATION,Authentication must be completed before retrying.,0.7,True,SIMULATED,COMPLETED,2026-09-04 11:28:13,,,,,,,,,
TXN006527,988.39,Authentication Failed,0.5149,DO_NOT_RETRY,DO_NOT_RETRY,Maximum retry limit reached.,0.05,False,SIMULATED,COMPLETED,2026-09-04 11:28:13,,,,,,,,,
TXN006530,2651.55,Expired Card,0.2971,DO_NOT_RETRY,DO_NOT_RETRY,Maximum retry limit reached.,0.0,False,SIMULATED,COMPLETED,2026-09-04 11:28:13,,,,,,,,,
TXN006531,2899.82,Authentication Failed,0.4192,DO_NOT_RETRY,DO_NOT_RETRY,Maximum retry limit reached.,0.05,False,SIMULATED,COMPLETED,2026-09-04 11:28:13,,,,,,,,,
TXN006532,471.99,Authentication Failed,0.4388,DO_NOT_RETRY,DO_NOT_RETRY,Maximum retry limit reached.,0.05,False,SIMULATED,COMPLETED,2026-09-04 11:28:13,,,,,,,,,
TXN006537,795.57,Bank Timeout,0.4851,DO_NOT_RETRY,DO_NOT_RETRY,Maximum retry limit reached.,0.08,False,SIMULATED,COMPLETED,2026-09-04 11:28:13,,,,,,,,,
TXN006545,2206.78,Bank Timeout,0.6642,RETRY_LATER,RETRY_LATER,AI recommendation approved.,0.83,True,SIMULATED,COMPLETED,2026-09-04 11:28:13,,,,,,,,,
TXN006548,989.97,Network Error,0.751,RETRY_NOW,RETRY_NOW,AI recommendation approved.,0.8,True,SIMULATED,COMPLETED,2026-09-04 11:28:13,,,,,,,,,
TXN006553,1242.15,Expired Card,0.2002,UPDATE_PAYMENT_METHOD,UPDATE_PAYMENT_METHOD,Expired card requires a new payment method.,0.4,False,SIMULATED,COMPLETED,2026-09-04 11:28:13,,,,,,,,,
TXN006554,1012.28,Bank Timeout,0.7275,DO_NOT_RETRY,DO_NOT_RETRY,Maximum retry limit reached.,0.08,False,SIMULATED,COMPLETED,2026-09-04 11:28:13,,,,,,,,,
TXN006558,1162.29,Authentication Failed,0.3986,DO_NOT_RETRY,DO_NOT_RETRY,Maximum retry limit reached.,0.05,False,SIMULATED,COMPLETED,2026-09-04 11:28:13,,,,,,,,,
TXN006560,722.35,Bank Timeout,0.7226,RETRY_NOW,RETRY_NOW,AI recommendation approved.,0.78,True,SIMULATED,COMPLETED,2026-09-04 11:28:13,,,,,,,,,
TXN006567,804.65,Bank Timeout,0.6779,DO_NOT_RETRY,DO_NOT_RETRY,Maximum retry limit reached.,0.08,True,SIMULATED,COMPLETED,2026-09-04 11:28:13,,,,,,,,,
TXN006574,1091.11,Insufficient Funds,0.5006,DO_NOT_RETRY,DO_NOT_RETRY,Maximum retry limit reached.,0.0,False,SIMULATED,COMPLETED,2026-09-04 11:28:13,,,,,,,,,
TXN006578,957.27,Insufficient Funds,0.6188,UPDATE_PAYMENT_METHOD,UPDATE_PAYMENT_METHOD,AI recommendation approved.,0.6,True,SIMULATED,COMPLETED,2026-09-04 11:28:13,,,,,,,,,
TXN006583,307.03,Expired Card,0.0707,DO_NOT_RETRY,DO_NOT_RETRY,Maximum retry limit reached.,0.0,False,SIMULATED,COMPLETED,2026-09-04 11:28:13,,,,,,,,,
TXN006584,1351.68,Authentication Failed,0.353,DO_NOT_RETRY,DO_NOT_RETRY,Maximum retry limit reached.,0.05,False,SIMULATED,COMPLETED,2026-09-04 11:28:13,,,,,,,,,
TXN006588,381.86,Insufficient Funds,0.5611,UPDATE_PAYMENT_METHOD,UPDATE_PAYMENT_METHOD,AI recommendation approved.,0.6,False,SIMULATED,COMPLETED,2026-09-04 11:28:13,,,,,,,,,
TXN006589,1226.29,Network Error,0.7529,RETRY_NOW,RETRY_NOW,AI recommendation approved.,0.8,True,SIMULATED,COMPLETED,2026-09-04 11:28:13,,,,,,,,,
TXN006591,1145.87,Authentication Failed,0.4371,ADDITIONAL_AUTHENTICATION,ADDITIONAL_AUTHENTICATION,Authentication must be completed before retrying.,0.7,True,SIMULATED,COMPLETED,2026-09-04 11:28:13,,,,,,,,,
TXN006594,1496.03,Insufficient Funds,0.4989,DO_NOT_RETRY,DO_NOT_RETRY,Maximum retry limit reached.,0.0,False,SIMULATED,COMPLETED,2026-09-04 11:28:13,,,,,,,,,
TXN006595,445.9,Bank Timeout,0.7666,RETRY_NOW,RETRY_NOW,AI recommendation approved.,0.78,False,SIMULATED,COMPLETED,2026-09-04 11:28:13,,,,,,,,,
TXN006600,2168.85,Network Error,0.6156,DO_NOT_RETRY,DO_NOT_RETRY,Maximum retry limit reached.,0.1,False,SIMULATED,COMPLETED,2026-09-04 11:28:13,,,,,,,,,
TXN006601,1465.11,Bank Timeout,0.6914,DO_NOT_RETRY,DO_NOT_RETRY,Maximum retry limit reached.,0.08,False,SIMULATED,COMPLETED,2026-09-04 11:28:13,,,,,,,,,
TXN006602,945.22,Authentication Failed,0.2907,DO_NOT_RETRY,DO_NOT_RETRY,Maximum retry limit reached.,0.05,False,SIMULATED,COMPLETED,2026-09-04 11:28:13,,,,,,,,,
TXN006606,487.0,Expired Card,0.1962,UPDATE_PAYMENT_METHOD,UPDATE_PAYMENT_METHOD,Expired card requires a new payment method.,0.4,False,SIMULATED,COMPLETED,2026-09-04 11:28:13,,,,,,,,,
TXN006607,1942.74,Insufficient Funds,0.5848,UPDATE_PAYMENT_METHOD,UPDATE_PAYMENT_METHOD,AI recommendation approved.,0.6,True,SIMULATED,COMPLETED,2026-09-04 11:28:13,,,,,,,,,
TXN006612,3156.0,Authentication Failed,0.3582,DO_NOT_RETRY,DO_NOT_RETRY,Maximum retry limit reached.,0.05,False,SIMULATED,COMPLETED,2026-09-04 11:28:13,,,,,,,,,
TXN006616,1505.01,Network Error,0.7481,RETRY_NOW,RETRY_NOW,AI recommendation approved.,0.8,True,SIMULATED,COMPLETED,2026-09-04 11:28:13,,,,,,,,,
TXN006617,1028.86,Insufficient Funds,0.5824,UPDATE_PAYMENT_METHOD,UPDATE_PAYMENT_METHOD,AI recommendation approved.,0.6,False,SIMULATED,COMPLETED,2026-09-04 11:28:13,,,,,,,,,
TXN006618,941.35,Bank Timeout,0.8367,RETRY_NOW,RETRY_NOW,AI recommendation approved.,0.78,True,SIMULATED,COMPLETED,2026-09-04 11:28:13,,,,,,,,,
TXN006620,1538.76,Expired Card,0.1404,DO_NOT_RETRY,DO_NOT_RETRY,Maximum retry limit reached.,0.0,False,SIMULATED,COMPLETED,2026-09-04 11:28:13,,,,,,,,,
TXN006621,306.17,Bank Timeout,0.7307,DO_NOT_RETRY,DO_NOT_RETRY,Maximum retry limit reached.,0.08,False,SIMULATED,COMPLETED,2026-09-04 11:28:13,,,,,,,,,
TXN006624,1736.91,Bank Timeout,0.6702,DO_NOT_RETRY,DO_NOT_RETRY,Maximum retry limit reached.,0.08,False,SIMULATED,COMPLETED,2026-09-04 11:28:13,,,,,,,,,
TXN006629,1769.65,Expired Card,0.1288,DO_NOT_RETRY,DO_NOT_RETRY,Maximum retry limit reached.,0.0,False,SIMULATED,COMPLETED,2026-09-04 11:28:13,,,,,,,,,
TXN006631,1733.1,Authentication Failed,0.4737,DO_NOT_RETRY,DO_NOT_RETRY,Maximum retry limit reached.,0.05,False,SIMULATED,COMPLETED,2026-09-04 11:28:13,,,,,,,,,
TXN006634,1135.6,Insufficient Funds,0.4304,DO_NOT_RETRY,DO_NOT_RETRY,Maximum retry limit reached.,0.0,False,SIMULATED,COMPLETED,2026-09-04 11:28:13,,,,,,,,,
TXN006636,2871.31,Network Error,0.7091,RETRY_NOW,RETRY_NOW,AI recommendation approved.,0.8,True,SIMULATED,COMPLETED,2026-09-04 11:28:13,,,,,,,,,
TXN006638,2702.21,Bank Timeout,0.8679,RETRY_NOW,RETRY_NOW,AI recommendation approved.,0.78,True,SIMULATED,COMPLETED,2026-09-04 11:28:13,,,,,,,,,
TXN006642,952.67,Bank Timeout,0.7424,DO_NOT_RETRY,DO_NOT_RETRY,Maximum retry limit reached.,0.08,False,SIMULATED,COMPLETED,2026-09-04 11:28:13,,,,,,,,,
TXN006644,684.5,Authentication Failed,0.3912,DO_NOT_RETRY,DO_NOT_RETRY,Maximum retry limit reached.,0.05,False,SIMULATED,COMPLETED,2026-09-04 11:28:13,,,,,,,,,
TXN006646,3187.52,Bank Timeout,0.8086,RETRY_NOW,RETRY_NOW,AI recommendation approved.,0.78,True,SIMULATED,COMPLETED,2026-09-04 11:28:13,,,,,,,,,
TXN006655,409.44,Network Error,0.5526,DO_NOT_RETRY,DO_NOT_RETRY,Maximum retry limit reached.,0.1,False,SIMULATED,COMPLETED,2026-09-04 11:28:13,,,,,,,,,
TXN006657,957.66,Expired Card,0.0946,DO_NOT_RETRY,DO_NOT_RETRY,Maximum retry limit reached.,0.0,False,SIMULATED,COMPLETED,2026-09-04 11:28:13,,,,,,,,,
TXN006659,836.98,Network Error,0.7949,RETRY_NOW,RETRY_NOW,AI recommendation approved.,0.8,True,SIMULATED,COMPLETED,2026-09-04 11:28:13,,,,,,,,,
TXN006660,579.09,Expired Card,0.1468,UPDATE_PAYMENT_METHOD,UPDATE_PAYMENT_METHOD,Expired card requires a new payment method.,0.4,False,SIMULATED,COMPLETED,2026-09-04 11:28:13,,,,,,,,,
TXN006662,906.06,Authentication Failed,0.4554,ADDITIONAL_AUTHENTICATION,ADDITIONAL_AUTHENTICATION,Authentication must be completed before retrying.,0.7,False,SIMULATED,COMPLETED,2026-09-04 11:28:13,,,,,,,,,
TXN006663,1049.87,Authentication Failed,0.4924,ADDITIONAL_AUTHENTICATION,ADDITIONAL_AUTHENTICATION,Authentication must be completed before retrying.,0.7,True,SIMULATED,COMPLETED,2026-09-04 11:28:13,,,,,,,,,
TXN006666,511.88,Network Error,0.6284,DO_NOT_RETRY,DO_NOT_RETRY,Maximum retry limit reached.,0.1,True,SIMULATED,COMPLETED,2026-09-04 11:28:13,,,,,,,,,
TXN006672,466.43,Insufficient Funds,0.6159,UPDATE_PAYMENT_METHOD,UPDATE_PAYMENT_METHOD,AI recommendation approved.,0.6,False,SIMULATED,COMPLETED,2026-09-04 11:28:13,,,,,,,,,
TXN006673,1066.94,Expired Card,0.1354,UPDATE_PAYMENT_METHOD,UPDATE_PAYMENT_METHOD,Expired card requires a new payment method.,0.4,False,SIMULATED,COMPLETED,2026-09-04 11:28:13,,,,,,,,,
TXN006675,255.52,Insufficient Funds,0.5084,DO_NOT_RETRY,DO_NOT_RETRY,Maximum retry limit reached.,0.0,False,SIMULATED,COMPLETED,2026-09-04 11:28:13,,,,,,,,,
TXN006677,2635.16,Authentication Failed,0.3288,DO_NOT_RETRY,DO_NOT_RETRY,Maximum retry limit reached.,0.05,False,SIMULATED,COMPLETED,2026-09-04 11:28:13,,,,,,,,,
TXN006678,1433.17,Network Error,0.6781,DO_NOT_RETRY,DO_NOT_RETRY,Maximum retry limit reached.,0.1,True,SIMULATED,COMPLETED,2026-09-04 11:28:13,,,,,,,,,
TXN006679,1910.97,Authentication Failed,0.3766,DO_NOT_RETRY,DO_NOT_RETRY,Maximum retry limit reached.,0.05,False,SIMULATED,COMPLETED,2026-09-04 11:28:13,,,,,,,,,
TXN006680,344.18,Network Error,0.6596,RETRY_LATER,RETRY_LATER,AI recommendation approved.,0.85,True,SIMULATED,COMPLETED,2026-09-04 11:28:13,,,,,,,,,
TXN006684,1442.34,Expired Card,0.074,DO_NOT_RETRY,DO_NOT_RETRY,Maximum retry limit reached.,0.0,False,SIMULATED,COMPLETED,2026-09-04 11:28:13,,,,,,,,,
TXN006685,2395.93,Expired Card,0.0708,DO_NOT_RETRY,DO_NOT_RETRY,Maximum retry limit reached.,0.0,False,SIMULATED,COMPLETED,2026-09-04 11:28:13,,,,,,,,,
TXN006686,1297.93,Insufficient Funds,0.6392,UPDATE_PAYMENT_METHOD,UPDATE_PAYMENT_METHOD,AI recommendation approved.,0.6,True,SIMULATED,COMPLETED,2026-09-04 11:28:13,,,,,,,,,
TXN006690,876.32,Authentication Failed,0.4171,DO_NOT_RETRY,DO_NOT_RETRY,Maximum retry limit reached.,0.05,False,SIMULATED,COMPLETED,2026-09-04 11:28:13,,,,,,,,,
TXN006691,1230.27,Expired Card,0.1758,DO_NOT_RETRY,DO_NOT_RETRY,Maximum retry limit reached.,0.0,False,SIMULATED,COMPLETED,2026-09-04 11:28:13,,,,,,,,,
TXN006696,735.21,Bank Timeout,0.5469,RETRY_LATER,RETRY_LATER,AI recommendation approved.,0.83,True,SIMULATED,COMPLETED,2026-09-04 11:28:13,,,,,,,,,
TXN006697,616.38,Bank Timeout,0.7886,RETRY_NOW,RETRY_NOW,AI recommendation approved.,0.78,True,SIMULATED,COMPLETED,2026-09-04 11:28:13,,,,,,,,,
TXN006699,789.45,Network Error,0.6283,DO_NOT_RETRY,DO_NOT_RETRY,Maximum retry limit reached.,0.1,False,SIMULATED,COMPLETED,2026-09-04 11:28:13,,,,,,,,,
TXN006701,613.68,Authentication Failed,0.4999,ADDITIONAL_AUTHENTICATION,ADDITIONAL_AUTHENTICATION,Authentication must be completed before retrying.,0.7,True,SIMULATED,COMPLETED,2026-09-04 11:28:13,,,,,,,,,
TXN006703,1359.77,Bank Timeout,0.7938,RETRY_NOW,RETRY_NOW,AI recommendation approved.,0.78,False,SIMULATED,COMPLETED,2026-09-04 11:28:13,,,,,,,,,
TXN006704,890.25,Network Error,0.8302,RETRY_NOW,RETRY_NOW,AI recommendation approved.,0.8,True,SIMULATED,COMPLETED,2026-09-04 11:28:13,,,,,,,,,
TXN006705,569.98,Authentication Failed,0.3771,DO_NOT_RETRY,DO_NOT_RETRY,Maximum retry limit reached.,0.05,False,SIMULATED,COMPLETED,2026-09-04 11:28:13,,,,,,,,,
TXN006708,2024.75,Authentication Failed,0.4287,ADDITIONAL_AUTHENTICATION,ADDITIONAL_AUTHENTICATION,Authentication must be completed before retrying.,0.7,True,SIMULATED,COMPLETED,2026-09-04 11:28:13,,,,,,,,,
TXN006715,3176.36,Network Error,0.5766,DO_NOT_RETRY,DO_NOT_RETRY,Maximum retry limit reached.,0.1,False,SIMULATED,COMPLETED,2026-09-04 11:28:13,,,,,,,,,
TXN006716,3570.39,Authentication Failed,0.4395,DO_NOT_RETRY,DO_NOT_RETRY,Maximum retry limit reached.,0.05,False,SIMULATED,COMPLETED,2026-09-04 11:28:13,,,,,,,,,
TXN006720,4309.45,Authentication Failed,0.3296,DO_NOT_RETRY,DO_NOT_RETRY,Maximum retry limit reached.,0.05,False,SIMULATED,COMPLETED,2026-09-04 11:28:13,,,,,,,,,
TXN006734,2433.01,Network Error,0.5747,DO_NOT_RETRY,DO_NOT_RETRY,Maximum retry limit reached.,0.1,False,SIMULATED,COMPLETED,2026-09-04 11:28:13,,,,,,,,,
TXN006735,4924.4,Network Error,0.6649,RETRY_LATER,RETRY_LATER,AI recommendation approved.,0.85,True,SIMULATED,COMPLETED,2026-09-04 11:28:13,,,,,,,,,
TXN006736,593.0,Insufficient Funds,0.4307,DO_NOT_RETRY,DO_NOT_RETRY,Maximum retry limit reached.,0.0,False,SIMULATED,COMPLETED,2026-09-04 11:28:13,,,,,,,,,
TXN006737,934.73,Insufficient Funds,0.567,UPDATE_PAYMENT_METHOD,UPDATE_PAYMENT_METHOD,AI recommendation approved.,0.6,True,SIMULATED,COMPLETED,2026-09-04 11:28:13,,,,,,,,,
TXN006739,2533.71,Insufficient Funds,0.5973,UPDATE_PAYMENT_METHOD,UPDATE_PAYMENT_METHOD,AI recommendation approved.,0.6,False,SIMULATED,COMPLETED,2026-09-04 11:28:13,,,,,,,,,
TXN006742,921.98,Insufficient Funds,0.5152,DO_NOT_RETRY,DO_NOT_RETRY,Maximum retry limit reached.,0.0,False,SIMULATED,COMPLETED,2026-09-04 11:28:13,,,,,,,,,
TXN006744,1060.73,Bank Timeout,0.8268,RETRY_NOW,RETRY_NOW,AI recommendation approved.,0.78,True,SIMULATED,COMPLETED,2026-09-04 11:28:13,,,,,,,,,
TXN006760,442.16,Insufficient Funds,0.4633,DO_NOT_RETRY,DO_NOT_RETRY,Maximum retry limit reached.,0.0,False,SIMULATED,COMPLETED,2026-09-04 11:28:13,,,,,,,,,
TXN006761,1225.78,Expired Card,0.1505,DO_NOT_RETRY,DO_NOT_RETRY,Maximum retry limit reached.,0.0,False,SIMULATED,COMPLETED,2026-09-04 11:28:13,,,,,,,,,
TXN006762,621.28,Network Error,0.6168,DO_NOT_RETRY,DO_NOT_RETRY,Maximum retry limit reached.,0.1,False,SIMULATED,COMPLETED,2026-09-04 11:28:13,,,,,,,,,
TXN006763,502.03,Expired Card,0.3354,UPDATE_PAYMENT_METHOD,UPDATE_PAYMENT_METHOD,Expired card requires a new payment method.,0.4,True,SIMULATED,COMPLETED,2026-09-04 11:28:13,,,,,,,,,
TXN006768,1411.03,Insufficient Funds,0.6119,UPDATE_PAYMENT_METHOD,UPDATE_PAYMENT_METHOD,AI recommendation approved.,0.6,False,SIMULATED,COMPLETED,2026-09-04 11:28:13,,,,,,,,,
TXN006770,3685.42,Network Error,0.6788,DO_NOT_RETRY,DO_NOT_RETRY,Maximum retry limit reached.,0.1,False,SIMULATED,COMPLETED,2026-09-04 11:28:13,,,,,,,,,
TXN006771,3104.23,Bank Timeout,0.801,RETRY_NOW,RETRY_NOW,AI recommendation approved.,0.78,False,SIMULATED,COMPLETED,2026-09-04 11:28:13,,,,,,,,,
TXN006774,448.98,Insufficient Funds,0.52,DO_NOT_RETRY,DO_NOT_RETRY,Maximum retry limit reached.,0.0,False,SIMULATED,COMPLETED,2026-09-04 11:28:13,,,,,,,,,
TXN006781,1684.67,Expired Card,0.2493,UPDATE_PAYMENT_METHOD,UPDATE_PAYMENT_METHOD,Expired card requires a new payment method.,0.4,False,SIMULATED,COMPLETED,2026-09-04 11:28:13,,,,,,,,,
TXN006782,499.33,Expired Card,0.1657,DO_NOT_RETRY,DO_NOT_RETRY,Maximum retry limit reached.,0.0,False,SIMULATED,COMPLETED,2026-09-04 11:28:13,,,,,,,,,
TXN006785,1747.6,Authentication Failed,0.4711,ADDITIONAL_AUTHENTICATION,ADDITIONAL_AUTHENTICATION,Authentication must be completed before retrying.,0.7,True,SIMULATED,COMPLETED,2026-09-04 11:28:13,,,,,,,,,
TXN006793,1703.68,Insufficient Funds,0.6275,UPDATE_PAYMENT_METHOD,UPDATE_PAYMENT_METHOD,AI recommendation approved.,0.6,True,SIMULATED,COMPLETED,2026-09-04 11:28:13,,,,,,,,,
TXN006794,2196.32,Insufficient Funds,0.5767,UPDATE_PAYMENT_METHOD,UPDATE_PAYMENT_METHOD,AI recommendation approved.,0.6,False,SIMULATED,COMPLETED,2026-09-04 11:28:13,,,,,,,,,
TXN006797,330.87,Bank Timeout,0.6824,DO_NOT_RETRY,DO_NOT_RETRY,Maximum retry limit reached.,0.08,False,SIMULATED,COMPLETED,2026-09-04 11:28:13,,,,,,,,,
TXN006802,2122.56,Authentication Failed,0.4881,ADDITIONAL_AUTHENTICATION,ADDITIONAL_AUTHENTICATION,Authentication must be completed before retrying.,0.7,True,SIMULATED,COMPLETED,2026-09-04 11:28:13,,,,,,,,,
TXN006806,877.86,Network Error,0.5806,DO_NOT_RETRY,DO_NOT_RETRY,Maximum retry limit reached.,0.1,False,SIMULATED,COMPLETED,2026-09-04 11:28:13,,,,,,,,,
TXN006808,862.78,Authentication Failed,0.4808,ADDITIONAL_AUTHENTICATION,ADDITIONAL_AUTHENTICATION,Authentication must be completed before retrying.,0.7,True,SIMULATED,COMPLETED,2026-09-04 11:28:13,,,,,,,,,
TXN006809,712.62,Insufficient Funds,0.3953,DO_NOT_RETRY,DO_NOT_RETRY,Maximum retry limit reached.,0.0,False,SIMULATED,COMPLETED,2026-09-04 11:28:13,,,,,,,,,
TXN006818,559.46,Insufficient Funds,0.4634,DO_NOT_RETRY,DO_NOT_RETRY,Maximum retry limit reached.,0.0,False,SIMULATED,COMPLETED,2026-09-04 11:28:13,,,,,,,,,
TXN006822,924.61,Authentication Failed,0.5506,ADDITIONAL_AUTHENTICATION,ADDITIONAL_AUTHENTICATION,Authentication must be completed before retrying.,0.7,True,SIMULATED,COMPLETED,2026-09-04 11:28:13,,,,,,,,,
TXN006828,725.9,Network Error,0.677,RETRY_LATER,RETRY_LATER,AI recommendation approved.,0.85,True,SIMULATED,COMPLETED,2026-09-04 11:28:13,,,,,,,,,
TXN006830,993.67,Authentication Failed,0.433,ADDITIONAL_AUTHENTICATION,ADDITIONAL_AUTHENTICATION,Authentication must be completed before retrying.,0.7,True,SIMULATED,COMPLETED,2026-09-04 11:28:13,,,,,,,,,
TXN006832,1553.32,Bank Timeout,0.8529,RETRY_NOW,RETRY_NOW,AI recommendation approved.,0.78,False,SIMULATED,COMPLETED,2026-09-04 11:28:13,,,,,,,,,
TXN006834,648.98,Authentication Failed,0.5191,ADDITIONAL_AUTHENTICATION,ADDITIONAL_AUTHENTICATION,Authentication must be completed before retrying.,0.7,False,SIMULATED,COMPLETED,2026-09-04 11:28:13,,,,,,,,,
TXN006836,2925.8,Authentication Failed,0.5126,ADDITIONAL_AUTHENTICATION,ADDITIONAL_AUTHENTICATION,Authentication must be completed before retrying.,0.7,True,SIMULATED,COMPLETED,2026-09-04 11:28:13,,,,,,,,,
TXN006843,2256.56,Expired Card,0.1318,DO_NOT_RETRY,DO_NOT_RETRY,Maximum retry limit reached.,0.0,False,SIMULATED,COMPLETED,2026-09-04 11:28:13,,,,,,,,,
TXN006844,772.95,Insufficient Funds,0.3892,UPDATE_PAYMENT_METHOD,UPDATE_PAYMENT_METHOD,AI recommendation approved.,0.6,True,SIMULATED,COMPLETED,2026-09-04 11:28:13,,,,,,,,,
TXN006845,2082.72,Network Error,0.7601,RETRY_NOW,RETRY_NOW,AI recommendation approved.,0.8,True,SIMULATED,COMPLETED,2026-09-04 11:28:13,,,,,,,,,
TXN006847,2110.6,Expired Card,0.2068,UPDATE_PAYMENT_METHOD,UPDATE_PAYMENT_METHOD,Expired card requires a new payment method.,0.4,False,SIMULATED,COMPLETED,2026-09-04 11:28:13,,,,,,,,,
TXN006857,365.28,Insufficient Funds,0.6032,UPDATE_PAYMENT_METHOD,UPDATE_PAYMENT_METHOD,AI recommendation approved.,0.6,False,SIMULATED,COMPLETED,2026-09-04 11:28:13,,,,,,,,,
TXN006859,878.91,Network Error,0.7456,RETRY_NOW,RETRY_NOW,AI recommendation approved.,0.8,True,SIMULATED,COMPLETED,2026-09-04 11:28:13,,,,,,,,,
TXN006862,314.56,Expired Card,0.2201,UPDATE_PAYMENT_METHOD,UPDATE_PAYMENT_METHOD,Expired card requires a new payment method.,0.4,True,SIMULATED,COMPLETED,2026-09-04 11:28:13,,,,,,,,,
TXN006863,851.1,Bank Timeout,0.7875,RETRY_NOW,RETRY_NOW,AI recommendation approved.,0.78,True,SIMULATED,COMPLETED,2026-09-04 11:28:13,,,,,,,,,
TXN006864,734.78,Expired Card,0.134,UPDATE_PAYMENT_METHOD,UPDATE_PAYMENT_METHOD,Expired card requires a new payment method.,0.4,False,SIMULATED,COMPLETED,2026-09-04 11:28:13,,,,,,,,,
TXN006868,1810.98,Bank Timeout,0.7011,DO_NOT_RETRY,DO_NOT_RETRY,Maximum retry limit reached.,0.08,False,SIMULATED,COMPLETED,2026-09-04 11:28:13,,,,,,,,,
TXN006870,763.04,Insufficient Funds,0.4698,DO_NOT_RETRY,DO_NOT_RETRY,Maximum retry limit reached.,0.0,False,SIMULATED,COMPLETED,2026-09-04 11:28:13,,,,,,,,,
TXN006890,486.89,Insufficient Funds,0.5671,DO_NOT_RETRY,DO_NOT_RETRY,Maximum retry limit reached.,0.0,False,SIMULATED,COMPLETED,2026-09-04 11:28:13,,,,,,,,,
TXN006894,1189.62,Network Error,0.5546,DO_NOT_RETRY,DO_NOT_RETRY,Maximum retry limit reached.,0.1,True,SIMULATED,COMPLETED,2026-09-04 11:28:13,,,,,,,,,
TXN006895,523.49,Bank Timeout,0.4701,DO_NOT_RETRY,DO_NOT_RETRY,Maximum retry limit reached.,0.08,False,SIMULATED,COMPLETED,2026-09-04 11:28:13,,,,,,,,,
TXN006904,289.83,Insufficient Funds,0.6088,UPDATE_PAYMENT_METHOD,UPDATE_PAYMENT_METHOD,AI recommendation approved.,0.6,True,SIMULATED,COMPLETED,2026-09-04 11:28:13,,,,,,,,,
TXN006909,1317.49,Insufficient Funds,0.4463,DO_NOT_RETRY,DO_NOT_RETRY,Maximum retry limit reached.,0.0,False,SIMULATED,COMPLETED,2026-09-04 11:28:13,,,,,,,,,
TXN006912,317.25,Expired Card,0.0819,DO_NOT_RETRY,DO_NOT_RETRY,Maximum retry limit reached.,0.0,False,SIMULATED,COMPLETED,2026-09-04 11:28:13,,,,,,,,,
TXN006916,255.42,Expired Card,0.1477,UPDATE_PAYMENT_METHOD,UPDATE_PAYMENT_METHOD,Expired card requires a new payment method.,0.4,False,SIMULATED,COMPLETED,2026-09-04 11:28:13,,,,,,,,,
TXN006917,1442.94,Expired Card,0.1844,DO_NOT_RETRY,DO_NOT_RETRY,Maximum retry limit reached.,0.0,False,SIMULATED,COMPLETED,2026-09-04 11:28:13,,,,,,,,,
TXN006920,1709.1,Expired Card,0.1448,DO_NOT_RETRY,DO_NOT_RETRY,Maximum retry limit reached.,0.0,False,SIMULATED,COMPLETED,2026-09-04 11:28:13,,,,,,,,,
TXN006921,10185.59,Insufficient Funds,0.5959,UPDATE_PAYMENT_METHOD,UPDATE_PAYMENT_METHOD,AI recommendation approved.,0.6,False,SIMULATED,COMPLETED,2026-09-04 11:28:13,,,,,,,,,
TXN006924,1362.08,Authentication Failed,0.3967,DO_NOT_RETRY,DO_NOT_RETRY,Maximum retry limit reached.,0.05,False,SIMULATED,COMPLETED,2026-09-04 11:28:13,,,,,,,,,
TXN006928,709.78,Authentication Failed,0.4533,ADDITIONAL_AUTHENTICATION,ADDITIONAL_AUTHENTICATION,Authentication must be completed before retrying.,0.7,True,SIMULATED,COMPLETED,2026-09-04 11:28:13,,,,,,,,,
TXN006930,886.58,Authentication Failed,0.4392,DO_NOT_RETRY,DO_NOT_RETRY,Maximum retry limit reached.,0.05,False,SIMULATED,COMPLETED,2026-09-04 11:28:13,,,,,,,,,
TXN006934,491.05,Network Error,0.7693,RETRY_NOW,RETRY_NOW,AI recommendation approved.,0.8,True,SIMULATED,COMPLETED,2026-09-04 11:28:13,,,,,,,,,
TXN006938,285.82,Bank Timeout,0.5147,DO_NOT_RETRY,DO_NOT_RETRY,Maximum retry limit reached.,0.08,False,SIMULATED,COMPLETED,2026-09-04 11:28:13,,,,,,,,,
TXN006953,3865.89,Bank Timeout,0.6764,DO_NOT_RETRY,DO_NOT_RETRY,Maximum retry limit reached.,0.08,False,SIMULATED,COMPLETED,2026-09-04 11:28:13,,,,,,,,,
TXN006960,2115.38,Bank Timeout,0.8293,RETRY_NOW,RETRY_NOW,AI recommendation approved.,0.78,True,SIMULATED,COMPLETED,2026-09-04 11:28:13,,,,,,,,,
TXN006962,1276.21,Bank Timeout,0.6367,DO_NOT_RETRY,DO_NOT_RETRY,Maximum retry limit reached.,0.08,False,SIMULATED,COMPLETED,2026-09-04 11:28:13,,,,,,,,,
TXN006963,1099.35,Authentication Failed,0.4119,ADDITIONAL_AUTHENTICATION,ADDITIONAL_AUTHENTICATION,Authentication must be completed before retrying.,0.7,False,SIMULATED,COMPLETED,2026-09-04 11:28:13,,,,,,,,,
TXN006964,1675.36,Insufficient Funds,0.6395,UPDATE_PAYMENT_METHOD,UPDATE_PAYMENT_METHOD,AI recommendation approved.,0.6,False,SIMULATED,COMPLETED,2026-09-04 11:28:13,,,,,,,,,
TXN006965,5696.65,Authentication Failed,0.4767,ADDITIONAL_AUTHENTICATION,ADDITIONAL_AUTHENTICATION,Authentication must be completed before retrying.,0.7,False,SIMULATED,COMPLETED,2026-09-04 11:28:13,,,,,,,,,
TXN006967,1273.09,Authentication Failed,0.4172,DO_NOT_RETRY,DO_NOT_RETRY,Maximum retry limit reached.,0.05,False,SIMULATED,COMPLETED,2026-09-04 11:28:13,,,,,,,,,
TXN006968,1314.57,Authentication Failed,0.4081,DO_NOT_RETRY,DO_NOT_RETRY,Maximum retry limit reached.,0.05,True,SIMULATED,COMPLETED,2026-09-04 11:28:13,,,,,,,,,
TXN006969,2182.33,Authentication Failed,0.4483,DO_NOT_RETRY,DO_NOT_RETRY,Maximum retry limit reached.,0.05,False,SIMULATED,COMPLETED,2026-09-04 11:28:13,,,,,,,,,
TXN006973,1787.69,Expired Card,0.058,DO_NOT_RETRY,DO_NOT_RETRY,Maximum retry limit reached.,0.0,False,SIMULATED,COMPLETED,2026-09-04 11:28:13,,,,,,,,,
TXN006974,7437.74,Network Error,0.6174,DO_NOT_RETRY,DO_NOT_RETRY,Maximum retry limit reached.,0.1,False,SIMULATED,COMPLETED,2026-09-04 11:28:13,,,,,,,,,
TXN006977,1218.73,Network Error,0.7138,RETRY_NOW,RETRY_NOW,AI recommendation approved.,0.8,True,SIMULATED,COMPLETED,2026-09-04 11:28:13,,,,,,,,,
TXN006987,2361.3,Insufficient Funds,0.5384,DO_NOT_RETRY,DO_NOT_RETRY,Maximum retry limit reached.,0.0,False,SIMULATED,COMPLETED,2026-09-04 11:28:13,,,,,,,,,
TXN006989,1321.3,Authentication Failed,0.4743,ADDITIONAL_AUTHENTICATION,ADDITIONAL_AUTHENTICATION,Authentication must be completed before retrying.,0.7,True,SIMULATED,COMPLETED,2026-09-04 11:28:13,,,,,,,,,
TXN006990,2080.54,Expired Card,0.1026,DO_NOT_RETRY,DO_NOT_RETRY,Maximum retry limit reached.,0.0,False,SIMULATED,COMPLETED,2026-09-04 11:28:13,,,,,,,,,
TXN006993,725.07,Insufficient Funds,0.5157,DO_NOT_RETRY,DO_NOT_RETRY,Maximum retry limit reached.,0.0,False,SIMULATED,COMPLETED,2026-09-04 11:28:13,,,,,,,,,
TXN006997,962.52,Bank Timeout,0.7046,DO_NOT_RETRY,DO_NOT_RETRY,Maximum retry limit reached.,0.08,False,SIMULATED,COMPLETED,2026-09-04 11:28:13,,,,,,,,,
TXN007000,1425.2,Insufficient Funds,0.6002,UPDATE_PAYMENT_METHOD,UPDATE_PAYMENT_METHOD,AI recommendation approved.,0.6,True,SIMULATED,COMPLETED,2026-09-04 11:28:13,,,,,,,,,
TXN007002,526.88,Bank Timeout,0.6098,RETRY_LATER,RETRY_LATER,AI recommendation approved.,0.83,False,SIMULATED,COMPLETED,2026-09-04 11:28:13,,,,,,,,,
TXN007013,5482.99,Insufficient Funds,0.6039,UPDATE_PAYMENT_METHOD,UPDATE_PAYMENT_METHOD,AI recommendation approved.,0.6,True,SIMULATED,COMPLETED,2026-09-04 11:28:13,,,,,,,,,
TXN007016,684.74,Expired Card,0.1126,UPDATE_PAYMENT_METHOD,UPDATE_PAYMENT_METHOD,Expired card requires a new payment method.,0.4,False,SIMULATED,COMPLETED,2026-09-04 11:28:13,,,,,,,,,
TXN007022,1284.27,Bank Timeout,0.859,RETRY_NOW,RETRY_NOW,AI recommendation approved.,0.78,True,SIMULATED,COMPLETED,2026-09-04 11:28:13,,,,,,,,,
TXN007025,1083.45,Authentication Failed,0.481,DO_NOT_RETRY,DO_NOT_RETRY,Maximum retry limit reached.,0.05,False,SIMULATED,COMPLETED,2026-09-04 11:28:13,,,,,,,,,
TXN007027,6832.45,Bank Timeout,0.7182,DO_NOT_RETRY,DO_NOT_RETRY,Maximum retry limit reached.,0.08,False,SIMULATED,COMPLETED,2026-09-04 11:28:13,,,,,,,,,
TXN007029,849.81,Authentication Failed,0.4551,ADDITIONAL_AUTHENTICATION,ADDITIONAL_AUTHENTICATION,Authentication must be completed before retrying.,0.7,True,SIMULATED,COMPLETED,2026-09-04 11:28:13,,,,,,,,,
TXN007030,426.14,Insufficient Funds,0.4244,DO_NOT_RETRY,DO_NOT_RETRY,Maximum retry limit reached.,0.0,False,SIMULATED,COMPLETED,2026-09-04 11:28:13,,,,,,,,,
TXN007033,1208.33,Insufficient Funds,0.45,DO_NOT_RETRY,DO_NOT_RETRY,Maximum retry limit reached.,0.0,False,SIMULATED,COMPLETED,2026-09-04 11:28:13,,,,,,,,,
TXN007035,1158.89,Insufficient Funds,0.5775,UPDATE_PAYMENT_METHOD,UPDATE_PAYMENT_METHOD,AI recommendation approved.,0.6,False,SIMULATED,COMPLETED,2026-09-04 11:28:13,,,,,,,,,
TXN007040,281.82,Bank Timeout,0.7037,DO_NOT_RETRY,DO_NOT_RETRY,Maximum retry limit reached.,0.08,False,SIMULATED,COMPLETED,2026-09-04 11:28:13,,,,,,,,,
TXN007042,498.32,Bank Timeout,0.8362,RETRY_NOW,RETRY_NOW,AI recommendation approved.,0.78,True,SIMULATED,COMPLETED,2026-09-04 11:28:13,,,,,,,,,
TXN007043,1648.46,Authentication Failed,0.5101,ADDITIONAL_AUTHENTICATION,ADDITIONAL_AUTHENTICATION,Authentication must be completed before retrying.,0.7,True,SIMULATED,COMPLETED,2026-09-04 11:28:13,,,,,,,,,
TXN007044,3209.29,Bank Timeout,0.5855,DO_NOT_RETRY,DO_NOT_RETRY,Maximum retry limit reached.,0.08,False,SIMULATED,COMPLETED,2026-09-04 11:28:13,,,,,,,,,
TXN007046,7129.5,Network Error,0.7044,DO_NOT_RETRY,DO_NOT_RETRY,Maximum retry limit reached.,0.1,False,SIMULATED,COMPLETED,2026-09-04 11:28:13,,,,,,,,,
TXN007049,1229.03,Authentication Failed,0.4728,ADDITIONAL_AUTHENTICATION,ADDITIONAL_AUTHENTICATION,Authentication must be completed before retrying.,0.7,False,SIMULATED,COMPLETED,2026-09-04 11:28:13,,,,,,,,,
TXN007052,135.32,Expired Card,0.4488,UPDATE_PAYMENT_METHOD,UPDATE_PAYMENT_METHOD,Expired card requires a new payment method.,0.4,True,SIMULATED,COMPLETED,2026-09-04 11:28:13,,,,,,,,,
TXN007057,755.8,Bank Timeout,0.8115,RETRY_NOW,RETRY_NOW,AI recommendation approved.,0.78,True,SIMULATED,COMPLETED,2026-09-04 11:28:13,,,,,,,,,
TXN007058,2857.69,Authentication Failed,0.5597,ADDITIONAL_AUTHENTICATION,ADDITIONAL_AUTHENTICATION,Authentication must be completed before retrying.,0.7,True,SIMULATED,COMPLETED,2026-09-04 11:28:13,,,,,,,,,
TXN007066,2640.53,Expired Card,0.21,UPDATE_PAYMENT_METHOD,UPDATE_PAYMENT_METHOD,Expired card requires a new payment method.,0.4,False,SIMULATED,COMPLETED,2026-09-04 11:28:13,,,,,,,,,
TXN007067,1449.0,Bank Timeout,0.8299,RETRY_NOW,RETRY_NOW,AI recommendation approved.,0.78,True,SIMULATED,COMPLETED,2026-09-04 11:28:13,,,,,,,,,
TXN007076,1253.91,Bank Timeout,0.6642,DO_NOT_RETRY,DO_NOT_RETRY,Maximum retry limit reached.,0.08,False,SIMULATED,COMPLETED,2026-09-04 11:28:13,,,,,,,,,
TXN007077,4909.17,Insufficient Funds,0.3563,DO_NOT_RETRY,DO_NOT_RETRY,Maximum retry limit reached.,0.0,False,SIMULATED,COMPLETED,2026-09-04 11:28:13,,,,,,,,,
TXN007082,750.29,Expired Card,0.0615,DO_NOT_RETRY,DO_NOT_RETRY,Maximum retry limit reached.,0.0,False,SIMULATED,COMPLETED,2026-09-04 11:28:13,,,,,,,,,
TXN007083,571.99,Expired Card,0.092,DO_NOT_RETRY,DO_NOT_RETRY,Maximum retry limit reached.,0.0,False,SIMULATED,COMPLETED,2026-09-04 11:28:13,,,,,,,,,
TXN007087,547.41,Network Error,0.7925,RETRY_NOW,RETRY_NOW,AI recommendation approved.,0.8,False,SIMULATED,COMPLETED,2026-09-04 11:28:13,,,,,,,,,
TXN007089,1572.35,Expired Card,0.1756,UPDATE_PAYMENT_METHOD,UPDATE_PAYMENT_METHOD,Expired card requires a new payment method.,0.4,False,SIMULATED,COMPLETED,2026-09-04 11:28:13,,,,,,,,,
TXN007091,3729.38,Expired Card,0.2734,UPDATE_PAYMENT_METHOD,UPDATE_PAYMENT_METHOD,Expired card requires a new payment method.,0.4,False,SIMULATED,COMPLETED,2026-09-04 11:28:13,,,,,,,,,
TXN007092,1472.12,Authentication Failed,0.4948,DO_NOT_RETRY,DO_NOT_RETRY,Maximum retry limit reached.,0.05,False,SIMULATED,COMPLETED,2026-09-04 11:28:13,,,,,,,,,
TXN007093,781.02,Authentication Failed,0.3795,DO_NOT_RETRY,DO_NOT_RETRY,Maximum retry limit reached.,0.05,False,SIMULATED,COMPLETED,2026-09-04 11:28:13,,,,,,,,,
TXN007096,2847.55,Expired Card,0.1572,UPDATE_PAYMENT_METHOD,UPDATE_PAYMENT_METHOD,Expired card requires a new payment method.,0.4,True,SIMULATED,COMPLETED,2026-09-04 11:28:13,,,,,,,,,
TXN007101,2619.94,Bank Timeout,0.6293,RETRY_LATER,RETRY_LATER,AI recommendation approved.,0.83,False,SIMULATED,COMPLETED,2026-09-04 11:28:13,,,,,,,,,
TXN007102,555.96,Network Error,0.6389,DO_NOT_RETRY,DO_NOT_RETRY,Maximum retry limit reached.,0.1,False,SIMULATED,COMPLETED,2026-09-04 11:28:13,,,,,,,,,
TXN007105,1205.13,Expired Card,0.0956,DO_NOT_RETRY,DO_NOT_RETRY,Maximum retry limit reached.,0.0,False,SIMULATED,COMPLETED,2026-09-04 11:28:13,,,,,,,,,
TXN007106,3395.93,Network Error,0.7626,RETRY_NOW,RETRY_NOW,AI recommendation approved.,0.8,True,SIMULATED,COMPLETED,2026-09-04 11:28:13,,,,,,,,,
TXN007111,2571.71,Network Error,0.782,RETRY_NOW,RETRY_NOW,AI recommendation approved.,0.8,True,SIMULATED,COMPLETED,2026-09-04 11:28:13,,,,,,,,,
TXN007113,1414.88,Insufficient Funds,0.4631,DO_NOT_RETRY,DO_NOT_RETRY,Maximum retry limit reached.,0.0,False,SIMULATED,COMPLETED,2026-09-04 11:28:13,,,,,,,,,
TXN007114,3828.39,Expired Card,0.2517,UPDATE_PAYMENT_METHOD,UPDATE_PAYMENT_METHOD,Expired card requires a new payment method.,0.4,True,SIMULATED,COMPLETED,2026-09-04 11:28:13,,,,,,,,,
TXN007116,689.45,Network Error,0.6584,DO_NOT_RETRY,DO_NOT_RETRY,Maximum retry limit reached.,0.1,False,SIMULATED,COMPLETED,2026-09-04 11:28:13,,,,,,,,,
TXN007117,437.85,Bank Timeout,0.6211,DO_NOT_RETRY,DO_NOT_RETRY,Maximum retry limit reached.,0.08,False,SIMULATED,COMPLETED,2026-09-04 11:28:13,,,,,,,,,
TXN007119,4114.48,Expired Card,0.2233,UPDATE_PAYMENT_METHOD,UPDATE_PAYMENT_METHOD,Expired card requires a new payment method.,0.4,False,SIMULATED,COMPLETED,2026-09-04 11:28:13,,,,,,,,,
TXN007120,2672.63,Authentication Failed,0.4031,DO_NOT_RETRY,DO_NOT_RETRY,Maximum retry limit reached.,0.05,False,SIMULATED,COMPLETED,2026-09-04 11:28:13,,,,,,,,,
TXN007122,589.2,Network Error,0.6331,DO_NOT_RETRY,DO_NOT_RETRY,Maximum retry limit reached.,0.1,False,SIMULATED,COMPLETED,2026-09-04 11:28:13,,,,,,,,,
TXN007125,432.34,Bank Timeout,0.8073,RETRY_NOW,RETRY_NOW,AI recommendation approved.,0.78,False,SIMULATED,COMPLETED,2026-09-04 11:28:13,,,,,,,,,
TXN007129,1940.58,Expired Card,0.1097,DO_NOT_RETRY,DO_NOT_RETRY,Maximum retry limit reached.,0.0,False,SIMULATED,COMPLETED,2026-09-04 11:28:13,,,,,,,,,
TXN007130,2059.26,Insufficient Funds,0.4254,DO_NOT_RETRY,DO_NOT_RETRY,Maximum retry limit reached.,0.0,False,SIMULATED,COMPLETED,2026-09-04 11:28:13,,,,,,,,,
TXN007142,1467.2,Expired Card,0.1478,DO_NOT_RETRY,DO_NOT_RETRY,Maximum retry limit reached.,0.0,False,SIMULATED,COMPLETED,2026-09-04 11:28:13,,,,,,,,,
TXN007145,3551.38,Expired Card,0.4001,UPDATE_PAYMENT_METHOD,UPDATE_PAYMENT_METHOD,Expired card requires a new payment method.,0.4,True,SIMULATED,COMPLETED,2026-09-04 11:28:13,,,,,,,,,
TXN007147,294.53,Bank Timeout,0.7226,RETRY_NOW,RETRY_NOW,AI recommendation approved.,0.78,True,SIMULATED,COMPLETED,2026-09-04 11:28:13,,,,,,,,,
TXN007150,824.96,Authentication Failed,0.3924,DO_NOT_RETRY,DO_NOT_RETRY,Maximum retry limit reached.,0.05,False,SIMULATED,COMPLETED,2026-09-04 11:28:13,,,,,,,,,
TXN007152,4984.67,Authentication Failed,0.4882,ADDITIONAL_AUTHENTICATION,ADDITIONAL_AUTHENTICATION,Authentication must be completed before retrying.,0.7,False,SIMULATED,COMPLETED,2026-09-04 11:28:13,,,,,,,,,
TXN007155,415.93,Expired Card,0.4762,UPDATE_PAYMENT_METHOD,UPDATE_PAYMENT_METHOD,Expired card requires a new payment method.,0.4,True,SIMULATED,COMPLETED,2026-09-04 11:28:13,,,,,,,,,
TXN007158,372.66,Bank Timeout,0.5139,DO_NOT_RETRY,DO_NOT_RETRY,Maximum retry limit reached.,0.08,False,SIMULATED,COMPLETED,2026-09-04 11:28:13,,,,,,,,,
TXN007159,1112.46,Authentication Failed,0.462,DO_NOT_RETRY,DO_NOT_RETRY,Maximum retry limit reached.,0.05,False,SIMULATED,COMPLETED,2026-09-04 11:28:13,,,,,,,,,
TXN007162,1032.91,Bank Timeout,0.824,RETRY_NOW,RETRY_NOW,AI recommendation approved.,0.78,True,SIMULATED,COMPLETED,2026-09-04 11:28:13,,,,,,,,,
TXN007163,1451.87,Network Error,0.6657,RETRY_LATER,RETRY_LATER,AI recommendation approved.,0.85,True,SIMULATED,COMPLETED,2026-09-04 11:28:13,,,,,,,,,
TXN007164,474.85,Network Error,0.6774,DO_NOT_RETRY,DO_NOT_RETRY,Maximum retry limit reached.,0.1,False,SIMULATED,COMPLETED,2026-09-04 11:28:13,,,,,,,,,
TXN007171,3015.39,Insufficient Funds,0.4017,DO_NOT_RETRY,DO_NOT_RETRY,Maximum retry limit reached.,0.0,False,SIMULATED,COMPLETED,2026-09-04 11:28:13,,,,,,,,,
TXN007174,999.47,Authentication Failed,0.4099,DO_NOT_RETRY,DO_NOT_RETRY,Maximum retry limit reached.,0.05,False,SIMULATED,COMPLETED,2026-09-04 11:28:13,,,,,,,,,
TXN007176,496.09,Authentication Failed,0.2964,DO_NOT_RETRY,DO_NOT_RETRY,Maximum retry limit reached.,0.05,False,SIMULATED,COMPLETED,2026-09-04 11:28:13,,,,,,,,,
TXN007177,813.73,Bank Timeout,0.7104,DO_NOT_RETRY,DO_NOT_RETRY,Maximum retry limit reached.,0.08,False,SIMULATED,COMPLETED,2026-09-04 11:28:13,,,,,,,,,
TXN007180,3032.65,Network Error,0.6187,DO_NOT_RETRY,DO_NOT_RETRY,Maximum retry limit reached.,0.1,False,SIMULATED,COMPLETED,2026-09-04 11:28:13,,,,,,,,,
TXN007184,1312.52,Bank Timeout,0.6117,DO_NOT_RETRY,DO_NOT_RETRY,Maximum retry limit reached.,0.08,False,SIMULATED,COMPLETED,2026-09-04 11:28:13,,,,,,,,,
TXN007189,569.67,Network Error,0.4705,DO_NOT_RETRY,DO_NOT_RETRY,Maximum retry limit reached.,0.1,False,SIMULATED,COMPLETED,2026-09-04 11:28:13,,,,,,,,,
TXN007190,2547.92,Insufficient Funds,0.5448,DO_NOT_RETRY,DO_NOT_RETRY,Maximum retry limit reached.,0.0,False,SIMULATED,COMPLETED,2026-09-04 11:28:13,,,,,,,,,
TXN007199,830.03,Insufficient Funds,0.6506,UPDATE_PAYMENT_METHOD,UPDATE_PAYMENT_METHOD,AI recommendation approved.,0.6,False,SIMULATED,COMPLETED,2026-09-04 11:28:13,,,,,,,,,
TXN007202,311.62,Network Error,0.6575,RETRY_LATER,RETRY_LATER,AI recommendation approved.,0.85,True,SIMULATED,COMPLETED,2026-09-04 11:28:13,,,,,,,,,
TXN007205,1033.46,Network Error,0.7467,RETRY_NOW,RETRY_NOW,AI recommendation approved.,0.8,True,SIMULATED,COMPLETED,2026-09-04 11:28:13,,,,,,,,,
TXN007206,601.61,Network Error,0.4981,DO_NOT_RETRY,DO_NOT_RETRY,Maximum retry limit reached.,0.1,False,SIMULATED,COMPLETED,2026-09-04 11:28:13,,,,,,,,,
TXN007207,1355.35,Expired Card,0.276,UPDATE_PAYMENT_METHOD,UPDATE_PAYMENT_METHOD,Expired card requires a new payment method.,0.4,False,SIMULATED,COMPLETED,2026-09-04 11:28:13,,,,,,,,,
TXN007209,440.47,Network Error,0.7922,RETRY_NOW,RETRY_NOW,AI recommendation approved.,0.8,True,SIMULATED,COMPLETED,2026-09-04 11:28:13,,,,,,,,,
TXN007212,3728.23,Bank Timeout,0.6589,DO_NOT_RETRY,DO_NOT_RETRY,Maximum retry limit reached.,0.08,False,SIMULATED,COMPLETED,2026-09-04 11:28:13,,,,,,,,,
TXN007215,851.3,Expired Card,0.1366,UPDATE_PAYMENT_METHOD,UPDATE_PAYMENT_METHOD,Expired card requires a new payment method.,0.4,False,SIMULATED,COMPLETED,2026-09-04 11:28:13,,,,,,,,,
TXN007219,1952.89,Authentication Failed,0.417,DO_NOT_RETRY,DO_NOT_RETRY,Maximum retry limit reached.,0.05,False,SIMULATED,COMPLETED,2026-09-04 11:28:13,,,,,,,,,
TXN007230,979.55,Insufficient Funds,0.5313,UPDATE_PAYMENT_METHOD,UPDATE_PAYMENT_METHOD,AI recommendation approved.,0.6,False,SIMULATED,COMPLETED,2026-09-04 11:28:13,,,,,,,,,
TXN007235,481.6,Network Error,0.7375,DO_NOT_RETRY,DO_NOT_RETRY,Maximum retry limit reached.,0.1,False,SIMULATED,COMPLETED,2026-09-04 11:28:13,,,,,,,,,
TXN007237,2090.55,Authentication Failed,0.3661,ADDITIONAL_AUTHENTICATION,ADDITIONAL_AUTHENTICATION,Authentication must be completed before retrying.,0.7,False,SIMULATED,COMPLETED,2026-09-04 11:28:13,,,,,,,,,
TXN007239,981.8,Bank Timeout,0.8348,RETRY_NOW,RETRY_NOW,AI recommendation approved.,0.78,True,SIMULATED,COMPLETED,2026-09-04 11:28:13,,,,,,,,,
TXN007241,2220.43,Expired Card,0.1433,UPDATE_PAYMENT_METHOD,UPDATE_PAYMENT_METHOD,Expired card requires a new payment method.,0.4,False,SIMULATED,COMPLETED,2026-09-04 11:28:13,,,,,,,,,
TXN007242,1120.07,Insufficient Funds,0.6715,UPDATE_PAYMENT_METHOD,UPDATE_PAYMENT_METHOD,AI recommendation approved.,0.6,True,SIMULATED,COMPLETED,2026-09-04 11:28:13,,,,,,,,,
TXN007246,1148.94,Authentication Failed,0.462,DO_NOT_RETRY,DO_NOT_RETRY,Maximum retry limit reached.,0.05,False,SIMULATED,COMPLETED,2026-09-04 11:28:13,,,,,,,,,
TXN007247,315.44,Expired Card,0.1237,UPDATE_PAYMENT_METHOD,UPDATE_PAYMENT_METHOD,Expired card requires a new payment method.,0.4,False,SIMULATED,COMPLETED,2026-09-04 11:28:13,,,,,,,,,
TXN007250,4360.82,Bank Timeout,0.605,RETRY_LATER,RETRY_LATER,AI recommendation approved.,0.83,True,SIMULATED,COMPLETED,2026-09-04 11:28:13,,,,,,,,,
TXN007251,693.55,Network Error,0.7411,RETRY_NOW,RETRY_NOW,AI recommendation approved.,0.8,True,SIMULATED,COMPLETED,2026-09-04 11:28:13,,,,,,,,,
TXN007256,1357.17,Network Error,0.8031,RETRY_NOW,RETRY_NOW,AI recommendation approved.,0.8,True,SIMULATED,COMPLETED,2026-09-04 11:28:13,,,,,,,,,
TXN007258,621.84,Authentication Failed,0.4735,ADDITIONAL_AUTHENTICATION,ADDITIONAL_AUTHENTICATION,Authentication must be completed before retrying.,0.7,False,SIMULATED,COMPLETED,2026-09-04 11:28:13,,,,,,,,,
TXN007260,1408.92,Expired Card,0.2057,DO_NOT_RETRY,DO_NOT_RETRY,Maximum retry limit reached.,0.0,False,SIMULATED,COMPLETED,2026-09-04 11:28:13,,,,,,,,,
TXN007263,982.07,Bank Timeout,0.6326,DO_NOT_RETRY,DO_NOT_RETRY,Maximum retry limit reached.,0.08,False,SIMULATED,COMPLETED,2026-09-04 11:28:13,,,,,,,,,
TXN007264,1776.27,Bank Timeout,0.6711,DO_NOT_RETRY,DO_NOT_RETRY,Maximum retry limit reached.,0.08,False,SIMULATED,COMPLETED,2026-09-04 11:28:13,,,,,,,,,
TXN007267,887.75,Insufficient Funds,0.3612,DO_NOT_RETRY,DO_NOT_RETRY,Maximum retry limit reached.,0.0,False,SIMULATED,COMPLETED,2026-09-04 11:28:13,,,,,,,,,
TXN007268,1235.82,Expired Card,0.141,UPDATE_PAYMENT_METHOD,UPDATE_PAYMENT_METHOD,Expired card requires a new payment method.,0.4,False,SIMULATED,COMPLETED,2026-09-04 11:28:13,,,,,,,,,
TXN007269,2110.96,Network Error,0.7822,RETRY_NOW,RETRY_NOW,AI recommendation approved.,0.8,True,SIMULATED,COMPLETED,2026-09-04 11:28:13,,,,,,,,,
TXN007270,218.12,Network Error,0.8251,RETRY_NOW,RETRY_NOW,AI recommendation approved.,0.8,True,SIMULATED,COMPLETED,2026-09-04 11:28:13,,,,,,,,,
TXN007272,2659.06,Authentication Failed,0.4362,ADDITIONAL_AUTHENTICATION,ADDITIONAL_AUTHENTICATION,Authentication must be completed before retrying.,0.7,True,SIMULATED,COMPLETED,2026-09-04 11:28:13,,,,,,,,,
TXN007273,2747.82,Expired Card,0.2387,UPDATE_PAYMENT_METHOD,UPDATE_PAYMENT_METHOD,Expired card requires a new payment method.,0.4,True,SIMULATED,COMPLETED,2026-09-04 11:28:13,,,,,,,,,
TXN007275,804.96,Authentication Failed,0.3971,ADDITIONAL_AUTHENTICATION,ADDITIONAL_AUTHENTICATION,Authentication must be completed before retrying.,0.7,False,SIMULATED,COMPLETED,2026-09-04 11:28:13,,,,,,,,,
TXN007277,1033.31,Bank Timeout,0.8468,RETRY_NOW,RETRY_NOW,AI recommendation approved.,0.78,True,SIMULATED,COMPLETED,2026-09-04 11:28:13,,,,,,,,,
TXN007280,3322.41,Insufficient Funds,0.5833,DO_NOT_RETRY,DO_NOT_RETRY,Maximum retry limit reached.,0.0,False,SIMULATED,COMPLETED,2026-09-04 11:28:13,,,,,,,,,
TXN007282,1526.27,Bank Timeout,0.5135,DO_NOT_RETRY,DO_NOT_RETRY,Maximum retry limit reached.,0.08,False,SIMULATED,COMPLETED,2026-09-04 11:28:13,,,,,,,,,
TXN007289,1281.3,Network Error,0.7782,RETRY_NOW,RETRY_NOW,AI recommendation approved.,0.8,True,SIMULATED,COMPLETED,2026-09-04 11:28:13,,,,,,,,,
TXN007291,979.14,Authentication Failed,0.3126,DO_NOT_RETRY,DO_NOT_RETRY,Maximum retry limit reached.,0.05,False,SIMULATED,COMPLETED,2026-09-04 11:28:13,,,,,,,,,
TXN007302,1306.77,Network Error,0.6531,RETRY_LATER,RETRY_LATER,AI recommendation approved.,0.85,True,SIMULATED,COMPLETED,2026-09-04 11:28:13,,,,,,,,,
TXN007304,328.51,Network Error,0.5253,DO_NOT_RETRY,DO_NOT_RETRY,Maximum retry limit reached.,0.1,False,SIMULATED,COMPLETED,2026-09-04 11:28:13,,,,,,,,,
TXN007306,1007.36,Network Error,0.7069,RETRY_NOW,RETRY_NOW,AI recommendation approved.,0.8,False,SIMULATED,COMPLETED,2026-09-04 11:28:13,,,,,,,,,
TXN007322,409.22,Network Error,0.5969,DO_NOT_RETRY,DO_NOT_RETRY,Maximum retry limit reached.,0.1,False,SIMULATED,COMPLETED,2026-09-04 11:28:13,,,,,,,,,
TXN007323,2635.4,Expired Card,0.2498,UPDATE_PAYMENT_METHOD,UPDATE_PAYMENT_METHOD,Expired card requires a new payment method.,0.4,True,SIMULATED,COMPLETED,2026-09-04 11:28:13,,,,,,,,,
TXN007326,2593.97,Expired Card,0.1505,UPDATE_PAYMENT_METHOD,UPDATE_PAYMENT_METHOD,Expired card requires a new payment method.,0.4,True,SIMULATED,COMPLETED,2026-09-04 11:28:13,,,,,,,,,
TXN007331,640.67,Authentication Failed,0.4052,ADDITIONAL_AUTHENTICATION,ADDITIONAL_AUTHENTICATION,Authentication must be completed before retrying.,0.7,True,SIMULATED,COMPLETED,2026-09-04 11:28:13,,,,,,,,,
TXN007332,572.01,Bank Timeout,0.7753,DO_NOT_RETRY,DO_NOT_RETRY,Maximum retry limit reached.,0.08,False,SIMULATED,COMPLETED,2026-09-04 11:28:13,,,,,,,,,
TXN007334,2830.62,Insufficient Funds,0.6292,UPDATE_PAYMENT_METHOD,UPDATE_PAYMENT_METHOD,AI recommendation approved.,0.6,True,SIMULATED,COMPLETED,2026-09-04 11:28:13,,,,,,,,,
TXN007337,2406.55,Expired Card,0.2367,DO_NOT_RETRY,DO_NOT_RETRY,Maximum retry limit reached.,0.0,False,SIMULATED,COMPLETED,2026-09-04 11:28:13,,,,,,,,,
TXN007338,729.77,Network Error,0.7898,RETRY_NOW,RETRY_NOW,AI recommendation approved.,0.8,True,SIMULATED,COMPLETED,2026-09-04 11:28:13,,,,,,,,,
TXN007342,593.21,Network Error,0.839,RETRY_NOW,RETRY_NOW,AI recommendation approved.,0.8,True,SIMULATED,COMPLETED,2026-09-04 11:28:13,,,,,,,,,
TXN007344,2781.41,Insufficient Funds,0.4836,DO_NOT_RETRY,DO_NOT_RETRY,Maximum retry limit reached.,0.0,False,SIMULATED,COMPLETED,2026-09-04 11:28:13,,,,,,,,,
TXN007349,794.45,Expired Card,0.1375,DO_NOT_RETRY,DO_NOT_RETRY,Maximum retry limit reached.,0.0,False,SIMULATED,COMPLETED,2026-09-04 11:28:13,,,,,,,,,
TXN007350,1156.76,Insufficient Funds,0.4665,DO_NOT_RETRY,DO_NOT_RETRY,Maximum retry limit reached.,0.0,False,SIMULATED,COMPLETED,2026-09-04 11:28:13,,,,,,,,,
TXN007351,3209.28,Insufficient Funds,0.6002,UPDATE_PAYMENT_METHOD,UPDATE_PAYMENT_METHOD,AI recommendation approved.,0.6,True,SIMULATED,COMPLETED,2026-09-04 11:28:13,,,,,,,,,
TXN007353,194.86,Expired Card,0.2554,UPDATE_PAYMENT_METHOD,UPDATE_PAYMENT_METHOD,Expired card requires a new payment method.,0.4,False,SIMULATED,COMPLETED,2026-09-04 11:28:13,,,,,,,,,
TXN007354,553.88,Insufficient Funds,0.6076,UPDATE_PAYMENT_METHOD,UPDATE_PAYMENT_METHOD,AI recommendation approved.,0.6,False,SIMULATED,COMPLETED,2026-09-04 11:28:13,,,,,,,,,
TXN007361,1394.18,Expired Card,0.2265,UPDATE_PAYMENT_METHOD,UPDATE_PAYMENT_METHOD,Expired card requires a new payment method.,0.4,False,SIMULATED,COMPLETED,2026-09-04 11:28:13,,,,,,,,,
TXN007364,1089.64,Insufficient Funds,0.6509,UPDATE_PAYMENT_METHOD,UPDATE_PAYMENT_METHOD,AI recommendation approved.,0.6,True,SIMULATED,COMPLETED,2026-09-04 11:28:13,,,,,,,,,
TXN007372,176.3,Insufficient Funds,0.4392,DO_NOT_RETRY,DO_NOT_RETRY,Maximum retry limit reached.,0.0,False,SIMULATED,COMPLETED,2026-09-04 11:28:13,,,,,,,,,
TXN007373,1506.9,Authentication Failed,0.5439,ADDITIONAL_AUTHENTICATION,ADDITIONAL_AUTHENTICATION,Authentication must be completed before retrying.,0.7,True,SIMULATED,COMPLETED,2026-09-04 11:28:13,,,,,,,,,
TXN007377,658.61,Authentication Failed,0.379,DO_NOT_RETRY,DO_NOT_RETRY,Maximum retry limit reached.,0.05,False,SIMULATED,COMPLETED,2026-09-04 11:28:13,,,,,,,,,
TXN007381,1135.61,Authentication Failed,0.5467,ADDITIONAL_AUTHENTICATION,ADDITIONAL_AUTHENTICATION,Authentication must be completed before retrying.,0.7,True,SIMULATED,COMPLETED,2026-09-04 11:28:13,,,,,,,,,
TXN007385,909.91,Insufficient Funds,0.6343,UPDATE_PAYMENT_METHOD,UPDATE_PAYMENT_METHOD,AI recommendation approved.,0.6,True,SIMULATED,COMPLETED,2026-09-04 11:28:13,,,,,,,,,
TXN007390,1228.34,Expired Card,0.1137,UPDATE_PAYMENT_METHOD,UPDATE_PAYMENT_METHOD,Expired card requires a new payment method.,0.4,True,SIMULATED,COMPLETED,2026-09-04 11:28:13,,,,,,,,,
TXN007391,2331.69,Authentication Failed,0.3519,DO_NOT_RETRY,DO_NOT_RETRY,Maximum retry limit reached.,0.05,False,SIMULATED,COMPLETED,2026-09-04 11:28:13,,,,,,,,,
TXN007392,843.64,Network Error,0.7031,DO_NOT_RETRY,DO_NOT_RETRY,Maximum retry limit reached.,0.1,False,SIMULATED,COMPLETED,2026-09-04 11:28:13,,,,,,,,,
TXN007398,601.38,Authentication Failed,0.4115,ADDITIONAL_AUTHENTICATION,ADDITIONAL_AUTHENTICATION,Authentication must be completed before retrying.,0.7,True,SIMULATED,COMPLETED,2026-09-04 11:28:13,,,,,,,,,
TXN007400,1980.07,Authentication Failed,0.5223,ADDITIONAL_AUTHENTICATION,ADDITIONAL_AUTHENTICATION,Authentication must be completed before retrying.,0.7,True,SIMULATED,COMPLETED,2026-09-04 11:28:13,,,,,,,,,
TXN007401,1818.09,Authentication Failed,0.4337,DO_NOT_RETRY,DO_NOT_RETRY,Maximum retry limit reached.,0.05,False,SIMULATED,COMPLETED,2026-09-04 11:28:13,,,,,,,,,
TXN007406,1350.25,Authentication Failed,0.3849,DO_NOT_RETRY,DO_NOT_RETRY,Maximum retry limit reached.,0.05,False,SIMULATED,COMPLETED,2026-09-04 11:28:13,,,,,,,,,
TXN007411,1399.22,Bank Timeout,0.7392,DO_NOT_RETRY,DO_NOT_RETRY,Maximum retry limit reached.,0.08,False,SIMULATED,COMPLETED,2026-09-04 11:28:13,,,,,,,,,
TXN007412,902.58,Authentication Failed,0.3544,DO_NOT_RETRY,DO_NOT_RETRY,Maximum retry limit reached.,0.05,False,SIMULATED,COMPLETED,2026-09-04 11:28:13,,,,,,,,,
TXN007414,1255.29,Bank Timeout,0.5631,DO_NOT_RETRY,DO_NOT_RETRY,Maximum retry limit reached.,0.08,False,SIMULATED,COMPLETED,2026-09-04 11:28:13,,,,,,,,,
TXN007416,1079.29,Expired Card,0.1325,UPDATE_PAYMENT_METHOD,UPDATE_PAYMENT_METHOD,Expired card requires a new payment method.,0.4,True,SIMULATED,COMPLETED,2026-09-04 11:28:13,,,,,,,,,
TXN007423,1057.11,Network Error,0.6159,DO_NOT_RETRY,DO_NOT_RETRY,Maximum retry limit reached.,0.1,False,SIMULATED,COMPLETED,2026-09-04 11:28:13,,,,,,,,,
TXN007429,3333.64,Expired Card,0.2384,UPDATE_PAYMENT_METHOD,UPDATE_PAYMENT_METHOD,Expired card requires a new payment method.,0.4,True,SIMULATED,COMPLETED,2026-09-04 11:28:13,,,,,,,,,
TXN007430,966.23,Expired Card,0.1819,UPDATE_PAYMENT_METHOD,UPDATE_PAYMENT_METHOD,Expired card requires a new payment method.,0.4,True,SIMULATED,COMPLETED,2026-09-04 11:28:13,,,,,,,,,
TXN007431,1025.0,Expired Card,0.1753,UPDATE_PAYMENT_METHOD,UPDATE_PAYMENT_METHOD,Expired card requires a new payment method.,0.4,True,SIMULATED,COMPLETED,2026-09-04 11:28:13,,,,,,,,,
TXN007432,650.55,Insufficient Funds,0.6449,UPDATE_PAYMENT_METHOD,UPDATE_PAYMENT_METHOD,AI recommendation approved.,0.6,True,SIMULATED,COMPLETED,2026-09-04 11:28:13,,,,,,,,,
TXN007438,530.53,Expired Card,0.1011,DO_NOT_RETRY,DO_NOT_RETRY,Maximum retry limit reached.,0.0,False,SIMULATED,COMPLETED,2026-09-04 11:28:13,,,,,,,,,
TXN007446,4270.38,Bank Timeout,0.8355,RETRY_NOW,RETRY_NOW,AI recommendation approved.,0.78,True,SIMULATED,COMPLETED,2026-09-04 11:28:13,,,,,,,,,
TXN007451,634.16,Expired Card,0.0932,DO_NOT_RETRY,DO_NOT_RETRY,Maximum retry limit reached.,0.0,False,SIMULATED,COMPLETED,2026-09-04 11:28:13,,,,,,,,,
TXN007453,1603.58,Expired Card,0.2418,UPDATE_PAYMENT_METHOD,UPDATE_PAYMENT_METHOD,Expired card requires a new payment method.,0.4,True,SIMULATED,COMPLETED,2026-09-04 11:28:13,,,,,,,,,
TXN007456,248.59,Bank Timeout,0.7191,RETRY_NOW,RETRY_NOW,AI recommendation approved.,0.78,True,SIMULATED,COMPLETED,2026-09-04 11:28:13,,,,,,,,,
TXN007457,819.66,Authentication Failed,0.5296,ADDITIONAL_AUTHENTICATION,ADDITIONAL_AUTHENTICATION,Authentication must be completed before retrying.,0.7,True,SIMULATED,COMPLETED,2026-09-04 11:28:13,,,,,,,,,
TXN007459,1245.42,Network Error,0.8064,RETRY_NOW,RETRY_NOW,AI recommendation approved.,0.8,True,SIMULATED,COMPLETED,2026-09-04 11:28:13,,,,,,,,,
TXN007465,1125.62,Insufficient Funds,0.4401,DO_NOT_RETRY,DO_NOT_RETRY,Maximum retry limit reached.,0.0,False,SIMULATED,COMPLETED,2026-09-04 11:28:13,,,,,,,,,
TXN007468,369.72,Insufficient Funds,0.4595,DO_NOT_RETRY,DO_NOT_RETRY,Maximum retry limit reached.,0.0,False,SIMULATED,COMPLETED,2026-09-04 11:28:13,,,,,,,,,
TXN007474,1812.94,Insufficient Funds,0.5363,DO_NOT_RETRY,DO_NOT_RETRY,Maximum retry limit reached.,0.0,False,SIMULATED,COMPLETED,2026-09-04 11:28:13,,,,,,,,,
TXN007475,1635.71,Network Error,0.5063,DO_NOT_RETRY,DO_NOT_RETRY,Maximum retry limit reached.,0.1,False,SIMULATED,COMPLETED,2026-09-04 11:28:13,,,,,,,,,
TXN007480,2764.01,Network Error,0.7769,RETRY_NOW,RETRY_NOW,AI recommendation approved.,0.8,True,SIMULATED,COMPLETED,2026-09-04 11:28:13,,,,,,,,,
TXN007485,417.1,Bank Timeout,0.8289,RETRY_NOW,RETRY_NOW,AI recommendation approved.,0.78,True,SIMULATED,COMPLETED,2026-09-04 11:28:13,,,,,,,,,
TXN007486,644.56,Authentication Failed,0.4196,ADDITIONAL_AUTHENTICATION,ADDITIONAL_AUTHENTICATION,Authentication must be completed before retrying.,0.7,True,SIMULATED,COMPLETED,2026-09-04 11:28:13,,,,,,,,,
TXN007490,2278.02,Network Error,0.6667,DO_NOT_RETRY,DO_NOT_RETRY,Maximum retry limit reached.,0.1,True,SIMULATED,COMPLETED,2026-09-04 11:28:13,,,,,,,,,
TXN007491,1887.38,Authentication Failed,0.4652,ADDITIONAL_AUTHENTICATION,ADDITIONAL_AUTHENTICATION,Authentication must be completed before retrying.,0.7,True,SIMULATED,COMPLETED,2026-09-04 11:28:13,,,,,,,,,
TXN007492,1705.69,Authentication Failed,0.5123,ADDITIONAL_AUTHENTICATION,ADDITIONAL_AUTHENTICATION,Authentication must be completed before retrying.,0.7,True,SIMULATED,COMPLETED,2026-09-04 11:28:13,,,,,,,,,
TXN007496,2254.13,Bank Timeout,0.7627,DO_NOT_RETRY,DO_NOT_RETRY,Maximum retry limit reached.,0.08,False,SIMULATED,COMPLETED,2026-09-04 11:28:13,,,,,,,,,
TXN007497,1401.95,Bank Timeout,0.8237,RETRY_NOW,RETRY_NOW,AI recommendation approved.,0.78,True,SIMULATED,COMPLETED,2026-09-04 11:28:13,,,,,,,,,
TXN007498,811.01,Expired Card,0.1432,UPDATE_PAYMENT_METHOD,UPDATE_PAYMENT_METHOD,Expired card requires a new payment method.,0.4,False,SIMULATED,COMPLETED,2026-09-04 11:28:13,,,,,,,,,
TXN007502,875.68,Authentication Failed,0.3888,DO_NOT_RETRY,DO_NOT_RETRY,Maximum retry limit reached.,0.05,False,SIMULATED,COMPLETED,2026-09-04 11:28:13,,,,,,,,,
TXN007507,1014.77,Insufficient Funds,0.5832,UPDATE_PAYMENT_METHOD,UPDATE_PAYMENT_METHOD,AI recommendation approved.,0.6,True,SIMULATED,COMPLETED,2026-09-04 11:28:13,,,,,,,,,
TXN007508,1057.43,Insufficient Funds,0.4493,DO_NOT_RETRY,DO_NOT_RETRY,Maximum retry limit reached.,0.0,False,SIMULATED,COMPLETED,2026-09-04 11:28:13,,,,,,,,,
TXN007511,904.15,Network Error,0.7472,RETRY_NOW,RETRY_NOW,AI recommendation approved.,0.8,True,SIMULATED,COMPLETED,2026-09-04 11:28:13,,,,,,,,,
TXN007512,212.94,Network Error,0.6056,DO_NOT_RETRY,DO_NOT_RETRY,Maximum retry limit reached.,0.1,False,SIMULATED,COMPLETED,2026-09-04 11:28:13,,,,,,,,,
TXN007517,3680.66,Bank Timeout,0.8305,RETRY_NOW,RETRY_NOW,AI recommendation approved.,0.78,True,SIMULATED,COMPLETED,2026-09-04 11:28:13,,,,,,,,,
TXN007520,405.97,Insufficient Funds,0.5406,UPDATE_PAYMENT_METHOD,UPDATE_PAYMENT_METHOD,AI recommendation approved.,0.6,True,SIMULATED,COMPLETED,2026-09-04 11:28:13,,,,,,,,,
TXN007521,2554.12,Insufficient Funds,0.4456,UPDATE_PAYMENT_METHOD,UPDATE_PAYMENT_METHOD,AI recommendation approved.,0.6,True,SIMULATED,COMPLETED,2026-09-04 11:28:13,,,,,,,,,
TXN007522,1409.55,Network Error,0.6413,DO_NOT_RETRY,DO_NOT_RETRY,Maximum retry limit reached.,0.1,False,SIMULATED,COMPLETED,2026-09-04 11:28:13,,,,,,,,,
TXN007525,2870.66,Bank Timeout,0.8585,RETRY_NOW,RETRY_NOW,AI recommendation approved.,0.78,True,SIMULATED,COMPLETED,2026-09-04 11:28:13,,,,,,,,,
TXN007527,695.73,Insufficient Funds,0.397,DO_NOT_RETRY,DO_NOT_RETRY,Maximum retry limit reached.,0.0,False,SIMULATED,COMPLETED,2026-09-04 11:28:13,,,,,,,,,
TXN007528,1216.68,Expired Card,0.1512,UPDATE_PAYMENT_METHOD,UPDATE_PAYMENT_METHOD,Expired card requires a new payment method.,0.4,False,SIMULATED,COMPLETED,2026-09-04 11:28:13,,,,,,,,,
TXN007537,1150.24,Insufficient Funds,0.4432,UPDATE_PAYMENT_METHOD,UPDATE_PAYMENT_METHOD,AI recommendation approved.,0.6,False,SIMULATED,COMPLETED,2026-09-04 11:28:13,,,,,,,,,
TXN007538,256.87,Insufficient Funds,0.4236,DO_NOT_RETRY,DO_NOT_RETRY,Maximum retry limit reached.,0.0,False,SIMULATED,COMPLETED,2026-09-04 11:28:13,,,,,,,,,
TXN007542,708.15,Insufficient Funds,0.5357,UPDATE_PAYMENT_METHOD,UPDATE_PAYMENT_METHOD,AI recommendation approved.,0.6,False,SIMULATED,COMPLETED,2026-09-04 11:28:13,,,,,,,,,
TXN007548,877.16,Bank Timeout,0.8103,RETRY_NOW,RETRY_NOW,AI recommendation approved.,0.78,False,SIMULATED,COMPLETED,2026-09-04 11:28:13,,,,,,,,,
TXN007552,1645.85,Insufficient Funds,0.6445,UPDATE_PAYMENT_METHOD,UPDATE_PAYMENT_METHOD,AI recommendation approved.,0.6,True,SIMULATED,COMPLETED,2026-09-04 11:28:13,,,,,,,,,
TXN007558,1419.71,Authentication Failed,0.348,DO_NOT_RETRY,DO_NOT_RETRY,Maximum retry limit reached.,0.05,False,SIMULATED,COMPLETED,2026-09-04 11:28:13,,,,,,,,,
TXN007560,767.75,Bank Timeout,0.8197,RETRY_NOW,RETRY_NOW,AI recommendation approved.,0.78,True,SIMULATED,COMPLETED,2026-09-04 11:28:13,,,,,,,,,
TXN007564,2643.18,Expired Card,0.1319,UPDATE_PAYMENT_METHOD,UPDATE_PAYMENT_METHOD,Expired card requires a new payment method.,0.4,False,SIMULATED,COMPLETED,2026-09-04 11:28:13,,,,,,,,,
TXN007572,1437.79,Expired Card,0.1416,UPDATE_PAYMENT_METHOD,UPDATE_PAYMENT_METHOD,Expired card requires a new payment method.,0.4,False,SIMULATED,COMPLETED,2026-09-04 11:28:13,,,,,,,,,
TXN007576,1242.92,Network Error,0.6841,RETRY_LATER,RETRY_LATER,AI recommendation approved.,0.85,True,SIMULATED,COMPLETED,2026-09-04 11:28:13,,,,,,,,,
TXN007579,501.71,Authentication Failed,0.3187,DO_NOT_RETRY,DO_NOT_RETRY,Maximum retry limit reached.,0.05,False,SIMULATED,COMPLETED,2026-09-04 11:28:13,,,,,,,,,
TXN007581,789.96,Insufficient Funds,0.4599,DO_NOT_RETRY,DO_NOT_RETRY,Maximum retry limit reached.,0.0,False,SIMULATED,COMPLETED,2026-09-04 11:28:13,,,,,,,,,
TXN007585,1373.22,Insufficient Funds,0.6808,UPDATE_PAYMENT_METHOD,UPDATE_PAYMENT_METHOD,AI recommendation approved.,0.6,True,SIMULATED,COMPLETED,2026-09-04 11:28:13,,,,,,,,,
TXN007586,496.87,Insufficient Funds,0.481,DO_NOT_RETRY,DO_NOT_RETRY,Maximum retry limit reached.,0.0,False,SIMULATED,COMPLETED,2026-09-04 11:28:13,,,,,,,,,
TXN007588,963.9,Network Error,0.7231,RETRY_NOW,RETRY_NOW,AI recommendation approved.,0.8,True,SIMULATED,COMPLETED,2026-09-04 11:28:13,,,,,,,,,
TXN007590,276.66,Insufficient Funds,0.5161,DO_NOT_RETRY,DO_NOT_RETRY,Maximum retry limit reached.,0.0,False,SIMULATED,COMPLETED,2026-09-04 11:28:13,,,,,,,,,
TXN007591,3314.08,Insufficient Funds,0.6667,UPDATE_PAYMENT_METHOD,UPDATE_PAYMENT_METHOD,AI recommendation approved.,0.6,True,SIMULATED,COMPLETED,2026-09-04 11:28:13,,,,,,,,,
TXN007595,2932.87,Insufficient Funds,0.5858,UPDATE_PAYMENT_METHOD,UPDATE_PAYMENT_METHOD,AI recommendation approved.,0.6,True,SIMULATED,COMPLETED,2026-09-04 11:28:13,,,,,,,,,
TXN007599,2517.46,Bank Timeout,0.7859,DO_NOT_RETRY,DO_NOT_RETRY,Maximum retry limit reached.,0.08,False,SIMULATED,COMPLETED,2026-09-04 11:28:13,,,,,,,,,
TXN007603,1715.43,Insufficient Funds,0.4307,DO_NOT_RETRY,DO_NOT_RETRY,Maximum retry limit reached.,0.0,False,SIMULATED,COMPLETED,2026-09-04 11:28:13,,,,,,,,,
TXN007604,2284.83,Bank Timeout,0.7801,RETRY_NOW,RETRY_NOW,AI recommendation approved.,0.78,True,SIMULATED,COMPLETED,2026-09-04 11:28:13,,,,,,,,,
TXN007608,480.77,Insufficient Funds,0.5729,UPDATE_PAYMENT_METHOD,UPDATE_PAYMENT_METHOD,AI recommendation approved.,0.6,True,SIMULATED,COMPLETED,2026-09-04 11:28:13,,,,,,,,,
TXN007610,593.46,Insufficient Funds,0.5948,UPDATE_PAYMENT_METHOD,UPDATE_PAYMENT_METHOD,AI recommendation approved.,0.6,True,SIMULATED,COMPLETED,2026-09-04 11:28:13,,,,,,,,,
TXN007614,1928.21,Bank Timeout,0.7007,DO_NOT_RETRY,DO_NOT_RETRY,Maximum retry limit reached.,0.08,False,SIMULATED,COMPLETED,2026-09-04 11:28:13,,,,,,,,,
TXN007617,1256.6,Bank Timeout,0.8423,RETRY_NOW,RETRY_NOW,AI recommendation approved.,0.78,False,SIMULATED,COMPLETED,2026-09-04 11:28:13,,,,,,,,,
TXN007621,463.34,Expired Card,0.1225,DO_NOT_RETRY,DO_NOT_RETRY,Maximum retry limit reached.,0.0,False,SIMULATED,COMPLETED,2026-09-04 11:28:13,,,,,,,,,
TXN007622,1359.7,Bank Timeout,0.5021,DO_NOT_RETRY,DO_NOT_RETRY,Maximum retry limit reached.,0.08,False,SIMULATED,COMPLETED,2026-09-04 11:28:13,,,,,,,,,
TXN007626,842.02,Insufficient Funds,0.4606,DO_NOT_RETRY,DO_NOT_RETRY,Maximum retry limit reached.,0.0,False,SIMULATED,COMPLETED,2026-09-04 11:28:13,,,,,,,,,
TXN007629,1149.14,Network Error,0.8289,RETRY_NOW,RETRY_NOW,AI recommendation approved.,0.8,False,SIMULATED,COMPLETED,2026-09-04 11:28:13,,,,,,,,,
TXN007633,176.38,Expired Card,0.2558,DO_NOT_RETRY,DO_NOT_RETRY,Maximum retry limit reached.,0.0,False,SIMULATED,COMPLETED,2026-09-04 11:28:13,,,,,,,,,
TXN007636,1197.36,Network Error,0.7096,RETRY_NOW,RETRY_NOW,AI recommendation approved.,0.8,False,SIMULATED,COMPLETED,2026-09-04 11:28:13,,,,,,,,,
TXN007637,530.92,Insufficient Funds,0.4938,DO_NOT_RETRY,DO_NOT_RETRY,Maximum retry limit reached.,0.0,False,SIMULATED,COMPLETED,2026-09-04 11:28:13,,,,,,,,,
TXN007641,323.93,Authentication Failed,0.5518,ADDITIONAL_AUTHENTICATION,ADDITIONAL_AUTHENTICATION,Authentication must be completed before retrying.,0.7,True,SIMULATED,COMPLETED,2026-09-04 11:28:13,,,,,,,,,
TXN007642,4257.71,Insufficient Funds,0.6838,UPDATE_PAYMENT_METHOD,UPDATE_PAYMENT_METHOD,AI recommendation approved.,0.6,False,SIMULATED,COMPLETED,2026-09-04 11:28:13,,,,,,,,,
TXN007645,2313.86,Expired Card,0.1505,UPDATE_PAYMENT_METHOD,UPDATE_PAYMENT_METHOD,Expired card requires a new payment method.,0.4,True,SIMULATED,COMPLETED,2026-09-04 11:28:13,,,,,,,,,
TXN007650,4061.53,Authentication Failed,0.4739,DO_NOT_RETRY,DO_NOT_RETRY,Maximum retry limit reached.,0.05,False,SIMULATED,COMPLETED,2026-09-04 11:28:13,,,,,,,,,
TXN007654,1785.45,Bank Timeout,0.8708,RETRY_NOW,RETRY_NOW,AI recommendation approved.,0.78,True,SIMULATED,COMPLETED,2026-09-04 11:28:13,,,,,,,,,
TXN007659,374.37,Insufficient Funds,0.5064,DO_NOT_RETRY,DO_NOT_RETRY,Maximum retry limit reached.,0.0,False,SIMULATED,COMPLETED,2026-09-04 11:28:13,,,,,,,,,
TXN007665,987.05,Network Error,0.7059,RETRY_NOW,RETRY_NOW,AI recommendation approved.,0.8,True,SIMULATED,COMPLETED,2026-09-04 11:28:13,,,,,,,,,
TXN007668,860.58,Network Error,0.7572,RETRY_NOW,RETRY_NOW,AI recommendation approved.,0.8,True,SIMULATED,COMPLETED,2026-09-04 11:28:13,,,,,,,,,
TXN007670,227.02,Network Error,0.5313,DO_NOT_RETRY,DO_NOT_RETRY,Maximum retry limit reached.,0.1,False,SIMULATED,COMPLETED,2026-09-04 11:28:13,,,,,,,,,
TXN007672,732.88,Network Error,0.7054,RETRY_NOW,RETRY_NOW,AI recommendation approved.,0.8,True,SIMULATED,COMPLETED,2026-09-04 11:28:13,,,,,,,,,
TXN007675,2440.17,Authentication Failed,0.5695,ADDITIONAL_AUTHENTICATION,ADDITIONAL_AUTHENTICATION,Authentication must be completed before retrying.,0.7,False,SIMULATED,COMPLETED,2026-09-04 11:28:13,,,,,,,,,
TXN007678,227.4,Bank Timeout,0.6892,RETRY_LATER,RETRY_LATER,AI recommendation approved.,0.83,True,SIMULATED,COMPLETED,2026-09-04 11:28:13,,,,,,,,,
TXN007683,1013.03,Network Error,0.811,RETRY_NOW,RETRY_NOW,AI recommendation approved.,0.8,True,SIMULATED,COMPLETED,2026-09-04 11:28:13,,,,,,,,,
TXN007685,1203.05,Network Error,0.6792,DO_NOT_RETRY,DO_NOT_RETRY,Maximum retry limit reached.,0.1,False,SIMULATED,COMPLETED,2026-09-04 11:28:13,,,,,,,,,
TXN007689,3078.29,Network Error,0.7103,RETRY_NOW,RETRY_NOW,AI recommendation approved.,0.8,True,SIMULATED,COMPLETED,2026-09-04 11:28:13,,,,,,,,,
TXN007695,645.82,Authentication Failed,0.3611,DO_NOT_RETRY,DO_NOT_RETRY,Maximum retry limit reached.,0.05,False,SIMULATED,COMPLETED,2026-09-04 11:28:13,,,,,,,,,
TXN007698,1119.01,Expired Card,0.161,UPDATE_PAYMENT_METHOD,UPDATE_PAYMENT_METHOD,Expired card requires a new payment method.,0.4,False,SIMULATED,COMPLETED,2026-09-04 11:28:13,,,,,,,,,
TXN007700,1820.62,Authentication Failed,0.4888,ADDITIONAL_AUTHENTICATION,ADDITIONAL_AUTHENTICATION,Authentication must be completed before retrying.,0.7,False,SIMULATED,COMPLETED,2026-09-04 11:28:13,,,,,,,,,
TXN007704,424.14,Network Error,0.6084,DO_NOT_RETRY,DO_NOT_RETRY,Maximum retry limit reached.,0.1,False,SIMULATED,COMPLETED,2026-09-04 11:28:13,,,,,,,,,
TXN007706,1895.74,Bank Timeout,0.7082,DO_NOT_RETRY,DO_NOT_RETRY,Maximum retry limit reached.,0.08,False,SIMULATED,COMPLETED,2026-09-04 11:28:13,,,,,,,,,
TXN007708,1735.99,Expired Card,0.1259,DO_NOT_RETRY,DO_NOT_RETRY,Maximum retry limit reached.,0.0,False,SIMULATED,COMPLETED,2026-09-04 11:28:13,,,,,,,,,
TXN007711,1687.33,Expired Card,0.1351,UPDATE_PAYMENT_METHOD,UPDATE_PAYMENT_METHOD,Expired card requires a new payment method.,0.4,True,SIMULATED,COMPLETED,2026-09-04 11:28:13,,,,,,,,,
TXN007712,576.25,Insufficient Funds,0.468,UPDATE_PAYMENT_METHOD,UPDATE_PAYMENT_METHOD,AI recommendation approved.,0.6,True,SIMULATED,COMPLETED,2026-09-04 11:28:13,,,,,,,,,
TXN007715,1164.16,Authentication Failed,0.3863,DO_NOT_RETRY,DO_NOT_RETRY,Maximum retry limit reached.,0.05,False,SIMULATED,COMPLETED,2026-09-04 11:28:13,,,,,,,,,
TXN007716,484.87,Insufficient Funds,0.489,DO_NOT_RETRY,DO_NOT_RETRY,Maximum retry limit reached.,0.0,False,SIMULATED,COMPLETED,2026-09-04 11:28:13,,,,,,,,,
TXN007721,2436.59,Expired Card,0.1611,DO_NOT_RETRY,DO_NOT_RETRY,Maximum retry limit reached.,0.0,False,SIMULATED,COMPLETED,2026-09-04 11:28:13,,,,,,,,,
TXN007723,1175.57,Insufficient Funds,0.4677,UPDATE_PAYMENT_METHOD,UPDATE_PAYMENT_METHOD,AI recommendation approved.,0.6,True,SIMULATED,COMPLETED,2026-09-04 11:28:13,,,,,,,,,
TXN007724,2699.08,Network Error,0.7242,DO_NOT_RETRY,DO_NOT_RETRY,Maximum retry limit reached.,0.1,True,SIMULATED,COMPLETED,2026-09-04 11:28:13,,,,,,,,,
TXN007728,649.77,Expired Card,0.1576,DO_NOT_RETRY,DO_NOT_RETRY,Maximum retry limit reached.,0.0,False,SIMULATED,COMPLETED,2026-09-04 11:28:13,,,,,,,,,
TXN007734,854.21,Network Error,0.6594,DO_NOT_RETRY,DO_NOT_RETRY,Maximum retry limit reached.,0.1,False,SIMULATED,COMPLETED,2026-09-04 11:28:13,,,,,,,,,
TXN007736,4070.16,Bank Timeout,0.5689,DO_NOT_RETRY,DO_NOT_RETRY,Maximum retry limit reached.,0.08,False,SIMULATED,COMPLETED,2026-09-04 11:28:13,,,,,,,,,
TXN007738,1390.92,Expired Card,0.1658,UPDATE_PAYMENT_METHOD,UPDATE_PAYMENT_METHOD,Expired card requires a new payment method.,0.4,True,SIMULATED,COMPLETED,2026-09-04 11:28:13,,,,,,,,,
TXN007740,643.0,Authentication Failed,0.4369,ADDITIONAL_AUTHENTICATION,ADDITIONAL_AUTHENTICATION,Authentication must be completed before retrying.,0.7,True,SIMULATED,COMPLETED,2026-09-04 11:28:13,,,,,,,,,
TXN007747,770.39,Network Error,0.773,RETRY_NOW,RETRY_NOW,AI recommendation approved.,0.8,False,SIMULATED,COMPLETED,2026-09-04 11:28:13,,,,,,,,,
TXN007749,1496.92,Authentication Failed,0.3806,ADDITIONAL_AUTHENTICATION,ADDITIONAL_AUTHENTICATION,Authentication must be completed before retrying.,0.7,True,SIMULATED,COMPLETED,2026-09-04 11:28:13,,,,,,,,,
TXN007751,906.19,Insufficient Funds,0.4926,DO_NOT_RETRY,DO_NOT_RETRY,Maximum retry limit reached.,0.0,False,SIMULATED,COMPLETED,2026-09-04 11:28:13,,,,,,,,,
TXN007752,1885.66,Authentication Failed,0.355,ADDITIONAL_AUTHENTICATION,ADDITIONAL_AUTHENTICATION,Authentication must be completed before retrying.,0.7,True,SIMULATED,COMPLETED,2026-09-04 11:28:13,,,,,,,,,
TXN007756,1341.78,Bank Timeout,0.7487,RETRY_NOW,RETRY_NOW,AI recommendation approved.,0.78,False,SIMULATED,COMPLETED,2026-09-04 11:28:13,,,,,,,,,
TXN007757,1590.55,Bank Timeout,0.834,RETRY_NOW,RETRY_NOW,AI recommendation approved.,0.78,False,SIMULATED,COMPLETED,2026-09-04 11:28:13,,,,,,,,,
TXN007761,396.04,Expired Card,0.1114,DO_NOT_RETRY,DO_NOT_RETRY,Maximum retry limit reached.,0.0,False,SIMULATED,COMPLETED,2026-09-04 11:28:13,,,,,,,,,
TXN007763,517.14,Bank Timeout,0.4792,DO_NOT_RETRY,DO_NOT_RETRY,Maximum retry limit reached.,0.08,False,SIMULATED,COMPLETED,2026-09-04 11:28:13,,,,,,,,,
TXN007767,997.0,Bank Timeout,0.8406,RETRY_NOW,RETRY_NOW,AI recommendation approved.,0.78,True,SIMULATED,COMPLETED,2026-09-04 11:28:13,,,,,,,,,
TXN007768,2461.46,Insufficient Funds,0.668,UPDATE_PAYMENT_METHOD,UPDATE_PAYMENT_METHOD,AI recommendation approved.,0.6,True,SIMULATED,COMPLETED,2026-09-04 11:28:13,,,,,,,,,
TXN007779,1153.58,Expired Card,0.1763,UPDATE_PAYMENT_METHOD,UPDATE_PAYMENT_METHOD,Expired card requires a new payment method.,0.4,True,SIMULATED,COMPLETED,2026-09-04 11:28:13,,,,,,,,,
TXN007781,523.41,Insufficient Funds,0.4391,DO_NOT_RETRY,DO_NOT_RETRY,Maximum retry limit reached.,0.0,False,SIMULATED,COMPLETED,2026-09-04 11:28:13,,,,,,,,,
TXN007785,1703.5,Insufficient Funds,0.5805,DO_NOT_RETRY,DO_NOT_RETRY,Maximum retry limit reached.,0.0,False,SIMULATED,COMPLETED,2026-09-04 11:28:13,,,,,,,,,
TXN007786,416.32,Authentication Failed,0.4168,DO_NOT_RETRY,DO_NOT_RETRY,Maximum retry limit reached.,0.05,False,SIMULATED,COMPLETED,2026-09-04 11:28:13,,,,,,,,,
TXN007793,693.68,Bank Timeout,0.7106,RETRY_NOW,RETRY_NOW,AI recommendation approved.,0.78,False,SIMULATED,COMPLETED,2026-09-04 11:28:13,,,,,,,,,
TXN007794,2353.4,Authentication Failed,0.497,ADDITIONAL_AUTHENTICATION,ADDITIONAL_AUTHENTICATION,Authentication must be completed before retrying.,0.7,True,SIMULATED,COMPLETED,2026-09-04 11:28:13,,,,,,,,,
TXN007798,656.68,Insufficient Funds,0.4671,DO_NOT_RETRY,DO_NOT_RETRY,Maximum retry limit reached.,0.0,False,SIMULATED,COMPLETED,2026-09-04 11:28:13,,,,,,,,,
TXN007799,1595.03,Expired Card,0.2256,DO_NOT_RETRY,DO_NOT_RETRY,Maximum retry limit reached.,0.0,False,SIMULATED,COMPLETED,2026-09-04 11:28:13,,,,,,,,,
TXN007807,772.93,Network Error,0.7556,DO_NOT_RETRY,DO_NOT_RETRY,Maximum retry limit reached.,0.1,False,SIMULATED,COMPLETED,2026-09-04 11:28:13,,,,,,,,,
TXN007811,1611.43,Bank Timeout,0.8444,RETRY_NOW,RETRY_NOW,AI recommendation approved.,0.78,True,SIMULATED,COMPLETED,2026-09-04 11:28:13,,,,,,,,,
TXN007812,325.81,Authentication Failed,0.4735,ADDITIONAL_AUTHENTICATION,ADDITIONAL_AUTHENTICATION,Authentication must be completed before retrying.,0.7,True,SIMULATED,COMPLETED,2026-09-04 11:28:13,,,,,,,,,
TXN007813,590.92,Insufficient Funds,0.4597,DO_NOT_RETRY,DO_NOT_RETRY,Maximum retry limit reached.,0.0,False,SIMULATED,COMPLETED,2026-09-04 11:28:13,,,,,,,,,
TXN007814,820.74,Expired Card,0.0989,UPDATE_PAYMENT_METHOD,UPDATE_PAYMENT_METHOD,Expired card requires a new payment method.,0.4,False,SIMULATED,COMPLETED,2026-09-04 11:28:13,,,,,,,,,
TXN007817,1239.21,Bank Timeout,0.6148,RETRY_LATER,RETRY_LATER,AI recommendation approved.,0.83,True,SIMULATED,COMPLETED,2026-09-04 11:28:13,,,,,,,,,
TXN007818,3950.2,Expired Card,0.3314,UPDATE_PAYMENT_METHOD,UPDATE_PAYMENT_METHOD,Expired card requires a new payment method.,0.4,True,SIMULATED,COMPLETED,2026-09-04 11:28:13,,,,,,,,,
TXN007821,1605.62,Authentication Failed,0.3476,DO_NOT_RETRY,DO_NOT_RETRY,Maximum retry limit reached.,0.05,False,SIMULATED,COMPLETED,2026-09-04 11:28:13,,,,,,,,,
TXN007822,2266.23,Authentication Failed,0.4122,DO_NOT_RETRY,DO_NOT_RETRY,Maximum retry limit reached.,0.05,True,SIMULATED,COMPLETED,2026-09-04 11:28:13,,,,,,,,,
TXN007833,1121.47,Expired Card,0.1292,DO_NOT_RETRY,DO_NOT_RETRY,Maximum retry limit reached.,0.0,False,SIMULATED,COMPLETED,2026-09-04 11:28:13,,,,,,,,,
TXN007835,1537.54,Expired Card,0.0696,DO_NOT_RETRY,DO_NOT_RETRY,Maximum retry limit reached.,0.0,False,SIMULATED,COMPLETED,2026-09-04 11:28:13,,,,,,,,,
TXN007836,426.26,Expired Card,0.0883,DO_NOT_RETRY,DO_NOT_RETRY,Maximum retry limit reached.,0.0,False,SIMULATED,COMPLETED,2026-09-04 11:28:13,,,,,,,,,
TXN007838,676.51,Insufficient Funds,0.6267,UPDATE_PAYMENT_METHOD,UPDATE_PAYMENT_METHOD,AI recommendation approved.,0.6,True,SIMULATED,COMPLETED,2026-09-04 11:28:13,,,,,,,,,
TXN007840,247.56,Network Error,0.5751,DO_NOT_RETRY,DO_NOT_RETRY,Maximum retry limit reached.,0.1,False,SIMULATED,COMPLETED,2026-09-04 11:28:13,,,,,,,,,
TXN007841,525.19,Authentication Failed,0.417,ADDITIONAL_AUTHENTICATION,ADDITIONAL_AUTHENTICATION,Authentication must be completed before retrying.,0.7,False,SIMULATED,COMPLETED,2026-09-04 11:28:13,,,,,,,,,
TXN007842,2061.32,Insufficient Funds,0.521,UPDATE_PAYMENT_METHOD,UPDATE_PAYMENT_METHOD,AI recommendation approved.,0.6,True,SIMULATED,COMPLETED,2026-09-04 11:28:13,,,,,,,,,
TXN007845,2310.97,Insufficient Funds,0.5181,DO_NOT_RETRY,DO_NOT_RETRY,Maximum retry limit reached.,0.0,False,SIMULATED,COMPLETED,2026-09-04 11:28:13,,,,,,,,,
TXN007849,1052.89,Expired Card,0.1931,DO_NOT_RETRY,DO_NOT_RETRY,Maximum retry limit reached.,0.0,False,SIMULATED,COMPLETED,2026-09-04 11:28:13,,,,,,,,,
TXN007852,4317.5,Expired Card,0.1698,UPDATE_PAYMENT_METHOD,UPDATE_PAYMENT_METHOD,Expired card requires a new payment method.,0.4,True,SIMULATED,COMPLETED,2026-09-04 11:28:13,,,,,,,,,
TXN007853,2018.3,Bank Timeout,0.6495,DO_NOT_RETRY,DO_NOT_RETRY,Maximum retry limit reached.,0.08,False,SIMULATED,COMPLETED,2026-09-04 11:28:13,,,,,,,,,
TXN007854,689.89,Bank Timeout,0.7767,DO_NOT_RETRY,DO_NOT_RETRY,Maximum retry limit reached.,0.08,False,SIMULATED,COMPLETED,2026-09-04 11:28:13,,,,,,,,,
TXN007857,924.04,Insufficient Funds,0.4392,DO_NOT_RETRY,DO_NOT_RETRY,Maximum retry limit reached.,0.0,False,SIMULATED,COMPLETED,2026-09-04 11:28:13,,,,,,,,,
TXN007858,456.21,Authentication Failed,0.3888,ADDITIONAL_AUTHENTICATION,ADDITIONAL_AUTHENTICATION,Authentication must be completed before retrying.,0.7,True,SIMULATED,COMPLETED,2026-09-04 11:28:13,,,,,,,,,
TXN007859,4547.32,Authentication Failed,0.5353,ADDITIONAL_AUTHENTICATION,ADDITIONAL_AUTHENTICATION,Authentication must be completed before retrying.,0.7,True,SIMULATED,COMPLETED,2026-09-04 11:28:13,,,,,,,,,
TXN007865,1777.77,Authentication Failed,0.3821,DO_NOT_RETRY,DO_NOT_RETRY,Maximum retry limit reached.,0.05,False,SIMULATED,COMPLETED,2026-09-04 11:28:13,,,,,,,,,
TXN007866,6421.86,Expired Card,0.112,DO_NOT_RETRY,DO_NOT_RETRY,Maximum retry limit reached.,0.0,False,SIMULATED,COMPLETED,2026-09-04 11:28:13,,,,,,,,,
TXN007868,270.2,Expired Card,0.1538,DO_NOT_RETRY,DO_NOT_RETRY,Maximum retry limit reached.,0.0,False,SIMULATED,COMPLETED,2026-09-04 11:28:13,,,,,,,,,
TXN007870,1280.37,Expired Card,0.1708,DO_NOT_RETRY,DO_NOT_RETRY,Maximum retry limit reached.,0.0,False,SIMULATED,COMPLETED,2026-09-04 11:28:13,,,,,,,,,
TXN007873,1320.61,Insufficient Funds,0.6042,UPDATE_PAYMENT_METHOD,UPDATE_PAYMENT_METHOD,AI recommendation approved.,0.6,False,SIMULATED,COMPLETED,2026-09-04 11:28:13,,,,,,,,,
TXN007874,585.57,Authentication Failed,0.3998,DO_NOT_RETRY,DO_NOT_RETRY,Maximum retry limit reached.,0.05,False,SIMULATED,COMPLETED,2026-09-04 11:28:13,,,,,,,,,
TXN007879,579.05,Bank Timeout,0.8367,RETRY_NOW,RETRY_NOW,AI recommendation approved.,0.78,False,SIMULATED,COMPLETED,2026-09-04 11:28:13,,,,,,,,,
TXN007882,614.39,Authentication Failed,0.4715,ADDITIONAL_AUTHENTICATION,ADDITIONAL_AUTHENTICATION,Authentication must be completed before retrying.,0.7,False,SIMULATED,COMPLETED,2026-09-04 11:28:13,,,,,,,,,
TXN007887,1678.58,Insufficient Funds,0.5768,UPDATE_PAYMENT_METHOD,UPDATE_PAYMENT_METHOD,AI recommendation approved.,0.6,False,SIMULATED,COMPLETED,2026-09-04 11:28:13,,,,,,,,,
TXN007895,1251.02,Insufficient Funds,0.4724,DO_NOT_RETRY,DO_NOT_RETRY,Maximum retry limit reached.,0.0,False,SIMULATED,COMPLETED,2026-09-04 11:28:13,,,,,,,,,
TXN007896,1602.36,Insufficient Funds,0.6759,UPDATE_PAYMENT_METHOD,UPDATE_PAYMENT_METHOD,AI recommendation approved.,0.6,False,SIMULATED,COMPLETED,2026-09-04 11:28:13,,,,,,,,,
TXN007901,636.54,Bank Timeout,0.5359,DO_NOT_RETRY,DO_NOT_RETRY,Maximum retry limit reached.,0.08,False,SIMULATED,COMPLETED,2026-09-04 11:28:13,,,,,,,,,
TXN007905,675.38,Authentication Failed,0.461,ADDITIONAL_AUTHENTICATION,ADDITIONAL_AUTHENTICATION,Authentication must be completed before retrying.,0.7,True,SIMULATED,COMPLETED,2026-09-04 11:28:13,,,,,,,,,
TXN007907,1262.44,Bank Timeout,0.661,DO_NOT_RETRY,DO_NOT_RETRY,Maximum retry limit reached.,0.08,False,SIMULATED,COMPLETED,2026-09-04 11:28:13,,,,,,,,,
TXN007908,1114.32,Network Error,0.7424,RETRY_NOW,RETRY_NOW,AI recommendation approved.,0.8,True,SIMULATED,COMPLETED,2026-09-04 11:28:13,,,,,,,,,
TXN007909,266.0,Authentication Failed,0.5915,DO_NOT_RETRY,DO_NOT_RETRY,Maximum retry limit reached.,0.05,False,SIMULATED,COMPLETED,2026-09-04 11:28:13,,,,,,,,,
TXN007912,2308.58,Bank Timeout,0.8582,RETRY_NOW,RETRY_NOW,AI recommendation approved.,0.78,True,SIMULATED,COMPLETED,2026-09-04 11:28:13,,,,,,,,,
TXN007916,271.77,Bank Timeout,0.8184,RETRY_NOW,RETRY_NOW,AI recommendation approved.,0.78,True,SIMULATED,COMPLETED,2026-09-04 11:28:13,,,,,,,,,
TXN007917,1264.93,Authentication Failed,0.4804,ADDITIONAL_AUTHENTICATION,ADDITIONAL_AUTHENTICATION,Authentication must be completed before retrying.,0.7,True,SIMULATED,COMPLETED,2026-09-04 11:28:13,,,,,,,,,
TXN007921,4500.3,Authentication Failed,0.3955,DO_NOT_RETRY,DO_NOT_RETRY,Maximum retry limit reached.,0.05,False,SIMULATED,COMPLETED,2026-09-04 11:28:13,,,,,,,,,
TXN007924,809.94,Bank Timeout,0.7081,DO_NOT_RETRY,DO_NOT_RETRY,Maximum retry limit reached.,0.08,False,SIMULATED,COMPLETED,2026-09-04 11:28:13,,,,,,,,,
TXN007926,1341.35,Bank Timeout,0.7602,DO_NOT_RETRY,DO_NOT_RETRY,Maximum retry limit reached.,0.08,False,SIMULATED,COMPLETED,2026-09-04 11:28:13,,,,,,,,,
TXN007929,2830.42,Insufficient Funds,0.4399,UPDATE_PAYMENT_METHOD,UPDATE_PAYMENT_METHOD,AI recommendation approved.,0.6,True,SIMULATED,COMPLETED,2026-09-04 11:28:13,,,,,,,,,
TXN007930,3988.98,Bank Timeout,0.801,RETRY_NOW,RETRY_NOW,AI recommendation approved.,0.78,False,SIMULATED,COMPLETED,2026-09-04 11:28:13,,,,,,,,,
TXN007934,400.22,Authentication Failed,0.3909,DO_NOT_RETRY,DO_NOT_RETRY,Maximum retry limit reached.,0.05,False,SIMULATED,COMPLETED,2026-09-04 11:28:13,,,,,,,,,
TXN007936,1359.44,Insufficient Funds,0.5001,DO_NOT_RETRY,DO_NOT_RETRY,Maximum retry limit reached.,0.0,False,SIMULATED,COMPLETED,2026-09-04 11:28:13,,,,,,,,,
TXN007938,3468.1,Network Error,0.8119,RETRY_NOW,RETRY_NOW,AI recommendation approved.,0.8,False,SIMULATED,COMPLETED,2026-09-04 11:28:13,,,,,,,,,
TXN007942,1861.08,Insufficient Funds,0.6865,UPDATE_PAYMENT_METHOD,UPDATE_PAYMENT_METHOD,AI recommendation approved.,0.6,True,SIMULATED,COMPLETED,2026-09-04 11:28:13,,,,,,,,,
TXN007944,589.16,Expired Card,0.2326,DO_NOT_RETRY,DO_NOT_RETRY,Maximum retry limit reached.,0.0,False,SIMULATED,COMPLETED,2026-09-04 11:28:13,,,,,,,,,
TXN007946,1739.16,Authentication Failed,0.4891,ADDITIONAL_AUTHENTICATION,ADDITIONAL_AUTHENTICATION,Authentication must be completed before retrying.,0.7,True,SIMULATED,COMPLETED,2026-09-04 11:28:13,,,,,,,,,
TXN007949,1615.16,Expired Card,0.1011,DO_NOT_RETRY,DO_NOT_RETRY,Maximum retry limit reached.,0.0,False,SIMULATED,COMPLETED,2026-09-04 11:28:13,,,,,,,,,
TXN007951,1031.18,Network Error,0.6803,DO_NOT_RETRY,DO_NOT_RETRY,Maximum retry limit reached.,0.1,False,SIMULATED,COMPLETED,2026-09-04 11:28:13,,,,,,,,,
TXN007952,11463.06,Insufficient Funds,0.5709,DO_NOT_RETRY,DO_NOT_RETRY,Maximum retry limit reached.,0.0,False,SIMULATED,COMPLETED,2026-09-04 11:28:13,,,,,,,,,
TXN007954,1127.47,Authentication Failed,0.5281,DO_NOT_RETRY,DO_NOT_RETRY,Maximum retry limit reached.,0.05,False,SIMULATED,COMPLETED,2026-09-04 11:28:13,,,,,,,,,
TXN007955,1985.69,Expired Card,0.1382,UPDATE_PAYMENT_METHOD,UPDATE_PAYMENT_METHOD,Expired card requires a new payment method.,0.4,False,SIMULATED,COMPLETED,2026-09-04 11:28:13,,,,,,,,,
TXN007957,313.58,Network Error,0.5233,DO_NOT_RETRY,DO_NOT_RETRY,Maximum retry limit reached.,0.1,False,SIMULATED,COMPLETED,2026-09-04 11:28:13,,,,,,,,,
TXN007962,2916.62,Network Error,0.7492,RETRY_NOW,RETRY_NOW,AI recommendation approved.,0.8,True,SIMULATED,COMPLETED,2026-09-04 11:28:13,,,,,,,,,
TXN007963,1369.28,Bank Timeout,0.8331,RETRY_NOW,RETRY_NOW,AI recommendation approved.,0.78,True,SIMULATED,COMPLETED,2026-09-04 11:28:13,,,,,,,,,
TXN007966,3642.74,Network Error,0.6342,DO_NOT_RETRY,DO_NOT_RETRY,Maximum retry limit reached.,0.1,True,SIMULATED,COMPLETED,2026-09-04 11:28:13,,,,,,,,,
TXN007970,9840.26,Expired Card,0.2554,DO_NOT_RETRY,DO_NOT_RETRY,Maximum retry limit reached.,0.0,False,SIMULATED,COMPLETED,2026-09-04 11:28:13,,,,,,,,,
TXN007979,646.4,Authentication Failed,0.3797,ADDITIONAL_AUTHENTICATION,ADDITIONAL_AUTHENTICATION,Authentication must be completed before retrying.,0.7,False,SIMULATED,COMPLETED,2026-09-04 11:28:13,,,,,,,,,
TXN007980,1879.23,Bank Timeout,0.8302,RETRY_NOW,RETRY_NOW,AI recommendation approved.,0.78,True,SIMULATED,COMPLETED,2026-09-04 11:28:13,,,,,,,,,
TXN007982,3458.25,Insufficient Funds,0.6497,UPDATE_PAYMENT_METHOD,UPDATE_PAYMENT_METHOD,AI recommendation approved.,0.6,False,SIMULATED,COMPLETED,2026-09-04 11:28:13,,,,,,,,,
TXN007984,2509.78,Network Error,0.7196,RETRY_NOW,RETRY_NOW,AI recommendation approved.,0.8,True,SIMULATED,COMPLETED,2026-09-04 11:28:13,,,,,,,,,
TXN007992,2005.34,Bank Timeout,0.7648,RETRY_NOW,RETRY_NOW,AI recommendation approved.,0.78,True,SIMULATED,COMPLETED,2026-09-04 11:28:13,,,,,,,,,
TXN007995,561.4,Insufficient Funds,0.5689,UPDATE_PAYMENT_METHOD,UPDATE_PAYMENT_METHOD,AI recommendation approved.,0.6,False,SIMULATED,COMPLETED,2026-09-04 11:28:13,,,,,,,,,
TXN007996,3162.16,Bank Timeout,0.8327,DO_NOT_RETRY,DO_NOT_RETRY,Maximum retry limit reached.,0.08,False,SIMULATED,COMPLETED,2026-09-04 11:28:13,,,,,,,,,
TXN008000,3296.86,Bank Timeout,0.7709,DO_NOT_RETRY,DO_NOT_RETRY,Maximum retry limit reached.,0.08,False,SIMULATED,COMPLETED,2026-09-04 11:28:13,,,,,,,,,
TXN008002,428.64,Authentication Failed,0.4435,DO_NOT_RETRY,DO_NOT_RETRY,Maximum retry limit reached.,0.05,False,SIMULATED,COMPLETED,2026-09-04 11:28:13,,,,,,,,,
TXN008004,173.63,Insufficient Funds,0.423,DO_NOT_RETRY,DO_NOT_RETRY,Maximum retry limit reached.,0.0,False,SIMULATED,COMPLETED,2026-09-04 11:28:13,,,,,,,,,
TXN008007,373.42,Expired Card,0.1298,DO_NOT_RETRY,DO_NOT_RETRY,Maximum retry limit reached.,0.0,False,SIMULATED,COMPLETED,2026-09-04 11:28:13,,,,,,,,,
TXN008010,1836.11,Authentication Failed,0.4975,ADDITIONAL_AUTHENTICATION,ADDITIONAL_AUTHENTICATION,Authentication must be completed before retrying.,0.7,True,SIMULATED,COMPLETED,2026-09-04 11:28:13,,,,,,,,,
TXN008012,234.04,Bank Timeout,0.8197,RETRY_NOW,RETRY_NOW,AI recommendation approved.,0.78,True,SIMULATED,COMPLETED,2026-09-04 11:28:13,,,,,,,,,
TXN008013,1912.05,Expired Card,0.1052,DO_NOT_RETRY,DO_NOT_RETRY,Maximum retry limit reached.,0.0,False,SIMULATED,COMPLETED,2026-09-04 11:28:13,,,,,,,,,
TXN008015,1463.73,Expired Card,0.1859,DO_NOT_RETRY,DO_NOT_RETRY,Maximum retry limit reached.,0.0,False,SIMULATED,COMPLETED,2026-09-04 11:28:13,,,,,,,,,
TXN008024,1241.05,Bank Timeout,0.7249,DO_NOT_RETRY,DO_NOT_RETRY,Maximum retry limit reached.,0.08,False,SIMULATED,COMPLETED,2026-09-04 11:28:13,,,,,,,,,
TXN008025,1454.04,Expired Card,0.235,UPDATE_PAYMENT_METHOD,UPDATE_PAYMENT_METHOD,Expired card requires a new payment method.,0.4,False,SIMULATED,COMPLETED,2026-09-04 11:28:13,,,,,,,,,
TXN008029,2037.85,Insufficient Funds,0.4298,DO_NOT_RETRY,DO_NOT_RETRY,Maximum retry limit reached.,0.0,False,SIMULATED,COMPLETED,2026-09-04 11:28:13,,,,,,,,,
TXN008030,1205.15,Network Error,0.6283,DO_NOT_RETRY,DO_NOT_RETRY,Maximum retry limit reached.,0.1,False,SIMULATED,COMPLETED,2026-09-04 11:28:13,,,,,,,,,
TXN008032,1215.21,Insufficient Funds,0.5252,DO_NOT_RETRY,DO_NOT_RETRY,Maximum retry limit reached.,0.0,False,SIMULATED,COMPLETED,2026-09-04 11:28:13,,,,,,,,,
TXN008039,360.04,Expired Card,0.0714,DO_NOT_RETRY,DO_NOT_RETRY,Maximum retry limit reached.,0.0,False,SIMULATED,COMPLETED,2026-09-04 11:28:13,,,,,,,,,
TXN008052,499.12,Insufficient Funds,0.5327,UPDATE_PAYMENT_METHOD,UPDATE_PAYMENT_METHOD,AI recommendation approved.,0.6,True,SIMULATED,COMPLETED,2026-09-04 11:28:13,,,,,,,,,
TXN008063,1875.37,Insufficient Funds,0.5481,UPDATE_PAYMENT_METHOD,UPDATE_PAYMENT_METHOD,AI recommendation approved.,0.6,True,SIMULATED,COMPLETED,2026-09-04 11:28:13,,,,,,,,,
TXN008068,2102.65,Bank Timeout,0.8759,RETRY_NOW,RETRY_NOW,AI recommendation approved.,0.78,True,SIMULATED,COMPLETED,2026-09-04 11:28:13,,,,,,,,,
TXN008073,1847.52,Expired Card,0.3183,UPDATE_PAYMENT_METHOD,UPDATE_PAYMENT_METHOD,Expired card requires a new payment method.,0.4,True,SIMULATED,COMPLETED,2026-09-04 11:28:13,,,,,,,,,
TXN008075,2105.38,Authentication Failed,0.4963,DO_NOT_RETRY,DO_NOT_RETRY,Maximum retry limit reached.,0.05,False,SIMULATED,COMPLETED,2026-09-04 11:28:13,,,,,,,,,
TXN008078,1049.89,Network Error,0.8298,RETRY_NOW,RETRY_NOW,AI recommendation approved.,0.8,True,SIMULATED,COMPLETED,2026-09-04 11:28:13,,,,,,,,,
TXN008084,1033.55,Insufficient Funds,0.3722,DO_NOT_RETRY,DO_NOT_RETRY,Maximum retry limit reached.,0.0,False,SIMULATED,COMPLETED,2026-09-04 11:28:13,,,,,,,,,
TXN008085,1425.23,Insufficient Funds,0.6914,UPDATE_PAYMENT_METHOD,UPDATE_PAYMENT_METHOD,AI recommendation approved.,0.6,False,SIMULATED,COMPLETED,2026-09-04 11:28:13,,,,,,,,,
TXN008086,387.69,Authentication Failed,0.4976,DO_NOT_RETRY,DO_NOT_RETRY,Maximum retry limit reached.,0.05,False,SIMULATED,COMPLETED,2026-09-04 11:28:13,,,,,,,,,
TXN008088,2249.22,Bank Timeout,0.8521,RETRY_NOW,RETRY_NOW,AI recommendation approved.,0.78,True,SIMULATED,COMPLETED,2026-09-04 11:28:13,,,,,,,,,
TXN008093,1508.84,Insufficient Funds,0.566,UPDATE_PAYMENT_METHOD,UPDATE_PAYMENT_METHOD,AI recommendation approved.,0.6,False,SIMULATED,COMPLETED,2026-09-04 11:28:13,,,,,,,,,
TXN008097,938.59,Network Error,0.783,RETRY_NOW,RETRY_NOW,AI recommendation approved.,0.8,True,SIMULATED,COMPLETED,2026-09-04 11:28:13,,,,,,,,,
TXN008103,1981.83,Insufficient Funds,0.5889,UPDATE_PAYMENT_METHOD,UPDATE_PAYMENT_METHOD,AI recommendation approved.,0.6,False,SIMULATED,COMPLETED,2026-09-04 11:28:13,,,,,,,,,
TXN008112,678.79,Authentication Failed,0.478,ADDITIONAL_AUTHENTICATION,ADDITIONAL_AUTHENTICATION,Authentication must be completed before retrying.,0.7,False,SIMULATED,COMPLETED,2026-09-04 11:28:13,,,,,,,,,
TXN008114,2204.6,Bank Timeout,0.8682,DO_NOT_RETRY,DO_NOT_RETRY,Maximum retry limit reached.,0.08,False,SIMULATED,COMPLETED,2026-09-04 11:28:13,,,,,,,,,
TXN008115,976.88,Expired Card,0.3125,UPDATE_PAYMENT_METHOD,UPDATE_PAYMENT_METHOD,Expired card requires a new payment method.,0.4,False,SIMULATED,COMPLETED,2026-09-04 11:28:13,,,,,,,,,
TXN008116,1717.58,Expired Card,0.1148,DO_NOT_RETRY,DO_NOT_RETRY,Maximum retry limit reached.,0.0,False,SIMULATED,COMPLETED,2026-09-04 11:28:13,,,,,,,,,
TXN008118,1240.01,Network Error,0.5943,DO_NOT_RETRY,DO_NOT_RETRY,Maximum retry limit reached.,0.1,False,SIMULATED,COMPLETED,2026-09-04 11:28:13,,,,,,,,,
TXN008129,756.92,Expired Card,0.1566,UPDATE_PAYMENT_METHOD,UPDATE_PAYMENT_METHOD,Expired card requires a new payment method.,0.4,False,SIMULATED,COMPLETED,2026-09-04 11:28:13,,,,,,,,,
TXN008130,380.77,Authentication Failed,0.3246,DO_NOT_RETRY,DO_NOT_RETRY,Maximum retry limit reached.,0.05,False,SIMULATED,COMPLETED,2026-09-04 11:28:13,,,,,,,,,
TXN008131,452.17,Bank Timeout,0.57,DO_NOT_RETRY,DO_NOT_RETRY,Maximum retry limit reached.,0.08,False,SIMULATED,COMPLETED,2026-09-04 11:28:13,,,,,,,,,
TXN008137,547.74,Authentication Failed,0.4206,DO_NOT_RETRY,DO_NOT_RETRY,Maximum retry limit reached.,0.05,False,SIMULATED,COMPLETED,2026-09-04 11:28:13,,,,,,,,,
TXN008138,833.72,Expired Card,0.1553,UPDATE_PAYMENT_METHOD,UPDATE_PAYMENT_METHOD,Expired card requires a new payment method.,0.4,True,SIMULATED,COMPLETED,2026-09-04 11:28:13,,,,,,,,,
TXN008139,1018.8,Expired Card,0.1495,DO_NOT_RETRY,DO_NOT_RETRY,Maximum retry limit reached.,0.0,False,SIMULATED,COMPLETED,2026-09-04 11:28:13,,,,,,,,,
TXN008144,777.55,Expired Card,0.1231,DO_NOT_RETRY,DO_NOT_RETRY,Maximum retry limit reached.,0.0,False,SIMULATED,COMPLETED,2026-09-04 11:28:13,,,,,,,,,
TXN008148,1252.93,Authentication Failed,0.4286,DO_NOT_RETRY,DO_NOT_RETRY,Maximum retry limit reached.,0.05,False,SIMULATED,COMPLETED,2026-09-04 11:28:13,,,,,,,,,
TXN008149,2014.01,Network Error,0.5327,DO_NOT_RETRY,DO_NOT_RETRY,Maximum retry limit reached.,0.1,False,SIMULATED,COMPLETED,2026-09-04 11:28:13,,,,,,,,,
TXN008150,908.01,Authentication Failed,0.4823,ADDITIONAL_AUTHENTICATION,ADDITIONAL_AUTHENTICATION,Authentication must be completed before retrying.,0.7,True,SIMULATED,COMPLETED,2026-09-04 11:28:13,,,,,,,,,
TXN008151,1946.96,Bank Timeout,0.7896,DO_NOT_RETRY,DO_NOT_RETRY,Maximum retry limit reached.,0.08,False,SIMULATED,COMPLETED,2026-09-04 11:28:13,,,,,,,,,
TXN008152,495.81,Authentication Failed,0.405,DO_NOT_RETRY,DO_NOT_RETRY,Maximum retry limit reached.,0.05,False,SIMULATED,COMPLETED,2026-09-04 11:28:13,,,,,,,,,
TXN008157,2949.76,Bank Timeout,0.6122,DO_NOT_RETRY,DO_NOT_RETRY,Maximum retry limit reached.,0.08,False,SIMULATED,COMPLETED,2026-09-04 11:28:13,,,,,,,,,
TXN008158,3789.78,Network Error,0.7064,RETRY_NOW,RETRY_NOW,AI recommendation approved.,0.8,True,SIMULATED,COMPLETED,2026-09-04 11:28:13,,,,,,,,,
TXN008161,1142.52,Bank Timeout,0.729,RETRY_NOW,RETRY_NOW,AI recommendation approved.,0.78,False,SIMULATED,COMPLETED,2026-09-04 11:28:13,,,,,,,,,
TXN008164,377.74,Insufficient Funds,0.5641,UPDATE_PAYMENT_METHOD,UPDATE_PAYMENT_METHOD,AI recommendation approved.,0.6,True,SIMULATED,COMPLETED,2026-09-04 11:28:13,,,,,,,,,
TXN008174,582.32,Expired Card,0.0922,DO_NOT_RETRY,DO_NOT_RETRY,Maximum retry limit reached.,0.0,False,SIMULATED,COMPLETED,2026-09-04 11:28:13,,,,,,,,,
TXN008175,559.31,Expired Card,0.2253,DO_NOT_RETRY,DO_NOT_RETRY,Maximum retry limit reached.,0.0,False,SIMULATED,COMPLETED,2026-09-04 11:28:13,,,,,,,,,
TXN008176,2893.11,Bank Timeout,0.8104,RETRY_NOW,RETRY_NOW,AI recommendation approved.,0.78,True,SIMULATED,COMPLETED,2026-09-04 11:28:13,,,,,,,,,
TXN008178,4161.59,Authentication Failed,0.3572,DO_NOT_RETRY,DO_NOT_RETRY,Maximum retry limit reached.,0.05,False,SIMULATED,COMPLETED,2026-09-04 11:28:13,,,,,,,,,
TXN008179,1820.09,Network Error,0.7883,RETRY_NOW,RETRY_NOW,AI recommendation approved.,0.8,True,SIMULATED,COMPLETED,2026-09-04 11:28:13,,,,,,,,,
TXN008180,1201.6,Network Error,0.7379,DO_NOT_RETRY,DO_NOT_RETRY,Maximum retry limit reached.,0.1,False,SIMULATED,COMPLETED,2026-09-04 11:28:13,,,,,,,,,
TXN008190,679.69,Authentication Failed,0.4542,DO_NOT_RETRY,DO_NOT_RETRY,Maximum retry limit reached.,0.05,False,SIMULATED,COMPLETED,2026-09-04 11:28:13,,,,,,,,,
TXN008193,253.11,Authentication Failed,0.5918,DO_NOT_RETRY,DO_NOT_RETRY,Maximum retry limit reached.,0.05,False,SIMULATED,COMPLETED,2026-09-04 11:28:13,,,,,,,,,
TXN008199,1011.64,Expired Card,0.1474,UPDATE_PAYMENT_METHOD,UPDATE_PAYMENT_METHOD,Expired card requires a new payment method.,0.4,True,SIMULATED,COMPLETED,2026-09-04 11:28:13,,,,,,,,,
TXN008205,1060.82,Insufficient Funds,0.6276,UPDATE_PAYMENT_METHOD,UPDATE_PAYMENT_METHOD,AI recommendation approved.,0.6,True,SIMULATED,COMPLETED,2026-09-04 11:28:13,,,,,,,,,
TXN008207,462.11,Insufficient Funds,0.5677,DO_NOT_RETRY,DO_NOT_RETRY,Maximum retry limit reached.,0.0,False,SIMULATED,COMPLETED,2026-09-04 11:28:13,,,,,,,,,
TXN008208,3400.9,Bank Timeout,0.8196,RETRY_NOW,RETRY_NOW,AI recommendation approved.,0.78,True,SIMULATED,COMPLETED,2026-09-04 11:28:13,,,,,,,,,
TXN008209,1492.16,Bank Timeout,0.8271,DO_NOT_RETRY,DO_NOT_RETRY,Maximum retry limit reached.,0.08,False,SIMULATED,COMPLETED,2026-09-04 11:28:13,,,,,,,,,
TXN008210,489.99,Authentication Failed,0.422,DO_NOT_RETRY,DO_NOT_RETRY,Maximum retry limit reached.,0.05,False,SIMULATED,COMPLETED,2026-09-04 11:28:13,,,,,,,,,
TXN008214,631.4,Bank Timeout,0.5979,RETRY_LATER,RETRY_LATER,AI recommendation approved.,0.83,True,SIMULATED,COMPLETED,2026-09-04 11:28:13,,,,,,,,,
TXN008217,485.45,Network Error,0.7448,RETRY_NOW,RETRY_NOW,AI recommendation approved.,0.8,True,SIMULATED,COMPLETED,2026-09-04 11:28:13,,,,,,,,,
TXN008218,674.27,Bank Timeout,0.6259,DO_NOT_RETRY,DO_NOT_RETRY,Maximum retry limit reached.,0.08,False,SIMULATED,COMPLETED,2026-09-04 11:28:13,,,,,,,,,
TXN008225,2271.72,Bank Timeout,0.8357,DO_NOT_RETRY,DO_NOT_RETRY,Maximum retry limit reached.,0.08,False,SIMULATED,COMPLETED,2026-09-04 11:28:13,,,,,,,,,
TXN008236,947.26,Authentication Failed,0.4773,ADDITIONAL_AUTHENTICATION,ADDITIONAL_AUTHENTICATION,Authentication must be completed before retrying.,0.7,False,SIMULATED,COMPLETED,2026-09-04 11:28:13,,,,,,,,,
TXN008239,541.32,Authentication Failed,0.3496,DO_NOT_RETRY,DO_NOT_RETRY,Maximum retry limit reached.,0.05,False,SIMULATED,COMPLETED,2026-09-04 11:28:13,,,,,,,,,
TXN008244,1301.26,Network Error,0.8017,RETRY_NOW,RETRY_NOW,AI recommendation approved.,0.8,False,SIMULATED,COMPLETED,2026-09-04 11:28:13,,,,,,,,,
TXN008246,2527.91,Network Error,0.5821,DO_NOT_RETRY,DO_NOT_RETRY,Maximum retry limit reached.,0.1,False,SIMULATED,COMPLETED,2026-09-04 11:28:13,,,,,,,,,
TXN008247,688.83,Expired Card,0.149,UPDATE_PAYMENT_METHOD,UPDATE_PAYMENT_METHOD,Expired card requires a new payment method.,0.4,False,SIMULATED,COMPLETED,2026-09-04 11:28:13,,,,,,,,,
TXN008251,6920.81,Network Error,0.699,RETRY_LATER,RETRY_LATER,AI recommendation approved.,0.85,True,SIMULATED,COMPLETED,2026-09-04 11:28:13,,,,,,,,,
TXN008261,2656.18,Expired Card,0.197,UPDATE_PAYMENT_METHOD,UPDATE_PAYMENT_METHOD,Expired card requires a new payment method.,0.4,True,SIMULATED,COMPLETED,2026-09-04 11:28:13,,,,,,,,,
TXN008265,648.2,Authentication Failed,0.3987,DO_NOT_RETRY,DO_NOT_RETRY,Maximum retry limit reached.,0.05,False,SIMULATED,COMPLETED,2026-09-04 11:28:13,,,,,,,,,
TXN008268,533.3,Authentication Failed,0.4543,ADDITIONAL_AUTHENTICATION,ADDITIONAL_AUTHENTICATION,Authentication must be completed before retrying.,0.7,True,SIMULATED,COMPLETED,2026-09-04 11:28:13,,,,,,,,,
TXN008269,952.91,Bank Timeout,0.7153,DO_NOT_RETRY,DO_NOT_RETRY,Maximum retry limit reached.,0.08,False,SIMULATED,COMPLETED,2026-09-04 11:28:13,,,,,,,,,
TXN008271,1187.43,Expired Card,0.1526,UPDATE_PAYMENT_METHOD,UPDATE_PAYMENT_METHOD,Expired card requires a new payment method.,0.4,False,SIMULATED,COMPLETED,2026-09-04 11:28:13,,,,,,,,,
TXN008275,3313.84,Network Error,0.635,DO_NOT_RETRY,DO_NOT_RETRY,Maximum retry limit reached.,0.1,False,SIMULATED,COMPLETED,2026-09-04 11:28:13,,,,,,,,,
TXN008280,1061.06,Expired Card,0.2301,DO_NOT_RETRY,DO_NOT_RETRY,Maximum retry limit reached.,0.0,False,SIMULATED,COMPLETED,2026-09-04 11:28:13,,,,,,,,,
TXN008282,978.14,Expired Card,0.3764,UPDATE_PAYMENT_METHOD,UPDATE_PAYMENT_METHOD,Expired card requires a new payment method.,0.4,False,SIMULATED,COMPLETED,2026-09-04 11:28:13,,,,,,,,,
TXN008283,1569.39,Bank Timeout,0.8302,RETRY_NOW,RETRY_NOW,AI recommendation approved.,0.78,True,SIMULATED,COMPLETED,2026-09-04 11:28:13,,,,,,,,,
TXN008285,1732.37,Network Error,0.8107,RETRY_NOW,RETRY_NOW,AI recommendation approved.,0.8,False,SIMULATED,COMPLETED,2026-09-04 11:28:13,,,,,,,,,
TXN008291,436.03,Insufficient Funds,0.4502,DO_NOT_RETRY,DO_NOT_RETRY,Maximum retry limit reached.,0.0,False,SIMULATED,COMPLETED,2026-09-04 11:28:13,,,,,,,,,
TXN008294,1581.17,Insufficient Funds,0.6534,UPDATE_PAYMENT_METHOD,UPDATE_PAYMENT_METHOD,AI recommendation approved.,0.6,True,SIMULATED,COMPLETED,2026-09-04 11:28:13,,,,,,,,,
TXN008297,4417.5,Network Error,0.7297,RETRY_NOW,RETRY_NOW,AI recommendation approved.,0.8,True,SIMULATED,COMPLETED,2026-09-04 11:28:13,,,,,,,,,
TXN008298,1653.88,Network Error,0.806,RETRY_NOW,RETRY_NOW,AI recommendation approved.,0.8,True,SIMULATED,COMPLETED,2026-09-04 11:28:13,,,,,,,,,
TXN008302,1182.12,Insufficient Funds,0.3907,DO_NOT_RETRY,DO_NOT_RETRY,Maximum retry limit reached.,0.0,False,SIMULATED,COMPLETED,2026-09-04 11:28:13,,,,,,,,,
TXN008307,2226.6,Expired Card,0.0971,DO_NOT_RETRY,DO_NOT_RETRY,Maximum retry limit reached.,0.0,False,SIMULATED,COMPLETED,2026-09-04 11:28:13,,,,,,,,,
TXN008311,771.76,Network Error,0.5003,DO_NOT_RETRY,DO_NOT_RETRY,Maximum retry limit reached.,0.1,False,SIMULATED,COMPLETED,2026-09-04 11:28:13,,,,,,,,,
TXN008312,427.47,Insufficient Funds,0.5724,DO_NOT_RETRY,DO_NOT_RETRY,Maximum retry limit reached.,0.0,False,SIMULATED,COMPLETED,2026-09-04 11:28:13,,,,,,,,,
TXN008315,656.62,Authentication Failed,0.5118,ADDITIONAL_AUTHENTICATION,ADDITIONAL_AUTHENTICATION,Authentication must be completed before retrying.,0.7,True,SIMULATED,COMPLETED,2026-09-04 11:28:13,,,,,,,,,
TXN008318,2635.06,Network Error,0.6962,DO_NOT_RETRY,DO_NOT_RETRY,Maximum retry limit reached.,0.1,False,SIMULATED,COMPLETED,2026-09-04 11:28:13,,,,,,,,,
TXN008319,627.58,Expired Card,0.0914,DO_NOT_RETRY,DO_NOT_RETRY,Maximum retry limit reached.,0.0,False,SIMULATED,COMPLETED,2026-09-04 11:28:13,,,,,,,,,
TXN008320,1090.54,Expired Card,0.4416,UPDATE_PAYMENT_METHOD,UPDATE_PAYMENT_METHOD,Expired card requires a new payment method.,0.4,False,SIMULATED,COMPLETED,2026-09-04 11:28:13,,,,,,,,,
TXN008321,936.71,Expired Card,0.1514,UPDATE_PAYMENT_METHOD,UPDATE_PAYMENT_METHOD,Expired card requires a new payment method.,0.4,False,SIMULATED,COMPLETED,2026-09-04 11:28:13,,,,,,,,,
TXN008324,766.34,Network Error,0.638,DO_NOT_RETRY,DO_NOT_RETRY,Maximum retry limit reached.,0.1,False,SIMULATED,COMPLETED,2026-09-04 11:28:13,,,,,,,,,
TXN008325,759.33,Bank Timeout,0.7787,RETRY_NOW,RETRY_NOW,AI recommendation approved.,0.78,True,SIMULATED,COMPLETED,2026-09-04 11:28:13,,,,,,,,,
TXN008331,259.25,Authentication Failed,0.4947,ADDITIONAL_AUTHENTICATION,ADDITIONAL_AUTHENTICATION,Authentication must be completed before retrying.,0.7,True,SIMULATED,COMPLETED,2026-09-04 11:28:13,,,,,,,,,
TXN008332,7114.78,Expired Card,0.1935,UPDATE_PAYMENT_METHOD,UPDATE_PAYMENT_METHOD,Expired card requires a new payment method.,0.4,False,SIMULATED,COMPLETED,2026-09-04 11:28:13,,,,,,,,,
TXN008335,410.25,Bank Timeout,0.5914,DO_NOT_RETRY,DO_NOT_RETRY,Maximum retry limit reached.,0.08,False,SIMULATED,COMPLETED,2026-09-04 11:28:13,,,,,,,,,
TXN008338,4613.93,Insufficient Funds,0.6873,UPDATE_PAYMENT_METHOD,UPDATE_PAYMENT_METHOD,AI recommendation approved.,0.6,True,SIMULATED,COMPLETED,2026-09-04 11:28:13,,,,,,,,,
TXN008343,2069.94,Authentication Failed,0.5659,ADDITIONAL_AUTHENTICATION,ADDITIONAL_AUTHENTICATION,Authentication must be completed before retrying.,0.7,False,SIMULATED,COMPLETED,2026-09-04 11:28:13,,,,,,,,,
TXN008345,1393.15,Expired Card,0.2435,DO_NOT_RETRY,DO_NOT_RETRY,Maximum retry limit reached.,0.0,False,SIMULATED,COMPLETED,2026-09-04 11:28:13,,,,,,,,,
TXN008347,608.33,Authentication Failed,0.2781,DO_NOT_RETRY,DO_NOT_RETRY,Maximum retry limit reached.,0.05,False,SIMULATED,COMPLETED,2026-09-04 11:28:13,,,,,,,,,
TXN008349,1725.81,Authentication Failed,0.4671,ADDITIONAL_AUTHENTICATION,ADDITIONAL_AUTHENTICATION,Authentication must be completed before retrying.,0.7,True,SIMULATED,COMPLETED,2026-09-04 11:28:13,,,,,,,,,
TXN008351,1031.9,Expired Card,0.4112,UPDATE_PAYMENT_METHOD,UPDATE_PAYMENT_METHOD,Expired card requires a new payment method.,0.4,False,SIMULATED,COMPLETED,2026-09-04 11:28:13,,,,,,,,,
TXN008357,603.89,Network Error,0.666,DO_NOT_RETRY,DO_NOT_RETRY,Maximum retry limit reached.,0.1,False,SIMULATED,COMPLETED,2026-09-04 11:28:13,,,,,,,,,
TXN008358,1322.73,Authentication Failed,0.5548,ADDITIONAL_AUTHENTICATION,ADDITIONAL_AUTHENTICATION,Authentication must be completed before retrying.,0.7,True,SIMULATED,COMPLETED,2026-09-04 11:28:13,,,,,,,,,
TXN008360,674.57,Network Error,0.652,DO_NOT_RETRY,DO_NOT_RETRY,Maximum retry limit reached.,0.1,False,SIMULATED,COMPLETED,2026-09-04 11:28:13,,,,,,,,,
TXN008363,567.43,Authentication Failed,0.4354,DO_NOT_RETRY,DO_NOT_RETRY,Maximum retry limit reached.,0.05,False,SIMULATED,COMPLETED,2026-09-04 11:28:13,,,,,,,,,
TXN008364,3454.54,Bank Timeout,0.6918,DO_NOT_RETRY,DO_NOT_RETRY,Maximum retry limit reached.,0.08,False,SIMULATED,COMPLETED,2026-09-04 11:28:13,,,,,,,,,
TXN008366,275.19,Network Error,0.476,DO_NOT_RETRY,DO_NOT_RETRY,Maximum retry limit reached.,0.1,False,SIMULATED,COMPLETED,2026-09-04 11:28:13,,,,,,,,,
TXN008367,510.8,Authentication Failed,0.44,ADDITIONAL_AUTHENTICATION,ADDITIONAL_AUTHENTICATION,Authentication must be completed before retrying.,0.7,True,SIMULATED,COMPLETED,2026-09-04 11:28:13,,,,,,,,,
TXN008369,1207.36,Network Error,0.6309,DO_NOT_RETRY,DO_NOT_RETRY,Maximum retry limit reached.,0.1,False,SIMULATED,COMPLETED,2026-09-04 11:28:13,,,,,,,,,
TXN008370,1061.15,Authentication Failed,0.441,ADDITIONAL_AUTHENTICATION,ADDITIONAL_AUTHENTICATION,Authentication must be completed before retrying.,0.7,False,SIMULATED,COMPLETED,2026-09-04 11:28:13,,,,,,,,,
TXN008371,424.01,Insufficient Funds,0.4439,DO_NOT_RETRY,DO_NOT_RETRY,Maximum retry limit reached.,0.0,False,SIMULATED,COMPLETED,2026-09-04 11:28:13,,,,,,,,,
TXN008374,1155.0,Insufficient Funds,0.6555,UPDATE_PAYMENT_METHOD,UPDATE_PAYMENT_METHOD,AI recommendation approved.,0.6,True,SIMULATED,COMPLETED,2026-09-04 11:28:13,,,,,,,,,
TXN008377,2115.66,Authentication Failed,0.4596,DO_NOT_RETRY,DO_NOT_RETRY,Maximum retry limit reached.,0.05,False,SIMULATED,COMPLETED,2026-09-04 11:28:13,,,,,,,,,
TXN008379,224.82,Authentication Failed,0.4832,DO_NOT_RETRY,DO_NOT_RETRY,Maximum retry limit reached.,0.05,False,SIMULATED,COMPLETED,2026-09-04 11:28:13,,,,,,,,,
TXN008387,390.02,Network Error,0.5849,DO_NOT_RETRY,DO_NOT_RETRY,Maximum retry limit reached.,0.1,False,SIMULATED,COMPLETED,2026-09-04 11:28:13,,,,,,,,,
TXN008388,2592.7,Bank Timeout,0.7985,RETRY_NOW,RETRY_NOW,AI recommendation approved.,0.78,True,SIMULATED,COMPLETED,2026-09-04 11:28:13,,,,,,,,,
TXN008389,784.86,Authentication Failed,0.4844,ADDITIONAL_AUTHENTICATION,ADDITIONAL_AUTHENTICATION,Authentication must be completed before retrying.,0.7,False,SIMULATED,COMPLETED,2026-09-04 11:28:13,,,,,,,,,
TXN008390,152.07,Expired Card,0.1323,DO_NOT_RETRY,DO_NOT_RETRY,Maximum retry limit reached.,0.0,False,SIMULATED,COMPLETED,2026-09-04 11:28:13,,,,,,,,,
TXN008391,833.12,Insufficient Funds,0.6951,UPDATE_PAYMENT_METHOD,UPDATE_PAYMENT_METHOD,AI recommendation approved.,0.6,True,SIMULATED,COMPLETED,2026-09-04 11:28:13,,,,,,,,,
TXN008392,796.86,Insufficient Funds,0.5683,UPDATE_PAYMENT_METHOD,UPDATE_PAYMENT_METHOD,AI recommendation approved.,0.6,True,SIMULATED,COMPLETED,2026-09-04 11:28:13,,,,,,,,,
TXN008394,1871.68,Insufficient Funds,0.5762,DO_NOT_RETRY,DO_NOT_RETRY,Maximum retry limit reached.,0.0,False,SIMULATED,COMPLETED,2026-09-04 11:28:13,,,,,,,,,
TXN008399,503.36,Network Error,0.7024,DO_NOT_RETRY,DO_NOT_RETRY,Maximum retry limit reached.,0.1,False,SIMULATED,COMPLETED,2026-09-04 11:28:13,,,,,,,,,
TXN008400,2578.94,Network Error,0.6207,DO_NOT_RETRY,DO_NOT_RETRY,Maximum retry limit reached.,0.1,False,SIMULATED,COMPLETED,2026-09-04 11:28:13,,,,,,,,,
TXN008402,1565.68,Authentication Failed,0.5028,DO_NOT_RETRY,DO_NOT_RETRY,Maximum retry limit reached.,0.05,False,SIMULATED,COMPLETED,2026-09-04 11:28:13,,,,,,,,,
TXN008407,470.17,Insufficient Funds,0.4695,DO_NOT_RETRY,DO_NOT_RETRY,Maximum retry limit reached.,0.0,False,SIMULATED,COMPLETED,2026-09-04 11:28:13,,,,,,,,,
TXN008409,369.65,Insufficient Funds,0.4583,UPDATE_PAYMENT_METHOD,UPDATE_PAYMENT_METHOD,AI recommendation approved.,0.6,True,SIMULATED,COMPLETED,2026-09-04 11:28:13,,,,,,,,,
TXN008416,1407.47,Expired Card,0.2392,UPDATE_PAYMENT_METHOD,UPDATE_PAYMENT_METHOD,Expired card requires a new payment method.,0.4,True,SIMULATED,COMPLETED,2026-09-04 11:28:13,,,,,,,,,
TXN008418,2153.19,Network Error,0.6446,DO_NOT_RETRY,DO_NOT_RETRY,Maximum retry limit reached.,0.1,False,SIMULATED,COMPLETED,2026-09-04 11:28:13,,,,,,,,,
TXN008432,632.79,Bank Timeout,0.7926,RETRY_NOW,RETRY_NOW,AI recommendation approved.,0.78,False,SIMULATED,COMPLETED,2026-09-04 11:28:13,,,,,,,,,
TXN008433,1110.14,Expired Card,0.1306,DO_NOT_RETRY,DO_NOT_RETRY,Maximum retry limit reached.,0.0,False,SIMULATED,COMPLETED,2026-09-04 11:28:13,,,,,,,,,
TXN008435,731.93,Insufficient Funds,0.3958,DO_NOT_RETRY,DO_NOT_RETRY,Maximum retry limit reached.,0.0,False,SIMULATED,COMPLETED,2026-09-04 11:28:13,,,,,,,,,
TXN008442,813.7,Expired Card,0.3526,UPDATE_PAYMENT_METHOD,UPDATE_PAYMENT_METHOD,Expired card requires a new payment method.,0.4,False,SIMULATED,COMPLETED,2026-09-04 11:28:13,,,,,,,,,
TXN008445,1869.79,Bank Timeout,0.8577,RETRY_NOW,RETRY_NOW,AI recommendation approved.,0.78,False,SIMULATED,COMPLETED,2026-09-04 11:28:13,,,,,,,,,
TXN008450,894.46,Network Error,0.7559,RETRY_NOW,RETRY_NOW,AI recommendation approved.,0.8,True,SIMULATED,COMPLETED,2026-09-04 11:28:13,,,,,,,,,
TXN008452,572.65,Network Error,0.7776,RETRY_NOW,RETRY_NOW,AI recommendation approved.,0.8,True,SIMULATED,COMPLETED,2026-09-04 11:28:13,,,,,,,,,
TXN008459,536.53,Authentication Failed,0.4329,DO_NOT_RETRY,DO_NOT_RETRY,Maximum retry limit reached.,0.05,False,SIMULATED,COMPLETED,2026-09-04 11:28:13,,,,,,,,,
TXN008460,922.45,Authentication Failed,0.5103,ADDITIONAL_AUTHENTICATION,ADDITIONAL_AUTHENTICATION,Authentication must be completed before retrying.,0.7,True,SIMULATED,COMPLETED,2026-09-04 11:28:13,,,,,,,,,
TXN008465,1837.14,Expired Card,0.2599,UPDATE_PAYMENT_METHOD,UPDATE_PAYMENT_METHOD,Expired card requires a new payment method.,0.4,True,SIMULATED,COMPLETED,2026-09-04 11:28:13,,,,,,,,,
TXN008467,508.08,Expired Card,0.1568,DO_NOT_RETRY,DO_NOT_RETRY,Maximum retry limit reached.,0.0,False,SIMULATED,COMPLETED,2026-09-04 11:28:13,,,,,,,,,
TXN008472,1297.31,Network Error,0.5805,DO_NOT_RETRY,DO_NOT_RETRY,Maximum retry limit reached.,0.1,False,SIMULATED,COMPLETED,2026-09-04 11:28:13,,,,,,,,,
TXN008479,1846.71,Insufficient Funds,0.4065,DO_NOT_RETRY,DO_NOT_RETRY,Maximum retry limit reached.,0.0,False,SIMULATED,COMPLETED,2026-09-04 11:28:13,,,,,,,,,
TXN008480,2361.72,Expired Card,0.1745,UPDATE_PAYMENT_METHOD,UPDATE_PAYMENT_METHOD,Expired card requires a new payment method.,0.4,False,SIMULATED,COMPLETED,2026-09-04 11:28:13,,,,,,,,,
TXN008481,915.19,Expired Card,0.3994,UPDATE_PAYMENT_METHOD,UPDATE_PAYMENT_METHOD,Expired card requires a new payment method.,0.4,False,SIMULATED,COMPLETED,2026-09-04 11:28:13,,,,,,,,,
TXN008490,935.55,Network Error,0.6926,DO_NOT_RETRY,DO_NOT_RETRY,Maximum retry limit reached.,0.1,False,SIMULATED,COMPLETED,2026-09-04 11:28:13,,,,,,,,,
TXN008492,454.85,Network Error,0.7656,RETRY_NOW,RETRY_NOW,AI recommendation approved.,0.8,True,SIMULATED,COMPLETED,2026-09-04 11:28:13,,,,,,,,,
TXN008495,2402.04,Network Error,0.6122,DO_NOT_RETRY,DO_NOT_RETRY,Maximum retry limit reached.,0.1,False,SIMULATED,COMPLETED,2026-09-04 11:28:13,,,,,,,,,
TXN008499,1293.69,Expired Card,0.2653,UPDATE_PAYMENT_METHOD,UPDATE_PAYMENT_METHOD,Expired card requires a new payment method.,0.4,False,SIMULATED,COMPLETED,2026-09-04 11:28:13,,,,,,,,,
TXN008500,1033.45,Bank Timeout,0.8248,DO_NOT_RETRY,DO_NOT_RETRY,Maximum retry limit reached.,0.08,False,SIMULATED,COMPLETED,2026-09-04 11:28:13,,,,,,,,,
TXN008501,2367.26,Insufficient Funds,0.5304,DO_NOT_RETRY,DO_NOT_RETRY,Maximum retry limit reached.,0.0,False,SIMULATED,COMPLETED,2026-09-04 11:28:13,,,,,,,,,
TXN008502,334.11,Insufficient Funds,0.4072,DO_NOT_RETRY,DO_NOT_RETRY,Maximum retry limit reached.,0.0,False,SIMULATED,COMPLETED,2026-09-04 11:28:13,,,,,,,,,
TXN008503,1741.13,Authentication Failed,0.5305,DO_NOT_RETRY,DO_NOT_RETRY,Maximum retry limit reached.,0.05,False,SIMULATED,COMPLETED,2026-09-04 11:28:13,,,,,,,,,
TXN008508,1485.84,Network Error,0.6334,DO_NOT_RETRY,DO_NOT_RETRY,Maximum retry limit reached.,0.1,False,SIMULATED,COMPLETED,2026-09-04 11:28:13,,,,,,,,,
TXN008511,2385.63,Authentication Failed,0.4356,ADDITIONAL_AUTHENTICATION,ADDITIONAL_AUTHENTICATION,Authentication must be completed before retrying.,0.7,True,SIMULATED,COMPLETED,2026-09-04 11:28:13,,,,,,,,,
TXN008515,2152.85,Expired Card,0.0847,DO_NOT_RETRY,DO_NOT_RETRY,Maximum retry limit reached.,0.0,False,SIMULATED,COMPLETED,2026-09-04 11:28:13,,,,,,,,,
TXN008516,1932.04,Authentication Failed,0.4246,ADDITIONAL_AUTHENTICATION,ADDITIONAL_AUTHENTICATION,Authentication must be completed before retrying.,0.7,True,SIMULATED,COMPLETED,2026-09-04 11:28:13,,,,,,,,,
TXN008517,681.78,Network Error,0.768,RETRY_NOW,RETRY_NOW,AI recommendation approved.,0.8,True,SIMULATED,COMPLETED,2026-09-04 11:28:13,,,,,,,,,
TXN008520,2335.41,Insufficient Funds,0.6305,UPDATE_PAYMENT_METHOD,UPDATE_PAYMENT_METHOD,AI recommendation approved.,0.6,True,SIMULATED,COMPLETED,2026-09-04 11:28:13,,,,,,,,,
TXN008527,2911.59,Network Error,0.8502,RETRY_NOW,RETRY_NOW,AI recommendation approved.,0.8,True,SIMULATED,COMPLETED,2026-09-04 11:28:13,,,,,,,,,
TXN008539,3989.57,Bank Timeout,0.7511,RETRY_NOW,RETRY_NOW,AI recommendation approved.,0.78,True,SIMULATED,COMPLETED,2026-09-04 11:28:13,,,,,,,,,
TXN008540,2852.83,Insufficient Funds,0.6605,UPDATE_PAYMENT_METHOD,UPDATE_PAYMENT_METHOD,AI recommendation approved.,0.6,True,SIMULATED,COMPLETED,2026-09-04 11:28:13,,,,,,,,,
TXN008545,1637.91,Expired Card,0.3454,UPDATE_PAYMENT_METHOD,UPDATE_PAYMENT_METHOD,Expired card requires a new payment method.,0.4,True,SIMULATED,COMPLETED,2026-09-04 11:28:13,,,,,,,,,
TXN008546,2298.25,Authentication Failed,0.4813,ADDITIONAL_AUTHENTICATION,ADDITIONAL_AUTHENTICATION,Authentication must be completed before retrying.,0.7,True,SIMULATED,COMPLETED,2026-09-04 11:28:13,,,,,,,,,
TXN008552,594.96,Network Error,0.8008,RETRY_NOW,RETRY_NOW,AI recommendation approved.,0.8,True,SIMULATED,COMPLETED,2026-09-04 11:28:13,,,,,,,,,
TXN008554,307.66,Authentication Failed,0.4771,ADDITIONAL_AUTHENTICATION,ADDITIONAL_AUTHENTICATION,Authentication must be completed before retrying.,0.7,True,SIMULATED,COMPLETED,2026-09-04 11:28:13,,,,,,,,,
TXN008561,1533.2,Authentication Failed,0.3107,DO_NOT_RETRY,DO_NOT_RETRY,Maximum retry limit reached.,0.05,False,SIMULATED,COMPLETED,2026-09-04 11:28:13,,,,,,,,,
TXN008564,1365.92,Insufficient Funds,0.4312,DO_NOT_RETRY,DO_NOT_RETRY,Maximum retry limit reached.,0.0,False,SIMULATED,COMPLETED,2026-09-04 11:28:13,,,,,,,,,
TXN008573,967.79,Expired Card,0.1326,DO_NOT_RETRY,DO_NOT_RETRY,Maximum retry limit reached.,0.0,False,SIMULATED,COMPLETED,2026-09-04 11:28:13,,,,,,,,,
TXN008578,1777.82,Insufficient Funds,0.5109,DO_NOT_RETRY,DO_NOT_RETRY,Maximum retry limit reached.,0.0,False,SIMULATED,COMPLETED,2026-09-04 11:28:13,,,,,,,,,
TXN008580,721.73,Insufficient Funds,0.4503,DO_NOT_RETRY,DO_NOT_RETRY,Maximum retry limit reached.,0.0,False,SIMULATED,COMPLETED,2026-09-04 11:28:13,,,,,,,,,
TXN008583,3887.44,Bank Timeout,0.8025,RETRY_NOW,RETRY_NOW,AI recommendation approved.,0.78,True,SIMULATED,COMPLETED,2026-09-04 11:28:13,,,,,,,,,
TXN008588,598.49,Authentication Failed,0.4424,ADDITIONAL_AUTHENTICATION,ADDITIONAL_AUTHENTICATION,Authentication must be completed before retrying.,0.7,True,SIMULATED,COMPLETED,2026-09-04 11:28:13,,,,,,,,,
TXN008592,1484.87,Expired Card,0.2051,UPDATE_PAYMENT_METHOD,UPDATE_PAYMENT_METHOD,Expired card requires a new payment method.,0.4,False,SIMULATED,COMPLETED,2026-09-04 11:28:13,,,,,,,,,
TXN008593,2538.92,Insufficient Funds,0.5852,UPDATE_PAYMENT_METHOD,UPDATE_PAYMENT_METHOD,AI recommendation approved.,0.6,True,SIMULATED,COMPLETED,2026-09-04 11:28:13,,,,,,,,,
TXN008594,702.75,Network Error,0.7336,RETRY_NOW,RETRY_NOW,AI recommendation approved.,0.8,True,SIMULATED,COMPLETED,2026-09-04 11:28:13,,,,,,,,,
TXN008595,1709.25,Authentication Failed,0.4101,DO_NOT_RETRY,DO_NOT_RETRY,Maximum retry limit reached.,0.05,False,SIMULATED,COMPLETED,2026-09-04 11:28:13,,,,,,,,,
TXN008596,295.0,Expired Card,0.1231,DO_NOT_RETRY,DO_NOT_RETRY,Maximum retry limit reached.,0.0,False,SIMULATED,COMPLETED,2026-09-04 11:28:13,,,,,,,,,
TXN008598,149.1,Authentication Failed,0.4819,DO_NOT_RETRY,DO_NOT_RETRY,Maximum retry limit reached.,0.05,False,SIMULATED,COMPLETED,2026-09-04 11:28:13,,,,,,,,,
TXN008599,431.23,Bank Timeout,0.7653,RETRY_NOW,RETRY_NOW,AI recommendation approved.,0.78,True,SIMULATED,COMPLETED,2026-09-04 11:28:13,,,,,,,,,
TXN008604,3900.41,Network Error,0.7778,RETRY_NOW,RETRY_NOW,AI recommendation approved.,0.8,True,SIMULATED,COMPLETED,2026-09-04 11:28:13,,,,,,,,,
TXN008607,2021.8,Expired Card,0.3008,UPDATE_PAYMENT_METHOD,UPDATE_PAYMENT_METHOD,Expired card requires a new payment method.,0.4,False,SIMULATED,COMPLETED,2026-09-04 11:28:13,,,,,,,,,
TXN008610,259.67,Insufficient Funds,0.5055,DO_NOT_RETRY,DO_NOT_RETRY,Maximum retry limit reached.,0.0,False,SIMULATED,COMPLETED,2026-09-04 11:28:13,,,,,,,,,
TXN008612,525.07,Expired Card,0.1154,DO_NOT_RETRY,DO_NOT_RETRY,Maximum retry limit reached.,0.0,False,SIMULATED,COMPLETED,2026-09-04 11:28:13,,,,,,,,,
TXN008618,2915.99,Insufficient Funds,0.388,DO_NOT_RETRY,DO_NOT_RETRY,Maximum retry limit reached.,0.0,False,SIMULATED,COMPLETED,2026-09-04 11:28:13,,,,,,,,,
TXN008621,1818.93,Insufficient Funds,0.58,UPDATE_PAYMENT_METHOD,UPDATE_PAYMENT_METHOD,AI recommendation approved.,0.6,True,SIMULATED,COMPLETED,2026-09-04 11:28:13,,,,,,,,,
TXN008624,203.97,Expired Card,0.0763,DO_NOT_RETRY,DO_NOT_RETRY,Maximum retry limit reached.,0.0,False,SIMULATED,COMPLETED,2026-09-04 11:28:13,,,,,,,,,
TXN008626,1644.67,Expired Card,0.2334,DO_NOT_RETRY,DO_NOT_RETRY,Maximum retry limit reached.,0.0,False,SIMULATED,COMPLETED,2026-09-04 11:28:13,,,,,,,,,
TXN008627,692.4,Network Error,0.848,RETRY_NOW,RETRY_NOW,AI recommendation approved.,0.8,False,SIMULATED,COMPLETED,2026-09-04 11:28:13,,,,,,,,,
TXN008632,468.54,Network Error,0.5078,DO_NOT_RETRY,DO_NOT_RETRY,Maximum retry limit reached.,0.1,False,SIMULATED,COMPLETED,2026-09-04 11:28:13,,,,,,,,,
TXN008633,528.13,Expired Card,0.2098,DO_NOT_RETRY,DO_NOT_RETRY,Maximum retry limit reached.,0.0,False,SIMULATED,COMPLETED,2026-09-04 11:28:13,,,,,,,,,
TXN008638,997.19,Expired Card,0.2594,UPDATE_PAYMENT_METHOD,UPDATE_PAYMENT_METHOD,Expired card requires a new payment method.,0.4,False,SIMULATED,COMPLETED,2026-09-04 11:28:13,,,,,,,,,
TXN008640,907.35,Insufficient Funds,0.5923,UPDATE_PAYMENT_METHOD,UPDATE_PAYMENT_METHOD,AI recommendation approved.,0.6,True,SIMULATED,COMPLETED,2026-09-04 11:28:13,,,,,,,,,
TXN008641,2701.0,Network Error,0.6396,DO_NOT_RETRY,DO_NOT_RETRY,Maximum retry limit reached.,0.1,False,SIMULATED,COMPLETED,2026-09-04 11:28:13,,,,,,,,,
TXN008642,333.83,Network Error,0.6648,DO_NOT_RETRY,DO_NOT_RETRY,Maximum retry limit reached.,0.1,False,SIMULATED,COMPLETED,2026-09-04 11:28:13,,,,,,,,,
TXN008651,8688.88,Insufficient Funds,0.614,UPDATE_PAYMENT_METHOD,UPDATE_PAYMENT_METHOD,AI recommendation approved.,0.6,True,SIMULATED,COMPLETED,2026-09-04 11:28:13,,,,,,,,,
TXN008652,3182.76,Authentication Failed,0.4272,DO_NOT_RETRY,DO_NOT_RETRY,Maximum retry limit reached.,0.05,False,SIMULATED,COMPLETED,2026-09-04 11:28:13,,,,,,,,,
TXN008657,3282.91,Network Error,0.586,DO_NOT_RETRY,DO_NOT_RETRY,Maximum retry limit reached.,0.1,False,SIMULATED,COMPLETED,2026-09-04 11:28:13,,,,,,,,,
TXN008663,525.21,Expired Card,0.2119,UPDATE_PAYMENT_METHOD,UPDATE_PAYMENT_METHOD,Expired card requires a new payment method.,0.4,False,SIMULATED,COMPLETED,2026-09-04 11:28:13,,,,,,,,,
TXN008664,227.15,Insufficient Funds,0.4435,UPDATE_PAYMENT_METHOD,UPDATE_PAYMENT_METHOD,AI recommendation approved.,0.6,True,SIMULATED,COMPLETED,2026-09-04 11:28:13,,,,,,,,,
TXN008665,3435.96,Network Error,0.7689,RETRY_NOW,RETRY_NOW,AI recommendation approved.,0.8,True,SIMULATED,COMPLETED,2026-09-04 11:28:13,,,,,,,,,
TXN008673,2841.26,Insufficient Funds,0.608,DO_NOT_RETRY,DO_NOT_RETRY,Maximum retry limit reached.,0.0,False,SIMULATED,COMPLETED,2026-09-04 11:28:13,,,,,,,,,
TXN008676,3257.89,Insufficient Funds,0.7151,RETRY_LATER,RETRY_LATER,AI recommendation approved.,0.75,False,SIMULATED,COMPLETED,2026-09-04 11:28:13,,,,,,,,,
TXN008677,1014.69,Authentication Failed,0.4364,DO_NOT_RETRY,DO_NOT_RETRY,Maximum retry limit reached.,0.05,False,SIMULATED,COMPLETED,2026-09-04 11:28:13,,,,,,,,,
TXN008681,1120.1,Authentication Failed,0.4898,ADDITIONAL_AUTHENTICATION,ADDITIONAL_AUTHENTICATION,Authentication must be completed before retrying.,0.7,True,SIMULATED,COMPLETED,2026-09-04 11:28:13,,,,,,,,,
TXN008682,1006.24,Authentication Failed,0.4289,DO_NOT_RETRY,DO_NOT_RETRY,Maximum retry limit reached.,0.05,False,SIMULATED,COMPLETED,2026-09-04 11:28:13,,,,,,,,,
TXN008684,1163.68,Authentication Failed,0.5129,ADDITIONAL_AUTHENTICATION,ADDITIONAL_AUTHENTICATION,Authentication must be completed before retrying.,0.7,False,SIMULATED,COMPLETED,2026-09-04 11:28:13,,,,,,,,,
TXN008685,486.22,Network Error,0.7256,RETRY_NOW,RETRY_NOW,AI recommendation approved.,0.8,True,SIMULATED,COMPLETED,2026-09-04 11:28:13,,,,,,,,,
TXN008687,552.71,Bank Timeout,0.7478,DO_NOT_RETRY,DO_NOT_RETRY,Maximum retry limit reached.,0.08,False,SIMULATED,COMPLETED,2026-09-04 11:28:13,,,,,,,,,
TXN008689,474.69,Expired Card,0.0785,DO_NOT_RETRY,DO_NOT_RETRY,Maximum retry limit reached.,0.0,False,SIMULATED,COMPLETED,2026-09-04 11:28:13,,,,,,,,,
TXN008691,1810.66,Network Error,0.6759,DO_NOT_RETRY,DO_NOT_RETRY,Maximum retry limit reached.,0.1,False,SIMULATED,COMPLETED,2026-09-04 11:28:13,,,,,,,,,
TXN008693,2777.74,Network Error,0.7763,RETRY_NOW,RETRY_NOW,AI recommendation approved.,0.8,False,SIMULATED,COMPLETED,2026-09-04 11:28:13,,,,,,,,,
TXN008695,1847.72,Authentication Failed,0.4789,ADDITIONAL_AUTHENTICATION,ADDITIONAL_AUTHENTICATION,Authentication must be completed before retrying.,0.7,True,SIMULATED,COMPLETED,2026-09-04 11:28:13,,,,,,,,,
TXN008697,570.83,Authentication Failed,0.4651,ADDITIONAL_AUTHENTICATION,ADDITIONAL_AUTHENTICATION,Authentication must be completed before retrying.,0.7,True,SIMULATED,COMPLETED,2026-09-04 11:28:13,,,,,,,,,
TXN008702,1390.46,Network Error,0.6727,DO_NOT_RETRY,DO_NOT_RETRY,Maximum retry limit reached.,0.1,False,SIMULATED,COMPLETED,2026-09-04 11:28:13,,,,,,,,,
TXN008705,1618.22,Bank Timeout,0.8456,RETRY_NOW,RETRY_NOW,AI recommendation approved.,0.78,True,SIMULATED,COMPLETED,2026-09-04 11:28:13,,,,,,,,,
TXN008706,490.49,Insufficient Funds,0.604,UPDATE_PAYMENT_METHOD,UPDATE_PAYMENT_METHOD,AI recommendation approved.,0.6,False,SIMULATED,COMPLETED,2026-09-04 11:28:13,,,,,,,,,
TXN008707,572.65,Network Error,0.6273,RETRY_LATER,RETRY_LATER,AI recommendation approved.,0.85,True,SIMULATED,COMPLETED,2026-09-04 11:28:13,,,,,,,,,
TXN008708,4573.45,Bank Timeout,0.8015,RETRY_NOW,RETRY_NOW,AI recommendation approved.,0.78,False,SIMULATED,COMPLETED,2026-09-04 11:28:13,,,,,,,,,
TXN008711,100.24,Network Error,0.7588,RETRY_NOW,RETRY_NOW,AI recommendation approved.,0.8,True,SIMULATED,COMPLETED,2026-09-04 11:28:13,,,,,,,,,
TXN008713,1636.16,Insufficient Funds,0.4687,DO_NOT_RETRY,DO_NOT_RETRY,Maximum retry limit reached.,0.0,False,SIMULATED,COMPLETED,2026-09-04 11:28:13,,,,,,,,,
TXN008725,973.61,Expired Card,0.2191,UPDATE_PAYMENT_METHOD,UPDATE_PAYMENT_METHOD,Expired card requires a new payment method.,0.4,True,SIMULATED,COMPLETED,2026-09-04 11:28:13,,,,,,,,,
TXN008729,1508.69,Authentication Failed,0.4796,ADDITIONAL_AUTHENTICATION,ADDITIONAL_AUTHENTICATION,Authentication must be completed before retrying.,0.7,True,SIMULATED,COMPLETED,2026-09-04 11:28:13,,,,,,,,,
TXN008730,742.74,Insufficient Funds,0.5857,UPDATE_PAYMENT_METHOD,UPDATE_PAYMENT_METHOD,AI recommendation approved.,0.6,False,SIMULATED,COMPLETED,2026-09-04 11:28:13,,,,,,,,,
TXN008731,519.72,Network Error,0.6311,DO_NOT_RETRY,DO_NOT_RETRY,Maximum retry limit reached.,0.1,False,SIMULATED,COMPLETED,2026-09-04 11:28:13,,,,,,,,,
TXN008740,714.89,Insufficient Funds,0.6617,UPDATE_PAYMENT_METHOD,UPDATE_PAYMENT_METHOD,AI recommendation approved.,0.6,False,SIMULATED,COMPLETED,2026-09-04 11:28:13,,,,,,,,,
TXN008741,2486.93,Network Error,0.7889,RETRY_NOW,RETRY_NOW,AI recommendation approved.,0.8,True,SIMULATED,COMPLETED,2026-09-04 11:28:13,,,,,,,,,
TXN008745,1216.74,Insufficient Funds,0.6193,UPDATE_PAYMENT_METHOD,UPDATE_PAYMENT_METHOD,AI recommendation approved.,0.6,True,SIMULATED,COMPLETED,2026-09-04 11:28:13,,,,,,,,,
TXN008747,836.93,Authentication Failed,0.3979,ADDITIONAL_AUTHENTICATION,ADDITIONAL_AUTHENTICATION,Authentication must be completed before retrying.,0.7,True,SIMULATED,COMPLETED,2026-09-04 11:28:13,,,,,,,,,
TXN008748,3168.94,Insufficient Funds,0.5951,UPDATE_PAYMENT_METHOD,UPDATE_PAYMENT_METHOD,AI recommendation approved.,0.6,True,SIMULATED,COMPLETED,2026-09-04 11:28:13,,,,,,,,,
TXN008749,3003.98,Authentication Failed,0.4859,DO_NOT_RETRY,DO_NOT_RETRY,Maximum retry limit reached.,0.05,False,SIMULATED,COMPLETED,2026-09-04 11:28:13,,,,,,,,,
TXN008750,1089.36,Bank Timeout,0.8793,RETRY_NOW,RETRY_NOW,AI recommendation approved.,0.78,False,SIMULATED,COMPLETED,2026-09-04 11:28:13,,,,,,,,,
TXN008755,1449.01,Expired Card,0.1879,UPDATE_PAYMENT_METHOD,UPDATE_PAYMENT_METHOD,Expired card requires a new payment method.,0.4,True,SIMULATED,COMPLETED,2026-09-04 11:28:13,,,,,,,,,
TXN008756,961.47,Network Error,0.603,DO_NOT_RETRY,DO_NOT_RETRY,Maximum retry limit reached.,0.1,False,SIMULATED,COMPLETED,2026-09-04 11:28:13,,,,,,,,,
TXN008757,928.39,Network Error,0.6427,DO_NOT_RETRY,DO_NOT_RETRY,Maximum retry limit reached.,0.1,False,SIMULATED,COMPLETED,2026-09-04 11:28:13,,,,,,,,,
TXN008760,863.99,Authentication Failed,0.437,DO_NOT_RETRY,DO_NOT_RETRY,Maximum retry limit reached.,0.05,True,SIMULATED,COMPLETED,2026-09-04 11:28:13,,,,,,,,,
TXN008761,442.76,Network Error,0.7618,RETRY_NOW,RETRY_NOW,AI recommendation approved.,0.8,True,SIMULATED,COMPLETED,2026-09-04 11:28:13,,,,,,,,,
TXN008762,478.71,Expired Card,0.1687,DO_NOT_RETRY,DO_NOT_RETRY,Maximum retry limit reached.,0.0,False,SIMULATED,COMPLETED,2026-09-04 11:28:13,,,,,,,,,
TXN008768,1576.96,Expired Card,0.0823,DO_NOT_RETRY,DO_NOT_RETRY,Maximum retry limit reached.,0.0,False,SIMULATED,COMPLETED,2026-09-04 11:28:13,,,,,,,,,
TXN008770,1229.01,Expired Card,0.1398,DO_NOT_RETRY,DO_NOT_RETRY,Maximum retry limit reached.,0.0,False,SIMULATED,COMPLETED,2026-09-04 11:28:13,,,,,,,,,
TXN008772,595.96,Insufficient Funds,0.4397,UPDATE_PAYMENT_METHOD,UPDATE_PAYMENT_METHOD,AI recommendation approved.,0.6,True,SIMULATED,COMPLETED,2026-09-04 11:28:13,,,,,,,,,
TXN008776,984.95,Network Error,0.5337,DO_NOT_RETRY,DO_NOT_RETRY,Maximum retry limit reached.,0.1,True,SIMULATED,COMPLETED,2026-09-04 11:28:13,,,,,,,,,
TXN008783,760.92,Insufficient Funds,0.4481,DO_NOT_RETRY,DO_NOT_RETRY,Maximum retry limit reached.,0.0,False,SIMULATED,COMPLETED,2026-09-04 11:28:13,,,,,,,,,
TXN008784,494.41,Expired Card,0.1373,DO_NOT_RETRY,DO_NOT_RETRY,Maximum retry limit reached.,0.0,False,SIMULATED,COMPLETED,2026-09-04 11:28:13,,,,,,,,,
TXN008790,3861.12,Network Error,0.5454,DO_NOT_RETRY,DO_NOT_RETRY,Maximum retry limit reached.,0.1,True,SIMULATED,COMPLETED,2026-09-04 11:28:13,,,,,,,,,
TXN008796,3513.13,Bank Timeout,0.7767,DO_NOT_RETRY,DO_NOT_RETRY,Maximum retry limit reached.,0.08,False,SIMULATED,COMPLETED,2026-09-04 11:28:13,,,,,,,,,
TXN008799,1435.49,Network Error,0.6894,DO_NOT_RETRY,DO_NOT_RETRY,Maximum retry limit reached.,0.1,False,SIMULATED,COMPLETED,2026-09-04 11:28:13,,,,,,,,,
TXN008801,335.08,Network Error,0.7436,RETRY_NOW,RETRY_NOW,AI recommendation approved.,0.8,True,SIMULATED,COMPLETED,2026-09-04 11:28:13,,,,,,,,,
TXN008802,355.4,Network Error,0.795,RETRY_NOW,RETRY_NOW,AI recommendation approved.,0.8,True,SIMULATED,COMPLETED,2026-09-04 11:28:13,,,,,,,,,
TXN008803,345.6,Insufficient Funds,0.5303,UPDATE_PAYMENT_METHOD,UPDATE_PAYMENT_METHOD,AI recommendation approved.,0.6,False,SIMULATED,COMPLETED,2026-09-04 11:28:13,,,,,,,,,
TXN008805,1842.94,Expired Card,0.1629,UPDATE_PAYMENT_METHOD,UPDATE_PAYMENT_METHOD,Expired card requires a new payment method.,0.4,True,SIMULATED,COMPLETED,2026-09-04 11:28:13,,,,,,,,,
TXN008809,1752.48,Expired Card,0.0707,DO_NOT_RETRY,DO_NOT_RETRY,Maximum retry limit reached.,0.0,False,SIMULATED,COMPLETED,2026-09-04 11:28:13,,,,,,,,,
TXN008813,835.86,Network Error,0.8016,RETRY_NOW,RETRY_NOW,AI recommendation approved.,0.8,True,SIMULATED,COMPLETED,2026-09-04 11:28:13,,,,,,,,,
TXN008814,1065.22,Insufficient Funds,0.4478,DO_NOT_RETRY,DO_NOT_RETRY,Maximum retry limit reached.,0.0,False,SIMULATED,COMPLETED,2026-09-04 11:28:13,,,,,,,,,
TXN008820,1752.81,Network Error,0.7589,RETRY_NOW,RETRY_NOW,AI recommendation approved.,0.8,True,SIMULATED,COMPLETED,2026-09-04 11:28:13,,,,,,,,,
TXN008822,463.34,Authentication Failed,0.4077,DO_NOT_RETRY,DO_NOT_RETRY,Maximum retry limit reached.,0.05,False,SIMULATED,COMPLETED,2026-09-04 11:28:13,,,,,,,,,
TXN008824,1367.18,Insufficient Funds,0.6854,UPDATE_PAYMENT_METHOD,UPDATE_PAYMENT_METHOD,AI recommendation approved.,0.6,True,SIMULATED,COMPLETED,2026-09-04 11:28:13,,,,,,,,,
TXN008826,1011.73,Authentication Failed,0.3725,ADDITIONAL_AUTHENTICATION,ADDITIONAL_AUTHENTICATION,Authentication must be completed before retrying.,0.7,False,SIMULATED,COMPLETED,2026-09-04 11:28:13,,,,,,,,,
TXN008827,398.05,Authentication Failed,0.445,ADDITIONAL_AUTHENTICATION,ADDITIONAL_AUTHENTICATION,Authentication must be completed before retrying.,0.7,True,SIMULATED,COMPLETED,2026-09-04 11:28:13,,,,,,,,,
TXN008828,417.06,Authentication Failed,0.3869,DO_NOT_RETRY,DO_NOT_RETRY,Maximum retry limit reached.,0.05,True,SIMULATED,COMPLETED,2026-09-04 11:28:13,,,,,,,,,
TXN008829,689.8,Insufficient Funds,0.4791,UPDATE_PAYMENT_METHOD,UPDATE_PAYMENT_METHOD,AI recommendation approved.,0.6,True,SIMULATED,COMPLETED,2026-09-04 11:28:13,,,,,,,,,
TXN008831,1828.21,Insufficient Funds,0.4469,DO_NOT_RETRY,DO_NOT_RETRY,Maximum retry limit reached.,0.0,False,SIMULATED,COMPLETED,2026-09-04 11:28:13,,,,,,,,,
TXN008838,2696.56,Expired Card,0.1871,DO_NOT_RETRY,DO_NOT_RETRY,Maximum retry limit reached.,0.0,False,SIMULATED,COMPLETED,2026-09-04 11:28:13,,,,,,,,,
TXN008839,2877.02,Expired Card,0.0686,DO_NOT_RETRY,DO_NOT_RETRY,Maximum retry limit reached.,0.0,False,SIMULATED,COMPLETED,2026-09-04 11:28:13,,,,,,,,,
TXN008850,593.37,Bank Timeout,0.6609,RETRY_LATER,RETRY_LATER,AI recommendation approved.,0.83,True,SIMULATED,COMPLETED,2026-09-04 11:28:13,,,,,,,,,
TXN008856,266.87,Bank Timeout,0.6296,RETRY_LATER,RETRY_LATER,AI recommendation approved.,0.83,True,SIMULATED,COMPLETED,2026-09-04 11:28:13,,,,,,,,,
TXN008861,1262.33,Network Error,0.7516,DO_NOT_RETRY,DO_NOT_RETRY,Maximum retry limit reached.,0.1,False,SIMULATED,COMPLETED,2026-09-04 11:28:13,,,,,,,,,
TXN008864,1068.2,Insufficient Funds,0.5234,DO_NOT_RETRY,DO_NOT_RETRY,Maximum retry limit reached.,0.0,False,SIMULATED,COMPLETED,2026-09-04 11:28:13,,,,,,,,,
TXN008866,1402.04,Authentication Failed,0.4751,ADDITIONAL_AUTHENTICATION,ADDITIONAL_AUTHENTICATION,Authentication must be completed before retrying.,0.7,True,SIMULATED,COMPLETED,2026-09-04 11:28:13,,,,,,,,,
TXN008870,966.26,Insufficient Funds,0.6026,UPDATE_PAYMENT_METHOD,UPDATE_PAYMENT_METHOD,AI recommendation approved.,0.6,False,SIMULATED,COMPLETED,2026-09-04 11:28:13,,,,,,,,,
TXN008872,511.31,Network Error,0.7779,RETRY_NOW,RETRY_NOW,AI recommendation approved.,0.8,True,SIMULATED,COMPLETED,2026-09-04 11:28:13,,,,,,,,,
TXN008875,793.49,Authentication Failed,0.5348,DO_NOT_RETRY,DO_NOT_RETRY,Maximum retry limit reached.,0.05,False,SIMULATED,COMPLETED,2026-09-04 11:28:13,,,,,,,,,
TXN008876,1359.36,Network Error,0.6239,DO_NOT_RETRY,DO_NOT_RETRY,Maximum retry limit reached.,0.1,False,SIMULATED,COMPLETED,2026-09-04 11:28:13,,,,,,,,,
TXN008877,1387.58,Network Error,0.7705,RETRY_NOW,RETRY_NOW,AI recommendation approved.,0.8,False,SIMULATED,COMPLETED,2026-09-04 11:28:13,,,,,,,,,
TXN008878,2035.73,Network Error,0.6959,DO_NOT_RETRY,DO_NOT_RETRY,Maximum retry limit reached.,0.1,False,SIMULATED,COMPLETED,2026-09-04 11:28:13,,,,,,,,,
TXN008880,1020.1,Authentication Failed,0.5395,DO_NOT_RETRY,DO_NOT_RETRY,Maximum retry limit reached.,0.05,False,SIMULATED,COMPLETED,2026-09-04 11:28:13,,,,,,,,,
TXN008884,452.94,Expired Card,0.3884,UPDATE_PAYMENT_METHOD,UPDATE_PAYMENT_METHOD,Expired card requires a new payment method.,0.4,False,SIMULATED,COMPLETED,2026-09-04 11:28:13,,,,,,,,,
TXN008890,1391.08,Insufficient Funds,0.4589,DO_NOT_RETRY,DO_NOT_RETRY,Maximum retry limit reached.,0.0,False,SIMULATED,COMPLETED,2026-09-04 11:28:13,,,,,,,,,
TXN008901,2700.85,Bank Timeout,0.8115,RETRY_NOW,RETRY_NOW,AI recommendation approved.,0.78,False,SIMULATED,COMPLETED,2026-09-04 11:28:13,,,,,,,,,
TXN008902,978.55,Bank Timeout,0.8029,DO_NOT_RETRY,DO_NOT_RETRY,Maximum retry limit reached.,0.08,False,SIMULATED,COMPLETED,2026-09-04 11:28:13,,,,,,,,,
TXN008909,2874.34,Network Error,0.748,RETRY_NOW,RETRY_NOW,AI recommendation approved.,0.8,True,SIMULATED,COMPLETED,2026-09-04 11:28:13,,,,,,,,,
TXN008910,1293.36,Expired Card,0.2786,UPDATE_PAYMENT_METHOD,UPDATE_PAYMENT_METHOD,Expired card requires a new payment method.,0.4,True,SIMULATED,COMPLETED,2026-09-04 11:28:13,,,,,,,,,
TXN008912,215.88,Authentication Failed,0.5739,ADDITIONAL_AUTHENTICATION,ADDITIONAL_AUTHENTICATION,Authentication must be completed before retrying.,0.7,True,SIMULATED,COMPLETED,2026-09-04 11:28:13,,,,,,,,,
TXN008918,1031.5,Network Error,0.7549,RETRY_NOW,RETRY_NOW,AI recommendation approved.,0.8,False,SIMULATED,COMPLETED,2026-09-04 11:28:13,,,,,,,,,
TXN008919,446.04,Insufficient Funds,0.4696,UPDATE_PAYMENT_METHOD,UPDATE_PAYMENT_METHOD,AI recommendation approved.,0.6,True,SIMULATED,COMPLETED,2026-09-04 11:28:13,,,,,,,,,
TXN008923,566.75,Authentication Failed,0.3682,DO_NOT_RETRY,DO_NOT_RETRY,Maximum retry limit reached.,0.05,False,SIMULATED,COMPLETED,2026-09-04 11:28:13,,,,,,,,,
TXN008924,4363.67,Bank Timeout,0.7582,RETRY_NOW,RETRY_NOW,AI recommendation approved.,0.78,True,SIMULATED,COMPLETED,2026-09-04 11:28:13,,,,,,,,,
TXN008925,948.29,Insufficient Funds,0.6144,UPDATE_PAYMENT_METHOD,UPDATE_PAYMENT_METHOD,AI recommendation approved.,0.6,False,SIMULATED,COMPLETED,2026-09-04 11:28:13,,,,,,,,,
TXN008927,1017.36,Insufficient Funds,0.6427,UPDATE_PAYMENT_METHOD,UPDATE_PAYMENT_METHOD,AI recommendation approved.,0.6,False,SIMULATED,COMPLETED,2026-09-04 11:28:13,,,,,,,,,
TXN008935,1643.45,Network Error,0.7181,DO_NOT_RETRY,DO_NOT_RETRY,Maximum retry limit reached.,0.1,False,SIMULATED,COMPLETED,2026-09-04 11:28:13,,,,,,,,,
TXN008937,1488.81,Insufficient Funds,0.3938,DO_NOT_RETRY,DO_NOT_RETRY,Maximum retry limit reached.,0.0,False,SIMULATED,COMPLETED,2026-09-04 11:28:13,,,,,,,,,
TXN008940,505.07,Authentication Failed,0.4041,DO_NOT_RETRY,DO_NOT_RETRY,Maximum retry limit reached.,0.05,False,SIMULATED,COMPLETED,2026-09-04 11:28:13,,,,,,,,,
TXN008944,523.5,Insufficient Funds,0.4602,UPDATE_PAYMENT_METHOD,UPDATE_PAYMENT_METHOD,AI recommendation approved.,0.6,False,SIMULATED,COMPLETED,2026-09-04 11:28:13,,,,,,,,,
TXN008945,441.3,Authentication Failed,0.3633,DO_NOT_RETRY,DO_NOT_RETRY,Maximum retry limit reached.,0.05,False,SIMULATED,COMPLETED,2026-09-04 11:28:13,,,,,,,,,
TXN008957,603.62,Network Error,0.7942,RETRY_NOW,RETRY_NOW,AI recommendation approved.,0.8,True,SIMULATED,COMPLETED,2026-09-04 11:28:13,,,,,,,,,
TXN008958,2838.93,Network Error,0.7908,RETRY_NOW,RETRY_NOW,AI recommendation approved.,0.8,True,SIMULATED,COMPLETED,2026-09-04 11:28:13,,,,,,,,,
TXN008959,2361.07,Expired Card,0.133,UPDATE_PAYMENT_METHOD,UPDATE_PAYMENT_METHOD,Expired card requires a new payment method.,0.4,True,SIMULATED,COMPLETED,2026-09-04 11:28:13,,,,,,,,,
TXN008963,3016.47,Expired Card,0.1559,UPDATE_PAYMENT_METHOD,UPDATE_PAYMENT_METHOD,Expired card requires a new payment method.,0.4,False,SIMULATED,COMPLETED,2026-09-04 11:28:13,,,,,,,,,
TXN008964,309.33,Network Error,0.5234,DO_NOT_RETRY,DO_NOT_RETRY,Maximum retry limit reached.,0.1,False,SIMULATED,COMPLETED,2026-09-04 11:28:13,,,,,,,,,
TXN008966,681.74,Authentication Failed,0.5256,DO_NOT_RETRY,DO_NOT_RETRY,Maximum retry limit reached.,0.05,False,SIMULATED,COMPLETED,2026-09-04 11:28:13,,,,,,,,,
TXN008970,1296.86,Insufficient Funds,0.5445,DO_NOT_RETRY,DO_NOT_RETRY,Maximum retry limit reached.,0.0,False,SIMULATED,COMPLETED,2026-09-04 11:28:13,,,,,,,,,
TXN008971,1147.33,Expired Card,0.1448,DO_NOT_RETRY,DO_NOT_RETRY,Maximum retry limit reached.,0.0,False,SIMULATED,COMPLETED,2026-09-04 11:28:13,,,,,,,,,
TXN008973,3515.82,Insufficient Funds,0.5889,UPDATE_PAYMENT_METHOD,UPDATE_PAYMENT_METHOD,AI recommendation approved.,0.6,False,SIMULATED,COMPLETED,2026-09-04 11:28:13,,,,,,,,,
TXN008974,451.35,Authentication Failed,0.3793,DO_NOT_RETRY,DO_NOT_RETRY,Maximum retry limit reached.,0.05,False,SIMULATED,COMPLETED,2026-09-04 11:28:13,,,,,,,,,
TXN008975,2181.33,Network Error,0.6804,RETRY_LATER,RETRY_LATER,AI recommendation approved.,0.85,True,SIMULATED,COMPLETED,2026-09-04 11:28:13,,,,,,,,,
TXN008980,1984.11,Bank Timeout,0.7778,DO_NOT_RETRY,DO_NOT_RETRY,Maximum retry limit reached.,0.08,False,SIMULATED,COMPLETED,2026-09-04 11:28:13,,,,,,,,,
TXN008981,1037.98,Expired Card,0.197,UPDATE_PAYMENT_METHOD,UPDATE_PAYMENT_METHOD,Expired card requires a new payment method.,0.4,True,SIMULATED,COMPLETED,2026-09-04 11:28:13,,,,,,,,,
TXN008982,6711.31,Network Error,0.5279,DO_NOT_RETRY,DO_NOT_RETRY,Maximum retry limit reached.,0.1,False,SIMULATED,COMPLETED,2026-09-04 11:28:13,,,,,,,,,
TXN008986,643.58,Network Error,0.7565,RETRY_NOW,RETRY_NOW,AI recommendation approved.,0.8,True,SIMULATED,COMPLETED,2026-09-04 11:28:13,,,,,,,,,
TXN008988,491.59,Insufficient Funds,0.5436,UPDATE_PAYMENT_METHOD,UPDATE_PAYMENT_METHOD,AI recommendation approved.,0.6,True,SIMULATED,COMPLETED,2026-09-04 11:28:13,,,,,,,,,
TXN008992,2097.72,Bank Timeout,0.8594,RETRY_NOW,RETRY_NOW,AI recommendation approved.,0.78,True,SIMULATED,COMPLETED,2026-09-04 11:28:13,,,,,,,,,
TXN008997,982.39,Network Error,0.6159,DO_NOT_RETRY,DO_NOT_RETRY,Maximum retry limit reached.,0.1,False,SIMULATED,COMPLETED,2026-09-04 11:28:13,,,,,,,,,
TXN009004,3146.75,Expired Card,0.1879,UPDATE_PAYMENT_METHOD,UPDATE_PAYMENT_METHOD,Expired card requires a new payment method.,0.4,False,SIMULATED,COMPLETED,2026-09-04 11:28:13,,,,,,,,,
TXN009005,909.03,Insufficient Funds,0.4135,UPDATE_PAYMENT_METHOD,UPDATE_PAYMENT_METHOD,AI recommendation approved.,0.6,False,SIMULATED,COMPLETED,2026-09-04 11:28:13,,,,,,,,,
TXN009007,2022.31,Bank Timeout,0.8361,RETRY_NOW,RETRY_NOW,AI recommendation approved.,0.78,True,SIMULATED,COMPLETED,2026-09-04 11:28:13,,,,,,,,,
TXN009008,2099.86,Network Error,0.7623,RETRY_NOW,RETRY_NOW,AI recommendation approved.,0.8,False,SIMULATED,COMPLETED,2026-09-04 11:28:13,,,,,,,,,
TXN009009,572.2,Expired Card,0.5033,UPDATE_PAYMENT_METHOD,UPDATE_PAYMENT_METHOD,Expired card requires a new payment method.,0.4,False,SIMULATED,COMPLETED,2026-09-04 11:28:13,,,,,,,,,
TXN009012,4218.33,Insufficient Funds,0.6044,DO_NOT_RETRY,DO_NOT_RETRY,Maximum retry limit reached.,0.0,False,SIMULATED,COMPLETED,2026-09-04 11:28:13,,,,,,,,,
TXN009019,1003.91,Expired Card,0.232,DO_NOT_RETRY,DO_NOT_RETRY,Maximum retry limit reached.,0.0,False,SIMULATED,COMPLETED,2026-09-04 11:28:13,,,,,,,,,
TXN009023,2581.5,Insufficient Funds,0.7134,RETRY_LATER,RETRY_LATER,AI recommendation approved.,0.75,True,SIMULATED,COMPLETED,2026-09-04 11:28:13,,,,,,,,,
TXN009025,4431.78,Network Error,0.5711,DO_NOT_RETRY,DO_NOT_RETRY,Maximum retry limit reached.,0.1,False,SIMULATED,COMPLETED,2026-09-04 11:28:13,,,,,,,,,
TXN009027,1694.16,Network Error,0.7501,DO_NOT_RETRY,DO_NOT_RETRY,Maximum retry limit reached.,0.1,False,SIMULATED,COMPLETED,2026-09-04 11:28:13,,,,,,,,,
TXN009033,585.03,Expired Card,0.1827,UPDATE_PAYMENT_METHOD,UPDATE_PAYMENT_METHOD,Expired card requires a new payment method.,0.4,False,SIMULATED,COMPLETED,2026-09-04 11:28:13,,,,,,,,,
TXN009035,317.98,Bank Timeout,0.5109,DO_NOT_RETRY,DO_NOT_RETRY,Maximum retry limit reached.,0.08,False,SIMULATED,COMPLETED,2026-09-04 11:28:13,,,,,,,,,
TXN009037,1110.13,Network Error,0.571,DO_NOT_RETRY,DO_NOT_RETRY,Maximum retry limit reached.,0.1,False,SIMULATED,COMPLETED,2026-09-04 11:28:13,,,,,,,,,
TXN009039,540.92,Authentication Failed,0.4717,ADDITIONAL_AUTHENTICATION,ADDITIONAL_AUTHENTICATION,Authentication must be completed before retrying.,0.7,True,SIMULATED,COMPLETED,2026-09-04 11:28:13,,,,,,,,,
TXN009043,907.08,Authentication Failed,0.4973,ADDITIONAL_AUTHENTICATION,ADDITIONAL_AUTHENTICATION,Authentication must be completed before retrying.,0.7,True,SIMULATED,COMPLETED,2026-09-04 11:28:13,,,,,,,,,
TXN009045,1677.05,Authentication Failed,0.3687,DO_NOT_RETRY,DO_NOT_RETRY,Maximum retry limit reached.,0.05,False,SIMULATED,COMPLETED,2026-09-04 11:28:13,,,,,,,,,
TXN009056,371.7,Authentication Failed,0.4278,DO_NOT_RETRY,DO_NOT_RETRY,Maximum retry limit reached.,0.05,False,SIMULATED,COMPLETED,2026-09-04 11:28:13,,,,,,,,,
TXN009057,674.83,Bank Timeout,0.6076,RETRY_LATER,RETRY_LATER,AI recommendation approved.,0.83,False,SIMULATED,COMPLETED,2026-09-04 11:28:13,,,,,,,,,
TXN009063,826.27,Expired Card,0.1833,DO_NOT_RETRY,DO_NOT_RETRY,Maximum retry limit reached.,0.0,False,SIMULATED,COMPLETED,2026-09-04 11:28:13,,,,,,,,,
TXN009069,673.55,Network Error,0.6204,DO_NOT_RETRY,DO_NOT_RETRY,Maximum retry limit reached.,0.1,False,SIMULATED,COMPLETED,2026-09-04 11:28:13,,,,,,,,,
TXN009071,3444.55,Expired Card,0.1181,DO_NOT_RETRY,DO_NOT_RETRY,Maximum retry limit reached.,0.0,False,SIMULATED,COMPLETED,2026-09-04 11:28:13,,,,,,,,,
TXN009073,531.02,Network Error,0.7983,RETRY_NOW,RETRY_NOW,AI recommendation approved.,0.8,True,SIMULATED,COMPLETED,2026-09-04 11:28:13,,,,,,,,,
TXN009076,1469.92,Bank Timeout,0.7408,DO_NOT_RETRY,DO_NOT_RETRY,Maximum retry limit reached.,0.08,False,SIMULATED,COMPLETED,2026-09-04 11:28:13,,,,,,,,,
TXN009077,1171.92,Insufficient Funds,0.5971,UPDATE_PAYMENT_METHOD,UPDATE_PAYMENT_METHOD,AI recommendation approved.,0.6,False,SIMULATED,COMPLETED,2026-09-04 11:28:13,,,,,,,,,
TXN009082,666.21,Insufficient Funds,0.4371,UPDATE_PAYMENT_METHOD,UPDATE_PAYMENT_METHOD,AI recommendation approved.,0.6,True,SIMULATED,COMPLETED,2026-09-04 11:28:13,,,,,,,,,
TXN009087,2007.22,Bank Timeout,0.7733,DO_NOT_RETRY,DO_NOT_RETRY,Maximum retry limit reached.,0.08,False,SIMULATED,COMPLETED,2026-09-04 11:28:13,,,,,,,,,
TXN009091,80.49,Insufficient Funds,0.5776,UPDATE_PAYMENT_METHOD,UPDATE_PAYMENT_METHOD,AI recommendation approved.,0.6,False,SIMULATED,COMPLETED,2026-09-04 11:28:13,,,,,,,,,
TXN009098,1523.5,Authentication Failed,0.3599,DO_NOT_RETRY,DO_NOT_RETRY,Maximum retry limit reached.,0.05,False,SIMULATED,COMPLETED,2026-09-04 11:28:13,,,,,,,,,
TXN009099,4577.14,Network Error,0.7515,RETRY_NOW,RETRY_NOW,AI recommendation approved.,0.8,True,SIMULATED,COMPLETED,2026-09-04 11:28:13,,,,,,,,,
TXN009104,3983.24,Bank Timeout,0.7794,RETRY_NOW,RETRY_NOW,AI recommendation approved.,0.78,True,SIMULATED,COMPLETED,2026-09-04 11:28:13,,,,,,,,,
TXN009105,4026.29,Network Error,0.7067,DO_NOT_RETRY,DO_NOT_RETRY,Maximum retry limit reached.,0.1,False,SIMULATED,COMPLETED,2026-09-04 11:28:13,,,,,,,,,
TXN009107,751.02,Bank Timeout,0.8319,RETRY_NOW,RETRY_NOW,AI recommendation approved.,0.78,True,SIMULATED,COMPLETED,2026-09-04 11:28:13,,,,,,,,,
TXN009109,595.79,Network Error,0.7998,RETRY_NOW,RETRY_NOW,AI recommendation approved.,0.8,True,SIMULATED,COMPLETED,2026-09-04 11:28:13,,,,,,,,,
TXN009115,328.46,Network Error,0.6247,DO_NOT_RETRY,DO_NOT_RETRY,Maximum retry limit reached.,0.1,False,SIMULATED,COMPLETED,2026-09-04 11:28:13,,,,,,,,,
TXN009117,371.64,Insufficient Funds,0.5108,DO_NOT_RETRY,DO_NOT_RETRY,Maximum retry limit reached.,0.0,False,SIMULATED,COMPLETED,2026-09-04 11:28:13,,,,,,,,,
TXN009120,706.19,Expired Card,0.1952,DO_NOT_RETRY,DO_NOT_RETRY,Maximum retry limit reached.,0.0,False,SIMULATED,COMPLETED,2026-09-04 11:28:13,,,,,,,,,
TXN009121,2339.02,Network Error,0.7503,RETRY_NOW,RETRY_NOW,AI recommendation approved.,0.8,True,SIMULATED,COMPLETED,2026-09-04 11:28:13,,,,,,,,,
TXN009131,1943.67,Insufficient Funds,0.6545,UPDATE_PAYMENT_METHOD,UPDATE_PAYMENT_METHOD,AI recommendation approved.,0.6,True,SIMULATED,COMPLETED,2026-09-04 11:28:13,,,,,,,,,
TXN009134,1734.52,Expired Card,0.1138,DO_NOT_RETRY,DO_NOT_RETRY,Maximum retry limit reached.,0.0,False,SIMULATED,COMPLETED,2026-09-04 11:28:13,,,,,,,,,
TXN009135,523.42,Insufficient Funds,0.4358,UPDATE_PAYMENT_METHOD,UPDATE_PAYMENT_METHOD,AI recommendation approved.,0.6,True,SIMULATED,COMPLETED,2026-09-04 11:28:13,,,,,,,,,
TXN009136,344.44,Authentication Failed,0.5084,DO_NOT_RETRY,DO_NOT_RETRY,Maximum retry limit reached.,0.05,False,SIMULATED,COMPLETED,2026-09-04 11:28:13,,,,,,,,,
TXN009139,1103.62,Expired Card,0.1052,UPDATE_PAYMENT_METHOD,UPDATE_PAYMENT_METHOD,Expired card requires a new payment method.,0.4,False,SIMULATED,COMPLETED,2026-09-04 11:28:13,,,,,,,,,
TXN009141,5104.49,Bank Timeout,0.6747,DO_NOT_RETRY,DO_NOT_RETRY,Maximum retry limit reached.,0.08,False,SIMULATED,COMPLETED,2026-09-04 11:28:13,,,,,,,,,
TXN009147,953.14,Insufficient Funds,0.6795,UPDATE_PAYMENT_METHOD,UPDATE_PAYMENT_METHOD,AI recommendation approved.,0.6,False,SIMULATED,COMPLETED,2026-09-04 11:28:13,,,,,,,,,
TXN009152,472.49,Expired Card,0.2201,UPDATE_PAYMENT_METHOD,UPDATE_PAYMENT_METHOD,Expired card requires a new payment method.,0.4,False,SIMULATED,COMPLETED,2026-09-04 11:28:13,,,,,,,,,
TXN009154,1549.91,Expired Card,0.3615,DO_NOT_RETRY,DO_NOT_RETRY,Maximum retry limit reached.,0.0,False,SIMULATED,COMPLETED,2026-09-04 11:28:13,,,,,,,,,
TXN009159,1619.56,Expired Card,0.185,UPDATE_PAYMENT_METHOD,UPDATE_PAYMENT_METHOD,Expired card requires a new payment method.,0.4,True,SIMULATED,COMPLETED,2026-09-04 11:28:13,,,,,,,,,
TXN009161,2715.36,Expired Card,0.1181,DO_NOT_RETRY,DO_NOT_RETRY,Maximum retry limit reached.,0.0,False,SIMULATED,COMPLETED,2026-09-04 11:28:13,,,,,,,,,
TXN009165,1035.14,Expired Card,0.1761,UPDATE_PAYMENT_METHOD,UPDATE_PAYMENT_METHOD,Expired card requires a new payment method.,0.4,False,SIMULATED,COMPLETED,2026-09-04 11:28:13,,,,,,,,,
TXN009166,1022.82,Insufficient Funds,0.6171,UPDATE_PAYMENT_METHOD,UPDATE_PAYMENT_METHOD,AI recommendation approved.,0.6,True,SIMULATED,COMPLETED,2026-09-04 11:28:13,,,,,,,,,
TXN009167,737.68,Expired Card,0.1605,UPDATE_PAYMENT_METHOD,UPDATE_PAYMENT_METHOD,Expired card requires a new payment method.,0.4,False,SIMULATED,COMPLETED,2026-09-04 11:28:13,,,,,,,,,
TXN009168,5034.78,Bank Timeout,0.7706,DO_NOT_RETRY,DO_NOT_RETRY,Maximum retry limit reached.,0.08,False,SIMULATED,COMPLETED,2026-09-04 11:28:13,,,,,,,,,
TXN009173,3161.82,Network Error,0.5912,DO_NOT_RETRY,DO_NOT_RETRY,Maximum retry limit reached.,0.1,False,SIMULATED,COMPLETED,2026-09-04 11:28:13,,,,,,,,,
TXN009175,3099.47,Authentication Failed,0.3965,DO_NOT_RETRY,DO_NOT_RETRY,Maximum retry limit reached.,0.05,False,SIMULATED,COMPLETED,2026-09-04 11:28:13,,,,,,,,,
TXN009186,362.63,Insufficient Funds,0.6037,UPDATE_PAYMENT_METHOD,UPDATE_PAYMENT_METHOD,AI recommendation approved.,0.6,True,SIMULATED,COMPLETED,2026-09-04 11:28:13,,,,,,,,,
TXN009187,3552.74,Insufficient Funds,0.6235,UPDATE_PAYMENT_METHOD,UPDATE_PAYMENT_METHOD,AI recommendation approved.,0.6,True,SIMULATED,COMPLETED,2026-09-04 11:28:13,,,,,,,,,
TXN009189,1472.68,Expired Card,0.1631,UPDATE_PAYMENT_METHOD,UPDATE_PAYMENT_METHOD,Expired card requires a new payment method.,0.4,False,SIMULATED,COMPLETED,2026-09-04 11:28:13,,,,,,,,,
TXN009190,582.25,Expired Card,0.2275,UPDATE_PAYMENT_METHOD,UPDATE_PAYMENT_METHOD,Expired card requires a new payment method.,0.4,True,SIMULATED,COMPLETED,2026-09-04 11:28:13,,,,,,,,,
TXN009191,1027.89,Bank Timeout,0.6776,DO_NOT_RETRY,DO_NOT_RETRY,Maximum retry limit reached.,0.08,False,SIMULATED,COMPLETED,2026-09-04 11:28:13,,,,,,,,,
TXN009194,575.58,Network Error,0.7545,RETRY_NOW,RETRY_NOW,AI recommendation approved.,0.8,False,SIMULATED,COMPLETED,2026-09-04 11:28:13,,,,,,,,,
TXN009196,954.99,Authentication Failed,0.4592,ADDITIONAL_AUTHENTICATION,ADDITIONAL_AUTHENTICATION,Authentication must be completed before retrying.,0.7,False,SIMULATED,COMPLETED,2026-09-04 11:28:13,,,,,,,,,
TXN009201,811.36,Network Error,0.8503,RETRY_NOW,RETRY_NOW,AI recommendation approved.,0.8,False,SIMULATED,COMPLETED,2026-09-04 11:28:13,,,,,,,,,
TXN009212,430.56,Authentication Failed,0.3173,DO_NOT_RETRY,DO_NOT_RETRY,Maximum retry limit reached.,0.05,False,SIMULATED,COMPLETED,2026-09-04 11:28:13,,,,,,,,,
TXN009215,1138.55,Expired Card,0.1604,UPDATE_PAYMENT_METHOD,UPDATE_PAYMENT_METHOD,Expired card requires a new payment method.,0.4,False,SIMULATED,COMPLETED,2026-09-04 11:28:13,,,,,,,,,
TXN009218,1525.88,Bank Timeout,0.6778,DO_NOT_RETRY,DO_NOT_RETRY,Maximum retry limit reached.,0.08,False,SIMULATED,COMPLETED,2026-09-04 11:28:13,,,,,,,,,
TXN009222,1233.79,Bank Timeout,0.6321,DO_NOT_RETRY,DO_NOT_RETRY,Maximum retry limit reached.,0.08,False,SIMULATED,COMPLETED,2026-09-04 11:28:13,,,,,,,,,
TXN009224,1276.06,Insufficient Funds,0.4577,DO_NOT_RETRY,DO_NOT_RETRY,Maximum retry limit reached.,0.0,False,SIMULATED,COMPLETED,2026-09-04 11:28:13,,,,,,,,,
TXN009230,471.32,Authentication Failed,0.3606,DO_NOT_RETRY,DO_NOT_RETRY,Maximum retry limit reached.,0.05,False,SIMULATED,COMPLETED,2026-09-04 11:28:13,,,,,,,,,
TXN009231,6398.66,Insufficient Funds,0.6354,UPDATE_PAYMENT_METHOD,UPDATE_PAYMENT_METHOD,AI recommendation approved.,0.6,False,SIMULATED,COMPLETED,2026-09-04 11:28:13,,,,,,,,,
TXN009234,879.44,Network Error,0.7559,DO_NOT_RETRY,DO_NOT_RETRY,Maximum retry limit reached.,0.1,False,SIMULATED,COMPLETED,2026-09-04 11:28:13,,,,,,,,,
TXN009235,227.72,Network Error,0.8142,RETRY_NOW,RETRY_NOW,AI recommendation approved.,0.8,False,SIMULATED,COMPLETED,2026-09-04 11:28:13,,,,,,,,,
TXN009238,1480.54,Insufficient Funds,0.4673,DO_NOT_RETRY,DO_NOT_RETRY,Maximum retry limit reached.,0.0,False,SIMULATED,COMPLETED,2026-09-04 11:28:13,,,,,,,,,
TXN009243,343.81,Network Error,0.5562,DO_NOT_RETRY,DO_NOT_RETRY,Maximum retry limit reached.,0.1,False,SIMULATED,COMPLETED,2026-09-04 11:28:13,,,,,,,,,
TXN009245,1695.29,Insufficient Funds,0.5358,DO_NOT_RETRY,DO_NOT_RETRY,Maximum retry limit reached.,0.0,False,SIMULATED,COMPLETED,2026-09-04 11:28:13,,,,,,,,,
TXN009246,1201.34,Network Error,0.807,RETRY_NOW,RETRY_NOW,AI recommendation approved.,0.8,True,SIMULATED,COMPLETED,2026-09-04 11:28:13,,,,,,,,,
TXN009252,1153.73,Authentication Failed,0.4527,DO_NOT_RETRY,DO_NOT_RETRY,Maximum retry limit reached.,0.05,False,SIMULATED,COMPLETED,2026-09-04 11:28:13,,,,,,,,,
TXN009254,3663.37,Insufficient Funds,0.5397,DO_NOT_RETRY,DO_NOT_RETRY,Maximum retry limit reached.,0.0,False,SIMULATED,COMPLETED,2026-09-04 11:28:13,,,,,,,,,
TXN009255,3799.04,Bank Timeout,0.8213,RETRY_NOW,RETRY_NOW,AI recommendation approved.,0.78,True,SIMULATED,COMPLETED,2026-09-04 11:28:13,,,,,,,,,
TXN009256,4528.97,Network Error,0.798,RETRY_NOW,RETRY_NOW,AI recommendation approved.,0.8,True,SIMULATED,COMPLETED,2026-09-04 11:28:13,,,,,,,,,
TXN009257,1183.28,Bank Timeout,0.7636,DO_NOT_RETRY,DO_NOT_RETRY,Maximum retry limit reached.,0.08,False,SIMULATED,COMPLETED,2026-09-04 11:28:13,,,,,,,,,
TXN009258,1380.96,Authentication Failed,0.4807,ADDITIONAL_AUTHENTICATION,ADDITIONAL_AUTHENTICATION,Authentication must be completed before retrying.,0.7,True,SIMULATED,COMPLETED,2026-09-04 11:28:13,,,,,,,,,
TXN009265,1266.66,Authentication Failed,0.4622,DO_NOT_RETRY,DO_NOT_RETRY,Maximum retry limit reached.,0.05,False,SIMULATED,COMPLETED,2026-09-04 11:28:13,,,,,,,,,
TXN009267,1497.31,Network Error,0.831,RETRY_NOW,RETRY_NOW,AI recommendation approved.,0.8,True,SIMULATED,COMPLETED,2026-09-04 11:28:13,,,,,,,,,
TXN009270,2099.37,Insufficient Funds,0.5649,DO_NOT_RETRY,DO_NOT_RETRY,Maximum retry limit reached.,0.0,False,SIMULATED,COMPLETED,2026-09-04 11:28:13,,,,,,,,,
TXN009271,513.41,Authentication Failed,0.3838,DO_NOT_RETRY,DO_NOT_RETRY,Maximum retry limit reached.,0.05,False,SIMULATED,COMPLETED,2026-09-04 11:28:13,,,,,,,,,
TXN009274,2113.12,Expired Card,0.1723,DO_NOT_RETRY,DO_NOT_RETRY,Maximum retry limit reached.,0.0,False,SIMULATED,COMPLETED,2026-09-04 11:28:13,,,,,,,,,
TXN009275,466.12,Bank Timeout,0.7279,RETRY_NOW,RETRY_NOW,AI recommendation approved.,0.78,True,SIMULATED,COMPLETED,2026-09-04 11:28:13,,,,,,,,,
TXN009277,4162.08,Network Error,0.7829,RETRY_NOW,RETRY_NOW,AI recommendation approved.,0.8,False,SIMULATED,COMPLETED,2026-09-04 11:28:13,,,,,,,,,
TXN009282,591.37,Authentication Failed,0.3702,ADDITIONAL_AUTHENTICATION,ADDITIONAL_AUTHENTICATION,Authentication must be completed before retrying.,0.7,True,SIMULATED,COMPLETED,2026-09-04 11:28:13,,,,,,,,,
TXN009286,281.29,Authentication Failed,0.5213,ADDITIONAL_AUTHENTICATION,ADDITIONAL_AUTHENTICATION,Authentication must be completed before retrying.,0.7,True,SIMULATED,COMPLETED,2026-09-04 11:28:13,,,,,,,,,
TXN009289,1281.7,Network Error,0.7257,RETRY_NOW,RETRY_NOW,AI recommendation approved.,0.8,True,SIMULATED,COMPLETED,2026-09-04 11:28:13,,,,,,,,,
TXN009290,1611.01,Network Error,0.6504,DO_NOT_RETRY,DO_NOT_RETRY,Maximum retry limit reached.,0.1,False,SIMULATED,COMPLETED,2026-09-04 11:28:13,,,,,,,,,
TXN009291,1766.35,Expired Card,0.0863,DO_NOT_RETRY,DO_NOT_RETRY,Maximum retry limit reached.,0.0,False,SIMULATED,COMPLETED,2026-09-04 11:28:13,,,,,,,,,
TXN009292,1967.75,Expired Card,0.1678,DO_NOT_RETRY,DO_NOT_RETRY,Maximum retry limit reached.,0.0,False,SIMULATED,COMPLETED,2026-09-04 11:28:13,,,,,,,,,
TXN009293,787.71,Network Error,0.6782,RETRY_LATER,RETRY_LATER,AI recommendation approved.,0.85,True,SIMULATED,COMPLETED,2026-09-04 11:28:13,,,,,,,,,
TXN009294,758.11,Network Error,0.657,RETRY_LATER,RETRY_LATER,AI recommendation approved.,0.85,True,SIMULATED,COMPLETED,2026-09-04 11:28:13,,,,,,,,,
TXN009296,2198.52,Network Error,0.7372,RETRY_NOW,RETRY_NOW,AI recommendation approved.,0.8,True,SIMULATED,COMPLETED,2026-09-04 11:28:13,,,,,,,,,
TXN009298,1681.25,Network Error,0.8006,RETRY_NOW,RETRY_NOW,AI recommendation approved.,0.8,True,SIMULATED,COMPLETED,2026-09-04 11:28:13,,,,,,,,,
TXN009299,256.97,Authentication Failed,0.5273,ADDITIONAL_AUTHENTICATION,ADDITIONAL_AUTHENTICATION,Authentication must be completed before retrying.,0.7,False,SIMULATED,COMPLETED,2026-09-04 11:28:13,,,,,,,,,
TXN009301,1443.01,Authentication Failed,0.4811,ADDITIONAL_AUTHENTICATION,ADDITIONAL_AUTHENTICATION,Authentication must be completed before retrying.,0.7,False,SIMULATED,COMPLETED,2026-09-04 11:28:13,,,,,,,,,
TXN009312,1146.75,Network Error,0.7363,DO_NOT_RETRY,DO_NOT_RETRY,Maximum retry limit reached.,0.1,False,SIMULATED,COMPLETED,2026-09-04 11:28:13,,,,,,,,,
TXN009313,1859.71,Bank Timeout,0.8369,RETRY_NOW,RETRY_NOW,AI recommendation approved.,0.78,True,SIMULATED,COMPLETED,2026-09-04 11:28:13,,,,,,,,,
TXN009314,739.04,Insufficient Funds,0.5432,UPDATE_PAYMENT_METHOD,UPDATE_PAYMENT_METHOD,AI recommendation approved.,0.6,False,SIMULATED,COMPLETED,2026-09-04 11:28:13,,,,,,,,,
TXN009316,321.08,Network Error,0.7793,RETRY_NOW,RETRY_NOW,AI recommendation approved.,0.8,True,SIMULATED,COMPLETED,2026-09-04 11:28:13,,,,,,,,,
TXN009317,895.02,Network Error,0.5642,DO_NOT_RETRY,DO_NOT_RETRY,Maximum retry limit reached.,0.1,False,SIMULATED,COMPLETED,2026-09-04 11:28:13,,,,,,,,,
TXN009318,480.3,Expired Card,0.3635,UPDATE_PAYMENT_METHOD,UPDATE_PAYMENT_METHOD,Expired card requires a new payment method.,0.4,False,SIMULATED,COMPLETED,2026-09-04 11:28:13,,,,,,,,,
TXN009327,1289.43,Authentication Failed,0.4716,ADDITIONAL_AUTHENTICATION,ADDITIONAL_AUTHENTICATION,Authentication must be completed before retrying.,0.7,True,SIMULATED,COMPLETED,2026-09-04 11:28:13,,,,,,,,,
TXN009336,2023.64,Bank Timeout,0.7685,RETRY_NOW,RETRY_NOW,AI recommendation approved.,0.78,True,SIMULATED,COMPLETED,2026-09-04 11:28:13,,,,,,,,,
TXN009337,4236.83,Network Error,0.6898,DO_NOT_RETRY,DO_NOT_RETRY,Maximum retry limit reached.,0.1,False,SIMULATED,COMPLETED,2026-09-04 11:28:13,,,,,,,,,
TXN009340,6385.42,Authentication Failed,0.4249,ADDITIONAL_AUTHENTICATION,ADDITIONAL_AUTHENTICATION,Authentication must be completed before retrying.,0.7,True,SIMULATED,COMPLETED,2026-09-04 11:28:13,,,,,,,,,
TXN009348,667.69,Authentication Failed,0.4665,ADDITIONAL_AUTHENTICATION,ADDITIONAL_AUTHENTICATION,Authentication must be completed before retrying.,0.7,False,SIMULATED,COMPLETED,2026-09-04 11:28:13,,,,,,,,,
TXN009349,1584.97,Bank Timeout,0.7133,DO_NOT_RETRY,DO_NOT_RETRY,Maximum retry limit reached.,0.08,True,SIMULATED,COMPLETED,2026-09-04 11:28:13,,,,,,,,,
TXN009350,282.13,Expired Card,0.0931,DO_NOT_RETRY,DO_NOT_RETRY,Maximum retry limit reached.,0.0,False,SIMULATED,COMPLETED,2026-09-04 11:28:13,,,,,,,,,
TXN009352,1174.57,Authentication Failed,0.4527,DO_NOT_RETRY,DO_NOT_RETRY,Maximum retry limit reached.,0.05,False,SIMULATED,COMPLETED,2026-09-04 11:28:13,,,,,,,,,
TXN009355,1208.87,Authentication Failed,0.4453,ADDITIONAL_AUTHENTICATION,ADDITIONAL_AUTHENTICATION,Authentication must be completed before retrying.,0.7,False,SIMULATED,COMPLETED,2026-09-04 11:28:13,,,,,,,,,
TXN009358,312.05,Network Error,0.4956,DO_NOT_RETRY,DO_NOT_RETRY,Maximum retry limit reached.,0.1,False,SIMULATED,COMPLETED,2026-09-04 11:28:13,,,,,,,,,
TXN009360,238.06,Network Error,0.5409,DO_NOT_RETRY,DO_NOT_RETRY,Maximum retry limit reached.,0.1,True,SIMULATED,COMPLETED,2026-09-04 11:28:13,,,,,,,,,
TXN009361,2138.49,Authentication Failed,0.3741,DO_NOT_RETRY,DO_NOT_RETRY,Maximum retry limit reached.,0.05,False,SIMULATED,COMPLETED,2026-09-04 11:28:13,,,,,,,,,
TXN009362,908.25,Insufficient Funds,0.6325,UPDATE_PAYMENT_METHOD,UPDATE_PAYMENT_METHOD,AI recommendation approved.,0.6,True,SIMULATED,COMPLETED,2026-09-04 11:28:13,,,,,,,,,
TXN009367,2401.82,Insufficient Funds,0.561,DO_NOT_RETRY,DO_NOT_RETRY,Maximum retry limit reached.,0.0,False,SIMULATED,COMPLETED,2026-09-04 11:28:13,,,,,,,,,
TXN009368,3338.07,Network Error,0.6915,RETRY_LATER,RETRY_LATER,AI recommendation approved.,0.85,True,SIMULATED,COMPLETED,2026-09-04 11:28:13,,,,,,,,,
TXN009376,1080.25,Network Error,0.7897,RETRY_NOW,RETRY_NOW,AI recommendation approved.,0.8,True,SIMULATED,COMPLETED,2026-09-04 11:28:13,,,,,,,,,
TXN009377,1988.03,Authentication Failed,0.5924,ADDITIONAL_AUTHENTICATION,ADDITIONAL_AUTHENTICATION,Authentication must be completed before retrying.,0.7,True,SIMULATED,COMPLETED,2026-09-04 11:28:13,,,,,,,,,
TXN009381,900.17,Authentication Failed,0.3658,DO_NOT_RETRY,DO_NOT_RETRY,Maximum retry limit reached.,0.05,False,SIMULATED,COMPLETED,2026-09-04 11:28:13,,,,,,,,,
TXN009382,1250.55,Expired Card,0.1805,UPDATE_PAYMENT_METHOD,UPDATE_PAYMENT_METHOD,Expired card requires a new payment method.,0.4,False,SIMULATED,COMPLETED,2026-09-04 11:28:13,,,,,,,,,
TXN009383,1474.38,Insufficient Funds,0.6035,UPDATE_PAYMENT_METHOD,UPDATE_PAYMENT_METHOD,AI recommendation approved.,0.6,False,SIMULATED,COMPLETED,2026-09-04 11:28:13,,,,,,,,,
TXN009385,760.24,Network Error,0.5728,DO_NOT_RETRY,DO_NOT_RETRY,Maximum retry limit reached.,0.1,False,SIMULATED,COMPLETED,2026-09-04 11:28:13,,,,,,,,,
TXN009387,878.75,Bank Timeout,0.6371,DO_NOT_RETRY,DO_NOT_RETRY,Maximum retry limit reached.,0.08,False,SIMULATED,COMPLETED,2026-09-04 11:28:13,,,,,,,,,
TXN009389,292.44,Insufficient Funds,0.3373,DO_NOT_RETRY,DO_NOT_RETRY,Maximum retry limit reached.,0.0,False,SIMULATED,COMPLETED,2026-09-04 11:28:13,,,,,,,,,
TXN009393,503.04,Bank Timeout,0.7143,DO_NOT_RETRY,DO_NOT_RETRY,Maximum retry limit reached.,0.08,False,SIMULATED,COMPLETED,2026-09-04 11:28:13,,,,,,,,,
TXN009394,658.67,Authentication Failed,0.541,DO_NOT_RETRY,DO_NOT_RETRY,Maximum retry limit reached.,0.05,False,SIMULATED,COMPLETED,2026-09-04 11:28:13,,,,,,,,,
TXN009395,2618.69,Expired Card,0.1,DO_NOT_RETRY,DO_NOT_RETRY,Maximum retry limit reached.,0.0,False,SIMULATED,COMPLETED,2026-09-04 11:28:13,,,,,,,,,
TXN009396,768.54,Insufficient Funds,0.571,UPDATE_PAYMENT_METHOD,UPDATE_PAYMENT_METHOD,AI recommendation approved.,0.6,False,SIMULATED,COMPLETED,2026-09-04 11:28:13,,,,,,,,,
TXN009397,409.06,Network Error,0.7242,RETRY_NOW,RETRY_NOW,AI recommendation approved.,0.8,False,SIMULATED,COMPLETED,2026-09-04 11:28:13,,,,,,,,,
TXN009400,714.92,Expired Card,0.1901,UPDATE_PAYMENT_METHOD,UPDATE_PAYMENT_METHOD,Expired card requires a new payment method.,0.4,True,SIMULATED,COMPLETED,2026-09-04 11:28:13,,,,,,,,,
TXN009402,1035.17,Expired Card,0.1818,DO_NOT_RETRY,DO_NOT_RETRY,Maximum retry limit reached.,0.0,False,SIMULATED,COMPLETED,2026-09-04 11:28:13,,,,,,,,,
TXN009403,488.66,Authentication Failed,0.5376,ADDITIONAL_AUTHENTICATION,ADDITIONAL_AUTHENTICATION,Authentication must be completed before retrying.,0.7,False,SIMULATED,COMPLETED,2026-09-04 11:28:13,,,,,,,,,
TXN009414,3204.63,Expired Card,0.1651,UPDATE_PAYMENT_METHOD,UPDATE_PAYMENT_METHOD,Expired card requires a new payment method.,0.4,False,SIMULATED,COMPLETED,2026-09-04 11:28:13,,,,,,,,,
TXN009415,3483.28,Insufficient Funds,0.3743,DO_NOT_RETRY,DO_NOT_RETRY,Maximum retry limit reached.,0.0,False,SIMULATED,COMPLETED,2026-09-04 11:28:13,,,,,,,,,
TXN009417,762.8,Insufficient Funds,0.2947,DO_NOT_RETRY,DO_NOT_RETRY,Maximum retry limit reached.,0.0,False,SIMULATED,COMPLETED,2026-09-04 11:28:13,,,,,,,,,
TXN009425,634.19,Network Error,0.58,DO_NOT_RETRY,DO_NOT_RETRY,Maximum retry limit reached.,0.1,False,SIMULATED,COMPLETED,2026-09-04 11:28:13,,,,,,,,,
TXN009429,4495.42,Expired Card,0.1734,UPDATE_PAYMENT_METHOD,UPDATE_PAYMENT_METHOD,Expired card requires a new payment method.,0.4,False,SIMULATED,COMPLETED,2026-09-04 11:28:13,,,,,,,,,
TXN009432,1548.35,Authentication Failed,0.4585,DO_NOT_RETRY,DO_NOT_RETRY,Maximum retry limit reached.,0.05,False,SIMULATED,COMPLETED,2026-09-04 11:28:13,,,,,,,,,
TXN009433,1729.19,Bank Timeout,0.8644,RETRY_NOW,RETRY_NOW,AI recommendation approved.,0.78,False,SIMULATED,COMPLETED,2026-09-04 11:28:13,,,,,,,,,
TXN009436,1223.15,Bank Timeout,0.7689,DO_NOT_RETRY,DO_NOT_RETRY,Maximum retry limit reached.,0.08,False,SIMULATED,COMPLETED,2026-09-04 11:28:13,,,,,,,,,
TXN009439,1628.15,Expired Card,0.2268,UPDATE_PAYMENT_METHOD,UPDATE_PAYMENT_METHOD,Expired card requires a new payment method.,0.4,False,SIMULATED,COMPLETED,2026-09-04 11:28:13,,,,,,,,,
TXN009444,140.93,Bank Timeout,0.8214,RETRY_NOW,RETRY_NOW,AI recommendation approved.,0.78,False,SIMULATED,COMPLETED,2026-09-04 11:28:13,,,,,,,,,
TXN009448,1313.32,Authentication Failed,0.4299,ADDITIONAL_AUTHENTICATION,ADDITIONAL_AUTHENTICATION,Authentication must be completed before retrying.,0.7,True,SIMULATED,COMPLETED,2026-09-04 11:28:13,,,,,,,,,
TXN009452,981.72,Authentication Failed,0.4239,ADDITIONAL_AUTHENTICATION,ADDITIONAL_AUTHENTICATION,Authentication must be completed before retrying.,0.7,True,SIMULATED,COMPLETED,2026-09-04 11:28:13,,,,,,,,,
TXN009454,2751.64,Bank Timeout,0.8146,RETRY_NOW,RETRY_NOW,AI recommendation approved.,0.78,False,SIMULATED,COMPLETED,2026-09-04 11:28:13,,,,,,,,,
TXN009455,5298.53,Network Error,0.6455,DO_NOT_RETRY,DO_NOT_RETRY,Maximum retry limit reached.,0.1,True,SIMULATED,COMPLETED,2026-09-04 11:28:13,,,,,,,,,
TXN009461,1138.06,Expired Card,0.2013,UPDATE_PAYMENT_METHOD,UPDATE_PAYMENT_METHOD,Expired card requires a new payment method.,0.4,False,SIMULATED,COMPLETED,2026-09-04 11:28:13,,,,,,,,,
TXN009467,2039.82,Bank Timeout,0.679,DO_NOT_RETRY,DO_NOT_RETRY,Maximum retry limit reached.,0.08,False,SIMULATED,COMPLETED,2026-09-04 11:28:13,,,,,,,,,
TXN009468,512.57,Insufficient Funds,0.5586,UPDATE_PAYMENT_METHOD,UPDATE_PAYMENT_METHOD,AI recommendation approved.,0.6,False,SIMULATED,COMPLETED,2026-09-04 11:28:13,,,,,,,,,
TXN009472,533.05,Bank Timeout,0.5083,DO_NOT_RETRY,DO_NOT_RETRY,Maximum retry limit reached.,0.08,False,SIMULATED,COMPLETED,2026-09-04 11:28:13,,,,,,,,,
TXN009474,1484.88,Expired Card,0.1,DO_NOT_RETRY,DO_NOT_RETRY,Maximum retry limit reached.,0.0,False,SIMULATED,COMPLETED,2026-09-04 11:28:13,,,,,,,,,
TXN009482,1420.79,Authentication Failed,0.3818,DO_NOT_RETRY,DO_NOT_RETRY,Maximum retry limit reached.,0.05,False,SIMULATED,COMPLETED,2026-09-04 11:28:13,,,,,,,,,
TXN009486,1875.16,Insufficient Funds,0.5296,DO_NOT_RETRY,DO_NOT_RETRY,Maximum retry limit reached.,0.0,False,SIMULATED,COMPLETED,2026-09-04 11:28:13,,,,,,,,,
TXN009490,1971.8,Authentication Failed,0.4135,ADDITIONAL_AUTHENTICATION,ADDITIONAL_AUTHENTICATION,Authentication must be completed before retrying.,0.7,True,SIMULATED,COMPLETED,2026-09-04 11:28:13,,,,,,,,,
TXN009492,573.21,Expired Card,0.2331,DO_NOT_RETRY,DO_NOT_RETRY,Maximum retry limit reached.,0.0,False,SIMULATED,COMPLETED,2026-09-04 11:28:13,,,,,,,,,
TXN009498,592.42,Insufficient Funds,0.4302,DO_NOT_RETRY,DO_NOT_RETRY,Maximum retry limit reached.,0.0,False,SIMULATED,COMPLETED,2026-09-04 11:28:13,,,,,,,,,
TXN009504,510.48,Expired Card,0.1419,DO_NOT_RETRY,DO_NOT_RETRY,Maximum retry limit reached.,0.0,False,SIMULATED,COMPLETED,2026-09-04 11:28:13,,,,,,,,,
TXN009508,424.77,Expired Card,0.1252,DO_NOT_RETRY,DO_NOT_RETRY,Maximum retry limit reached.,0.0,False,SIMULATED,COMPLETED,2026-09-04 11:28:13,,,,,,,,,
TXN009509,3117.79,Insufficient Funds,0.4085,DO_NOT_RETRY,DO_NOT_RETRY,Maximum retry limit reached.,0.0,False,SIMULATED,COMPLETED,2026-09-04 11:28:13,,,,,,,,,
TXN009511,510.98,Bank Timeout,0.8309,RETRY_NOW,RETRY_NOW,AI recommendation approved.,0.78,False,SIMULATED,COMPLETED,2026-09-04 11:28:13,,,,,,,,,
TXN009520,578.48,Authentication Failed,0.364,ADDITIONAL_AUTHENTICATION,ADDITIONAL_AUTHENTICATION,Authentication must be completed before retrying.,0.7,True,SIMULATED,COMPLETED,2026-09-04 11:28:13,,,,,,,,,
TXN009522,1934.69,Insufficient Funds,0.4419,DO_NOT_RETRY,DO_NOT_RETRY,Maximum retry limit reached.,0.0,False,SIMULATED,COMPLETED,2026-09-04 11:28:13,,,,,,,,,
TXN009533,313.77,Authentication Failed,0.4011,DO_NOT_RETRY,DO_NOT_RETRY,Maximum retry limit reached.,0.05,False,SIMULATED,COMPLETED,2026-09-04 11:28:13,,,,,,,,,
TXN009534,1391.82,Insufficient Funds,0.4357,DO_NOT_RETRY,DO_NOT_RETRY,Maximum retry limit reached.,0.0,False,SIMULATED,COMPLETED,2026-09-04 11:28:13,,,,,,,,,
TXN009535,330.52,Bank Timeout,0.8113,RETRY_NOW,RETRY_NOW,AI recommendation approved.,0.78,False,SIMULATED,COMPLETED,2026-09-04 11:28:13,,,,,,,,,
TXN009537,945.35,Network Error,0.7314,DO_NOT_RETRY,DO_NOT_RETRY,Maximum retry limit reached.,0.1,False,SIMULATED,COMPLETED,2026-09-04 11:28:13,,,,,,,,,
TXN009538,2046.91,Network Error,0.7958,RETRY_NOW,RETRY_NOW,AI recommendation approved.,0.8,True,SIMULATED,COMPLETED,2026-09-04 11:28:13,,,,,,,,,
TXN009545,1747.68,Authentication Failed,0.5125,ADDITIONAL_AUTHENTICATION,ADDITIONAL_AUTHENTICATION,Authentication must be completed before retrying.,0.7,True,SIMULATED,COMPLETED,2026-09-04 11:28:13,,,,,,,,,
TXN009547,743.2,Authentication Failed,0.3649,DO_NOT_RETRY,DO_NOT_RETRY,Maximum retry limit reached.,0.05,False,SIMULATED,COMPLETED,2026-09-04 11:28:13,,,,,,,,,
TXN009549,2502.2,Insufficient Funds,0.4892,DO_NOT_RETRY,DO_NOT_RETRY,Maximum retry limit reached.,0.0,False,SIMULATED,COMPLETED,2026-09-04 11:28:13,,,,,,,,,
TXN009551,95.15,Network Error,0.7326,RETRY_NOW,RETRY_NOW,AI recommendation approved.,0.8,False,SIMULATED,COMPLETED,2026-09-04 11:28:13,,,,,,,,,
TXN009553,441.93,Network Error,0.7284,RETRY_NOW,RETRY_NOW,AI recommendation approved.,0.8,True,SIMULATED,COMPLETED,2026-09-04 11:28:13,,,,,,,,,
TXN009556,881.97,Authentication Failed,0.4371,DO_NOT_RETRY,DO_NOT_RETRY,Maximum retry limit reached.,0.05,False,SIMULATED,COMPLETED,2026-09-04 11:28:13,,,,,,,,,
TXN009562,575.76,Network Error,0.4938,DO_NOT_RETRY,DO_NOT_RETRY,Maximum retry limit reached.,0.1,False,SIMULATED,COMPLETED,2026-09-04 11:28:13,,,,,,,,,
TXN009566,1989.63,Expired Card,0.0886,DO_NOT_RETRY,DO_NOT_RETRY,Maximum retry limit reached.,0.0,False,SIMULATED,COMPLETED,2026-09-04 11:28:13,,,,,,,,,
TXN009569,973.85,Expired Card,0.085,DO_NOT_RETRY,DO_NOT_RETRY,Maximum retry limit reached.,0.0,False,SIMULATED,COMPLETED,2026-09-04 11:28:13,,,,,,,,,
TXN009571,828.66,Expired Card,0.3546,UPDATE_PAYMENT_METHOD,UPDATE_PAYMENT_METHOD,Expired card requires a new payment method.,0.4,False,SIMULATED,COMPLETED,2026-09-04 11:28:13,,,,,,,,,
TXN009572,3100.69,Insufficient Funds,0.3902,DO_NOT_RETRY,DO_NOT_RETRY,Maximum retry limit reached.,0.0,False,SIMULATED,COMPLETED,2026-09-04 11:28:13,,,,,,,,,
TXN009574,607.79,Insufficient Funds,0.6396,UPDATE_PAYMENT_METHOD,UPDATE_PAYMENT_METHOD,AI recommendation approved.,0.6,False,SIMULATED,COMPLETED,2026-09-04 11:28:13,,,,,,,,,
TXN009577,622.64,Insufficient Funds,0.482,UPDATE_PAYMENT_METHOD,UPDATE_PAYMENT_METHOD,AI recommendation approved.,0.6,True,SIMULATED,COMPLETED,2026-09-04 11:28:13,,,,,,,,,
TXN009581,1078.12,Network Error,0.718,RETRY_NOW,RETRY_NOW,AI recommendation approved.,0.8,True,SIMULATED,COMPLETED,2026-09-04 11:28:13,,,,,,,,,
TXN009582,1050.32,Bank Timeout,0.7582,RETRY_NOW,RETRY_NOW,AI recommendation approved.,0.78,True,SIMULATED,COMPLETED,2026-09-04 11:28:13,,,,,,,,,
TXN009583,3371.27,Bank Timeout,0.8012,RETRY_NOW,RETRY_NOW,AI recommendation approved.,0.78,True,SIMULATED,COMPLETED,2026-09-04 11:28:13,,,,,,,,,
TXN009584,739.98,Expired Card,0.0943,DO_NOT_RETRY,DO_NOT_RETRY,Maximum retry limit reached.,0.0,False,SIMULATED,COMPLETED,2026-09-04 11:28:13,,,,,,,,,
TXN009589,2037.51,Insufficient Funds,0.5415,DO_NOT_RETRY,DO_NOT_RETRY,Maximum retry limit reached.,0.0,False,SIMULATED,COMPLETED,2026-09-04 11:28:13,,,,,,,,,
TXN009591,103.13,Insufficient Funds,0.5967,UPDATE_PAYMENT_METHOD,UPDATE_PAYMENT_METHOD,AI recommendation approved.,0.6,False,SIMULATED,COMPLETED,2026-09-04 11:28:13,,,,,,,,,
TXN009596,2306.7,Authentication Failed,0.3677,DO_NOT_RETRY,DO_NOT_RETRY,Maximum retry limit reached.,0.05,False,SIMULATED,COMPLETED,2026-09-04 11:28:13,,,,,,,,,
TXN009598,2754.59,Authentication Failed,0.3872,ADDITIONAL_AUTHENTICATION,ADDITIONAL_AUTHENTICATION,Authentication must be completed before retrying.,0.7,True,SIMULATED,COMPLETED,2026-09-04 11:28:13,,,,,,,,,
TXN009603,474.5,Insufficient Funds,0.5303,DO_NOT_RETRY,DO_NOT_RETRY,Maximum retry limit reached.,0.0,False,SIMULATED,COMPLETED,2026-09-04 11:28:13,,,,,,,,,
TXN009604,1906.86,Insufficient Funds,0.6248,DO_NOT_RETRY,DO_NOT_RETRY,Maximum retry limit reached.,0.0,False,SIMULATED,COMPLETED,2026-09-04 11:28:13,,,,,,,,,
TXN009608,414.62,Insufficient Funds,0.4464,UPDATE_PAYMENT_METHOD,UPDATE_PAYMENT_METHOD,AI recommendation approved.,0.6,True,SIMULATED,COMPLETED,2026-09-04 11:28:13,,,,,,,,,
TXN009610,1444.9,Bank Timeout,0.8272,RETRY_NOW,RETRY_NOW,AI recommendation approved.,0.78,True,SIMULATED,COMPLETED,2026-09-04 11:28:13,,,,,,,,,
TXN009615,350.22,Network Error,0.8049,RETRY_NOW,RETRY_NOW,AI recommendation approved.,0.8,True,SIMULATED,COMPLETED,2026-09-04 11:28:13,,,,,,,,,
TXN009618,933.27,Network Error,0.7032,RETRY_NOW,RETRY_NOW,AI recommendation approved.,0.8,True,SIMULATED,COMPLETED,2026-09-04 11:28:13,,,,,,,,,
TXN009622,695.0,Expired Card,0.2913,UPDATE_PAYMENT_METHOD,UPDATE_PAYMENT_METHOD,Expired card requires a new payment method.,0.4,False,SIMULATED,COMPLETED,2026-09-04 11:28:13,,,,,,,,,
TXN009623,405.55,Insufficient Funds,0.4672,DO_NOT_RETRY,DO_NOT_RETRY,Maximum retry limit reached.,0.0,False,SIMULATED,COMPLETED,2026-09-04 11:28:13,,,,,,,,,
TXN009628,430.71,Insufficient Funds,0.5829,UPDATE_PAYMENT_METHOD,UPDATE_PAYMENT_METHOD,AI recommendation approved.,0.6,False,SIMULATED,COMPLETED,2026-09-04 11:28:13,,,,,,,,,
TXN009630,2433.13,Network Error,0.6154,DO_NOT_RETRY,DO_NOT_RETRY,Maximum retry limit reached.,0.1,False,SIMULATED,COMPLETED,2026-09-04 11:28:13,,,,,,,,,
TXN009631,3306.97,Authentication Failed,0.54,ADDITIONAL_AUTHENTICATION,ADDITIONAL_AUTHENTICATION,Authentication must be completed before retrying.,0.7,True,SIMULATED,COMPLETED,2026-09-04 11:28:13,,,,,,,,,
TXN009632,1680.88,Insufficient Funds,0.4811,DO_NOT_RETRY,DO_NOT_RETRY,Maximum retry limit reached.,0.0,False,SIMULATED,COMPLETED,2026-09-04 11:28:13,,,,,,,,,
TXN009635,2321.47,Network Error,0.7465,RETRY_NOW,RETRY_NOW,AI recommendation approved.,0.8,True,SIMULATED,COMPLETED,2026-09-04 11:28:13,,,,,,,,,
TXN009636,879.4,Authentication Failed,0.4301,DO_NOT_RETRY,DO_NOT_RETRY,Maximum retry limit reached.,0.05,False,SIMULATED,COMPLETED,2026-09-04 11:28:13,,,,,,,,,
TXN009642,216.02,Bank Timeout,0.7446,RETRY_NOW,RETRY_NOW,AI recommendation approved.,0.78,True,SIMULATED,COMPLETED,2026-09-04 11:28:13,,,,,,,,,
TXN009643,190.43,Authentication Failed,0.4694,ADDITIONAL_AUTHENTICATION,ADDITIONAL_AUTHENTICATION,Authentication must be completed before retrying.,0.7,True,SIMULATED,COMPLETED,2026-09-04 11:28:13,,,,,,,,,
TXN009648,1260.82,Expired Card,0.2591,DO_NOT_RETRY,DO_NOT_RETRY,Maximum retry limit reached.,0.0,False,SIMULATED,COMPLETED,2026-09-04 11:28:13,,,,,,,,,
TXN009650,1704.09,Insufficient Funds,0.5333,DO_NOT_RETRY,DO_NOT_RETRY,Maximum retry limit reached.,0.0,False,SIMULATED,COMPLETED,2026-09-04 11:28:13,,,,,,,,,
TXN009651,1433.45,Authentication Failed,0.4705,DO_NOT_RETRY,DO_NOT_RETRY,Maximum retry limit reached.,0.05,False,SIMULATED,COMPLETED,2026-09-04 11:28:13,,,,,,,,,
TXN009652,3110.97,Authentication Failed,0.3717,DO_NOT_RETRY,DO_NOT_RETRY,Maximum retry limit reached.,0.05,False,SIMULATED,COMPLETED,2026-09-04 11:28:13,,,,,,,,,
TXN009654,560.93,Insufficient Funds,0.4694,UPDATE_PAYMENT_METHOD,UPDATE_PAYMENT_METHOD,AI recommendation approved.,0.6,True,SIMULATED,COMPLETED,2026-09-04 11:28:13,,,,,,,,,
TXN009656,4285.92,Expired Card,0.0951,DO_NOT_RETRY,DO_NOT_RETRY,Maximum retry limit reached.,0.0,False,SIMULATED,COMPLETED,2026-09-04 11:28:13,,,,,,,,,
TXN009657,421.67,Network Error,0.6853,DO_NOT_RETRY,DO_NOT_RETRY,Maximum retry limit reached.,0.1,False,SIMULATED,COMPLETED,2026-09-04 11:28:13,,,,,,,,,
TXN009658,1111.86,Network Error,0.6612,DO_NOT_RETRY,DO_NOT_RETRY,Maximum retry limit reached.,0.1,False,SIMULATED,COMPLETED,2026-09-04 11:28:13,,,,,,,,,
TXN009662,536.6,Insufficient Funds,0.2792,DO_NOT_RETRY,DO_NOT_RETRY,Maximum retry limit reached.,0.0,False,SIMULATED,COMPLETED,2026-09-04 11:28:13,,,,,,,,,
TXN009665,1903.02,Expired Card,0.2913,UPDATE_PAYMENT_METHOD,UPDATE_PAYMENT_METHOD,Expired card requires a new payment method.,0.4,True,SIMULATED,COMPLETED,2026-09-04 11:28:13,,,,,,,,,
TXN009667,1906.86,Bank Timeout,0.8074,DO_NOT_RETRY,DO_NOT_RETRY,Maximum retry limit reached.,0.08,False,SIMULATED,COMPLETED,2026-09-04 11:28:13,,,,,,,,,
TXN009672,321.91,Insufficient Funds,0.4826,DO_NOT_RETRY,DO_NOT_RETRY,Maximum retry limit reached.,0.0,False,SIMULATED,COMPLETED,2026-09-04 11:28:13,,,,,,,,,
TXN009686,866.25,Bank Timeout,0.6507,DO_NOT_RETRY,DO_NOT_RETRY,Maximum retry limit reached.,0.08,False,SIMULATED,COMPLETED,2026-09-04 11:28:13,,,,,,,,,
TXN009690,1407.53,Network Error,0.6449,DO_NOT_RETRY,DO_NOT_RETRY,Maximum retry limit reached.,0.1,False,SIMULATED,COMPLETED,2026-09-04 11:28:13,,,,,,,,,
TXN009693,1150.06,Insufficient Funds,0.6992,UPDATE_PAYMENT_METHOD,UPDATE_PAYMENT_METHOD,AI recommendation approved.,0.6,False,SIMULATED,COMPLETED,2026-09-04 11:28:13,,,,,,,,,
TXN009694,186.25,Network Error,0.5317,DO_NOT_RETRY,DO_NOT_RETRY,Maximum retry limit reached.,0.1,False,SIMULATED,COMPLETED,2026-09-04 11:28:13,,,,,,,,,
TXN009696,3542.48,Insufficient Funds,0.569,DO_NOT_RETRY,DO_NOT_RETRY,Maximum retry limit reached.,0.0,False,SIMULATED,COMPLETED,2026-09-04 11:28:13,,,,,,,,,
TXN009697,1335.79,Authentication Failed,0.4477,ADDITIONAL_AUTHENTICATION,ADDITIONAL_AUTHENTICATION,Authentication must be completed before retrying.,0.7,True,SIMULATED,COMPLETED,2026-09-04 11:28:13,,,,,,,,,
TXN009702,1021.15,Insufficient Funds,0.5802,UPDATE_PAYMENT_METHOD,UPDATE_PAYMENT_METHOD,AI recommendation approved.,0.6,False,SIMULATED,COMPLETED,2026-09-04 11:28:13,,,,,,,,,
TXN009706,1837.92,Authentication Failed,0.4235,DO_NOT_RETRY,DO_NOT_RETRY,Maximum retry limit reached.,0.05,False,SIMULATED,COMPLETED,2026-09-04 11:28:13,,,,,,,,,
TXN009709,364.18,Bank Timeout,0.7792,RETRY_NOW,RETRY_NOW,AI recommendation approved.,0.78,True,SIMULATED,COMPLETED,2026-09-04 11:28:13,,,,,,,,,
TXN009710,387.24,Insufficient Funds,0.5,DO_NOT_RETRY,DO_NOT_RETRY,Maximum retry limit reached.,0.0,False,SIMULATED,COMPLETED,2026-09-04 11:28:13,,,,,,,,,
TXN009716,1596.06,Insufficient Funds,0.4326,DO_NOT_RETRY,DO_NOT_RETRY,Maximum retry limit reached.,0.0,False,SIMULATED,COMPLETED,2026-09-04 11:28:13,,,,,,,,,
TXN009727,836.56,Network Error,0.6592,DO_NOT_RETRY,DO_NOT_RETRY,Maximum retry limit reached.,0.1,False,SIMULATED,COMPLETED,2026-09-04 11:28:13,,,,,,,,,
TXN009730,1518.45,Bank Timeout,0.6449,DO_NOT_RETRY,DO_NOT_RETRY,Maximum retry limit reached.,0.08,False,SIMULATED,COMPLETED,2026-09-04 11:28:13,,,,,,,,,
TXN009733,2586.44,Expired Card,0.0944,DO_NOT_RETRY,DO_NOT_RETRY,Maximum retry limit reached.,0.0,False,SIMULATED,COMPLETED,2026-09-04 11:28:13,,,,,,,,,
TXN009745,610.82,Expired Card,0.2383,UPDATE_PAYMENT_METHOD,UPDATE_PAYMENT_METHOD,Expired card requires a new payment method.,0.4,True,SIMULATED,COMPLETED,2026-09-04 11:28:13,,,,,,,,,
TXN009746,623.66,Authentication Failed,0.4524,ADDITIONAL_AUTHENTICATION,ADDITIONAL_AUTHENTICATION,Authentication must be completed before retrying.,0.7,True,SIMULATED,COMPLETED,2026-09-04 11:28:13,,,,,,,,,
TXN009751,764.72,Expired Card,0.1189,DO_NOT_RETRY,DO_NOT_RETRY,Maximum retry limit reached.,0.0,False,SIMULATED,COMPLETED,2026-09-04 11:28:13,,,,,,,,,
TXN009757,1997.33,Network Error,0.7628,RETRY_NOW,RETRY_NOW,AI recommendation approved.,0.8,False,SIMULATED,COMPLETED,2026-09-04 11:28:13,,,,,,,,,
TXN009760,927.71,Insufficient Funds,0.4604,DO_NOT_RETRY,DO_NOT_RETRY,Maximum retry limit reached.,0.0,False,SIMULATED,COMPLETED,2026-09-04 11:28:13,,,,,,,,,
TXN009761,3004.94,Insufficient Funds,0.3447,DO_NOT_RETRY,DO_NOT_RETRY,Maximum retry limit reached.,0.0,False,SIMULATED,COMPLETED,2026-09-04 11:28:13,,,,,,,,,
TXN009764,2220.14,Insufficient Funds,0.4675,DO_NOT_RETRY,DO_NOT_RETRY,Maximum retry limit reached.,0.0,False,SIMULATED,COMPLETED,2026-09-04 11:28:13,,,,,,,,,
TXN009766,982.54,Authentication Failed,0.4361,ADDITIONAL_AUTHENTICATION,ADDITIONAL_AUTHENTICATION,Authentication must be completed before retrying.,0.7,False,SIMULATED,COMPLETED,2026-09-04 11:28:13,,,,,,,,,
TXN009771,4369.71,Expired Card,0.2417,UPDATE_PAYMENT_METHOD,UPDATE_PAYMENT_METHOD,Expired card requires a new payment method.,0.4,False,SIMULATED,COMPLETED,2026-09-04 11:28:13,,,,,,,,,
TXN009774,388.27,Bank Timeout,0.815,DO_NOT_RETRY,DO_NOT_RETRY,Maximum retry limit reached.,0.08,False,SIMULATED,COMPLETED,2026-09-04 11:28:13,,,,,,,,,
TXN009775,1292.48,Network Error,0.6246,DO_NOT_RETRY,DO_NOT_RETRY,Maximum retry limit reached.,0.1,False,SIMULATED,COMPLETED,2026-09-04 11:28:13,,,,,,,,,
TXN009777,1193.76,Authentication Failed,0.4298,ADDITIONAL_AUTHENTICATION,ADDITIONAL_AUTHENTICATION,Authentication must be completed before retrying.,0.7,True,SIMULATED,COMPLETED,2026-09-04 11:28:13,,,,,,,,,
TXN009778,3303.13,Expired Card,0.2613,UPDATE_PAYMENT_METHOD,UPDATE_PAYMENT_METHOD,Expired card requires a new payment method.,0.4,True,SIMULATED,COMPLETED,2026-09-04 11:28:13,,,,,,,,,
TXN009781,894.06,Network Error,0.7058,RETRY_NOW,RETRY_NOW,AI recommendation approved.,0.8,True,SIMULATED,COMPLETED,2026-09-04 11:28:13,,,,,,,,,
TXN009782,786.84,Insufficient Funds,0.6633,UPDATE_PAYMENT_METHOD,UPDATE_PAYMENT_METHOD,AI recommendation approved.,0.6,True,SIMULATED,COMPLETED,2026-09-04 11:28:13,,,,,,,,,
TXN009787,1606.34,Authentication Failed,0.4787,ADDITIONAL_AUTHENTICATION,ADDITIONAL_AUTHENTICATION,Authentication must be completed before retrying.,0.7,True,SIMULATED,COMPLETED,2026-09-04 11:28:13,,,,,,,,,
TXN009788,3423.89,Expired Card,0.2578,DO_NOT_RETRY,DO_NOT_RETRY,Maximum retry limit reached.,0.0,False,SIMULATED,COMPLETED,2026-09-04 11:28:13,,,,,,,,,
TXN009792,532.83,Expired Card,0.1602,UPDATE_PAYMENT_METHOD,UPDATE_PAYMENT_METHOD,Expired card requires a new payment method.,0.4,False,SIMULATED,COMPLETED,2026-09-04 11:28:13,,,,,,,,,
TXN009796,2782.44,Expired Card,0.0876,DO_NOT_RETRY,DO_NOT_RETRY,Maximum retry limit reached.,0.0,False,SIMULATED,COMPLETED,2026-09-04 11:28:13,,,,,,,,,
TXN009797,640.65,Authentication Failed,0.3528,DO_NOT_RETRY,DO_NOT_RETRY,Maximum retry limit reached.,0.05,False,SIMULATED,COMPLETED,2026-09-04 11:28:13,,,,,,,,,
TXN009799,1702.6,Network Error,0.6621,DO_NOT_RETRY,DO_NOT_RETRY,Maximum retry limit reached.,0.1,False,SIMULATED,COMPLETED,2026-09-04 11:28:13,,,,,,,,,
TXN009803,559.49,Insufficient Funds,0.4257,DO_NOT_RETRY,DO_NOT_RETRY,Maximum retry limit reached.,0.0,False,SIMULATED,COMPLETED,2026-09-04 11:28:13,,,,,,,,,
TXN009814,1300.41,Bank Timeout,0.5212,DO_NOT_RETRY,DO_NOT_RETRY,Maximum retry limit reached.,0.08,False,SIMULATED,COMPLETED,2026-09-04 11:28:13,,,,,,,,,
TXN009819,2893.5,Insufficient Funds,0.4719,DO_NOT_RETRY,DO_NOT_RETRY,Maximum retry limit reached.,0.0,False,SIMULATED,COMPLETED,2026-09-04 11:28:13,,,,,,,,,
TXN009821,272.76,Bank Timeout,0.6396,DO_NOT_RETRY,DO_NOT_RETRY,Maximum retry limit reached.,0.08,False,SIMULATED,COMPLETED,2026-09-04 11:28:13,,,,,,,,,
TXN009823,1216.32,Bank Timeout,0.8333,RETRY_NOW,RETRY_NOW,AI recommendation approved.,0.78,True,SIMULATED,COMPLETED,2026-09-04 11:28:13,,,,,,,,,
TXN009824,9020.19,Network Error,0.6947,RETRY_LATER,RETRY_LATER,AI recommendation approved.,0.85,False,SIMULATED,COMPLETED,2026-09-04 11:28:13,,,,,,,,,
TXN009826,1358.65,Network Error,0.7496,RETRY_NOW,RETRY_NOW,AI recommendation approved.,0.8,True,SIMULATED,COMPLETED,2026-09-04 11:28:13,,,,,,,,,
TXN009828,726.95,Network Error,0.6983,RETRY_LATER,RETRY_LATER,AI recommendation approved.,0.85,True,SIMULATED,COMPLETED,2026-09-04 11:28:13,,,,,,,,,
TXN009829,2283.01,Insufficient Funds,0.6249,DO_NOT_RETRY,DO_NOT_RETRY,Maximum retry limit reached.,0.0,False,SIMULATED,COMPLETED,2026-09-04 11:28:13,,,,,,,,,
TXN009833,1229.93,Authentication Failed,0.4672,ADDITIONAL_AUTHENTICATION,ADDITIONAL_AUTHENTICATION,Authentication must be completed before retrying.,0.7,False,SIMULATED,COMPLETED,2026-09-04 11:28:13,,,,,,,,,
TXN009835,3363.39,Authentication Failed,0.4262,DO_NOT_RETRY,DO_NOT_RETRY,Maximum retry limit reached.,0.05,False,SIMULATED,COMPLETED,2026-09-04 11:28:13,,,,,,,,,
TXN009836,597.23,Authentication Failed,0.3812,ADDITIONAL_AUTHENTICATION,ADDITIONAL_AUTHENTICATION,Authentication must be completed before retrying.,0.7,False,SIMULATED,COMPLETED,2026-09-04 11:28:13,,,,,,,,,
TXN009837,1400.63,Bank Timeout,0.8451,RETRY_NOW,RETRY_NOW,AI recommendation approved.,0.78,True,SIMULATED,COMPLETED,2026-09-04 11:28:13,,,,,,,,,
TXN009842,734.43,Insufficient Funds,0.4133,UPDATE_PAYMENT_METHOD,UPDATE_PAYMENT_METHOD,AI recommendation approved.,0.6,True,SIMULATED,COMPLETED,2026-09-04 11:28:13,,,,,,,,,
TXN009844,509.32,Bank Timeout,0.4656,DO_NOT_RETRY,DO_NOT_RETRY,Maximum retry limit reached.,0.08,False,SIMULATED,COMPLETED,2026-09-04 11:28:13,,,,,,,,,
TXN009847,500.58,Bank Timeout,0.5972,DO_NOT_RETRY,DO_NOT_RETRY,Maximum retry limit reached.,0.08,False,SIMULATED,COMPLETED,2026-09-04 11:28:13,,,,,,,,,
TXN009849,1945.68,Insufficient Funds,0.4805,DO_NOT_RETRY,DO_NOT_RETRY,Maximum retry limit reached.,0.0,False,SIMULATED,COMPLETED,2026-09-04 11:28:13,,,,,,,,,
TXN009854,1724.13,Network Error,0.7276,DO_NOT_RETRY,DO_NOT_RETRY,Maximum retry limit reached.,0.1,False,SIMULATED,COMPLETED,2026-09-04 11:28:13,,,,,,,,,
TXN009856,696.77,Expired Card,0.2101,DO_NOT_RETRY,DO_NOT_RETRY,Maximum retry limit reached.,0.0,False,SIMULATED,COMPLETED,2026-09-04 11:28:13,,,,,,,,,
TXN009859,392.23,Bank Timeout,0.7593,RETRY_NOW,RETRY_NOW,AI recommendation approved.,0.78,True,SIMULATED,COMPLETED,2026-09-04 11:28:13,,,,,,,,,
TXN009860,2372.51,Network Error,0.569,DO_NOT_RETRY,DO_NOT_RETRY,Maximum retry limit reached.,0.1,False,SIMULATED,COMPLETED,2026-09-04 11:28:13,,,,,,,,,
TXN009861,1222.51,Network Error,0.7375,RETRY_NOW,RETRY_NOW,AI recommendation approved.,0.8,False,SIMULATED,COMPLETED,2026-09-04 11:28:13,,,,,,,,,
TXN009863,2240.61,Network Error,0.6534,DO_NOT_RETRY,DO_NOT_RETRY,Maximum retry limit reached.,0.1,False,SIMULATED,COMPLETED,2026-09-04 11:28:13,,,,,,,,,
TXN009864,1092.33,Expired Card,0.1296,UPDATE_PAYMENT_METHOD,UPDATE_PAYMENT_METHOD,Expired card requires a new payment method.,0.4,False,SIMULATED,COMPLETED,2026-09-04 11:28:13,,,,,,,,,
TXN009866,931.82,Bank Timeout,0.8532,RETRY_NOW,RETRY_NOW,AI recommendation approved.,0.78,False,SIMULATED,COMPLETED,2026-09-04 11:28:13,,,,,,,,,
TXN009871,4515.4,Network Error,0.804,RETRY_NOW,RETRY_NOW,AI recommendation approved.,0.8,True,SIMULATED,COMPLETED,2026-09-04 11:28:13,,,,,,,,,
TXN009878,925.94,Authentication Failed,0.2839,DO_NOT_RETRY,DO_NOT_RETRY,Maximum retry limit reached.,0.05,False,SIMULATED,COMPLETED,2026-09-04 11:28:13,,,,,,,,,
TXN009879,582.64,Insufficient Funds,0.5981,UPDATE_PAYMENT_METHOD,UPDATE_PAYMENT_METHOD,AI recommendation approved.,0.6,False,SIMULATED,COMPLETED,2026-09-04 11:28:13,,,,,,,,,
TXN009880,1420.09,Authentication Failed,0.4812,DO_NOT_RETRY,DO_NOT_RETRY,Maximum retry limit reached.,0.05,False,SIMULATED,COMPLETED,2026-09-04 11:28:13,,,,,,,,,
TXN009881,945.03,Bank Timeout,0.7213,RETRY_NOW,RETRY_NOW,AI recommendation approved.,0.78,False,SIMULATED,COMPLETED,2026-09-04 11:28:13,,,,,,,,,
TXN009882,898.87,Expired Card,0.1811,UPDATE_PAYMENT_METHOD,UPDATE_PAYMENT_METHOD,Expired card requires a new payment method.,0.4,True,SIMULATED,COMPLETED,2026-09-04 11:28:13,,,,,,,,,
TXN009885,1548.2,Authentication Failed,0.4791,DO_NOT_RETRY,DO_NOT_RETRY,Maximum retry limit reached.,0.05,False,SIMULATED,COMPLETED,2026-09-04 11:28:13,,,,,,,,,
TXN009886,589.64,Authentication Failed,0.3768,DO_NOT_RETRY,DO_NOT_RETRY,Maximum retry limit reached.,0.05,True,SIMULATED,COMPLETED,2026-09-04 11:28:13,,,,,,,,,
TXN009890,1034.79,Insufficient Funds,0.5123,DO_NOT_RETRY,DO_NOT_RETRY,Maximum retry limit reached.,0.0,False,SIMULATED,COMPLETED,2026-09-04 11:28:13,,,,,,,,,
TXN009893,2861.11,Insufficient Funds,0.5099,UPDATE_PAYMENT_METHOD,UPDATE_PAYMENT_METHOD,AI recommendation approved.,0.6,False,SIMULATED,COMPLETED,2026-09-04 11:28:13,,,,,,,,,
TXN009894,722.25,Bank Timeout,0.8215,DO_NOT_RETRY,DO_NOT_RETRY,Maximum retry limit reached.,0.08,False,SIMULATED,COMPLETED,2026-09-04 11:28:13,,,,,,,,,
TXN009895,709.64,Bank Timeout,0.8095,RETRY_NOW,RETRY_NOW,AI recommendation approved.,0.78,True,SIMULATED,COMPLETED,2026-09-04 11:28:13,,,,,,,,,
TXN009900,2940.18,Expired Card,0.1506,DO_NOT_RETRY,DO_NOT_RETRY,Maximum retry limit reached.,0.0,False,SIMULATED,COMPLETED,2026-09-04 11:28:13,,,,,,,,,
TXN009902,2029.49,Authentication Failed,0.5495,ADDITIONAL_AUTHENTICATION,ADDITIONAL_AUTHENTICATION,Authentication must be completed before retrying.,0.7,True,SIMULATED,COMPLETED,2026-09-04 11:28:13,,,,,,,,,
TXN009904,958.99,Authentication Failed,0.569,ADDITIONAL_AUTHENTICATION,ADDITIONAL_AUTHENTICATION,Authentication must be completed before retrying.,0.7,False,SIMULATED,COMPLETED,2026-09-04 11:28:13,,,,,,,,,
TXN009907,3741.62,Bank Timeout,0.658,DO_NOT_RETRY,DO_NOT_RETRY,Maximum retry limit reached.,0.08,False,SIMULATED,COMPLETED,2026-09-04 11:28:13,,,,,,,,,
TXN009915,341.61,Bank Timeout,0.7969,RETRY_NOW,RETRY_NOW,AI recommendation approved.,0.78,True,SIMULATED,COMPLETED,2026-09-04 11:28:13,,,,,,,,,
TXN009916,507.76,Network Error,0.7288,DO_NOT_RETRY,DO_NOT_RETRY,Maximum retry limit reached.,0.1,False,SIMULATED,COMPLETED,2026-09-04 11:28:13,,,,,,,,,
TXN009918,870.93,Bank Timeout,0.6919,RETRY_LATER,RETRY_LATER,AI recommendation approved.,0.83,True,SIMULATED,COMPLETED,2026-09-04 11:28:13,,,,,,,,,
TXN009919,1112.21,Network Error,0.7561,RETRY_NOW,RETRY_NOW,AI recommendation approved.,0.8,True,SIMULATED,COMPLETED,2026-09-04 11:28:13,,,,,,,,,
TXN009920,2176.83,Insufficient Funds,0.4582,UPDATE_PAYMENT_METHOD,UPDATE_PAYMENT_METHOD,AI recommendation approved.,0.6,True,SIMULATED,COMPLETED,2026-09-04 11:28:13,,,,,,,,,
TXN009922,2968.67,Expired Card,0.1011,DO_NOT_RETRY,DO_NOT_RETRY,Maximum retry limit reached.,0.0,False,SIMULATED,COMPLETED,2026-09-04 11:28:13,,,,,,,,,
TXN009926,2231.51,Bank Timeout,0.6561,RETRY_LATER,RETRY_LATER,AI recommendation approved.,0.83,True,SIMULATED,COMPLETED,2026-09-04 11:28:13,,,,,,,,,
TXN009930,1103.07,Insufficient Funds,0.6168,UPDATE_PAYMENT_METHOD,UPDATE_PAYMENT_METHOD,AI recommendation approved.,0.6,True,SIMULATED,COMPLETED,2026-09-04 11:28:13,,,,,,,,,
TXN009934,337.23,Insufficient Funds,0.6194,UPDATE_PAYMENT_METHOD,UPDATE_PAYMENT_METHOD,AI recommendation approved.,0.6,True,SIMULATED,COMPLETED,2026-09-04 11:28:13,,,,,,,,,
TXN009935,1574.58,Bank Timeout,0.7844,DO_NOT_RETRY,DO_NOT_RETRY,Maximum retry limit reached.,0.08,False,SIMULATED,COMPLETED,2026-09-04 11:28:13,,,,,,,,,
TXN009939,2541.87,Expired Card,0.1402,UPDATE_PAYMENT_METHOD,UPDATE_PAYMENT_METHOD,Expired card requires a new payment method.,0.4,False,SIMULATED,COMPLETED,2026-09-04 11:28:13,,,,,,,,,
TXN009941,1300.6,Authentication Failed,0.4315,DO_NOT_RETRY,DO_NOT_RETRY,Maximum retry limit reached.,0.05,False,SIMULATED,COMPLETED,2026-09-04 11:28:13,,,,,,,,,
TXN009942,328.52,Expired Card,0.0684,DO_NOT_RETRY,DO_NOT_RETRY,Maximum retry limit reached.,0.0,False,SIMULATED,COMPLETED,2026-09-04 11:28:13,,,,,,,,,
TXN009944,822.19,Authentication Failed,0.4908,ADDITIONAL_AUTHENTICATION,ADDITIONAL_AUTHENTICATION,Authentication must be completed before retrying.,0.7,True,SIMULATED,COMPLETED,2026-09-04 11:28:13,,,,,,,,,
TXN009948,494.28,Insufficient Funds,0.4685,DO_NOT_RETRY,DO_NOT_RETRY,Maximum retry limit reached.,0.0,False,SIMULATED,COMPLETED,2026-09-04 11:28:13,,,,,,,,,
TXN009951,2611.87,Bank Timeout,0.7013,DO_NOT_RETRY,DO_NOT_RETRY,Maximum retry limit reached.,0.08,False,SIMULATED,COMPLETED,2026-09-04 11:28:13,,,,,,,,,
TXN009963,859.03,Bank Timeout,0.7724,DO_NOT_RETRY,DO_NOT_RETRY,Maximum retry limit reached.,0.08,True,SIMULATED,COMPLETED,2026-09-04 11:28:13,,,,,,,,,
TXN009966,609.7,Authentication Failed,0.3956,DO_NOT_RETRY,DO_NOT_RETRY,Maximum retry limit reached.,0.05,False,SIMULATED,COMPLETED,2026-09-04 11:28:13,,,,,,,,,
TXN009967,1327.51,Network Error,0.6239,DO_NOT_RETRY,DO_NOT_RETRY,Maximum retry limit reached.,0.1,False,SIMULATED,COMPLETED,2026-09-04 11:28:13,,,,,,,,,
TXN009971,2413.92,Bank Timeout,0.5874,DO_NOT_RETRY,DO_NOT_RETRY,Maximum retry limit reached.,0.08,False,SIMULATED,COMPLETED,2026-09-04 11:28:13,,,,,,,,,
TXN009976,840.88,Network Error,0.6702,DO_NOT_RETRY,DO_NOT_RETRY,Maximum retry limit reached.,0.1,False,SIMULATED,COMPLETED,2026-09-04 11:28:13,,,,,,,,,
TXN009977,583.83,Bank Timeout,0.7684,DO_NOT_RETRY,DO_NOT_RETRY,Maximum retry limit reached.,0.08,False,SIMULATED,COMPLETED,2026-09-04 11:28:13,,,,,,,,,
TXN009978,1213.58,Authentication Failed,0.3483,DO_NOT_RETRY,DO_NOT_RETRY,Maximum retry limit reached.,0.05,False,SIMULATED,COMPLETED,2026-09-04 11:28:13,,,,,,,,,
TXN009981,1388.35,Bank Timeout,0.839,RETRY_NOW,RETRY_NOW,AI recommendation approved.,0.78,True,SIMULATED,COMPLETED,2026-09-04 11:28:13,,,,,,,,,
TXN009982,750.02,Authentication Failed,0.3865,ADDITIONAL_AUTHENTICATION,ADDITIONAL_AUTHENTICATION,Authentication must be completed before retrying.,0.7,True,SIMULATED,COMPLETED,2026-09-04 11:28:13,,,,,,,,,
TXN009983,3636.5,Expired Card,0.1632,DO_NOT_RETRY,DO_NOT_RETRY,Maximum retry limit reached.,0.0,False,SIMULATED,COMPLETED,2026-09-04 11:28:13,,,,,,,,,
TXN009985,1864.73,Bank Timeout,0.8231,RETRY_NOW,RETRY_NOW,AI recommendation approved.,0.78,False,SIMULATED,COMPLETED,2026-09-04 11:28:13,,,,,,,,,
TXN009994,1130.09,Expired Card,0.136,DO_NOT_RETRY,DO_NOT_RETRY,Maximum retry limit reached.,0.0,False,SIMULATED,COMPLETED,2026-09-04 11:28:13,,,,,,,,,
TXN009996,570.07,Insufficient Funds,0.536,UPDATE_PAYMENT_METHOD,UPDATE_PAYMENT_METHOD,AI recommendation approved.,0.6,True,SIMULATED,COMPLETED,2026-09-04 11:28:13,,,,,,,,,
TXN009999,754.25,Authentication Failed,0.4602,DO_NOT_RETRY,DO_NOT_RETRY,Maximum retry limit reached.,0.05,False,SIMULATED,COMPLETED,2026-09-04 11:28:13,,,,,,,,,
TXN010000,2632.11,Authentication Failed,0.4546,DO_NOT_RETRY,DO_NOT_RETRY,Maximum retry limit reached.,0.05,False,SIMULATED,COMPLETED,2026-09-04 11:28:13,,,,,,,,,
TXN000003,1370.91,Expired Card,0.2343,,,,,,,,,2026-09-04 19:18:16,0.0,UPDATE_PAYMENT_METHOD,HIGH,False,UPDATE_PAYMENT_METHOD,PAYMENT_METHOD_UPDATE → PAYMENT_RETRY,SUCCESS,1370.91
2026-09-04 19:24:31,TXN000003,1370.91,Expired Card,0,0.2342690833967703,UPDATE_PAYMENT_METHOD,HIGH,True,UPDATE_PAYMENT_METHOD,PAYMENT_METHOD_UPDATE → PAYMENT_RETRY,SUCCESS,1370.91
